
> qr-feedback-backend@1.0.0 dev
> node --watch src/server.js

Restarting 'src/server.js'
Restarting 'src/server.js'
2026-09-04T07:55:58.967Z [INFO] [static] serving frontend dist at C:\Users\606610\CodeBuddy\QRCode 客戶意見反饋\frontend\dist
node:events:496
      throw er; // Unhandled 'error' event
      ^

Error: listen EADDRINUSE: address already in use :::3000
    at Server.setupListenHandle [as _listen2] (node:net:1937:16)
    at listenInCluster (node:net:1994:12)
    at Server.listen (node:net:2099:7)
    at Function.listen (C:\Users\606610\CodeBuddy\QRCode 客戶意見反饋\backend\node_modules\express\lib\application.js:635:24)
    at Object.<anonymous> (C:\Users\606610\CodeBuddy\QRCode 客戶意見反饋\backend\src\server.js:13:5)
    at Module._compile (node:internal/modules/cjs/loader:1554:14)
    at Object..js (node:internal/modules/cjs/loader:1706:10)
    at Module.load (node:internal/modules/cjs/loader:1289:32)
    at Function._load (node:internal/modules/cjs/loader:1108:12)
    at TracingChannel.traceSync (node:diagnostics_channel:322:14)
    at wrapModuleLoad (node:internal/modules/cjs/loader:220:24)
    at Function.executeUserEntryPoint [as runMain] (node:internal/modules/run_main:170:5)
    at node:internal/main/run_main_module:36:49
Emitted 'error' event on Server instance at:
    at emitErrorNT (node:net:1973:8)
    at process.processTicksAndRejections (node:internal/process/task_queues:90:21) {
  code: 'EADDRINUSE',
  errno: -4091,
  syscall: 'listen',
  address: '::',
  port: 3000
}

Node.js v22.14.0
Failed running 'src/server.js'
Restarting 'src/server.js'
2026-09-04T07:56:01.507Z [INFO] [static] serving frontend dist at C:\Users\606610\CodeBuddy\QRCode 客戶意見反饋\frontend\dist
node:events:496
      throw er; // Unhandled 'error' event
      ^

Error: listen EADDRINUSE: address already in use :::3000
    at Server.setupListenHandle [as _listen2] (node:net:1937:16)
    at listenInCluster (node:net:1994:12)
    at Server.listen (node:net:2099:7)
    at Function.listen (C:\Users\606610\CodeBuddy\QRCode 客戶意見反饋\backend\node_modules\express\lib\application.js:635:24)
    at Object.<anonymous> (C:\Users\606610\CodeBuddy\QRCode 客戶意見反饋\backend\src\server.js:13:5)
    at Module._compile (node:internal/modules/cjs/loader:1554:14)
    at Object..js (node:internal/modules/cjs/loader:1706:10)
    at Module.load (node:internal/modules/cjs/loader:1289:32)
    at Function._load (node:internal/modules/cjs/loader:1108:12)
    at TracingChannel.traceSync (node:diagnostics_channel:322:14)
    at wrapModuleLoad (node:internal/modules/cjs/loader:220:24)
    at Function.executeUserEntryPoint [as runMain] (node:internal/modules/run_main:170:5)
    at node:internal/main/run_main_module:36:49
Emitted 'error' event on Server instance at:
    at emitErrorNT (node:net:1973:8)
    at process.processTicksAndRejections (node:internal/process/task_queues:90:21) {
  code: 'EADDRINUSE',
  errno: -4091,
  syscall: 'listen',
  address: '::',
  port: 3000
}

Node.js v22.14.0
Failed running 'src/server.js'
Restarting 'src/server.js'
Restarting 'src/server.js'
Restarting 'src/server.js'
Waiting for graceful termination...
Gracefully restarted 'src/server.js'
2026-09-04T08:26:02.218Z [INFO] [static] serving frontend dist at C:\Users\606610\CodeBuddy\QRCode 客戶意見反饋\frontend\dist
2026-09-04T08:26:02.226Z [INFO] [server] QRCode 客戶意見反饋骨架已啟動 http://localhost:3000/api/v1
2026-09-04T08:26:02.226Z [INFO] [scheduler] SLA 掃描定時器已啟動（每 60000ms）
2026-09-04T08:26:02.227Z [WARN] [scheduler] 週報定時器停用（WEEKLY_REPORT_CHECK_MS 為 0/未設定）
Restarting 'src/server.js'
2026-09-04T08:26:07.932Z [INFO] [static] serving frontend dist at C:\Users\606610\CodeBuddy\QRCode 客戶意見反饋\frontend\dist
node:events:496
      throw er; // Unhandled 'error' event
      ^

Error: listen EADDRINUSE: address already in use :::3000
    at Server.setupListenHandle [as _listen2] (node:net:1937:16)
    at listenInCluster (node:net:1994:12)
    at Server.listen (node:net:2099:7)
    at Function.listen (C:\Users\606610\CodeBuddy\QRCode 客戶意見反饋\backend\node_modules\express\lib\application.js:635:24)
    at Object.<anonymous> (C:\Users\606610\CodeBuddy\QRCode 客戶意見反饋\backend\src\server.js:13:5)
    at Module._compile (node:internal/modules/cjs/loader:1554:14)
    at Object..js (node:internal/modules/cjs/loader:1706:10)
    at Module.load (node:internal/modules/cjs/loader:1289:32)
    at Function._load (node:internal/modules/cjs/loader:1108:12)
    at TracingChannel.traceSync (node:diagnostics_channel:322:14)
    at wrapModuleLoad (node:internal/modules/cjs/loader:220:24)
    at Function.executeUserEntryPoint [as runMain] (node:internal/modules/run_main:170:5)
    at node:internal/main/run_main_module:36:49
Emitted 'error' event on Server instance at:
    at emitErrorNT (node:net:1973:8)
    at process.processTicksAndRejections (node:internal/process/task_queues:90:21) {
  code: 'EADDRINUSE',
  errno: -4091,
  syscall: 'listen',
  address: '::',
  port: 3000
}

Node.js v22.14.0
Failed running 'src/server.js'
Restarting 'src/server.js'
Restarting 'src/server.js'
2026-09-04T09:21:38.489Z [INFO] [static] serving frontend dist at C:\Users\606610\CodeBuddy\QRCode 客戶意見反饋\frontend\dist
2026-09-04T09:21:38.496Z [INFO] [server] QRCode 客戶意見反饋骨架已啟動 http://localhost:3000/api/v1
2026-09-04T09:21:38.496Z [INFO] [scheduler] SLA 掃描定時器已啟動（每 60000ms）
2026-09-04T09:21:38.496Z [WARN] [scheduler] 週報定時器停用（WEEKLY_REPORT_CHECK_MS 為 0/未設定）
Restarting 'src/server.js'
2026-09-04T09:21:40.795Z [INFO] [static] serving frontend dist at C:\Users\606610\CodeBuddy\QRCode 客戶意見反饋\frontend\dist
2026-09-04T09:21:40.802Z [INFO] [server] QRCode 客戶意見反饋骨架已啟動 http://localhost:3000/api/v1
2026-09-04T09:21:40.802Z [INFO] [scheduler] SLA 掃描定時器已啟動（每 60000ms）
2026-09-04T09:21:40.802Z [WARN] [scheduler] 週報定時器停用（WEEKLY_REPORT_CHECK_MS 為 0/未設定）
2026-09-04T09:21:43.033Z [INFO] [http] GET /api/v1/qr/overview
2026-09-04T09:21:43.050Z [INFO] [http] GET /api/v1/qr/overview
2026-09-04T09:21:43.431Z [INFO] [http] GET /api/v1/qr/7/image?format=png&size=220
2026-09-04T09:21:43.471Z [INFO] [http] GET /api/v1/qr/6/image?format=png&size=220
2026-09-04T09:21:43.492Z [INFO] [http] GET /api/v1/qr/8/image?format=png&size=220
2026-09-04T09:21:43.504Z [INFO] [http] GET /api/v1/qr/2/image?format=png&size=220
2026-09-04T09:21:45.235Z [INFO] [http] GET /api/v1/notifications/unread-count
2026-09-04T09:21:45.562Z [INFO] [http] GET /api/v1/cases?sortBy=createdAt&sortDir=desc&page=1&pageSize=20
2026-09-04T09:21:45.576Z [INFO] [http] GET /api/v1/notifications/unread-count
2026-09-04T09:21:45.899Z [INFO] [http] GET /api/v1/cases?sortBy=createdAt&sortDir=desc&page=1&pageSize=20
2026-09-04T09:21:46.296Z [INFO] [http] GET /api/v1/qr/overview
2026-09-04T09:21:46.561Z [INFO] [http] GET /api/v1/qr/overview
2026-09-04T09:21:58.592Z [INFO] [http] POST /api/v1/qr/generate
2026-09-04T09:21:58.597Z [INFO] [qr] QR_GENERATE 9 CHNG by admin
2026-09-04T09:21:58.934Z [INFO] [http] GET /api/v1/qr/overview
2026-09-04T09:21:59.183Z [INFO] [http] GET /api/v1/qr/9/image?format=png&size=220
2026-09-04T09:22:15.040Z [INFO] [http] GET /?estate=CHNG
2026-09-04T09:22:15.113Z [INFO] [http] GET /assets/index-BrTCdClv.js
2026-09-04T09:22:16.980Z [INFO] [http] GET /api/v1/form/meta?estate=CHNG&lang=zh-Hant
2026-09-04T09:22:17.648Z [INFO] [http] GET /logo.png
2026-09-04T09:22:17.669Z [INFO] [http] GET /favicon.ico
2026-09-04T09:22:34.656Z [INFO] [http] GET /api/v1/notifications/unread-count
2026-09-04T09:22:34.986Z [INFO] [http] GET /api/v1/cases?sortBy=createdAt&sortDir=desc&page=1&pageSize=20
2026-09-04T09:22:34.992Z [INFO] [http] GET /api/v1/notifications/unread-count
2026-09-04T09:22:34.996Z [INFO] [http] GET /api/v1/cases?sortBy=createdAt&sortDir=desc&page=1&pageSize=20
2026-09-04T09:22:36.911Z [INFO] [http] GET /api/v1/notifications/unread-count
2026-09-04T09:22:36.921Z [INFO] [http] GET /api/v1/surveys/stats
2026-09-04T09:22:37.173Z [INFO] [http] GET /api/v1/notifications/unread-count
2026-09-04T09:22:37.249Z [INFO] [http] GET /api/v1/surveys/stats
2026-09-04T09:22:39.878Z [INFO] [http] GET /api/v1/notifications/unread-count
2026-09-04T09:22:40.193Z [INFO] [http] GET /api/v1/cases?sortBy=createdAt&sortDir=desc&page=1&pageSize=20
2026-09-04T09:22:40.197Z [INFO] [http] GET /api/v1/notifications/unread-count
2026-09-04T09:22:40.516Z [INFO] [http] GET /api/v1/cases?sortBy=createdAt&sortDir=desc&page=1&pageSize=20
2026-09-04T09:22:40.812Z [INFO] [slaReminder] SLA_SCAN cases=1 respRemind=0 respEsc=0 closureRemind=0 closureEsc=0 surveyExpired=0
2026-09-04T09:22:41.653Z [INFO] [http] GET /api/v1/notifications/unread-count
2026-09-04T09:22:41.656Z [INFO] [http] GET /api/v1/dashboard/summary?range=thisMonth
2026-09-04T09:22:41.663Z [INFO] [http] GET /api/v1/dashboard/trend?range=thisMonth
2026-09-04T09:22:41.668Z [INFO] [http] GET /api/v1/dashboard/distribution?range=thisMonth
2026-09-04T09:22:41.675Z [INFO] [http] GET /api/v1/dashboard/handlers?range=thisMonth
2026-09-04T09:22:41.680Z [INFO] [http] GET /api/v1/dashboard/anomalies
2026-09-04T09:22:41.984Z [INFO] [http] GET /api/v1/dashboard/weekly-report/list?limit=20
2026-09-04T09:22:41.988Z [INFO] [http] GET /api/v1/notifications/unread-count
2026-09-04T09:22:41.992Z [INFO] [http] GET /api/v1/dashboard/summary?range=thisMonth
2026-09-04T09:22:41.997Z [INFO] [http] GET /api/v1/dashboard/trend?range=thisMonth
2026-09-04T09:22:42.001Z [INFO] [http] GET /api/v1/dashboard/distribution?range=thisMonth
2026-09-04T09:22:42.006Z [INFO] [http] GET /api/v1/dashboard/handlers?range=thisMonth
2026-09-04T09:22:42.319Z [INFO] [http] GET /api/v1/dashboard/anomalies
2026-09-04T09:22:42.323Z [INFO] [http] GET /api/v1/dashboard/weekly-report/list?limit=20
2026-09-04T09:22:43.664Z [INFO] [http] GET /api/v1/notifications/unread-count
2026-09-04T09:22:43.666Z [INFO] [http] GET /api/v1/cases?sortBy=createdAt&sortDir=desc&page=1&pageSize=20
2026-09-04T09:22:43.921Z [INFO] [http] GET /api/v1/notifications/unread-count
2026-09-04T09:22:43.985Z [INFO] [http] GET /api/v1/cases?sortBy=createdAt&sortDir=desc&page=1&pageSize=20
2026-09-04T09:22:44.663Z [INFO] [http] GET /api/v1/notifications/unread-count
2026-09-04T09:22:44.981Z [INFO] [http] GET /api/v1/notifications/unread-count
2026-09-04T09:22:44.983Z [INFO] [http] GET /api/v1/config
2026-09-04T09:22:45.303Z [INFO] [http] GET /api/v1/config
2026-09-04T09:22:46.159Z [INFO] [http] GET /api/v1/notifications/unread-count
2026-09-04T09:22:46.472Z [INFO] [http] GET /api/v1/cases?sortBy=createdAt&sortDir=desc&page=1&pageSize=20
2026-09-04T09:22:46.476Z [INFO] [http] GET /api/v1/notifications/unread-count
2026-09-04T09:22:46.784Z [INFO] [http] GET /api/v1/cases?sortBy=createdAt&sortDir=desc&page=1&pageSize=20
2026-09-04T09:22:47.610Z [INFO] [http] GET /api/v1/qr/overview
2026-09-04T09:22:47.871Z [INFO] [http] GET /api/v1/qr/overview
2026-09-04T09:22:49.785Z [INFO] [http] GET /api/v1/notifications/unread-count
2026-09-04T09:22:50.104Z [INFO] [http] GET /api/v1/cases?sortBy=createdAt&sortDir=desc&page=1&pageSize=20
2026-09-04T09:22:50.107Z [INFO] [http] GET /api/v1/notifications/unread-count
2026-09-04T09:22:50.413Z [INFO] [http] GET /api/v1/cases?sortBy=createdAt&sortDir=desc&page=1&pageSize=20
2026-09-04T09:22:51.274Z [INFO] [http] GET /api/v1/notifications/unread-count
2026-09-04T09:22:51.277Z [INFO] [http] GET /api/v1/dashboard/summary?range=thisMonth
2026-09-04T09:22:51.281Z [INFO] [http] GET /api/v1/dashboard/trend?range=thisMonth
2026-09-04T09:22:51.286Z [INFO] [http] GET /api/v1/dashboard/distribution?range=thisMonth
2026-09-04T09:22:51.292Z [INFO] [http] GET /api/v1/dashboard/handlers?range=thisMonth
2026-09-04T09:22:51.296Z [INFO] [http] GET /api/v1/dashboard/anomalies
2026-09-04T09:22:51.582Z [INFO] [http] GET /api/v1/dashboard/weekly-report/list?limit=20
2026-09-04T09:22:51.591Z [INFO] [http] GET /api/v1/notifications/unread-count
2026-09-04T09:22:51.594Z [INFO] [http] GET /api/v1/dashboard/summary?range=thisMonth
2026-09-04T09:22:51.600Z [INFO] [http] GET /api/v1/dashboard/trend?range=thisMonth
2026-09-04T09:22:51.604Z [INFO] [http] GET /api/v1/dashboard/distribution?range=thisMonth
2026-09-04T09:22:51.608Z [INFO] [http] GET /api/v1/dashboard/handlers?range=thisMonth
2026-09-04T09:22:51.899Z [INFO] [http] GET /api/v1/dashboard/anomalies
2026-09-04T09:22:51.918Z [INFO] [http] GET /api/v1/dashboard/weekly-report/list?limit=20
2026-09-04T09:22:59.979Z [INFO] [http] GET /api/v1/dashboard/trend?range=thisQuarter
2026-09-04T09:22:59.983Z [INFO] [http] GET /api/v1/dashboard/distribution?range=thisQuarter
2026-09-04T09:22:59.987Z [INFO] [http] GET /api/v1/dashboard/handlers?range=thisQuarter
2026-09-04T09:22:59.991Z [INFO] [http] GET /api/v1/dashboard/summary?range=thisQuarter
2026-09-04T09:22:59.996Z [INFO] [http] GET /api/v1/dashboard/anomalies
2026-09-04T09:23:00.000Z [INFO] [http] GET /api/v1/dashboard/weekly-report/list?limit=20
2026-09-04T09:23:00.857Z [INFO] [http] GET /api/v1/dashboard/summary?range=today
2026-09-04T09:23:00.865Z [INFO] [http] GET /api/v1/dashboard/trend?range=today
2026-09-04T09:23:00.871Z [INFO] [http] GET /api/v1/dashboard/distribution?range=today
2026-09-04T09:23:00.876Z [INFO] [http] GET /api/v1/dashboard/handlers?range=today
2026-09-04T09:23:00.879Z [INFO] [http] GET /api/v1/dashboard/anomalies
2026-09-04T09:23:00.884Z [INFO] [http] GET /api/v1/dashboard/weekly-report/list?limit=20
2026-09-04T09:23:02.095Z [INFO] [http] GET /api/v1/notifications/unread-count
2026-09-04T09:23:02.097Z [INFO] [http] GET /api/v1/cases?sortBy=createdAt&sortDir=desc&page=1&pageSize=20
2026-09-04T09:23:02.103Z [INFO] [http] GET /api/v1/notifications/unread-count
2026-09-04T09:23:02.353Z [INFO] [http] GET /api/v1/cases?sortBy=createdAt&sortDir=desc&page=1&pageSize=20
2026-09-04T09:23:07.065Z [INFO] [http] GET /api/v1/notifications/unread-count
2026-09-04T09:23:07.367Z [INFO] [http] GET /api/v1/config
2026-09-04T09:23:07.374Z [INFO] [http] GET /api/v1/notifications/unread-count
2026-09-04T09:23:07.690Z [INFO] [http] GET /api/v1/config
2026-09-04T09:23:09.625Z [INFO] [http] GET /api/v1/notifications/unread-count
2026-09-04T09:23:09.627Z [INFO] [http] GET /api/v1/cases?sortBy=createdAt&sortDir=desc&page=1&pageSize=20
2026-09-04T09:23:09.890Z [INFO] [http] GET /api/v1/notifications/unread-count
2026-09-04T09:23:09.937Z [INFO] [http] GET /api/v1/cases?sortBy=createdAt&sortDir=desc&page=1&pageSize=20
2026-09-04T09:23:11.282Z [INFO] [http] GET /api/v1/notifications/unread-count
2026-09-04T09:23:11.598Z [INFO] [http] GET /api/v1/config
2026-09-04T09:23:11.608Z [INFO] [http] GET /api/v1/notifications/unread-count
2026-09-04T09:23:11.914Z [INFO] [http] GET /api/v1/config
2026-09-04T09:23:13.290Z [INFO] [http] GET /api/v1/notifications/unread-count
2026-09-04T09:23:13.294Z [INFO] [http] GET /api/v1/cases?sortBy=createdAt&sortDir=desc&page=1&pageSize=20
2026-09-04T09:23:13.300Z [INFO] [http] GET /api/v1/notifications/unread-count
2026-09-04T09:23:13.531Z [INFO] [http] GET /api/v1/cases?sortBy=createdAt&sortDir=desc&page=1&pageSize=20
2026-09-04T09:23:27.403Z [INFO] [http] GET /api/v1/notifications/unread-count
2026-09-04T09:23:27.710Z [INFO] [http] GET /api/v1/dashboard/summary?range=thisMonth
2026-09-04T09:23:27.714Z [INFO] [http] GET /api/v1/dashboard/trend?range=thisMonth
2026-09-04T09:23:27.719Z [INFO] [http] GET /api/v1/dashboard/distribution?range=thisMonth
2026-09-04T09:23:27.723Z [INFO] [http] GET /api/v1/dashboard/handlers?range=thisMonth
2026-09-04T09:23:27.726Z [INFO] [http] GET /api/v1/dashboard/anomalies
2026-09-04T09:23:27.733Z [INFO] [http] GET /api/v1/dashboard/weekly-report/list?limit=20
2026-09-04T09:23:28.036Z [INFO] [http] GET /api/v1/notifications/unread-count
2026-09-04T09:23:28.039Z [INFO] [http] GET /api/v1/dashboard/summary?range=thisMonth
2026-09-04T09:23:28.044Z [INFO] [http] GET /api/v1/dashboard/trend?range=thisMonth
2026-09-04T09:23:28.048Z [INFO] [http] GET /api/v1/dashboard/distribution?range=thisMonth
2026-09-04T09:23:28.053Z [INFO] [http] GET /api/v1/dashboard/handlers?range=thisMonth
2026-09-04T09:23:28.056Z [INFO] [http] GET /api/v1/dashboard/anomalies
2026-09-04T09:23:28.358Z [INFO] [http] GET /api/v1/dashboard/weekly-report/list?limit=20
2026-09-04T09:23:29.772Z [INFO] [http] GET /api/v1/notifications/unread-count
2026-09-04T09:23:29.774Z [INFO] [http] GET /api/v1/cases?sortBy=createdAt&sortDir=desc&page=1&pageSize=20
2026-09-04T09:23:30.026Z [INFO] [http] GET /api/v1/notifications/unread-count
2026-09-04T09:23:30.086Z [INFO] [http] GET /api/v1/cases?sortBy=createdAt&sortDir=desc&page=1&pageSize=20
2026-09-04T09:23:30.370Z [INFO] [http] GET /api/v1/notifications/unread-count
2026-09-04T09:23:30.695Z [INFO] [http] GET /api/v1/dashboard/summary?range=thisMonth
2026-09-04T09:23:30.700Z [INFO] [http] GET /api/v1/dashboard/trend?range=thisMonth
2026-09-04T09:23:30.705Z [INFO] [http] GET /api/v1/dashboard/distribution?range=thisMonth
2026-09-04T09:23:30.709Z [INFO] [http] GET /api/v1/dashboard/handlers?range=thisMonth
2026-09-04T09:23:30.712Z [INFO] [http] GET /api/v1/dashboard/anomalies
2026-09-04T09:23:30.717Z [INFO] [http] GET /api/v1/dashboard/weekly-report/list?limit=20
2026-09-04T09:23:31.028Z [INFO] [http] GET /api/v1/notifications/unread-count
2026-09-04T09:23:31.034Z [INFO] [http] GET /api/v1/dashboard/summary?range=thisMonth
2026-09-04T09:23:31.044Z [INFO] [http] GET /api/v1/dashboard/trend?range=thisMonth
2026-09-04T09:23:31.050Z [INFO] [http] GET /api/v1/dashboard/distribution?range=thisMonth
2026-09-04T09:23:31.056Z [INFO] [http] GET /api/v1/dashboard/handlers?range=thisMonth
2026-09-04T09:23:31.061Z [INFO] [http] GET /api/v1/dashboard/anomalies
2026-09-04T09:23:31.357Z [INFO] [http] GET /api/v1/dashboard/weekly-report/list?limit=20
2026-09-04T09:23:31.746Z [INFO] [http] GET /api/v1/notifications/unread-count
2026-09-04T09:23:31.748Z [INFO] [http] GET /api/v1/cases?sortBy=createdAt&sortDir=desc&page=1&pageSize=20
2026-09-04T09:23:32.013Z [INFO] [http] GET /api/v1/notifications/unread-count
2026-09-04T09:23:32.056Z [INFO] [http] GET /api/v1/cases?sortBy=createdAt&sortDir=desc&page=1&pageSize=20
2026-09-04T09:23:40.808Z [INFO] [slaReminder] SLA_SCAN cases=1 respRemind=0 respEsc=0 closureRemind=0 closureEsc=0 surveyExpired=0
2026-09-04T09:23:57.463Z [INFO] [http] GET /api/v1/cases/SMS%2FSR%2FCHNG%2F260904001
2026-09-04T09:23:57.783Z [INFO] [http] GET /api/v1/cases/SMS%2FSR%2FCHNG%2F260904001
2026-09-04T09:23:58.045Z [INFO] [http] GET /api/v1/notifications/unread-count
2026-09-04T09:23:58.139Z [INFO] [http] GET /api/v1/notifications/unread-count
2026-09-04T09:24:03.993Z [INFO] [http] GET /api/v1/notifications/unread-count
2026-09-04T09:24:04.295Z [INFO] [http] GET /api/v1/cases?sortBy=createdAt&sortDir=desc&page=1&pageSize=20
2026-09-04T09:24:04.300Z [INFO] [http] GET /api/v1/notifications/unread-count
2026-09-04T09:24:04.322Z [INFO] [http] GET /api/v1/cases?sortBy=createdAt&sortDir=desc&page=1&pageSize=20
2026-09-04T09:24:06.383Z [INFO] [http] GET /api/v1/cases/SMS%2FSR%2FCHNG%2F260904001
2026-09-04T09:24:06.708Z [INFO] [http] GET /api/v1/cases/SMS%2FSR%2FCHNG%2F260904001
2026-09-04T09:24:06.956Z [INFO] [http] GET /api/v1/notifications/unread-count
2026-09-04T09:24:07.066Z [INFO] [http] GET /api/v1/notifications/unread-count
2026-09-04T09:24:17.866Z [INFO] [http] GET /api/v1/notifications/unread-count
2026-09-04T09:24:18.174Z [INFO] [http] GET /api/v1/cases?sortBy=createdAt&sortDir=desc&page=1&pageSize=20
2026-09-04T09:24:18.180Z [INFO] [http] GET /api/v1/notifications/unread-count
2026-09-04T09:24:18.501Z [INFO] [http] GET /api/v1/cases?sortBy=createdAt&sortDir=desc&page=1&pageSize=20
2026-09-04T09:24:39.941Z [INFO] [http] POST /api/v1/auth/login
2026-09-04T09:24:40.197Z [INFO] [http] GET /api/v1/me
2026-09-04T09:24:40.286Z [INFO] [http] GET /api/v1/me
2026-09-04T09:24:40.517Z [INFO] [http] GET /api/v1/notifications/unread-count
2026-09-04T09:24:40.597Z [INFO] [http] GET /api/v1/notifications/unread-count
2026-09-04T09:24:40.600Z [INFO] [http] GET /api/v1/cases?sortBy=createdAt&sortDir=desc&page=1&pageSize=20
2026-09-04T09:24:40.822Z [INFO] [slaReminder] SLA_SCAN cases=1 respRemind=0 respEsc=0 closureRemind=0 closureEsc=0 surveyExpired=0
2026-09-04T09:24:40.841Z [INFO] [http] GET /api/v1/cases?sortBy=createdAt&sortDir=desc&page=1&pageSize=20
2026-09-04T09:25:10.297Z [INFO] [http] GET /api/v1/notifications/unread-count
2026-09-04T09:25:40.613Z [INFO] [http] GET /api/v1/notifications/unread-count
2026-09-04T09:25:40.827Z [INFO] [slaReminder] SLA_SCAN cases=1 respRemind=0 respEsc=0 closureRemind=0 closureEsc=0 surveyExpired=0
2026-09-04T09:26:10.307Z [INFO] [http] GET /api/v1/notifications/unread-count
2026-09-04T09:26:40.617Z [INFO] [http] GET /api/v1/notifications/unread-count
2026-09-04T09:26:40.842Z [INFO] [slaReminder] SLA_SCAN cases=1 respRemind=0 respEsc=0 closureRemind=0 closureEsc=0 surveyExpired=0
2026-09-04T09:27:10.297Z [INFO] [http] GET /api/v1/notifications/unread-count
2026-09-04T09:27:40.606Z [INFO] [http] GET /api/v1/notifications/unread-count
2026-09-04T09:27:40.850Z [INFO] [slaReminder] SLA_SCAN cases=1 respRemind=0 respEsc=0 closureRemind=0 closureEsc=0 surveyExpired=0
2026-09-04T09:28:10.296Z [INFO] [http] GET /api/v1/notifications/unread-count
2026-09-04T09:28:40.615Z [INFO] [http] GET /api/v1/notifications/unread-count
2026-09-04T09:28:40.859Z [INFO] [slaReminder] SLA_SCAN cases=1 respRemind=0 respEsc=0 closureRemind=0 closureEsc=0 surveyExpired=0
2026-09-04T09:29:10.309Z [INFO] [http] GET /api/v1/notifications/unread-count
Restarting 'src/server.js'
Restarting 'src/server.js'
2026-09-04T09:29:18.543Z [INFO] [static] serving frontend dist at C:\Users\606610\CodeBuddy\QRCode 客戶意見反饋\frontend\dist
2026-09-04T09:29:18.549Z [INFO] [server] QRCode 客戶意見反饋骨架已啟動 http://localhost:3000/api/v1
2026-09-04T09:29:18.549Z [INFO] [scheduler] SLA 掃描定時器已啟動（每 60000ms）
2026-09-04T09:29:18.549Z [WARN] [scheduler] 週報定時器停用（WEEKLY_REPORT_CHECK_MS 為 0/未設定）
Restarting 'src/server.js'
2026-09-04T09:29:21.187Z [INFO] [static] serving frontend dist at C:\Users\606610\CodeBuddy\QRCode 客戶意見反饋\frontend\dist
node:events:496
      throw er; // Unhandled 'error' event
      ^

Error: listen EADDRINUSE: address already in use :::3000
    at Server.setupListenHandle [as _listen2] (node:net:1937:16)
    at listenInCluster (node:net:1994:12)
    at Server.listen (node:net:2099:7)
    at Function.listen (C:\Users\606610\CodeBuddy\QRCode 客戶意見反饋\backend\node_modules\express\lib\application.js:635:24)
    at Object.<anonymous> (C:\Users\606610\CodeBuddy\QRCode 客戶意見反饋\backend\src\server.js:13:5)
    at Module._compile (node:internal/modules/cjs/loader:1554:14)
    at Object..js (node:internal/modules/cjs/loader:1706:10)
    at Module.load (node:internal/modules/cjs/loader:1289:32)
    at Function._load (node:internal/modules/cjs/loader:1108:12)
    at TracingChannel.traceSync (node:diagnostics_channel:322:14)
    at wrapModuleLoad (node:internal/modules/cjs/loader:220:24)
    at Function.executeUserEntryPoint [as runMain] (node:internal/modules/run_main:170:5)
    at node:internal/main/run_main_module:36:49
Emitted 'error' event on Server instance at:
    at emitErrorNT (node:net:1973:8)
    at process.processTicksAndRejections (node:internal/process/task_queues:90:21) {
  code: 'EADDRINUSE',
  errno: -4091,
  syscall: 'listen',
  address: '::',
  port: 3000
}

Node.js v22.14.0
Failed running 'src/server.js'
Restarting 'src/server.js'
2026-09-04T09:33:41.982Z [INFO] [static] serving frontend dist at C:\Users\606610\CodeBuddy\QRCode 客戶意見反饋\frontend\dist
2026-09-04T09:33:41.988Z [INFO] [server] QRCode 客戶意見反饋骨架已啟動 http://localhost:3000/api/v1
2026-09-04T09:33:41.988Z [INFO] [scheduler] SLA 掃描定時器已啟動（每 60000ms）
2026-09-04T09:33:41.988Z [WARN] [scheduler] 週報定時器停用（WEEKLY_REPORT_CHECK_MS 為 0/未設定）
2026-09-04T09:34:10.315Z [INFO] [http] GET /api/v1/notifications/unread-count
2026-09-04T09:34:40.607Z [INFO] [http] GET /api/v1/notifications/unread-count
2026-09-04T09:34:42.022Z [INFO] [slaReminder] SLA_SCAN cases=1 respRemind=0 respEsc=0 closureRemind=0 closureEsc=0 surveyExpired=0
2026-09-04T09:34:51.444Z [INFO] [http] GET /api/v1/notifications?page=1&pageSize=20
2026-09-04T09:35:10.621Z [INFO] [http] GET /api/v1/notifications/unread-count
2026-09-04T09:35:40.620Z [INFO] [http] GET /api/v1/notifications/unread-count
2026-09-04T09:35:42.060Z [INFO] [slaReminder] SLA_SCAN cases=1 respRemind=0 respEsc=0 closureRemind=0 closureEsc=0 surveyExpired=0
2026-09-04T09:36:10.619Z [INFO] [http] GET /api/v1/notifications/unread-count
2026-09-04T09:36:40.603Z [INFO] [http] GET /api/v1/notifications/unread-count
2026-09-04T09:36:42.070Z [INFO] [slaReminder] SLA_SCAN cases=1 respRemind=0 respEsc=0 closureRemind=0 closureEsc=0 surveyExpired=0
2026-09-04T09:37:10.660Z [INFO] [http] GET /api/v1/notifications/unread-count
2026-09-04T09:37:40.296Z [INFO] [http] GET /api/v1/notifications/unread-count
2026-09-04T09:37:42.076Z [INFO] [slaReminder] SLA_SCAN cases=1 respRemind=0 respEsc=0 closureRemind=0 closureEsc=0 surveyExpired=0
2026-09-04T09:38:10.630Z [INFO] [http] GET /api/v1/notifications/unread-count
2026-09-04T09:38:40.311Z [INFO] [http] GET /api/v1/notifications/unread-count
2026-09-04T09:38:42.100Z [INFO] [slaReminder] SLA_SCAN cases=1 respRemind=0 respEsc=0 closureRemind=0 closureEsc=0 surveyExpired=0
2026-09-04T09:39:10.661Z [INFO] [http] GET /api/v1/notifications/unread-count
2026-09-04T09:39:40.311Z [INFO] [http] GET /api/v1/notifications/unread-count
2026-09-04T09:39:42.112Z [INFO] [slaReminder] SLA_SCAN cases=1 respRemind=0 respEsc=0 closureRemind=0 closureEsc=0 surveyExpired=0
2026-09-04T09:40:10.627Z [INFO] [http] GET /api/v1/notifications/unread-count
2026-09-04T09:40:40.605Z [INFO] [http] GET /api/v1/notifications/unread-count
2026-09-04T09:40:42.125Z [INFO] [slaReminder] SLA_SCAN cases=1 respRemind=0 respEsc=0 closureRemind=0 closureEsc=0 surveyExpired=0
2026-09-04T09:41:10.686Z [INFO] [http] GET /api/v1/notifications/unread-count
2026-09-04T09:41:40.673Z [INFO] [http] GET /api/v1/notifications/unread-count
2026-09-04T09:41:42.143Z [INFO] [slaReminder] SLA_SCAN cases=1 respRemind=0 respEsc=0 closureRemind=0 closureEsc=0 surveyExpired=0
2026-09-04T09:42:10.611Z [INFO] [http] GET /api/v1/notifications/unread-count
2026-09-04T09:42:40.621Z [INFO] [http] GET /api/v1/notifications/unread-count
2026-09-04T09:42:42.163Z [INFO] [slaReminder] SLA_SCAN cases=1 respRemind=0 respEsc=0 closureRemind=0 closureEsc=0 surveyExpired=0
2026-09-04T09:43:10.616Z [INFO] [http] GET /api/v1/notifications/unread-count
2026-09-04T09:43:40.630Z [INFO] [http] GET /api/v1/notifications/unread-count
2026-09-04T09:43:42.178Z [INFO] [slaReminder] SLA_SCAN cases=1 respRemind=0 respEsc=0 closureRemind=0 closureEsc=0 surveyExpired=0
2026-09-04T09:44:10.695Z [INFO] [http] GET /api/v1/notifications/unread-count
2026-09-04T09:44:40.753Z [INFO] [http] GET /api/v1/notifications/unread-count
2026-09-04T09:44:42.196Z [INFO] [slaReminder] SLA_SCAN cases=1 respRemind=0 respEsc=0 closureRemind=0 closureEsc=0 surveyExpired=0
2026-09-04T09:45:10.719Z [INFO] [http] GET /api/v1/notifications/unread-count
2026-09-04T09:45:40.633Z [INFO] [http] GET /api/v1/notifications/unread-count
2026-09-04T09:45:42.206Z [INFO] [slaReminder] SLA_SCAN cases=1 respRemind=0 respEsc=0 closureRemind=0 closureEsc=0 surveyExpired=0
2026-09-04T09:46:10.649Z [INFO] [http] GET /api/v1/notifications/unread-count
2026-09-04T09:46:40.310Z [INFO] [http] GET /api/v1/notifications/unread-count
2026-09-04T09:46:42.233Z [INFO] [slaReminder] SLA_SCAN cases=1 respRemind=0 respEsc=0 closureRemind=0 closureEsc=0 surveyExpired=0
2026-09-04T09:47:10.763Z [INFO] [http] GET /api/v1/notifications/unread-count
2026-09-04T09:47:40.302Z [INFO] [http] GET /api/v1/notifications/unread-count
2026-09-04T09:47:42.246Z [INFO] [slaReminder] SLA_SCAN cases=1 respRemind=0 respEsc=0 closureRemind=0 closureEsc=0 surveyExpired=0
2026-09-04T09:48:10.619Z [INFO] [http] GET /api/v1/notifications/unread-count
2026-09-04T09:48:40.306Z [INFO] [http] GET /api/v1/notifications/unread-count
2026-09-04T09:48:42.260Z [INFO] [slaReminder] SLA_SCAN cases=1 respRemind=0 respEsc=0 closureRemind=0 closureEsc=0 surveyExpired=0
2026-09-04T09:49:10.605Z [INFO] [http] GET /api/v1/notifications/unread-count
2026-09-04T09:49:40.311Z [INFO] [http] GET /api/v1/notifications/unread-count
2026-09-04T09:49:42.264Z [INFO] [slaReminder] SLA_SCAN cases=1 respRemind=0 respEsc=0 closureRemind=0 closureEsc=0 surveyExpired=0
2026-09-04T09:50:10.610Z [INFO] [http] GET /api/v1/notifications/unread-count
2026-09-04T09:50:40.308Z [INFO] [http] GET /api/v1/notifications/unread-count
2026-09-04T09:50:42.271Z [INFO] [slaReminder] SLA_SCAN cases=1 respRemind=0 respEsc=0 closureRemind=0 closureEsc=0 surveyExpired=0
2026-09-04T09:51:10.608Z [INFO] [http] GET /api/v1/notifications/unread-count
2026-09-04T09:51:40.299Z [INFO] [http] GET /api/v1/notifications/unread-count
2026-09-04T09:51:42.277Z [INFO] [slaReminder] SLA_SCAN cases=1 respRemind=0 respEsc=0 closureRemind=0 closureEsc=0 surveyExpired=0
2026-09-04T09:52:10.609Z [INFO] [http] GET /api/v1/notifications/unread-count
2026-09-04T09:52:40.322Z [INFO] [http] GET /api/v1/notifications/unread-count
2026-09-04T09:52:42.284Z [INFO] [slaReminder] SLA_SCAN cases=1 respRemind=0 respEsc=0 closureRemind=0 closureEsc=0 surveyExpired=0
2026-09-04T09:53:10.617Z [INFO] [http] GET /api/v1/notifications/unread-count
2026-09-04T09:53:40.297Z [INFO] [http] GET /api/v1/notifications/unread-count
2026-09-04T09:53:42.290Z [INFO] [slaReminder] SLA_SCAN cases=1 respRemind=0 respEsc=0 closureRemind=0 closureEsc=0 surveyExpired=0
2026-09-04T09:54:10.622Z [INFO] [http] GET /api/v1/notifications/unread-count
2026-09-04T09:54:40.297Z [INFO] [http] GET /api/v1/notifications/unread-count
2026-09-04T09:54:42.301Z [INFO] [slaReminder] SLA_SCAN cases=1 respRemind=0 respEsc=0 closureRemind=0 closureEsc=0 surveyExpired=0
2026-09-04T09:55:10.621Z [INFO] [http] GET /api/v1/notifications/unread-count
2026-09-04T09:55:40.294Z [INFO] [http] GET /api/v1/notifications/unread-count
2026-09-04T09:55:42.303Z [INFO] [slaReminder] SLA_SCAN cases=1 respRemind=0 respEsc=0 closureRemind=0 closureEsc=0 surveyExpired=0
2026-09-04T09:56:10.604Z [INFO] [http] GET /api/v1/notifications/unread-count
2026-09-04T09:56:40.310Z [INFO] [http] GET /api/v1/notifications/unread-count
2026-09-04T09:56:42.304Z [INFO] [slaReminder] SLA_SCAN cases=1 respRemind=0 respEsc=0 closureRemind=0 closureEsc=0 surveyExpired=0
2026-09-04T09:57:10.614Z [INFO] [http] GET /api/v1/notifications/unread-count
2026-09-04T09:57:40.308Z [INFO] [http] GET /api/v1/notifications/unread-count
2026-09-04T09:57:42.312Z [INFO] [slaReminder] SLA_SCAN cases=1 respRemind=0 respEsc=0 closureRemind=0 closureEsc=0 surveyExpired=0
2026-09-04T09:58:10.606Z [INFO] [http] GET /api/v1/notifications/unread-count
2026-09-04T09:58:40.299Z [INFO] [http] GET /api/v1/notifications/unread-count
2026-09-04T09:58:42.322Z [INFO] [slaReminder] SLA_SCAN cases=1 respRemind=0 respEsc=0 closureRemind=0 closureEsc=0 surveyExpired=0
2026-09-04T09:59:10.601Z [INFO] [http] GET /api/v1/notifications/unread-count
2026-09-04T09:59:40.305Z [INFO] [http] GET /api/v1/notifications/unread-count
2026-09-04T09:59:42.326Z [INFO] [slaReminder] SLA_SCAN cases=1 respRemind=0 respEsc=0 closureRemind=0 closureEsc=0 surveyExpired=0
2026-09-04T10:00:10.620Z [INFO] [http] GET /api/v1/notifications/unread-count
2026-09-04T10:00:40.307Z [INFO] [http] GET /api/v1/notifications/unread-count
2026-09-04T10:00:42.339Z [INFO] [slaReminder] SLA_SCAN cases=1 respRemind=0 respEsc=0 closureRemind=0 closureEsc=0 surveyExpired=0
2026-09-04T10:01:10.621Z [INFO] [http] GET /api/v1/notifications/unread-count
2026-09-04T10:01:40.305Z [INFO] [http] GET /api/v1/notifications/unread-count
2026-09-04T10:01:42.339Z [INFO] [slaReminder] SLA_SCAN cases=1 respRemind=0 respEsc=0 closureRemind=0 closureEsc=0 surveyExpired=0
2026-09-04T10:02:10.610Z [INFO] [http] GET /api/v1/notifications/unread-count
2026-09-04T10:02:40.306Z [INFO] [http] GET /api/v1/notifications/unread-count
2026-09-04T10:02:42.347Z [INFO] [slaReminder] SLA_SCAN cases=1 respRemind=0 respEsc=0 closureRemind=0 closureEsc=0 surveyExpired=0
2026-09-04T10:03:10.618Z [INFO] [http] GET /api/v1/notifications/unread-count
2026-09-04T10:03:40.301Z [INFO] [http] GET /api/v1/notifications/unread-count
2026-09-04T10:03:42.360Z [INFO] [slaReminder] SLA_SCAN cases=1 respRemind=0 respEsc=0 closureRemind=0 closureEsc=0 surveyExpired=0
2026-09-04T10:04:10.615Z [INFO] [http] GET /api/v1/notifications/unread-count
2026-09-04T10:04:40.299Z [INFO] [http] GET /api/v1/notifications/unread-count
2026-09-04T10:04:42.368Z [INFO] [slaReminder] SLA_SCAN cases=1 respRemind=0 respEsc=0 closureRemind=0 closureEsc=0 surveyExpired=0
2026-09-04T10:05:10.604Z [INFO] [http] GET /api/v1/notifications/unread-count
2026-09-04T10:05:40.303Z [INFO] [http] GET /api/v1/notifications/unread-count
2026-09-04T10:05:42.384Z [INFO] [slaReminder] SLA_SCAN cases=1 respRemind=0 respEsc=0 closureRemind=0 closureEsc=0 surveyExpired=0
2026-09-04T10:06:10.608Z [INFO] [http] GET /api/v1/notifications/unread-count
2026-09-04T10:06:40.309Z [INFO] [http] GET /api/v1/notifications/unread-count
2026-09-04T10:06:42.388Z [INFO] [slaReminder] SLA_SCAN cases=1 respRemind=0 respEsc=0 closureRemind=0 closureEsc=0 surveyExpired=0
2026-09-04T10:07:10.614Z [INFO] [http] GET /api/v1/notifications/unread-count
2026-09-04T10:07:40.299Z [INFO] [http] GET /api/v1/notifications/unread-count
2026-09-04T10:07:42.393Z [INFO] [slaReminder] SLA_SCAN cases=1 respRemind=0 respEsc=0 closureRemind=0 closureEsc=0 surveyExpired=0
2026-09-04T10:08:10.609Z [INFO] [http] GET /api/v1/notifications/unread-count
2026-09-04T10:08:40.305Z [INFO] [http] GET /api/v1/notifications/unread-count
2026-09-04T10:08:42.404Z [INFO] [slaReminder] SLA_SCAN cases=1 respRemind=0 respEsc=0 closureRemind=0 closureEsc=0 surveyExpired=0
2026-09-04T10:09:10.603Z [INFO] [http] GET /api/v1/notifications/unread-count
2026-09-04T10:09:40.303Z [INFO] [http] GET /api/v1/notifications/unread-count
2026-09-04T10:09:42.414Z [INFO] [slaReminder] SLA_SCAN cases=1 respRemind=0 respEsc=0 closureRemind=0 closureEsc=0 surveyExpired=0
2026-09-04T10:10:10.613Z [INFO] [http] GET /api/v1/notifications/unread-count
2026-09-04T10:10:40.308Z [INFO] [http] GET /api/v1/notifications/unread-count
2026-09-04T10:10:42.430Z [INFO] [slaReminder] SLA_SCAN cases=1 respRemind=0 respEsc=0 closureRemind=0 closureEsc=0 surveyExpired=0
2026-09-04T10:11:10.618Z [INFO] [http] GET /api/v1/notifications/unread-count
2026-09-04T10:11:40.304Z [INFO] [http] GET /api/v1/notifications/unread-count
2026-09-04T10:11:42.433Z [INFO] [slaReminder] SLA_SCAN cases=1 respRemind=0 respEsc=0 closureRemind=0 closureEsc=0 surveyExpired=0
2026-09-04T10:12:10.611Z [INFO] [http] GET /api/v1/notifications/unread-count
2026-09-04T10:12:40.301Z [INFO] [http] GET /api/v1/notifications/unread-count
2026-09-04T10:12:42.446Z [INFO] [slaReminder] SLA_SCAN cases=1 respRemind=0 respEsc=0 closureRemind=0 closureEsc=0 surveyExpired=0
2026-09-04T10:13:10.605Z [INFO] [http] GET /api/v1/notifications/unread-count
2026-09-04T10:13:40.296Z [INFO] [http] GET /api/v1/notifications/unread-count
2026-09-04T10:13:42.458Z [INFO] [slaReminder] SLA_SCAN cases=1 respRemind=0 respEsc=0 closureRemind=0 closureEsc=0 surveyExpired=0
2026-09-04T10:14:10.611Z [INFO] [http] GET /api/v1/notifications/unread-count
2026-09-04T10:14:40.606Z [INFO] [http] GET /api/v1/notifications/unread-count
2026-09-04T10:14:42.464Z [INFO] [slaReminder] SLA_SCAN cases=1 respRemind=0 respEsc=0 closureRemind=0 closureEsc=0 surveyExpired=0
2026-09-04T10:15:10.612Z [INFO] [http] GET /api/v1/notifications/unread-count
2026-09-04T10:15:40.605Z [INFO] [http] GET /api/v1/notifications/unread-count
2026-09-04T10:15:42.469Z [INFO] [slaReminder] SLA_SCAN cases=1 respRemind=0 respEsc=0 closureRemind=0 closureEsc=0 surveyExpired=0
2026-09-04T10:16:10.617Z [INFO] [http] GET /api/v1/notifications/unread-count
2026-09-04T10:16:40.310Z [INFO] [http] GET /api/v1/notifications/unread-count
2026-09-04T10:16:42.476Z [INFO] [slaReminder] SLA_SCAN cases=1 respRemind=0 respEsc=0 closureRemind=0 closureEsc=0 surveyExpired=0
2026-09-04T10:17:10.623Z [INFO] [http] GET /api/v1/notifications/unread-count
2026-09-04T10:17:40.302Z [INFO] [http] GET /api/v1/notifications/unread-count
2026-09-04T10:17:42.479Z [INFO] [slaReminder] SLA_SCAN cases=1 respRemind=0 respEsc=0 closureRemind=0 closureEsc=0 surveyExpired=0
2026-09-04T10:18:10.607Z [INFO] [http] GET /api/v1/notifications/unread-count
2026-09-04T10:18:40.607Z [INFO] [http] GET /api/v1/notifications/unread-count
2026-09-04T10:18:42.495Z [INFO] [slaReminder] SLA_SCAN cases=1 respRemind=0 respEsc=0 closureRemind=0 closureEsc=0 surveyExpired=0
2026-09-04T10:19:10.619Z [INFO] [http] GET /api/v1/notifications/unread-count
2026-09-04T10:19:40.612Z [INFO] [http] GET /api/v1/notifications/unread-count
2026-09-04T10:19:42.508Z [INFO] [slaReminder] SLA_SCAN cases=1 respRemind=0 respEsc=0 closureRemind=0 closureEsc=0 surveyExpired=0
2026-09-04T10:20:10.307Z [INFO] [http] GET /api/v1/notifications/unread-count
2026-09-04T10:20:40.614Z [INFO] [http] GET /api/v1/notifications/unread-count
2026-09-04T10:20:42.514Z [INFO] [slaReminder] SLA_SCAN cases=1 respRemind=0 respEsc=0 closureRemind=0 closureEsc=0 surveyExpired=0
2026-09-04T10:21:10.621Z [INFO] [http] GET /api/v1/notifications/unread-count
2026-09-04T10:21:40.602Z [INFO] [http] GET /api/v1/notifications/unread-count
2026-09-04T10:21:42.529Z [INFO] [slaReminder] SLA_SCAN cases=1 respRemind=0 respEsc=0 closureRemind=0 closureEsc=0 surveyExpired=0
2026-09-04T10:22:10.607Z [INFO] [http] GET /api/v1/notifications/unread-count
2026-09-04T10:22:40.306Z [INFO] [http] GET /api/v1/notifications/unread-count
2026-09-04T10:22:42.536Z [INFO] [slaReminder] SLA_SCAN cases=1 respRemind=0 respEsc=0 closureRemind=0 closureEsc=0 surveyExpired=0
2026-09-04T10:23:10.617Z [INFO] [http] GET /api/v1/notifications/unread-count
2026-09-04T10:23:40.303Z [INFO] [http] GET /api/v1/notifications/unread-count
2026-09-04T10:23:42.542Z [INFO] [slaReminder] SLA_SCAN cases=1 respRemind=0 respEsc=0 closureRemind=0 closureEsc=0 surveyExpired=0
2026-09-04T10:24:10.607Z [INFO] [http] GET /api/v1/notifications/unread-count
2026-09-04T10:24:40.605Z [INFO] [http] GET /api/v1/notifications/unread-count
2026-09-04T10:24:42.551Z [INFO] [slaReminder] SLA_SCAN cases=1 respRemind=0 respEsc=0 closureRemind=0 closureEsc=0 surveyExpired=0
2026-09-04T10:25:10.613Z [INFO] [http] GET /api/v1/notifications/unread-count
2026-09-04T10:25:40.613Z [INFO] [http] GET /api/v1/notifications/unread-count
2026-09-04T10:25:42.556Z [INFO] [slaReminder] SLA_SCAN cases=1 respRemind=0 respEsc=0 closureRemind=0 closureEsc=0 surveyExpired=0
2026-09-04T10:26:10.611Z [INFO] [http] GET /api/v1/notifications/unread-count
2026-09-04T10:26:40.632Z [INFO] [http] GET /api/v1/notifications/unread-count
2026-09-04T10:26:42.615Z [INFO] [slaReminder] SLA_SCAN cases=1 respRemind=0 respEsc=0 closureRemind=0 closureEsc=0 surveyExpired=0
2026-09-04T10:27:10.616Z [INFO] [http] GET /api/v1/notifications/unread-count
2026-09-04T10:27:40.617Z [INFO] [http] GET /api/v1/notifications/unread-count
2026-09-04T10:27:42.575Z [INFO] [slaReminder] SLA_SCAN cases=1 respRemind=0 respEsc=0 closureRemind=0 closureEsc=0 surveyExpired=0
2026-09-04T10:28:10.307Z [INFO] [http] GET /api/v1/notifications/unread-count
2026-09-04T10:28:40.613Z [INFO] [http] GET /api/v1/notifications/unread-count
2026-09-04T10:28:42.572Z [INFO] [slaReminder] SLA_SCAN cases=1 respRemind=0 respEsc=0 closureRemind=0 closureEsc=0 surveyExpired=0
2026-09-04T10:29:10.614Z [INFO] [http] GET /api/v1/notifications/unread-count
2026-09-04T10:29:40.609Z [INFO] [http] GET /api/v1/notifications/unread-count
2026-09-04T10:29:42.581Z [INFO] [slaReminder] SLA_SCAN cases=1 respRemind=0 respEsc=0 closureRemind=0 closureEsc=0 surveyExpired=0
2026-09-04T10:30:10.604Z [INFO] [http] GET /api/v1/notifications/unread-count
2026-09-04T10:30:40.612Z [INFO] [http] GET /api/v1/notifications/unread-count
2026-09-04T10:30:42.585Z [INFO] [slaReminder] SLA_SCAN cases=1 respRemind=0 respEsc=0 closureRemind=0 closureEsc=0 surveyExpired=0
2026-09-04T10:31:10.618Z [INFO] [http] GET /api/v1/notifications/unread-count
2026-09-04T10:31:40.617Z [INFO] [http] GET /api/v1/notifications/unread-count
2026-09-04T10:31:42.585Z [INFO] [slaReminder] SLA_SCAN cases=1 respRemind=0 respEsc=0 closureRemind=0 closureEsc=0 surveyExpired=0
2026-09-04T10:32:10.609Z [INFO] [http] GET /api/v1/notifications/unread-count
2026-09-04T10:32:40.614Z [INFO] [http] GET /api/v1/notifications/unread-count
2026-09-04T10:32:42.588Z [INFO] [slaReminder] SLA_SCAN cases=1 respRemind=0 respEsc=0 closureRemind=0 closureEsc=0 surveyExpired=0
2026-09-04T10:33:10.612Z [INFO] [http] GET /api/v1/notifications/unread-count
2026-09-04T10:33:40.609Z [INFO] [http] GET /api/v1/notifications/unread-count
2026-09-04T10:33:42.603Z [INFO] [slaReminder] SLA_SCAN cases=1 respRemind=0 respEsc=0 closureRemind=0 closureEsc=0 surveyExpired=0
2026-09-04T10:34:10.617Z [INFO] [http] GET /api/v1/notifications/unread-count
2026-09-04T10:34:40.299Z [INFO] [http] GET /api/v1/notifications/unread-count
2026-09-04T10:34:42.607Z [INFO] [slaReminder] SLA_SCAN cases=1 respRemind=0 respEsc=0 closureRemind=0 closureEsc=0 surveyExpired=0
2026-09-04T10:35:10.606Z [INFO] [http] GET /api/v1/notifications/unread-count
2026-09-04T10:35:40.298Z [INFO] [http] GET /api/v1/notifications/unread-count
2026-09-04T10:35:42.614Z [INFO] [slaReminder] SLA_SCAN cases=1 respRemind=0 respEsc=0 closureRemind=0 closureEsc=0 surveyExpired=0
2026-09-04T10:36:10.605Z [INFO] [http] GET /api/v1/notifications/unread-count
2026-09-04T10:36:40.299Z [INFO] [http] GET /api/v1/notifications/unread-count
2026-09-04T10:36:42.629Z [INFO] [slaReminder] SLA_SCAN cases=1 respRemind=0 respEsc=0 closureRemind=0 closureEsc=0 surveyExpired=0
2026-09-04T10:37:10.619Z [INFO] [http] GET /api/v1/notifications/unread-count
2026-09-04T10:37:40.302Z [INFO] [http] GET /api/v1/notifications/unread-count
2026-09-04T10:37:42.640Z [INFO] [slaReminder] SLA_SCAN cases=1 respRemind=0 respEsc=0 closureRemind=0 closureEsc=0 surveyExpired=0
2026-09-04T10:38:10.607Z [INFO] [http] GET /api/v1/notifications/unread-count
2026-09-04T10:38:40.609Z [INFO] [http] GET /api/v1/notifications/unread-count
2026-09-04T10:38:42.646Z [INFO] [slaReminder] SLA_SCAN cases=1 respRemind=0 respEsc=0 closureRemind=0 closureEsc=0 surveyExpired=0
2026-09-04T10:39:10.614Z [INFO] [http] GET /api/v1/notifications/unread-count
2026-09-04T10:39:40.605Z [INFO] [http] GET /api/v1/notifications/unread-count
2026-09-04T10:39:42.648Z [INFO] [slaReminder] SLA_SCAN cases=1 respRemind=0 respEsc=0 closureRemind=0 closureEsc=0 surveyExpired=0
2026-09-04T10:40:10.605Z [INFO] [http] GET /api/v1/notifications/unread-count
2026-09-04T10:40:40.608Z [INFO] [http] GET /api/v1/notifications/unread-count
2026-09-04T10:40:42.653Z [INFO] [slaReminder] SLA_SCAN cases=1 respRemind=0 respEsc=0 closureRemind=0 closureEsc=0 surveyExpired=0
2026-09-04T10:41:10.608Z [INFO] [http] GET /api/v1/notifications/unread-count
2026-09-04T10:41:40.622Z [INFO] [http] GET /api/v1/notifications/unread-count
2026-09-04T10:41:42.657Z [INFO] [slaReminder] SLA_SCAN cases=1 respRemind=0 respEsc=0 closureRemind=0 closureEsc=0 surveyExpired=0
2026-09-04T10:42:10.614Z [INFO] [http] GET /api/v1/notifications/unread-count
2026-09-04T10:42:40.618Z [INFO] [http] GET /api/v1/notifications/unread-count
2026-09-04T10:42:42.671Z [INFO] [slaReminder] SLA_SCAN cases=1 respRemind=0 respEsc=0 closureRemind=0 closureEsc=0 surveyExpired=0
2026-09-04T10:43:10.615Z [INFO] [http] GET /api/v1/notifications/unread-count
2026-09-04T10:43:40.611Z [INFO] [http] GET /api/v1/notifications/unread-count
2026-09-04T10:43:42.679Z [INFO] [slaReminder] SLA_SCAN cases=1 respRemind=0 respEsc=0 closureRemind=0 closureEsc=0 surveyExpired=0
2026-09-04T10:44:10.603Z [INFO] [http] GET /api/v1/notifications/unread-count
2026-09-04T10:44:40.602Z [INFO] [http] GET /api/v1/notifications/unread-count
2026-09-04T10:44:42.691Z [INFO] [slaReminder] SLA_SCAN cases=1 respRemind=0 respEsc=0 closureRemind=0 closureEsc=0 surveyExpired=0
2026-09-04T10:45:10.303Z [INFO] [http] GET /api/v1/notifications/unread-count
2026-09-04T10:45:40.619Z [INFO] [http] GET /api/v1/notifications/unread-count
2026-09-04T10:45:42.705Z [INFO] [slaReminder] SLA_SCAN cases=1 respRemind=0 respEsc=0 closureRemind=0 closureEsc=0 surveyExpired=0
2026-09-04T10:46:10.294Z [INFO] [http] GET /api/v1/notifications/unread-count
2026-09-04T10:46:40.616Z [INFO] [http] GET /api/v1/notifications/unread-count
2026-09-04T10:46:42.718Z [INFO] [slaReminder] SLA_SCAN cases=1 respRemind=0 respEsc=0 closureRemind=0 closureEsc=0 surveyExpired=0
2026-09-04T10:47:10.302Z [INFO] [http] GET /api/v1/notifications/unread-count
2026-09-04T10:47:40.620Z [INFO] [http] GET /api/v1/notifications/unread-count
2026-09-04T10:47:42.729Z [INFO] [slaReminder] SLA_SCAN cases=1 respRemind=0 respEsc=0 closureRemind=0 closureEsc=0 surveyExpired=0
2026-09-04T10:48:10.306Z [INFO] [http] GET /api/v1/notifications/unread-count
2026-09-04T10:48:40.603Z [INFO] [http] GET /api/v1/notifications/unread-count
2026-09-04T10:48:42.740Z [INFO] [slaReminder] SLA_SCAN cases=1 respRemind=0 respEsc=0 closureRemind=0 closureEsc=0 surveyExpired=0
2026-09-04T10:49:10.611Z [INFO] [http] GET /api/v1/notifications/unread-count
2026-09-04T10:49:40.297Z [INFO] [http] GET /api/v1/notifications/unread-count
2026-09-04T10:49:42.757Z [INFO] [slaReminder] SLA_SCAN cases=1 respRemind=0 respEsc=0 closureRemind=0 closureEsc=0 surveyExpired=0
2026-09-04T10:50:10.604Z [INFO] [http] GET /api/v1/notifications/unread-count
2026-09-04T10:50:40.304Z [INFO] [http] GET /api/v1/notifications/unread-count
2026-09-04T10:50:42.759Z [INFO] [slaReminder] SLA_SCAN cases=1 respRemind=0 respEsc=0 closureRemind=0 closureEsc=0 surveyExpired=0
2026-09-04T10:51:10.605Z [INFO] [http] GET /api/v1/notifications/unread-count
2026-09-04T10:51:40.306Z [INFO] [http] GET /api/v1/notifications/unread-count
2026-09-04T10:51:42.773Z [INFO] [slaReminder] SLA_SCAN cases=1 respRemind=0 respEsc=0 closureRemind=0 closureEsc=0 surveyExpired=0
2026-09-04T10:52:10.600Z [INFO] [http] GET /api/v1/notifications/unread-count
2026-09-04T10:52:40.293Z [INFO] [http] GET /api/v1/notifications/unread-count
2026-09-04T10:52:42.775Z [INFO] [slaReminder] SLA_SCAN cases=1 respRemind=0 respEsc=0 closureRemind=0 closureEsc=0 surveyExpired=0
2026-09-04T10:53:10.606Z [INFO] [http] GET /api/v1/notifications/unread-count
2026-09-04T10:53:40.302Z [INFO] [http] GET /api/v1/notifications/unread-count
2026-09-04T10:53:42.781Z [INFO] [slaReminder] SLA_SCAN cases=1 respRemind=0 respEsc=0 closureRemind=0 closureEsc=0 surveyExpired=0
2026-09-04T10:54:10.606Z [INFO] [http] GET /api/v1/notifications/unread-count
2026-09-04T10:54:40.298Z [INFO] [http] GET /api/v1/notifications/unread-count
2026-09-04T10:54:42.787Z [INFO] [slaReminder] SLA_SCAN cases=1 respRemind=0 respEsc=0 closureRemind=0 closureEsc=0 surveyExpired=0
2026-09-04T10:55:10.601Z [INFO] [http] GET /api/v1/notifications/unread-count
2026-09-04T10:55:40.292Z [INFO] [http] GET /api/v1/notifications/unread-count
2026-09-04T10:55:42.801Z [INFO] [slaReminder] SLA_SCAN cases=1 respRemind=0 respEsc=0 closureRemind=0 closureEsc=0 surveyExpired=0
2026-09-04T10:56:10.613Z [INFO] [http] GET /api/v1/notifications/unread-count
2026-09-04T10:56:40.307Z [INFO] [http] GET /api/v1/notifications/unread-count
2026-09-04T10:56:42.810Z [INFO] [slaReminder] SLA_SCAN cases=1 respRemind=0 respEsc=0 closureRemind=0 closureEsc=0 surveyExpired=0
2026-09-04T10:57:10.614Z [INFO] [http] GET /api/v1/notifications/unread-count
2026-09-04T10:57:40.293Z [INFO] [http] GET /api/v1/notifications/unread-count
2026-09-04T10:57:42.823Z [INFO] [slaReminder] SLA_SCAN cases=1 respRemind=0 respEsc=0 closureRemind=0 closureEsc=0 surveyExpired=0
2026-09-04T10:58:10.610Z [INFO] [http] GET /api/v1/notifications/unread-count
2026-09-04T10:58:40.302Z [INFO] [http] GET /api/v1/notifications/unread-count
2026-09-04T10:58:42.827Z [INFO] [slaReminder] SLA_SCAN cases=1 respRemind=0 respEsc=0 closureRemind=0 closureEsc=0 surveyExpired=0
2026-09-04T10:59:10.615Z [INFO] [http] GET /api/v1/notifications/unread-count
2026-09-04T10:59:40.307Z [INFO] [http] GET /api/v1/notifications/unread-count
2026-09-04T10:59:42.844Z [INFO] [slaReminder] SLA_SCAN cases=1 respRemind=0 respEsc=0 closureRemind=0 closureEsc=0 surveyExpired=0
2026-09-04T11:00:10.599Z [INFO] [http] GET /api/v1/notifications/unread-count
2026-09-04T11:00:40.301Z [INFO] [http] GET /api/v1/notifications/unread-count
2026-09-04T11:00:42.845Z [INFO] [slaReminder] SLA_SCAN cases=1 respRemind=0 respEsc=0 closureRemind=0 closureEsc=0 surveyExpired=0
2026-09-04T11:01:10.614Z [INFO] [http] GET /api/v1/notifications/unread-count
2026-09-04T11:01:40.293Z [INFO] [http] GET /api/v1/notifications/unread-count
2026-09-04T11:01:42.850Z [INFO] [slaReminder] SLA_SCAN cases=1 respRemind=0 respEsc=0 closureRemind=0 closureEsc=0 surveyExpired=0
2026-09-04T11:02:10.611Z [INFO] [http] GET /api/v1/notifications/unread-count
2026-09-04T11:02:40.292Z [INFO] [http] GET /api/v1/notifications/unread-count
2026-09-04T11:02:42.857Z [INFO] [slaReminder] SLA_SCAN cases=1 respRemind=0 respEsc=0 closureRemind=0 closureEsc=0 surveyExpired=0
2026-09-04T11:03:10.606Z [INFO] [http] GET /api/v1/notifications/unread-count
2026-09-04T11:03:40.308Z [INFO] [http] GET /api/v1/notifications/unread-count
2026-09-04T11:03:42.871Z [INFO] [slaReminder] SLA_SCAN cases=1 respRemind=0 respEsc=0 closureRemind=0 closureEsc=0 surveyExpired=0
2026-09-04T11:04:10.614Z [INFO] [http] GET /api/v1/notifications/unread-count
2026-09-04T11:04:40.299Z [INFO] [http] GET /api/v1/notifications/unread-count
2026-09-04T11:04:42.873Z [INFO] [slaReminder] SLA_SCAN cases=1 respRemind=0 respEsc=0 closureRemind=0 closureEsc=0 surveyExpired=0
2026-09-04T11:05:10.605Z [INFO] [http] GET /api/v1/notifications/unread-count
2026-09-04T11:05:40.302Z [INFO] [http] GET /api/v1/notifications/unread-count
2026-09-04T11:05:42.886Z [INFO] [slaReminder] SLA_SCAN cases=1 respRemind=0 respEsc=0 closureRemind=0 closureEsc=0 surveyExpired=0
2026-09-04T11:06:10.614Z [INFO] [http] GET /api/v1/notifications/unread-count
2026-09-04T11:06:40.304Z [INFO] [http] GET /api/v1/notifications/unread-count
2026-09-04T11:06:42.898Z [INFO] [slaReminder] SLA_SCAN cases=1 respRemind=0 respEsc=0 closureRemind=0 closureEsc=0 surveyExpired=0
2026-09-04T11:07:10.613Z [INFO] [http] GET /api/v1/notifications/unread-count
2026-09-04T11:07:40.298Z [INFO] [http] GET /api/v1/notifications/unread-count
2026-09-04T11:07:42.901Z [INFO] [slaReminder] SLA_SCAN cases=1 respRemind=0 respEsc=0 closureRemind=0 closureEsc=0 surveyExpired=0
2026-09-04T11:08:10.612Z [INFO] [http] GET /api/v1/notifications/unread-count
2026-09-04T11:08:40.296Z [INFO] [http] GET /api/v1/notifications/unread-count
2026-09-04T11:08:42.917Z [INFO] [slaReminder] SLA_SCAN cases=1 respRemind=0 respEsc=0 closureRemind=0 closureEsc=0 surveyExpired=0
2026-09-04T11:09:10.608Z [INFO] [http] GET /api/v1/notifications/unread-count
2026-09-04T11:09:40.295Z [INFO] [http] GET /api/v1/notifications/unread-count
2026-09-04T11:09:42.919Z [INFO] [slaReminder] SLA_SCAN cases=1 respRemind=0 respEsc=0 closureRemind=0 closureEsc=0 surveyExpired=0
2026-09-04T11:10:10.619Z [INFO] [http] GET /api/v1/notifications/unread-count
2026-09-04T11:10:40.301Z [INFO] [http] GET /api/v1/notifications/unread-count
2026-09-04T11:10:42.932Z [INFO] [slaReminder] SLA_SCAN cases=1 respRemind=0 respEsc=0 closureRemind=0 closureEsc=0 surveyExpired=0
2026-09-04T11:11:10.612Z [INFO] [http] GET /api/v1/notifications/unread-count
2026-09-04T11:11:40.294Z [INFO] [http] GET /api/v1/notifications/unread-count
2026-09-04T11:11:42.935Z [INFO] [slaReminder] SLA_SCAN cases=1 respRemind=0 respEsc=0 closureRemind=0 closureEsc=0 surveyExpired=0
2026-09-04T11:12:10.616Z [INFO] [http] GET /api/v1/notifications/unread-count
2026-09-04T11:12:40.312Z [INFO] [http] GET /api/v1/notifications/unread-count
2026-09-04T11:12:42.935Z [INFO] [slaReminder] SLA_SCAN cases=1 respRemind=0 respEsc=0 closureRemind=0 closureEsc=0 surveyExpired=0
2026-09-04T11:13:10.607Z [INFO] [http] GET /api/v1/notifications/unread-count
2026-09-04T11:13:40.298Z [INFO] [http] GET /api/v1/notifications/unread-count
2026-09-04T11:13:42.943Z [INFO] [slaReminder] SLA_SCAN cases=1 respRemind=0 respEsc=0 closureRemind=0 closureEsc=0 surveyExpired=0
2026-09-04T11:14:10.609Z [INFO] [http] GET /api/v1/notifications/unread-count
2026-09-04T11:14:40.301Z [INFO] [http] GET /api/v1/notifications/unread-count
2026-09-04T11:14:42.946Z [INFO] [slaReminder] SLA_SCAN cases=1 respRemind=0 respEsc=0 closureRemind=0 closureEsc=0 surveyExpired=0
2026-09-04T11:15:10.612Z [INFO] [http] GET /api/v1/notifications/unread-count
2026-09-04T11:15:40.308Z [INFO] [http] GET /api/v1/notifications/unread-count
2026-09-04T11:15:42.949Z [INFO] [slaReminder] SLA_SCAN cases=1 respRemind=0 respEsc=0 closureRemind=0 closureEsc=0 surveyExpired=0
2026-09-04T11:16:10.609Z [INFO] [http] GET /api/v1/notifications/unread-count
2026-09-04T11:16:40.289Z [INFO] [http] GET /api/v1/notifications/unread-count
2026-09-04T11:16:42.963Z [INFO] [slaReminder] SLA_SCAN cases=1 respRemind=0 respEsc=0 closureRemind=0 closureEsc=0 surveyExpired=0
2026-09-04T11:17:10.607Z [INFO] [http] GET /api/v1/notifications/unread-count
2026-09-04T11:17:40.304Z [INFO] [http] GET /api/v1/notifications/unread-count
2026-09-04T11:17:42.968Z [INFO] [slaReminder] SLA_SCAN cases=1 respRemind=0 respEsc=0 closureRemind=0 closureEsc=0 surveyExpired=0
2026-09-04T11:18:10.607Z [INFO] [http] GET /api/v1/notifications/unread-count
2026-09-04T11:18:40.610Z [INFO] [http] GET /api/v1/notifications/unread-count
2026-09-04T11:18:42.969Z [INFO] [slaReminder] SLA_SCAN cases=1 respRemind=0 respEsc=0 closureRemind=0 closureEsc=0 surveyExpired=0
2026-09-04T11:19:10.297Z [INFO] [http] GET /api/v1/notifications/unread-count
2026-09-04T11:19:40.625Z [INFO] [http] GET /api/v1/notifications/unread-count
2026-09-04T11:19:42.985Z [INFO] [slaReminder] SLA_SCAN cases=1 respRemind=0 respEsc=0 closureRemind=0 closureEsc=0 surveyExpired=0
2026-09-04T11:20:10.616Z [INFO] [http] GET /api/v1/notifications/unread-count
2026-09-04T11:20:40.290Z [INFO] [http] GET /api/v1/notifications/unread-count
2026-09-04T11:20:42.990Z [INFO] [slaReminder] SLA_SCAN cases=1 respRemind=0 respEsc=0 closureRemind=0 closureEsc=0 surveyExpired=0
2026-09-04T11:21:10.604Z [INFO] [http] GET /api/v1/notifications/unread-count
2026-09-04T11:21:40.303Z [INFO] [http] GET /api/v1/notifications/unread-count
2026-09-04T11:21:43.004Z [INFO] [slaReminder] SLA_SCAN cases=1 respRemind=0 respEsc=0 closureRemind=0 closureEsc=0 surveyExpired=0
2026-09-04T11:22:10.604Z [INFO] [http] GET /api/v1/notifications/unread-count
2026-09-04T11:22:40.294Z [INFO] [http] GET /api/v1/notifications/unread-count
2026-09-04T11:22:43.017Z [INFO] [slaReminder] SLA_SCAN cases=1 respRemind=0 respEsc=0 closureRemind=0 closureEsc=0 surveyExpired=0
2026-09-04T11:23:10.600Z [INFO] [http] GET /api/v1/notifications/unread-count
2026-09-04T11:23:40.299Z [INFO] [http] GET /api/v1/notifications/unread-count
2026-09-04T11:23:43.032Z [INFO] [slaReminder] SLA_SCAN cases=1 respRemind=0 respEsc=0 closureRemind=0 closureEsc=0 surveyExpired=0
2026-09-04T11:24:10.611Z [INFO] [http] GET /api/v1/notifications/unread-count
2026-09-04T11:24:40.613Z [INFO] [http] GET /api/v1/notifications/unread-count
2026-09-04T11:24:43.034Z [INFO] [slaReminder] SLA_SCAN cases=1 respRemind=0 respEsc=0 closureRemind=0 closureEsc=0 surveyExpired=0
2026-09-04T11:25:10.305Z [INFO] [http] GET /api/v1/notifications/unread-count
2026-09-04T11:25:40.604Z [INFO] [http] GET /api/v1/notifications/unread-count
2026-09-04T11:25:43.050Z [INFO] [slaReminder] SLA_SCAN cases=1 respRemind=0 respEsc=0 closureRemind=0 closureEsc=0 surveyExpired=0
2026-09-04T11:26:10.290Z [INFO] [http] GET /api/v1/notifications/unread-count
2026-09-04T11:26:40.614Z [INFO] [http] GET /api/v1/notifications/unread-count
2026-09-04T11:26:43.065Z [INFO] [slaReminder] SLA_SCAN cases=1 respRemind=0 respEsc=0 closureRemind=0 closureEsc=0 surveyExpired=0
2026-09-04T11:27:10.302Z [INFO] [http] GET /api/v1/notifications/unread-count
2026-09-04T11:27:40.608Z [INFO] [http] GET /api/v1/notifications/unread-count
2026-09-04T11:27:43.074Z [INFO] [slaReminder] SLA_SCAN cases=1 respRemind=0 respEsc=0 closureRemind=0 closureEsc=0 surveyExpired=0
2026-09-04T11:28:10.295Z [INFO] [http] GET /api/v1/notifications/unread-count
2026-09-04T11:28:40.602Z [INFO] [http] GET /api/v1/notifications/unread-count
2026-09-04T11:28:43.090Z [INFO] [slaReminder] SLA_SCAN cases=1 respRemind=0 respEsc=0 closureRemind=0 closureEsc=0 surveyExpired=0
2026-09-04T11:29:10.606Z [INFO] [http] GET /api/v1/notifications/unread-count
2026-09-04T11:29:40.603Z [INFO] [http] GET /api/v1/notifications/unread-count
2026-09-04T11:29:43.098Z [INFO] [slaReminder] SLA_SCAN cases=1 respRemind=0 respEsc=0 closureRemind=0 closureEsc=0 surveyExpired=0
2026-09-04T11:30:10.296Z [INFO] [http] GET /api/v1/notifications/unread-count
2026-09-04T11:30:40.607Z [INFO] [http] GET /api/v1/notifications/unread-count
2026-09-04T11:30:43.115Z [INFO] [slaReminder] SLA_SCAN cases=1 respRemind=0 respEsc=0 closureRemind=0 closureEsc=0 surveyExpired=0
2026-09-04T11:31:10.301Z [INFO] [http] GET /api/v1/notifications/unread-count
2026-09-04T11:31:40.609Z [INFO] [http] GET /api/v1/notifications/unread-count
2026-09-04T11:31:43.116Z [INFO] [slaReminder] SLA_SCAN cases=1 respRemind=0 respEsc=0 closureRemind=0 closureEsc=0 surveyExpired=0
2026-09-04T11:32:10.295Z [INFO] [http] GET /api/v1/notifications/unread-count
2026-09-04T11:32:40.607Z [INFO] [http] GET /api/v1/notifications/unread-count
2026-09-04T11:32:43.119Z [INFO] [slaReminder] SLA_SCAN cases=1 respRemind=0 respEsc=0 closureRemind=0 closureEsc=0 surveyExpired=0
2026-09-04T11:33:10.298Z [INFO] [http] GET /api/v1/notifications/unread-count
2026-09-04T11:33:40.617Z [INFO] [http] GET /api/v1/notifications/unread-count
2026-09-04T11:33:43.134Z [INFO] [slaReminder] SLA_SCAN cases=1 respRemind=0 respEsc=0 closureRemind=0 closureEsc=0 surveyExpired=0
2026-09-04T11:34:10.604Z [INFO] [http] GET /api/v1/notifications/unread-count
2026-09-04T11:34:40.610Z [INFO] [http] GET /api/v1/notifications/unread-count
2026-09-04T11:34:43.139Z [INFO] [slaReminder] SLA_SCAN cases=1 respRemind=0 respEsc=0 closureRemind=0 closureEsc=0 surveyExpired=0
2026-09-04T11:35:10.296Z [INFO] [http] GET /api/v1/notifications/unread-count
2026-09-04T11:35:40.600Z [INFO] [http] GET /api/v1/notifications/unread-count
2026-09-04T11:35:43.142Z [INFO] [slaReminder] SLA_SCAN cases=1 respRemind=0 respEsc=0 closureRemind=0 closureEsc=0 surveyExpired=0
2026-09-04T11:36:10.608Z [INFO] [http] GET /api/v1/notifications/unread-count
2026-09-04T11:36:40.296Z [INFO] [http] GET /api/v1/notifications/unread-count
2026-09-04T11:36:43.154Z [INFO] [slaReminder] SLA_SCAN cases=1 respRemind=0 respEsc=0 closureRemind=0 closureEsc=0 surveyExpired=0
2026-09-04T11:37:10.599Z [INFO] [http] GET /api/v1/notifications/unread-count
2026-09-04T11:37:40.303Z [INFO] [http] GET /api/v1/notifications/unread-count
2026-09-04T11:37:43.166Z [INFO] [slaReminder] SLA_SCAN cases=1 respRemind=0 respEsc=0 closureRemind=0 closureEsc=0 surveyExpired=0
2026-09-04T11:38:10.609Z [INFO] [http] GET /api/v1/notifications/unread-count
2026-09-04T11:38:40.303Z [INFO] [http] GET /api/v1/notifications/unread-count
2026-09-04T11:38:43.171Z [INFO] [slaReminder] SLA_SCAN cases=1 respRemind=0 respEsc=0 closureRemind=0 closureEsc=0 surveyExpired=0
2026-09-04T11:39:10.609Z [INFO] [http] GET /api/v1/notifications/unread-count
2026-09-04T11:39:40.608Z [INFO] [http] GET /api/v1/notifications/unread-count
2026-09-04T11:39:43.174Z [INFO] [slaReminder] SLA_SCAN cases=1 respRemind=0 respEsc=0 closureRemind=0 closureEsc=0 surveyExpired=0
2026-09-04T11:40:10.294Z [INFO] [http] GET /api/v1/notifications/unread-count
2026-09-04T11:40:40.604Z [INFO] [http] GET /api/v1/notifications/unread-count
2026-09-04T11:40:43.174Z [INFO] [slaReminder] SLA_SCAN cases=1 respRemind=0 respEsc=0 closureRemind=0 closureEsc=0 surveyExpired=0
2026-09-04T11:41:10.291Z [INFO] [http] GET /api/v1/notifications/unread-count
2026-09-04T11:41:40.598Z [INFO] [http] GET /api/v1/notifications/unread-count
2026-09-04T11:41:43.179Z [INFO] [slaReminder] SLA_SCAN cases=1 respRemind=0 respEsc=0 closureRemind=0 closureEsc=0 surveyExpired=0
2026-09-04T11:42:10.297Z [INFO] [http] GET /api/v1/notifications/unread-count
2026-09-04T11:42:40.599Z [INFO] [http] GET /api/v1/notifications/unread-count
2026-09-04T11:42:43.194Z [INFO] [slaReminder] SLA_SCAN cases=1 respRemind=0 respEsc=0 closureRemind=0 closureEsc=0 surveyExpired=0
2026-09-04T11:43:10.294Z [INFO] [http] GET /api/v1/notifications/unread-count
2026-09-04T11:43:40.605Z [INFO] [http] GET /api/v1/notifications/unread-count
2026-09-04T11:43:43.206Z [INFO] [slaReminder] SLA_SCAN cases=1 respRemind=0 respEsc=0 closureRemind=0 closureEsc=0 surveyExpired=0
2026-09-04T11:44:10.622Z [INFO] [http] GET /api/v1/notifications/unread-count
2026-09-04T11:44:40.609Z [INFO] [http] GET /api/v1/notifications/unread-count
2026-09-04T11:44:43.209Z [INFO] [slaReminder] SLA_SCAN cases=1 respRemind=0 respEsc=0 closureRemind=0 closureEsc=0 surveyExpired=0
2026-09-04T11:45:10.601Z [INFO] [http] GET /api/v1/notifications/unread-count
2026-09-04T11:45:40.290Z [INFO] [http] GET /api/v1/notifications/unread-count
2026-09-04T11:45:43.220Z [INFO] [slaReminder] SLA_SCAN cases=1 respRemind=0 respEsc=0 closureRemind=0 closureEsc=0 surveyExpired=0
2026-09-04T11:46:10.610Z [INFO] [http] GET /api/v1/notifications/unread-count
2026-09-04T11:46:40.292Z [INFO] [http] GET /api/v1/notifications/unread-count
2026-09-04T11:46:43.221Z [INFO] [slaReminder] SLA_SCAN cases=1 respRemind=0 respEsc=0 closureRemind=0 closureEsc=0 surveyExpired=0
2026-09-04T11:47:10.611Z [INFO] [http] GET /api/v1/notifications/unread-count
2026-09-04T11:47:40.293Z [INFO] [http] GET /api/v1/notifications/unread-count
2026-09-04T11:47:43.223Z [INFO] [slaReminder] SLA_SCAN cases=1 respRemind=0 respEsc=0 closureRemind=0 closureEsc=0 surveyExpired=0
2026-09-04T11:48:10.609Z [INFO] [http] GET /api/v1/notifications/unread-count
2026-09-04T11:48:40.311Z [INFO] [http] GET /api/v1/notifications/unread-count
2026-09-04T11:48:43.239Z [INFO] [slaReminder] SLA_SCAN cases=1 respRemind=0 respEsc=0 closureRemind=0 closureEsc=0 surveyExpired=0
2026-09-04T11:49:10.605Z [INFO] [http] GET /api/v1/notifications/unread-count
2026-09-04T11:49:40.610Z [INFO] [http] GET /api/v1/notifications/unread-count
2026-09-04T11:49:43.254Z [INFO] [slaReminder] SLA_SCAN cases=1 respRemind=0 respEsc=0 closureRemind=0 closureEsc=0 surveyExpired=0
2026-09-04T11:50:10.289Z [INFO] [http] GET /api/v1/notifications/unread-count
2026-09-04T11:50:40.599Z [INFO] [http] GET /api/v1/notifications/unread-count
2026-09-04T11:50:43.270Z [INFO] [slaReminder] SLA_SCAN cases=1 respRemind=0 respEsc=0 closureRemind=0 closureEsc=0 surveyExpired=0
2026-09-04T11:51:10.300Z [INFO] [http] GET /api/v1/notifications/unread-count
2026-09-04T11:51:40.612Z [INFO] [http] GET /api/v1/notifications/unread-count
2026-09-04T11:51:43.288Z [INFO] [slaReminder] SLA_SCAN cases=1 respRemind=0 respEsc=0 closureRemind=0 closureEsc=0 surveyExpired=0
2026-09-04T11:52:10.291Z [INFO] [http] GET /api/v1/notifications/unread-count
2026-09-04T11:52:40.610Z [INFO] [http] GET /api/v1/notifications/unread-count
2026-09-04T11:52:43.295Z [INFO] [slaReminder] SLA_SCAN cases=1 respRemind=0 respEsc=0 closureRemind=0 closureEsc=0 surveyExpired=0
2026-09-04T11:53:10.301Z [INFO] [http] GET /api/v1/notifications/unread-count
2026-09-04T11:53:40.600Z [INFO] [http] GET /api/v1/notifications/unread-count
2026-09-04T11:53:43.300Z [INFO] [slaReminder] SLA_SCAN cases=1 respRemind=0 respEsc=0 closureRemind=0 closureEsc=0 surveyExpired=0
2026-09-04T11:54:10.604Z [INFO] [http] GET /api/v1/notifications/unread-count
2026-09-04T11:54:40.299Z [INFO] [http] GET /api/v1/notifications/unread-count
2026-09-04T11:54:43.307Z [INFO] [slaReminder] SLA_SCAN cases=1 respRemind=0 respEsc=0 closureRemind=0 closureEsc=0 surveyExpired=0
2026-09-04T11:55:10.610Z [INFO] [http] GET /api/v1/notifications/unread-count
2026-09-04T11:55:40.292Z [INFO] [http] GET /api/v1/notifications/unread-count
2026-09-04T11:55:43.310Z [INFO] [slaReminder] SLA_SCAN cases=1 respRemind=0 respEsc=0 closureRemind=0 closureEsc=0 surveyExpired=0
2026-09-04T11:56:10.614Z [INFO] [http] GET /api/v1/notifications/unread-count
2026-09-04T11:56:40.296Z [INFO] [http] GET /api/v1/notifications/unread-count
2026-09-04T11:56:43.324Z [INFO] [slaReminder] SLA_SCAN cases=1 respRemind=0 respEsc=0 closureRemind=0 closureEsc=0 surveyExpired=0
2026-09-04T11:57:10.609Z [INFO] [http] GET /api/v1/notifications/unread-count
2026-09-04T11:57:40.292Z [INFO] [http] GET /api/v1/notifications/unread-count
2026-09-04T11:57:43.338Z [INFO] [slaReminder] SLA_SCAN cases=1 respRemind=0 respEsc=0 closureRemind=0 closureEsc=0 surveyExpired=0
2026-09-04T11:58:10.609Z [INFO] [http] GET /api/v1/notifications/unread-count
2026-09-04T11:58:40.302Z [INFO] [http] GET /api/v1/notifications/unread-count
2026-09-04T11:58:43.345Z [INFO] [slaReminder] SLA_SCAN cases=1 respRemind=0 respEsc=0 closureRemind=0 closureEsc=0 surveyExpired=0
2026-09-04T11:59:10.619Z [INFO] [http] GET /api/v1/notifications/unread-count
2026-09-04T11:59:40.295Z [INFO] [http] GET /api/v1/notifications/unread-count
2026-09-04T11:59:43.358Z [INFO] [slaReminder] SLA_SCAN cases=1 respRemind=0 respEsc=0 closureRemind=0 closureEsc=0 surveyExpired=0
2026-09-04T12:00:10.605Z [INFO] [http] GET /api/v1/notifications/unread-count
2026-09-04T12:00:40.294Z [INFO] [http] GET /api/v1/notifications/unread-count
2026-09-04T12:00:43.367Z [INFO] [slaReminder] SLA_SCAN cases=1 respRemind=0 respEsc=0 closureRemind=0 closureEsc=0 surveyExpired=0
2026-09-04T12:01:10.603Z [INFO] [http] GET /api/v1/notifications/unread-count
2026-09-04T12:01:40.289Z [INFO] [http] GET /api/v1/notifications/unread-count
2026-09-04T12:01:43.375Z [INFO] [slaReminder] SLA_SCAN cases=1 respRemind=0 respEsc=0 closureRemind=0 closureEsc=0 surveyExpired=0
2026-09-04T12:02:10.610Z [INFO] [http] GET /api/v1/notifications/unread-count
2026-09-04T12:02:40.295Z [INFO] [http] GET /api/v1/notifications/unread-count
2026-09-04T12:02:43.383Z [INFO] [slaReminder] SLA_SCAN cases=1 respRemind=0 respEsc=0 closureRemind=0 closureEsc=0 surveyExpired=0
2026-09-04T12:03:10.610Z [INFO] [http] GET /api/v1/notifications/unread-count
2026-09-04T12:03:40.302Z [INFO] [http] GET /api/v1/notifications/unread-count
2026-09-04T12:03:43.388Z [INFO] [slaReminder] SLA_SCAN cases=1 respRemind=0 respEsc=0 closureRemind=0 closureEsc=0 surveyExpired=0
2026-09-04T12:04:10.618Z [INFO] [http] GET /api/v1/notifications/unread-count
2026-09-04T12:04:40.603Z [INFO] [http] GET /api/v1/notifications/unread-count
2026-09-04T12:04:43.393Z [INFO] [slaReminder] SLA_SCAN cases=1 respRemind=0 respEsc=0 closureRemind=0 closureEsc=0 surveyExpired=0
2026-09-04T12:05:10.297Z [INFO] [http] GET /api/v1/notifications/unread-count
2026-09-04T12:05:40.597Z [INFO] [http] GET /api/v1/notifications/unread-count
2026-09-04T12:05:43.407Z [INFO] [slaReminder] SLA_SCAN cases=1 respRemind=0 respEsc=0 closureRemind=0 closureEsc=0 surveyExpired=0
2026-09-04T12:06:10.292Z [INFO] [http] GET /api/v1/notifications/unread-count
2026-09-04T12:06:40.604Z [INFO] [http] GET /api/v1/notifications/unread-count
2026-09-04T12:06:43.413Z [INFO] [slaReminder] SLA_SCAN cases=1 respRemind=0 respEsc=0 closureRemind=0 closureEsc=0 surveyExpired=0
2026-09-04T12:07:10.295Z [INFO] [http] GET /api/v1/notifications/unread-count
2026-09-04T12:07:40.607Z [INFO] [http] GET /api/v1/notifications/unread-count
2026-09-04T12:07:43.412Z [INFO] [slaReminder] SLA_SCAN cases=1 respRemind=0 respEsc=0 closureRemind=0 closureEsc=0 surveyExpired=0
2026-09-04T12:08:10.293Z [INFO] [http] GET /api/v1/notifications/unread-count
2026-09-04T12:08:40.606Z [INFO] [http] GET /api/v1/notifications/unread-count
2026-09-04T12:08:43.417Z [INFO] [slaReminder] SLA_SCAN cases=1 respRemind=0 respEsc=0 closureRemind=0 closureEsc=0 surveyExpired=0
2026-09-04T12:09:10.613Z [INFO] [http] GET /api/v1/notifications/unread-count
2026-09-04T12:09:40.615Z [INFO] [http] GET /api/v1/notifications/unread-count
2026-09-04T12:09:43.425Z [INFO] [slaReminder] SLA_SCAN cases=1 respRemind=0 respEsc=0 closureRemind=0 closureEsc=0 surveyExpired=0
2026-09-04T12:10:10.612Z [INFO] [http] GET /api/v1/notifications/unread-count
2026-09-04T12:10:40.612Z [INFO] [http] GET /api/v1/notifications/unread-count
2026-09-04T12:10:43.435Z [INFO] [slaReminder] SLA_SCAN cases=1 respRemind=0 respEsc=0 closureRemind=0 closureEsc=0 surveyExpired=0
2026-09-04T12:11:10.293Z [INFO] [http] GET /api/v1/notifications/unread-count
2026-09-04T12:11:40.611Z [INFO] [http] GET /api/v1/notifications/unread-count
2026-09-04T12:11:43.449Z [INFO] [slaReminder] SLA_SCAN cases=1 respRemind=0 respEsc=0 closureRemind=0 closureEsc=0 surveyExpired=0
2026-09-04T12:12:10.302Z [INFO] [http] GET /api/v1/notifications/unread-count
2026-09-04T12:12:40.607Z [INFO] [http] GET /api/v1/notifications/unread-count
2026-09-04T12:12:43.462Z [INFO] [slaReminder] SLA_SCAN cases=1 respRemind=0 respEsc=0 closureRemind=0 closureEsc=0 surveyExpired=0
2026-09-04T12:13:10.598Z [INFO] [http] GET /api/v1/notifications/unread-count
2026-09-04T12:13:40.599Z [INFO] [http] GET /api/v1/notifications/unread-count
2026-09-04T12:13:43.468Z [INFO] [slaReminder] SLA_SCAN cases=1 respRemind=0 respEsc=0 closureRemind=0 closureEsc=0 surveyExpired=0
2026-09-04T12:14:10.597Z [INFO] [http] GET /api/v1/notifications/unread-count
2026-09-04T12:14:40.609Z [INFO] [http] GET /api/v1/notifications/unread-count
2026-09-04T12:14:43.479Z [INFO] [slaReminder] SLA_SCAN cases=1 respRemind=0 respEsc=0 closureRemind=0 closureEsc=0 surveyExpired=0
2026-09-04T12:15:10.602Z [INFO] [http] GET /api/v1/notifications/unread-count
2026-09-04T12:15:40.615Z [INFO] [http] GET /api/v1/notifications/unread-count
2026-09-04T12:15:43.495Z [INFO] [slaReminder] SLA_SCAN cases=1 respRemind=0 respEsc=0 closureRemind=0 closureEsc=0 surveyExpired=0
2026-09-04T12:16:10.606Z [INFO] [http] GET /api/v1/notifications/unread-count
2026-09-04T12:16:40.291Z [INFO] [http] GET /api/v1/notifications/unread-count
2026-09-04T12:16:43.510Z [INFO] [slaReminder] SLA_SCAN cases=1 respRemind=0 respEsc=0 closureRemind=0 closureEsc=0 surveyExpired=0
2026-09-04T12:17:10.606Z [INFO] [http] GET /api/v1/notifications/unread-count
2026-09-04T12:17:40.302Z [INFO] [http] GET /api/v1/notifications/unread-count
2026-09-04T12:17:43.510Z [INFO] [slaReminder] SLA_SCAN cases=1 respRemind=0 respEsc=0 closureRemind=0 closureEsc=0 surveyExpired=0
2026-09-04T12:18:10.605Z [INFO] [http] GET /api/v1/notifications/unread-count
2026-09-04T12:18:40.609Z [INFO] [http] GET /api/v1/notifications/unread-count
2026-09-04T12:18:43.523Z [INFO] [slaReminder] SLA_SCAN cases=1 respRemind=0 respEsc=0 closureRemind=0 closureEsc=0 surveyExpired=0
2026-09-04T12:19:10.614Z [INFO] [http] GET /api/v1/notifications/unread-count
2026-09-04T12:19:40.608Z [INFO] [http] GET /api/v1/notifications/unread-count
2026-09-04T12:19:43.534Z [INFO] [slaReminder] SLA_SCAN cases=1 respRemind=0 respEsc=0 closureRemind=0 closureEsc=0 surveyExpired=0
2026-09-04T12:20:10.300Z [INFO] [http] GET /api/v1/notifications/unread-count
2026-09-04T12:20:40.608Z [INFO] [http] GET /api/v1/notifications/unread-count
2026-09-04T12:20:43.542Z [INFO] [slaReminder] SLA_SCAN cases=1 respRemind=0 respEsc=0 closureRemind=0 closureEsc=0 surveyExpired=0
2026-09-04T12:21:10.596Z [INFO] [http] GET /api/v1/notifications/unread-count
2026-09-04T12:21:40.599Z [INFO] [http] GET /api/v1/notifications/unread-count
2026-09-04T12:21:43.554Z [INFO] [slaReminder] SLA_SCAN cases=1 respRemind=0 respEsc=0 closureRemind=0 closureEsc=0 surveyExpired=0
2026-09-04T12:22:10.608Z [INFO] [http] GET /api/v1/notifications/unread-count
2026-09-04T12:22:40.609Z [INFO] [http] GET /api/v1/notifications/unread-count
2026-09-04T12:22:43.558Z [INFO] [slaReminder] SLA_SCAN cases=1 respRemind=0 respEsc=0 closureRemind=0 closureEsc=0 surveyExpired=0
2026-09-04T12:23:10.607Z [INFO] [http] GET /api/v1/notifications/unread-count
2026-09-04T12:23:40.623Z [INFO] [http] GET /api/v1/notifications/unread-count
2026-09-04T12:23:43.566Z [INFO] [slaReminder] SLA_SCAN cases=1 respRemind=0 respEsc=0 closureRemind=0 closureEsc=0 surveyExpired=0
2026-09-04T12:24:10.627Z [INFO] [http] GET /api/v1/notifications/unread-count
2026-09-04T12:24:40.617Z [INFO] [http] GET /api/v1/notifications/unread-count
2026-09-04T12:24:43.589Z [INFO] [slaReminder] SLA_SCAN cases=1 respRemind=0 respEsc=0 closureRemind=0 closureEsc=0 surveyExpired=0
2026-09-04T12:25:10.609Z [INFO] [http] GET /api/v1/notifications/unread-count
2026-09-04T12:25:40.612Z [INFO] [http] GET /api/v1/notifications/unread-count
2026-09-04T12:25:43.594Z [INFO] [slaReminder] SLA_SCAN cases=1 respRemind=0 respEsc=0 closureRemind=0 closureEsc=0 surveyExpired=0
2026-09-04T12:26:10.611Z [INFO] [http] GET /api/v1/notifications/unread-count
2026-09-04T12:26:40.300Z [INFO] [http] GET /api/v1/notifications/unread-count
2026-09-04T12:26:43.596Z [INFO] [slaReminder] SLA_SCAN cases=1 respRemind=0 respEsc=0 closureRemind=0 closureEsc=0 surveyExpired=0
2026-09-04T12:27:10.598Z [INFO] [http] GET /api/v1/notifications/unread-count
2026-09-04T12:27:40.609Z [INFO] [http] GET /api/v1/notifications/unread-count
2026-09-04T12:27:43.598Z [INFO] [slaReminder] SLA_SCAN cases=1 respRemind=0 respEsc=0 closureRemind=0 closureEsc=0 surveyExpired=0
2026-09-04T12:28:10.605Z [INFO] [http] GET /api/v1/notifications/unread-count
2026-09-04T12:28:40.606Z [INFO] [http] GET /api/v1/notifications/unread-count
2026-09-04T12:28:43.606Z [INFO] [slaReminder] SLA_SCAN cases=1 respRemind=0 respEsc=0 closureRemind=0 closureEsc=0 surveyExpired=0
2026-09-04T12:29:10.605Z [INFO] [http] GET /api/v1/notifications/unread-count
2026-09-04T12:29:40.604Z [INFO] [http] GET /api/v1/notifications/unread-count
2026-09-04T12:29:43.607Z [INFO] [slaReminder] SLA_SCAN cases=1 respRemind=0 respEsc=0 closureRemind=0 closureEsc=0 surveyExpired=0
2026-09-04T12:30:10.604Z [INFO] [http] GET /api/v1/notifications/unread-count
2026-09-04T12:30:40.299Z [INFO] [http] GET /api/v1/notifications/unread-count
2026-09-04T12:30:43.615Z [INFO] [slaReminder] SLA_SCAN cases=1 respRemind=0 respEsc=0 closureRemind=0 closureEsc=0 surveyExpired=0
2026-09-04T12:31:10.608Z [INFO] [http] GET /api/v1/notifications/unread-count
2026-09-04T12:31:40.293Z [INFO] [http] GET /api/v1/notifications/unread-count
2026-09-04T12:31:43.621Z [INFO] [slaReminder] SLA_SCAN cases=1 respRemind=0 respEsc=0 closureRemind=0 closureEsc=0 surveyExpired=0
2026-09-04T12:32:10.610Z [INFO] [http] GET /api/v1/notifications/unread-count
2026-09-04T12:32:40.302Z [INFO] [http] GET /api/v1/notifications/unread-count
2026-09-04T12:32:43.631Z [INFO] [slaReminder] SLA_SCAN cases=1 respRemind=0 respEsc=0 closureRemind=0 closureEsc=0 surveyExpired=0
2026-09-04T12:33:10.607Z [INFO] [http] GET /api/v1/notifications/unread-count
2026-09-04T12:33:40.405Z [INFO] [http] GET /api/v1/notifications/unread-count
2026-09-04T12:33:43.639Z [INFO] [slaReminder] SLA_SCAN cases=1 respRemind=0 respEsc=0 closureRemind=0 closureEsc=0 surveyExpired=0
2026-09-04T12:34:10.601Z [INFO] [http] GET /api/v1/notifications/unread-count
2026-09-04T12:34:40.294Z [INFO] [http] GET /api/v1/notifications/unread-count
2026-09-04T12:34:43.646Z [INFO] [slaReminder] SLA_SCAN cases=1 respRemind=0 respEsc=0 closureRemind=0 closureEsc=0 surveyExpired=0
2026-09-04T12:35:10.612Z [INFO] [http] GET /api/v1/notifications/unread-count
2026-09-04T12:35:40.299Z [INFO] [http] GET /api/v1/notifications/unread-count
2026-09-04T12:35:43.659Z [INFO] [slaReminder] SLA_SCAN cases=1 respRemind=0 respEsc=0 closureRemind=0 closureEsc=0 surveyExpired=0
2026-09-04T12:36:10.603Z [INFO] [http] GET /api/v1/notifications/unread-count
2026-09-04T12:36:40.305Z [INFO] [http] GET /api/v1/notifications/unread-count
2026-09-04T12:36:43.672Z [INFO] [slaReminder] SLA_SCAN cases=1 respRemind=0 respEsc=0 closureRemind=0 closureEsc=0 surveyExpired=0
2026-09-04T12:37:10.603Z [INFO] [http] GET /api/v1/notifications/unread-count
2026-09-04T12:37:40.294Z [INFO] [http] GET /api/v1/notifications/unread-count
2026-09-04T12:37:43.681Z [INFO] [slaReminder] SLA_SCAN cases=1 respRemind=0 respEsc=0 closureRemind=0 closureEsc=0 surveyExpired=0
2026-09-04T12:38:10.602Z [INFO] [http] GET /api/v1/notifications/unread-count
2026-09-04T12:38:40.321Z [INFO] [http] GET /api/v1/notifications/unread-count
2026-09-04T12:38:43.696Z [INFO] [slaReminder] SLA_SCAN cases=1 respRemind=0 respEsc=0 closureRemind=0 closureEsc=0 surveyExpired=0
2026-09-04T12:39:10.608Z [INFO] [http] GET /api/v1/notifications/unread-count
2026-09-04T12:39:40.293Z [INFO] [http] GET /api/v1/notifications/unread-count
2026-09-04T12:39:43.700Z [INFO] [slaReminder] SLA_SCAN cases=1 respRemind=0 respEsc=0 closureRemind=0 closureEsc=0 surveyExpired=0
2026-09-04T12:40:10.610Z [INFO] [http] GET /api/v1/notifications/unread-count
2026-09-04T12:40:40.291Z [INFO] [http] GET /api/v1/notifications/unread-count
2026-09-04T12:40:43.704Z [INFO] [slaReminder] SLA_SCAN cases=1 respRemind=0 respEsc=0 closureRemind=0 closureEsc=0 surveyExpired=0
2026-09-04T12:41:10.614Z [INFO] [http] GET /api/v1/notifications/unread-count
2026-09-04T12:41:40.298Z [INFO] [http] GET /api/v1/notifications/unread-count
2026-09-04T12:41:43.710Z [INFO] [slaReminder] SLA_SCAN cases=1 respRemind=0 respEsc=0 closureRemind=0 closureEsc=0 surveyExpired=0
2026-09-04T12:42:10.606Z [INFO] [http] GET /api/v1/notifications/unread-count
2026-09-04T12:42:40.297Z [INFO] [http] GET /api/v1/notifications/unread-count
2026-09-04T12:42:43.723Z [INFO] [slaReminder] SLA_SCAN cases=1 respRemind=0 respEsc=0 closureRemind=0 closureEsc=0 surveyExpired=0
2026-09-04T12:43:10.601Z [INFO] [http] GET /api/v1/notifications/unread-count
2026-09-04T12:43:40.296Z [INFO] [http] GET /api/v1/notifications/unread-count
2026-09-04T12:43:43.736Z [INFO] [slaReminder] SLA_SCAN cases=1 respRemind=0 respEsc=0 closureRemind=0 closureEsc=0 surveyExpired=0
2026-09-04T12:44:10.612Z [INFO] [http] GET /api/v1/notifications/unread-count
2026-09-04T12:44:40.602Z [INFO] [http] GET /api/v1/notifications/unread-count
2026-09-04T12:44:43.751Z [INFO] [slaReminder] SLA_SCAN cases=1 respRemind=0 respEsc=0 closureRemind=0 closureEsc=0 surveyExpired=0
2026-09-04T12:45:10.286Z [INFO] [http] GET /api/v1/notifications/unread-count
2026-09-04T12:45:40.603Z [INFO] [http] GET /api/v1/notifications/unread-count
2026-09-04T12:45:43.762Z [INFO] [slaReminder] SLA_SCAN cases=1 respRemind=0 respEsc=0 closureRemind=0 closureEsc=0 surveyExpired=0
2026-09-04T12:46:10.295Z [INFO] [http] GET /api/v1/notifications/unread-count
2026-09-04T12:46:40.605Z [INFO] [http] GET /api/v1/notifications/unread-count
2026-09-04T12:46:43.772Z [INFO] [slaReminder] SLA_SCAN cases=1 respRemind=0 respEsc=0 closureRemind=0 closureEsc=0 surveyExpired=0
2026-09-04T12:47:10.298Z [INFO] [http] GET /api/v1/notifications/unread-count
2026-09-04T12:47:40.606Z [INFO] [http] GET /api/v1/notifications/unread-count
2026-09-04T12:47:43.787Z [INFO] [slaReminder] SLA_SCAN cases=1 respRemind=0 respEsc=0 closureRemind=0 closureEsc=0 surveyExpired=0
2026-09-04T12:48:10.287Z [INFO] [http] GET /api/v1/notifications/unread-count
2026-09-04T12:48:40.604Z [INFO] [http] GET /api/v1/notifications/unread-count
2026-09-04T12:48:43.802Z [INFO] [slaReminder] SLA_SCAN cases=1 respRemind=0 respEsc=0 closureRemind=0 closureEsc=0 surveyExpired=0
2026-09-04T12:49:10.631Z [INFO] [http] GET /api/v1/notifications/unread-count
2026-09-04T12:49:40.287Z [INFO] [http] GET /api/v1/notifications/unread-count
2026-09-04T12:49:43.810Z [INFO] [slaReminder] SLA_SCAN cases=1 respRemind=0 respEsc=0 closureRemind=0 closureEsc=0 surveyExpired=0
2026-09-04T12:50:10.606Z [INFO] [http] GET /api/v1/notifications/unread-count
2026-09-04T12:50:40.290Z [INFO] [http] GET /api/v1/notifications/unread-count
2026-09-04T12:50:43.818Z [INFO] [slaReminder] SLA_SCAN cases=1 respRemind=0 respEsc=0 closureRemind=0 closureEsc=0 surveyExpired=0
2026-09-04T12:51:10.608Z [INFO] [http] GET /api/v1/notifications/unread-count
2026-09-04T12:51:40.287Z [INFO] [http] GET /api/v1/notifications/unread-count
2026-09-04T12:51:43.822Z [INFO] [slaReminder] SLA_SCAN cases=1 respRemind=0 respEsc=0 closureRemind=0 closureEsc=0 surveyExpired=0
2026-09-04T12:52:10.606Z [INFO] [http] GET /api/v1/notifications/unread-count
2026-09-04T12:52:40.604Z [INFO] [http] GET /api/v1/notifications/unread-count
2026-09-04T12:52:43.836Z [INFO] [slaReminder] SLA_SCAN cases=1 respRemind=0 respEsc=0 closureRemind=0 closureEsc=0 surveyExpired=0
2026-09-04T12:53:10.602Z [INFO] [http] GET /api/v1/notifications/unread-count
2026-09-04T12:53:40.286Z [INFO] [http] GET /api/v1/notifications/unread-count
2026-09-04T12:53:43.845Z [INFO] [slaReminder] SLA_SCAN cases=1 respRemind=0 respEsc=0 closureRemind=0 closureEsc=0 surveyExpired=0
2026-09-04T12:54:10.603Z [INFO] [http] GET /api/v1/notifications/unread-count
2026-09-04T12:54:40.287Z [INFO] [http] GET /api/v1/notifications/unread-count
2026-09-04T12:54:43.857Z [INFO] [slaReminder] SLA_SCAN cases=1 respRemind=0 respEsc=0 closureRemind=0 closureEsc=0 surveyExpired=0
2026-09-04T12:55:10.602Z [INFO] [http] GET /api/v1/notifications/unread-count
2026-09-04T12:55:40.291Z [INFO] [http] GET /api/v1/notifications/unread-count
2026-09-04T12:55:43.863Z [INFO] [slaReminder] SLA_SCAN cases=1 respRemind=0 respEsc=0 closureRemind=0 closureEsc=0 surveyExpired=0
2026-09-04T12:56:10.614Z [INFO] [http] GET /api/v1/notifications/unread-count
2026-09-04T12:56:40.291Z [INFO] [http] GET /api/v1/notifications/unread-count
2026-09-04T12:56:43.868Z [INFO] [slaReminder] SLA_SCAN cases=1 respRemind=0 respEsc=0 closureRemind=0 closureEsc=0 surveyExpired=0
2026-09-04T12:57:10.600Z [INFO] [http] GET /api/v1/notifications/unread-count
2026-09-04T12:57:40.293Z [INFO] [http] GET /api/v1/notifications/unread-count
2026-09-04T12:57:43.883Z [INFO] [slaReminder] SLA_SCAN cases=1 respRemind=0 respEsc=0 closureRemind=0 closureEsc=0 surveyExpired=0
2026-09-04T12:58:10.606Z [INFO] [http] GET /api/v1/notifications/unread-count
2026-09-04T12:58:40.288Z [INFO] [http] GET /api/v1/notifications/unread-count
2026-09-04T12:58:43.899Z [INFO] [slaReminder] SLA_SCAN cases=1 respRemind=0 respEsc=0 closureRemind=0 closureEsc=0 surveyExpired=0
2026-09-04T12:59:10.619Z [INFO] [http] GET /api/v1/notifications/unread-count
2026-09-04T12:59:40.602Z [INFO] [http] GET /api/v1/notifications/unread-count
2026-09-04T12:59:43.901Z [INFO] [slaReminder] SLA_SCAN cases=1 respRemind=0 respEsc=0 closureRemind=0 closureEsc=0 surveyExpired=0
2026-09-04T13:00:10.610Z [INFO] [http] GET /api/v1/notifications/unread-count
2026-09-04T13:00:40.290Z [INFO] [http] GET /api/v1/notifications/unread-count
2026-09-04T13:00:43.913Z [INFO] [slaReminder] SLA_SCAN cases=1 respRemind=0 respEsc=0 closureRemind=0 closureEsc=0 surveyExpired=0
2026-09-04T13:01:10.612Z [INFO] [http] GET /api/v1/notifications/unread-count
2026-09-04T13:01:40.301Z [INFO] [http] GET /api/v1/notifications/unread-count
2026-09-04T13:01:43.920Z [INFO] [slaReminder] SLA_SCAN cases=1 respRemind=0 respEsc=0 closureRemind=0 closureEsc=0 surveyExpired=0
2026-09-04T13:02:10.600Z [INFO] [http] GET /api/v1/notifications/unread-count
2026-09-04T13:02:40.288Z [INFO] [http] GET /api/v1/notifications/unread-count
2026-09-04T13:02:43.932Z [INFO] [slaReminder] SLA_SCAN cases=1 respRemind=0 respEsc=0 closureRemind=0 closureEsc=0 surveyExpired=0
2026-09-04T13:03:10.610Z [INFO] [http] GET /api/v1/notifications/unread-count
2026-09-04T13:03:40.296Z [INFO] [http] GET /api/v1/notifications/unread-count
2026-09-04T13:03:43.944Z [INFO] [slaReminder] SLA_SCAN cases=1 respRemind=0 respEsc=0 closureRemind=0 closureEsc=0 surveyExpired=0
2026-09-04T13:04:10.600Z [INFO] [http] GET /api/v1/notifications/unread-count
2026-09-04T13:04:40.608Z [INFO] [http] GET /api/v1/notifications/unread-count
2026-09-04T13:04:43.950Z [INFO] [slaReminder] SLA_SCAN cases=1 respRemind=0 respEsc=0 closureRemind=0 closureEsc=0 surveyExpired=0
2026-09-04T13:05:10.602Z [INFO] [http] GET /api/v1/notifications/unread-count
2026-09-04T13:05:40.291Z [INFO] [http] GET /api/v1/notifications/unread-count
2026-09-04T13:05:43.962Z [INFO] [slaReminder] SLA_SCAN cases=1 respRemind=0 respEsc=0 closureRemind=0 closureEsc=0 surveyExpired=0
2026-09-04T13:06:10.606Z [INFO] [http] GET /api/v1/notifications/unread-count
2026-09-04T13:06:40.292Z [INFO] [http] GET /api/v1/notifications/unread-count
2026-09-04T13:06:43.962Z [INFO] [slaReminder] SLA_SCAN cases=1 respRemind=0 respEsc=0 closureRemind=0 closureEsc=0 surveyExpired=0
2026-09-04T13:07:10.603Z [INFO] [http] GET /api/v1/notifications/unread-count
2026-09-04T13:07:40.292Z [INFO] [http] GET /api/v1/notifications/unread-count
2026-09-04T13:07:43.977Z [INFO] [slaReminder] SLA_SCAN cases=1 respRemind=0 respEsc=0 closureRemind=0 closureEsc=0 surveyExpired=0
2026-09-04T13:08:10.601Z [INFO] [http] GET /api/v1/notifications/unread-count
2026-09-04T13:08:40.297Z [INFO] [http] GET /api/v1/notifications/unread-count
2026-09-04T13:08:43.991Z [INFO] [slaReminder] SLA_SCAN cases=1 respRemind=0 respEsc=0 closureRemind=0 closureEsc=0 surveyExpired=0
2026-09-04T13:09:10.607Z [INFO] [http] GET /api/v1/notifications/unread-count
2026-09-04T13:09:40.610Z [INFO] [http] GET /api/v1/notifications/unread-count
2026-09-04T13:09:44.002Z [INFO] [slaReminder] SLA_SCAN cases=1 respRemind=0 respEsc=0 closureRemind=0 closureEsc=0 surveyExpired=0
2026-09-04T13:10:10.327Z [INFO] [http] GET /api/v1/notifications/unread-count
2026-09-04T13:10:40.612Z [INFO] [http] GET /api/v1/notifications/unread-count
2026-09-04T13:10:44.016Z [INFO] [slaReminder] SLA_SCAN cases=1 respRemind=0 respEsc=0 closureRemind=0 closureEsc=0 surveyExpired=0
2026-09-04T13:11:10.291Z [INFO] [http] GET /api/v1/notifications/unread-count
2026-09-04T13:11:40.597Z [INFO] [http] GET /api/v1/notifications/unread-count
2026-09-04T13:11:44.025Z [INFO] [slaReminder] SLA_SCAN cases=1 respRemind=0 respEsc=0 closureRemind=0 closureEsc=0 surveyExpired=0
2026-09-04T13:12:10.296Z [INFO] [http] GET /api/v1/notifications/unread-count
2026-09-04T13:12:40.614Z [INFO] [http] GET /api/v1/notifications/unread-count
2026-09-04T13:12:44.037Z [INFO] [slaReminder] SLA_SCAN cases=1 respRemind=0 respEsc=0 closureRemind=0 closureEsc=0 surveyExpired=0
2026-09-04T13:13:10.299Z [INFO] [http] GET /api/v1/notifications/unread-count
2026-09-04T13:13:40.691Z [INFO] [http] GET /api/v1/notifications/unread-count
2026-09-04T13:13:44.053Z [INFO] [slaReminder] SLA_SCAN cases=1 respRemind=0 respEsc=0 closureRemind=0 closureEsc=0 surveyExpired=0
2026-09-04T13:14:10.608Z [INFO] [http] GET /api/v1/notifications/unread-count
2026-09-04T13:14:40.596Z [INFO] [http] GET /api/v1/notifications/unread-count
2026-09-04T13:14:44.062Z [INFO] [slaReminder] SLA_SCAN cases=1 respRemind=0 respEsc=0 closureRemind=0 closureEsc=0 surveyExpired=0
2026-09-04T13:15:10.607Z [INFO] [http] GET /api/v1/notifications/unread-count
2026-09-04T13:15:40.614Z [INFO] [http] GET /api/v1/notifications/unread-count
2026-09-04T13:15:44.075Z [INFO] [slaReminder] SLA_SCAN cases=1 respRemind=0 respEsc=0 closureRemind=0 closureEsc=0 surveyExpired=0
2026-09-04T13:16:10.296Z [INFO] [http] GET /api/v1/notifications/unread-count
2026-09-04T13:16:40.606Z [INFO] [http] GET /api/v1/notifications/unread-count
2026-09-04T13:16:44.079Z [INFO] [slaReminder] SLA_SCAN cases=1 respRemind=0 respEsc=0 closureRemind=0 closureEsc=0 surveyExpired=0
2026-09-04T13:17:10.299Z [INFO] [http] GET /api/v1/notifications/unread-count
2026-09-04T13:17:40.599Z [INFO] [http] GET /api/v1/notifications/unread-count
2026-09-04T13:17:44.086Z [INFO] [slaReminder] SLA_SCAN cases=1 respRemind=0 respEsc=0 closureRemind=0 closureEsc=0 surveyExpired=0
2026-09-04T13:18:10.300Z [INFO] [http] GET /api/v1/notifications/unread-count
2026-09-04T13:18:40.606Z [INFO] [http] GET /api/v1/notifications/unread-count
2026-09-04T13:18:44.101Z [INFO] [slaReminder] SLA_SCAN cases=1 respRemind=0 respEsc=0 closureRemind=0 closureEsc=0 surveyExpired=0
2026-09-04T13:19:10.291Z [INFO] [http] GET /api/v1/notifications/unread-count
2026-09-04T13:19:40.607Z [INFO] [http] GET /api/v1/notifications/unread-count
2026-09-04T13:19:44.107Z [INFO] [slaReminder] SLA_SCAN cases=1 respRemind=0 respEsc=0 closureRemind=0 closureEsc=0 surveyExpired=0
2026-09-04T13:20:10.599Z [INFO] [http] GET /api/v1/notifications/unread-count
2026-09-04T13:20:40.300Z [INFO] [http] GET /api/v1/notifications/unread-count
2026-09-04T13:20:44.124Z [INFO] [slaReminder] SLA_SCAN cases=1 respRemind=0 respEsc=0 closureRemind=0 closureEsc=0 surveyExpired=0
2026-09-04T13:21:10.597Z [INFO] [http] GET /api/v1/notifications/unread-count
2026-09-04T13:21:40.289Z [INFO] [http] GET /api/v1/notifications/unread-count
2026-09-04T13:21:44.134Z [INFO] [slaReminder] SLA_SCAN cases=1 respRemind=0 respEsc=0 closureRemind=0 closureEsc=0 surveyExpired=0
2026-09-04T13:22:10.601Z [INFO] [http] GET /api/v1/notifications/unread-count
2026-09-04T13:22:40.299Z [INFO] [http] GET /api/v1/notifications/unread-count
2026-09-04T13:22:44.145Z [INFO] [slaReminder] SLA_SCAN cases=1 respRemind=0 respEsc=0 closureRemind=0 closureEsc=0 surveyExpired=0
2026-09-04T13:23:10.606Z [INFO] [http] GET /api/v1/notifications/unread-count
2026-09-04T13:23:40.373Z [INFO] [http] GET /api/v1/notifications/unread-count
2026-09-04T13:23:44.149Z [INFO] [slaReminder] SLA_SCAN cases=1 respRemind=0 respEsc=0 closureRemind=0 closureEsc=0 surveyExpired=0
2026-09-04T13:24:10.608Z [INFO] [http] GET /api/v1/notifications/unread-count
2026-09-04T13:24:40.603Z [INFO] [http] GET /api/v1/notifications/unread-count
2026-09-04T13:24:44.160Z [INFO] [slaReminder] SLA_SCAN cases=1 respRemind=0 respEsc=0 closureRemind=0 closureEsc=0 surveyExpired=0
2026-09-04T13:25:10.291Z [INFO] [http] GET /api/v1/notifications/unread-count
2026-09-04T13:25:40.605Z [INFO] [http] GET /api/v1/notifications/unread-count
2026-09-04T13:25:44.173Z [INFO] [slaReminder] SLA_SCAN cases=1 respRemind=0 respEsc=0 closureRemind=0 closureEsc=0 surveyExpired=0
2026-09-04T13:26:10.301Z [INFO] [http] GET /api/v1/notifications/unread-count
2026-09-04T13:26:40.595Z [INFO] [http] GET /api/v1/notifications/unread-count
2026-09-04T13:26:44.178Z [INFO] [slaReminder] SLA_SCAN cases=1 respRemind=0 respEsc=0 closureRemind=0 closureEsc=0 surveyExpired=0
2026-09-04T13:27:10.293Z [INFO] [http] GET /api/v1/notifications/unread-count
2026-09-04T13:27:40.601Z [INFO] [http] GET /api/v1/notifications/unread-count
2026-09-04T13:27:44.181Z [INFO] [slaReminder] SLA_SCAN cases=1 respRemind=0 respEsc=0 closureRemind=0 closureEsc=0 surveyExpired=0
2026-09-04T13:28:10.287Z [INFO] [http] GET /api/v1/notifications/unread-count
2026-09-04T13:28:40.599Z [INFO] [http] GET /api/v1/notifications/unread-count
2026-09-04T13:28:44.189Z [INFO] [slaReminder] SLA_SCAN cases=1 respRemind=0 respEsc=0 closureRemind=0 closureEsc=0 surveyExpired=0
2026-09-04T13:29:10.608Z [INFO] [http] GET /api/v1/notifications/unread-count
2026-09-04T13:29:40.599Z [INFO] [http] GET /api/v1/notifications/unread-count
2026-09-04T13:29:44.196Z [INFO] [slaReminder] SLA_SCAN cases=1 respRemind=0 respEsc=0 closureRemind=0 closureEsc=0 surveyExpired=0
2026-09-04T13:30:10.607Z [INFO] [http] GET /api/v1/notifications/unread-count
2026-09-04T13:30:40.611Z [INFO] [http] GET /api/v1/notifications/unread-count
2026-09-04T13:30:44.197Z [INFO] [slaReminder] SLA_SCAN cases=1 respRemind=0 respEsc=0 closureRemind=0 closureEsc=0 surveyExpired=0
2026-09-04T13:31:10.608Z [INFO] [http] GET /api/v1/notifications/unread-count
2026-09-04T13:31:40.599Z [INFO] [http] GET /api/v1/notifications/unread-count
2026-09-04T13:31:44.203Z [INFO] [slaReminder] SLA_SCAN cases=1 respRemind=0 respEsc=0 closureRemind=0 closureEsc=0 surveyExpired=0
2026-09-04T13:32:10.300Z [INFO] [http] GET /api/v1/notifications/unread-count
2026-09-04T13:32:40.601Z [INFO] [http] GET /api/v1/notifications/unread-count
2026-09-04T13:32:44.202Z [INFO] [slaReminder] SLA_SCAN cases=1 respRemind=0 respEsc=0 closureRemind=0 closureEsc=0 surveyExpired=0
2026-09-04T13:33:10.297Z [INFO] [http] GET /api/v1/notifications/unread-count
2026-09-04T13:33:40.615Z [INFO] [http] GET /api/v1/notifications/unread-count
2026-09-04T13:33:44.215Z [INFO] [slaReminder] SLA_SCAN cases=1 respRemind=0 respEsc=0 closureRemind=0 closureEsc=0 surveyExpired=0
2026-09-04T13:34:10.607Z [INFO] [http] GET /api/v1/notifications/unread-count
2026-09-04T13:34:40.604Z [INFO] [http] GET /api/v1/notifications/unread-count
2026-09-04T13:34:44.217Z [INFO] [slaReminder] SLA_SCAN cases=1 respRemind=0 respEsc=0 closureRemind=0 closureEsc=0 surveyExpired=0
2026-09-04T13:35:10.594Z [INFO] [http] GET /api/v1/notifications/unread-count
2026-09-04T13:35:40.297Z [INFO] [http] GET /api/v1/notifications/unread-count
2026-09-04T13:35:44.228Z [INFO] [slaReminder] SLA_SCAN cases=1 respRemind=0 respEsc=0 closureRemind=0 closureEsc=0 surveyExpired=0
2026-09-04T13:36:10.601Z [INFO] [http] GET /api/v1/notifications/unread-count
2026-09-04T13:36:40.303Z [INFO] [http] GET /api/v1/notifications/unread-count
2026-09-04T13:36:44.231Z [INFO] [slaReminder] SLA_SCAN cases=1 respRemind=0 respEsc=0 closureRemind=0 closureEsc=0 surveyExpired=0
2026-09-04T13:37:10.601Z [INFO] [http] GET /api/v1/notifications/unread-count
2026-09-04T13:37:40.606Z [INFO] [http] GET /api/v1/notifications/unread-count
2026-09-04T13:37:44.245Z [INFO] [slaReminder] SLA_SCAN cases=1 respRemind=0 respEsc=0 closureRemind=0 closureEsc=0 surveyExpired=0
2026-09-04T13:38:10.613Z [INFO] [http] GET /api/v1/notifications/unread-count
2026-09-04T13:38:40.296Z [INFO] [http] GET /api/v1/notifications/unread-count
2026-09-04T13:38:44.254Z [INFO] [slaReminder] SLA_SCAN cases=1 respRemind=0 respEsc=0 closureRemind=0 closureEsc=0 surveyExpired=0
2026-09-04T13:39:10.598Z [INFO] [http] GET /api/v1/notifications/unread-count
2026-09-04T13:39:40.601Z [INFO] [http] GET /api/v1/notifications/unread-count
2026-09-04T13:39:44.259Z [INFO] [slaReminder] SLA_SCAN cases=1 respRemind=0 respEsc=0 closureRemind=0 closureEsc=0 surveyExpired=0
2026-09-04T13:40:10.687Z [INFO] [http] GET /api/v1/notifications/unread-count
2026-09-04T13:40:40.284Z [INFO] [http] GET /api/v1/notifications/unread-count
2026-09-04T13:40:44.262Z [INFO] [slaReminder] SLA_SCAN cases=1 respRemind=0 respEsc=0 closureRemind=0 closureEsc=0 surveyExpired=0
2026-09-04T13:41:10.600Z [INFO] [http] GET /api/v1/notifications/unread-count
2026-09-04T13:41:40.296Z [INFO] [http] GET /api/v1/notifications/unread-count
2026-09-04T13:41:44.264Z [INFO] [slaReminder] SLA_SCAN cases=1 respRemind=0 respEsc=0 closureRemind=0 closureEsc=0 surveyExpired=0
2026-09-04T13:42:10.609Z [INFO] [http] GET /api/v1/notifications/unread-count
2026-09-04T13:42:40.298Z [INFO] [http] GET /api/v1/notifications/unread-count
2026-09-04T13:42:44.271Z [INFO] [slaReminder] SLA_SCAN cases=1 respRemind=0 respEsc=0 closureRemind=0 closureEsc=0 surveyExpired=0
2026-09-04T13:43:10.605Z [INFO] [http] GET /api/v1/notifications/unread-count
2026-09-04T13:43:40.604Z [INFO] [http] GET /api/v1/notifications/unread-count
2026-09-04T13:43:44.285Z [INFO] [slaReminder] SLA_SCAN cases=1 respRemind=0 respEsc=0 closureRemind=0 closureEsc=0 surveyExpired=0
2026-09-04T13:44:10.605Z [INFO] [http] GET /api/v1/notifications/unread-count
2026-09-04T13:44:40.610Z [INFO] [http] GET /api/v1/notifications/unread-count
2026-09-04T13:44:44.296Z [INFO] [slaReminder] SLA_SCAN cases=1 respRemind=0 respEsc=0 closureRemind=0 closureEsc=0 surveyExpired=0
2026-09-04T13:45:10.606Z [INFO] [http] GET /api/v1/notifications/unread-count
2026-09-04T13:45:40.287Z [INFO] [http] GET /api/v1/notifications/unread-count
2026-09-04T13:45:44.296Z [INFO] [slaReminder] SLA_SCAN cases=1 respRemind=0 respEsc=0 closureRemind=0 closureEsc=0 surveyExpired=0
2026-09-04T13:46:10.616Z [INFO] [http] GET /api/v1/notifications/unread-count
2026-09-04T13:46:40.298Z [INFO] [http] GET /api/v1/notifications/unread-count
2026-09-04T13:46:44.305Z [INFO] [slaReminder] SLA_SCAN cases=1 respRemind=0 respEsc=0 closureRemind=0 closureEsc=0 surveyExpired=0
2026-09-04T13:47:10.608Z [INFO] [http] GET /api/v1/notifications/unread-count
2026-09-04T13:47:40.299Z [INFO] [http] GET /api/v1/notifications/unread-count
2026-09-04T13:47:44.317Z [INFO] [slaReminder] SLA_SCAN cases=1 respRemind=0 respEsc=0 closureRemind=0 closureEsc=0 surveyExpired=0
2026-09-04T13:48:10.605Z [INFO] [http] GET /api/v1/notifications/unread-count
2026-09-04T13:48:40.291Z [INFO] [http] GET /api/v1/notifications/unread-count
2026-09-04T13:48:44.323Z [INFO] [slaReminder] SLA_SCAN cases=1 respRemind=0 respEsc=0 closureRemind=0 closureEsc=0 surveyExpired=0
2026-09-04T13:49:10.610Z [INFO] [http] GET /api/v1/notifications/unread-count
2026-09-04T13:49:40.295Z [INFO] [http] GET /api/v1/notifications/unread-count
2026-09-04T13:49:44.334Z [INFO] [slaReminder] SLA_SCAN cases=1 respRemind=0 respEsc=0 closureRemind=0 closureEsc=0 surveyExpired=0
2026-09-04T13:50:10.602Z [INFO] [http] GET /api/v1/notifications/unread-count
2026-09-04T13:50:40.285Z [INFO] [http] GET /api/v1/notifications/unread-count
2026-09-04T13:50:44.346Z [INFO] [slaReminder] SLA_SCAN cases=1 respRemind=0 respEsc=0 closureRemind=0 closureEsc=0 surveyExpired=0
2026-09-04T13:51:10.606Z [INFO] [http] GET /api/v1/notifications/unread-count
2026-09-04T13:51:40.305Z [INFO] [http] GET /api/v1/notifications/unread-count
2026-09-04T13:51:44.353Z [INFO] [slaReminder] SLA_SCAN cases=1 respRemind=0 respEsc=0 closureRemind=0 closureEsc=0 surveyExpired=0
2026-09-04T13:52:10.599Z [INFO] [http] GET /api/v1/notifications/unread-count
2026-09-04T13:52:40.289Z [INFO] [http] GET /api/v1/notifications/unread-count
2026-09-04T13:52:44.364Z [INFO] [slaReminder] SLA_SCAN cases=1 respRemind=0 respEsc=0 closureRemind=0 closureEsc=0 surveyExpired=0
2026-09-04T13:53:10.605Z [INFO] [http] GET /api/v1/notifications/unread-count
2026-09-04T13:53:40.377Z [INFO] [http] GET /api/v1/notifications/unread-count
2026-09-04T13:53:44.366Z [INFO] [slaReminder] SLA_SCAN cases=1 respRemind=0 respEsc=0 closureRemind=0 closureEsc=0 surveyExpired=0
2026-09-04T13:54:10.610Z [INFO] [http] GET /api/v1/notifications/unread-count
2026-09-04T13:54:40.286Z [INFO] [http] GET /api/v1/notifications/unread-count
2026-09-04T13:54:44.380Z [INFO] [slaReminder] SLA_SCAN cases=1 respRemind=0 respEsc=0 closureRemind=0 closureEsc=0 surveyExpired=0
2026-09-04T13:55:10.596Z [INFO] [http] GET /api/v1/notifications/unread-count
2026-09-04T13:55:40.285Z [INFO] [http] GET /api/v1/notifications/unread-count
2026-09-04T13:55:44.385Z [INFO] [slaReminder] SLA_SCAN cases=1 respRemind=0 respEsc=0 closureRemind=0 closureEsc=0 surveyExpired=0
2026-09-04T13:56:10.607Z [INFO] [http] GET /api/v1/notifications/unread-count
2026-09-04T13:56:40.292Z [INFO] [http] GET /api/v1/notifications/unread-count
2026-09-04T13:56:44.386Z [INFO] [slaReminder] SLA_SCAN cases=1 respRemind=0 respEsc=0 closureRemind=0 closureEsc=0 surveyExpired=0
2026-09-04T13:57:10.607Z [INFO] [http] GET /api/v1/notifications/unread-count
2026-09-04T13:57:40.289Z [INFO] [http] GET /api/v1/notifications/unread-count
2026-09-04T13:57:44.395Z [INFO] [slaReminder] SLA_SCAN cases=1 respRemind=0 respEsc=0 closureRemind=0 closureEsc=0 surveyExpired=0
2026-09-04T13:58:10.607Z [INFO] [http] GET /api/v1/notifications/unread-count
2026-09-04T13:58:40.302Z [INFO] [http] GET /api/v1/notifications/unread-count
2026-09-04T13:58:44.400Z [INFO] [slaReminder] SLA_SCAN cases=1 respRemind=0 respEsc=0 closureRemind=0 closureEsc=0 surveyExpired=0
2026-09-04T13:59:10.602Z [INFO] [http] GET /api/v1/notifications/unread-count
2026-09-04T13:59:40.299Z [INFO] [http] GET /api/v1/notifications/unread-count
2026-09-04T13:59:44.402Z [INFO] [slaReminder] SLA_SCAN cases=1 respRemind=0 respEsc=0 closureRemind=0 closureEsc=0 surveyExpired=0
2026-09-04T14:00:10.601Z [INFO] [http] GET /api/v1/notifications/unread-count
2026-09-04T14:00:40.296Z [INFO] [http] GET /api/v1/notifications/unread-count
2026-09-04T14:00:44.416Z [INFO] [slaReminder] SLA_SCAN cases=1 respRemind=0 respEsc=0 closureRemind=0 closureEsc=0 surveyExpired=0
2026-09-04T14:01:10.607Z [INFO] [http] GET /api/v1/notifications/unread-count
2026-09-04T14:01:40.287Z [INFO] [http] GET /api/v1/notifications/unread-count
2026-09-04T14:01:44.419Z [INFO] [slaReminder] SLA_SCAN cases=1 respRemind=0 respEsc=0 closureRemind=0 closureEsc=0 surveyExpired=0
2026-09-04T14:02:10.602Z [INFO] [http] GET /api/v1/notifications/unread-count
2026-09-04T14:02:40.284Z [INFO] [http] GET /api/v1/notifications/unread-count
2026-09-04T14:02:44.427Z [INFO] [slaReminder] SLA_SCAN cases=1 respRemind=0 respEsc=0 closureRemind=0 closureEsc=0 surveyExpired=0
2026-09-04T14:03:10.596Z [INFO] [http] GET /api/v1/notifications/unread-count
2026-09-04T14:03:40.366Z [INFO] [http] GET /api/v1/notifications/unread-count
2026-09-04T14:03:44.437Z [INFO] [slaReminder] SLA_SCAN cases=1 respRemind=0 respEsc=0 closureRemind=0 closureEsc=0 surveyExpired=0
2026-09-04T14:04:10.608Z [INFO] [http] GET /api/v1/notifications/unread-count
2026-09-04T14:04:40.606Z [INFO] [http] GET /api/v1/notifications/unread-count
2026-09-04T14:04:44.444Z [INFO] [slaReminder] SLA_SCAN cases=1 respRemind=0 respEsc=0 closureRemind=0 closureEsc=0 surveyExpired=0
2026-09-04T14:05:10.286Z [INFO] [http] GET /api/v1/notifications/unread-count
2026-09-04T14:05:40.597Z [INFO] [http] GET /api/v1/notifications/unread-count
2026-09-04T14:05:44.452Z [INFO] [slaReminder] SLA_SCAN cases=1 respRemind=0 respEsc=0 closureRemind=0 closureEsc=0 surveyExpired=0
2026-09-04T14:06:10.295Z [INFO] [http] GET /api/v1/notifications/unread-count
2026-09-04T14:06:40.598Z [INFO] [http] GET /api/v1/notifications/unread-count
2026-09-04T14:06:44.457Z [INFO] [slaReminder] SLA_SCAN cases=1 respRemind=0 respEsc=0 closureRemind=0 closureEsc=0 surveyExpired=0
2026-09-04T14:07:10.297Z [INFO] [http] GET /api/v1/notifications/unread-count
2026-09-04T14:07:40.603Z [INFO] [http] GET /api/v1/notifications/unread-count
2026-09-04T14:07:44.466Z [INFO] [slaReminder] SLA_SCAN cases=1 respRemind=0 respEsc=0 closureRemind=0 closureEsc=0 surveyExpired=0
2026-09-04T14:08:10.296Z [INFO] [http] GET /api/v1/notifications/unread-count
2026-09-04T14:08:40.678Z [INFO] [http] GET /api/v1/notifications/unread-count
2026-09-04T14:08:44.481Z [INFO] [slaReminder] SLA_SCAN cases=1 respRemind=0 respEsc=0 closureRemind=0 closureEsc=0 surveyExpired=0
2026-09-04T14:09:10.600Z [INFO] [http] GET /api/v1/notifications/unread-count
2026-09-04T14:09:40.601Z [INFO] [http] GET /api/v1/notifications/unread-count
2026-09-04T14:09:44.493Z [INFO] [slaReminder] SLA_SCAN cases=1 respRemind=0 respEsc=0 closureRemind=0 closureEsc=0 surveyExpired=0
2026-09-04T14:10:10.601Z [INFO] [http] GET /api/v1/notifications/unread-count
2026-09-04T14:10:40.601Z [INFO] [http] GET /api/v1/notifications/unread-count
2026-09-04T14:10:44.502Z [INFO] [slaReminder] SLA_SCAN cases=1 respRemind=0 respEsc=0 closureRemind=0 closureEsc=0 surveyExpired=0
2026-09-04T14:11:10.608Z [INFO] [http] GET /api/v1/notifications/unread-count
2026-09-04T14:11:40.607Z [INFO] [http] GET /api/v1/notifications/unread-count
2026-09-04T14:11:44.514Z [INFO] [slaReminder] SLA_SCAN cases=1 respRemind=0 respEsc=0 closureRemind=0 closureEsc=0 surveyExpired=0
2026-09-04T14:12:10.606Z [INFO] [http] GET /api/v1/notifications/unread-count
2026-09-04T14:12:40.602Z [INFO] [http] GET /api/v1/notifications/unread-count
2026-09-04T14:12:44.523Z [INFO] [slaReminder] SLA_SCAN cases=1 respRemind=0 respEsc=0 closureRemind=0 closureEsc=0 surveyExpired=0
2026-09-04T14:13:10.593Z [INFO] [http] GET /api/v1/notifications/unread-count
2026-09-04T14:13:40.628Z [INFO] [http] GET /api/v1/notifications/unread-count
2026-09-04T14:13:44.533Z [INFO] [slaReminder] SLA_SCAN cases=1 respRemind=0 respEsc=0 closureRemind=0 closureEsc=0 surveyExpired=0
2026-09-04T14:14:10.609Z [INFO] [http] GET /api/v1/notifications/unread-count
2026-09-04T14:14:40.599Z [INFO] [http] GET /api/v1/notifications/unread-count
2026-09-04T14:14:44.543Z [INFO] [slaReminder] SLA_SCAN cases=1 respRemind=0 respEsc=0 closureRemind=0 closureEsc=0 surveyExpired=0
2026-09-04T14:15:10.605Z [INFO] [http] GET /api/v1/notifications/unread-count
2026-09-04T14:15:40.599Z [INFO] [http] GET /api/v1/notifications/unread-count
2026-09-04T14:15:44.550Z [INFO] [slaReminder] SLA_SCAN cases=1 respRemind=0 respEsc=0 closureRemind=0 closureEsc=0 surveyExpired=0
2026-09-04T14:16:10.605Z [INFO] [http] GET /api/v1/notifications/unread-count
2026-09-04T14:16:40.612Z [INFO] [http] GET /api/v1/notifications/unread-count
2026-09-04T14:16:44.565Z [INFO] [slaReminder] SLA_SCAN cases=1 respRemind=0 respEsc=0 closureRemind=0 closureEsc=0 surveyExpired=0
2026-09-04T14:17:10.605Z [INFO] [http] GET /api/v1/notifications/unread-count
2026-09-04T14:17:40.606Z [INFO] [http] GET /api/v1/notifications/unread-count
2026-09-04T14:17:44.572Z [INFO] [slaReminder] SLA_SCAN cases=1 respRemind=0 respEsc=0 closureRemind=0 closureEsc=0 surveyExpired=0
2026-09-04T14:18:10.294Z [INFO] [http] GET /api/v1/notifications/unread-count
2026-09-04T14:18:40.621Z [INFO] [http] GET /api/v1/notifications/unread-count
2026-09-04T14:18:44.580Z [INFO] [slaReminder] SLA_SCAN cases=1 respRemind=0 respEsc=0 closureRemind=0 closureEsc=0 surveyExpired=0
2026-09-04T14:19:10.591Z [INFO] [http] GET /api/v1/notifications/unread-count
2026-09-04T14:19:40.604Z [INFO] [http] GET /api/v1/notifications/unread-count
2026-09-04T14:19:44.586Z [INFO] [slaReminder] SLA_SCAN cases=1 respRemind=0 respEsc=0 closureRemind=0 closureEsc=0 surveyExpired=0
2026-09-04T14:20:10.606Z [INFO] [http] GET /api/v1/notifications/unread-count
2026-09-04T14:20:40.294Z [INFO] [http] GET /api/v1/notifications/unread-count
2026-09-04T14:20:44.591Z [INFO] [slaReminder] SLA_SCAN cases=1 respRemind=0 respEsc=0 closureRemind=0 closureEsc=0 surveyExpired=0
2026-09-04T14:21:10.606Z [INFO] [http] GET /api/v1/notifications/unread-count
2026-09-04T14:21:40.291Z [INFO] [http] GET /api/v1/notifications/unread-count
2026-09-04T14:21:44.604Z [INFO] [slaReminder] SLA_SCAN cases=1 respRemind=0 respEsc=0 closureRemind=0 closureEsc=0 surveyExpired=0
2026-09-04T14:22:10.602Z [INFO] [http] GET /api/v1/notifications/unread-count
2026-09-04T14:22:40.295Z [INFO] [http] GET /api/v1/notifications/unread-count
2026-09-04T14:22:44.609Z [INFO] [slaReminder] SLA_SCAN cases=1 respRemind=0 respEsc=0 closureRemind=0 closureEsc=0 surveyExpired=0
2026-09-04T14:23:10.600Z [INFO] [http] GET /api/v1/notifications/unread-count
2026-09-04T14:23:40.318Z [INFO] [http] GET /api/v1/notifications/unread-count
2026-09-04T14:23:44.622Z [INFO] [slaReminder] SLA_SCAN cases=1 respRemind=0 respEsc=0 closureRemind=0 closureEsc=0 surveyExpired=0
2026-09-04T14:24:10.619Z [INFO] [http] GET /api/v1/notifications/unread-count
2026-09-04T14:24:40.292Z [INFO] [http] GET /api/v1/notifications/unread-count
2026-09-04T14:24:44.623Z [INFO] [slaReminder] SLA_SCAN cases=1 respRemind=0 respEsc=0 closureRemind=0 closureEsc=0 surveyExpired=0
2026-09-04T14:25:10.595Z [INFO] [http] GET /api/v1/notifications/unread-count
2026-09-04T14:25:40.292Z [INFO] [http] GET /api/v1/notifications/unread-count
2026-09-04T14:25:44.624Z [INFO] [slaReminder] SLA_SCAN cases=1 respRemind=0 respEsc=0 closureRemind=0 closureEsc=0 surveyExpired=0
2026-09-04T14:26:10.602Z [INFO] [http] GET /api/v1/notifications/unread-count
2026-09-04T14:26:40.297Z [INFO] [http] GET /api/v1/notifications/unread-count
2026-09-04T14:26:44.633Z [INFO] [slaReminder] SLA_SCAN cases=1 respRemind=0 respEsc=0 closureRemind=0 closureEsc=0 surveyExpired=0
2026-09-04T14:27:10.593Z [INFO] [http] GET /api/v1/notifications/unread-count
2026-09-04T14:27:40.290Z [INFO] [http] GET /api/v1/notifications/unread-count
2026-09-04T14:27:44.641Z [INFO] [slaReminder] SLA_SCAN cases=1 respRemind=0 respEsc=0 closureRemind=0 closureEsc=0 surveyExpired=0
2026-09-04T14:28:10.600Z [INFO] [http] GET /api/v1/notifications/unread-count
2026-09-04T14:28:40.340Z [INFO] [http] GET /api/v1/notifications/unread-count
2026-09-04T14:28:44.655Z [INFO] [slaReminder] SLA_SCAN cases=1 respRemind=0 respEsc=0 closureRemind=0 closureEsc=0 surveyExpired=0
2026-09-04T14:29:10.594Z [INFO] [http] GET /api/v1/notifications/unread-count
2026-09-04T14:29:40.288Z [INFO] [http] GET /api/v1/notifications/unread-count
2026-09-04T14:29:44.663Z [INFO] [slaReminder] SLA_SCAN cases=1 respRemind=0 respEsc=0 closureRemind=0 closureEsc=0 surveyExpired=0
2026-09-04T14:30:10.592Z [INFO] [http] GET /api/v1/notifications/unread-count
2026-09-04T14:30:40.288Z [INFO] [http] GET /api/v1/notifications/unread-count
2026-09-04T14:30:44.674Z [INFO] [slaReminder] SLA_SCAN cases=1 respRemind=0 respEsc=0 closureRemind=0 closureEsc=0 surveyExpired=0
2026-09-04T14:31:10.582Z [INFO] [http] GET /api/v1/notifications/unread-count
2026-09-04T14:31:40.285Z [INFO] [http] GET /api/v1/notifications/unread-count
2026-09-04T14:31:44.685Z [INFO] [slaReminder] SLA_SCAN cases=1 respRemind=0 respEsc=0 closureRemind=0 closureEsc=0 surveyExpired=0
2026-09-04T14:32:10.602Z [INFO] [http] GET /api/v1/notifications/unread-count
2026-09-04T14:32:40.281Z [INFO] [http] GET /api/v1/notifications/unread-count
2026-09-04T14:32:44.686Z [INFO] [slaReminder] SLA_SCAN cases=1 respRemind=0 respEsc=0 closureRemind=0 closureEsc=0 surveyExpired=0
2026-09-04T14:33:10.598Z [INFO] [http] GET /api/v1/notifications/unread-count
2026-09-04T14:33:40.347Z [INFO] [http] GET /api/v1/notifications/unread-count
2026-09-04T14:33:44.691Z [INFO] [slaReminder] SLA_SCAN cases=1 respRemind=0 respEsc=0 closureRemind=0 closureEsc=0 surveyExpired=0
2026-09-04T14:34:10.587Z [INFO] [http] GET /api/v1/notifications/unread-count
2026-09-04T14:34:40.288Z [INFO] [http] GET /api/v1/notifications/unread-count
2026-09-04T14:34:44.693Z [INFO] [slaReminder] SLA_SCAN cases=1 respRemind=0 respEsc=0 closureRemind=0 closureEsc=0 surveyExpired=0
2026-09-04T14:35:10.593Z [INFO] [http] GET /api/v1/notifications/unread-count
2026-09-04T14:35:40.284Z [INFO] [http] GET /api/v1/notifications/unread-count
2026-09-04T14:35:44.697Z [INFO] [slaReminder] SLA_SCAN cases=1 respRemind=0 respEsc=0 closureRemind=0 closureEsc=0 surveyExpired=0
2026-09-04T14:36:10.589Z [INFO] [http] GET /api/v1/notifications/unread-count
2026-09-04T14:36:40.278Z [INFO] [http] GET /api/v1/notifications/unread-count
2026-09-04T14:36:44.710Z [INFO] [slaReminder] SLA_SCAN cases=1 respRemind=0 respEsc=0 closureRemind=0 closureEsc=0 surveyExpired=0
2026-09-04T14:37:10.598Z [INFO] [http] GET /api/v1/notifications/unread-count
2026-09-04T14:37:40.284Z [INFO] [http] GET /api/v1/notifications/unread-count
2026-09-04T14:37:44.725Z [INFO] [slaReminder] SLA_SCAN cases=1 respRemind=0 respEsc=0 closureRemind=0 closureEsc=0 surveyExpired=0
2026-09-04T14:38:10.594Z [INFO] [http] GET /api/v1/notifications/unread-count
2026-09-04T14:38:40.353Z [INFO] [http] GET /api/v1/notifications/unread-count
2026-09-04T14:38:44.730Z [INFO] [slaReminder] SLA_SCAN cases=1 respRemind=0 respEsc=0 closureRemind=0 closureEsc=0 surveyExpired=0
2026-09-04T14:39:10.588Z [INFO] [http] GET /api/v1/notifications/unread-count
2026-09-04T14:39:40.276Z [INFO] [http] GET /api/v1/notifications/unread-count
2026-09-04T14:39:44.735Z [INFO] [slaReminder] SLA_SCAN cases=1 respRemind=0 respEsc=0 closureRemind=0 closureEsc=0 surveyExpired=0
2026-09-04T14:40:10.585Z [INFO] [http] GET /api/v1/notifications/unread-count
2026-09-04T14:40:40.283Z [INFO] [http] GET /api/v1/notifications/unread-count
2026-09-04T14:40:44.739Z [INFO] [slaReminder] SLA_SCAN cases=1 respRemind=0 respEsc=0 closureRemind=0 closureEsc=0 surveyExpired=0
2026-09-04T14:41:10.597Z [INFO] [http] GET /api/v1/notifications/unread-count
2026-09-04T14:41:40.279Z [INFO] [http] GET /api/v1/notifications/unread-count
2026-09-04T14:41:44.751Z [INFO] [slaReminder] SLA_SCAN cases=1 respRemind=0 respEsc=0 closureRemind=0 closureEsc=0 surveyExpired=0
2026-09-04T14:42:10.592Z [INFO] [http] GET /api/v1/notifications/unread-count
2026-09-04T14:42:40.278Z [INFO] [http] GET /api/v1/notifications/unread-count
2026-09-04T14:42:44.757Z [INFO] [slaReminder] SLA_SCAN cases=1 respRemind=0 respEsc=0 closureRemind=0 closureEsc=0 surveyExpired=0
2026-09-04T14:43:10.589Z [INFO] [http] GET /api/v1/notifications/unread-count
2026-09-04T14:43:40.281Z [INFO] [http] GET /api/v1/notifications/unread-count
2026-09-04T14:43:44.766Z [INFO] [slaReminder] SLA_SCAN cases=1 respRemind=0 respEsc=0 closureRemind=0 closureEsc=0 surveyExpired=0
2026-09-04T14:44:10.587Z [INFO] [http] GET /api/v1/notifications/unread-count
2026-09-04T14:44:40.272Z [INFO] [http] GET /api/v1/notifications/unread-count
2026-09-04T14:44:44.774Z [INFO] [slaReminder] SLA_SCAN cases=1 respRemind=0 respEsc=0 closureRemind=0 closureEsc=0 surveyExpired=0
2026-09-04T14:45:10.593Z [INFO] [http] GET /api/v1/notifications/unread-count
2026-09-04T14:45:40.582Z [INFO] [http] GET /api/v1/notifications/unread-count
2026-09-04T14:45:44.790Z [INFO] [slaReminder] SLA_SCAN cases=1 respRemind=0 respEsc=0 closureRemind=0 closureEsc=0 surveyExpired=0
2026-09-04T14:46:10.270Z [INFO] [http] GET /api/v1/notifications/unread-count
2026-09-04T14:46:40.589Z [INFO] [http] GET /api/v1/notifications/unread-count
2026-09-04T14:46:44.799Z [INFO] [slaReminder] SLA_SCAN cases=1 respRemind=0 respEsc=0 closureRemind=0 closureEsc=0 surveyExpired=0
2026-09-04T14:47:10.277Z [INFO] [http] GET /api/v1/notifications/unread-count
2026-09-04T14:47:40.593Z [INFO] [http] GET /api/v1/notifications/unread-count
2026-09-04T14:47:44.805Z [INFO] [slaReminder] SLA_SCAN cases=1 respRemind=0 respEsc=0 closureRemind=0 closureEsc=0 surveyExpired=0
2026-09-04T14:48:10.270Z [INFO] [http] GET /api/v1/notifications/unread-count
2026-09-04T14:48:40.595Z [INFO] [http] GET /api/v1/notifications/unread-count
2026-09-04T14:48:44.819Z [INFO] [slaReminder] SLA_SCAN cases=1 respRemind=0 respEsc=0 closureRemind=0 closureEsc=0 surveyExpired=0
2026-09-04T14:49:10.595Z [INFO] [http] GET /api/v1/notifications/unread-count
2026-09-04T14:49:40.278Z [INFO] [http] GET /api/v1/notifications/unread-count
2026-09-04T14:49:44.828Z [INFO] [slaReminder] SLA_SCAN cases=1 respRemind=0 respEsc=0 closureRemind=0 closureEsc=0 surveyExpired=0
2026-09-04T14:50:10.581Z [INFO] [http] GET /api/v1/notifications/unread-count
2026-09-04T14:50:40.278Z [INFO] [http] GET /api/v1/notifications/unread-count
2026-09-04T14:50:44.839Z [INFO] [slaReminder] SLA_SCAN cases=1 respRemind=0 respEsc=0 closureRemind=0 closureEsc=0 surveyExpired=0
2026-09-04T14:51:10.578Z [INFO] [http] GET /api/v1/notifications/unread-count
2026-09-04T14:51:40.290Z [INFO] [http] GET /api/v1/notifications/unread-count
2026-09-04T14:51:44.851Z [INFO] [slaReminder] SLA_SCAN cases=1 respRemind=0 respEsc=0 closureRemind=0 closureEsc=0 surveyExpired=0
2026-09-04T14:52:10.581Z [INFO] [http] GET /api/v1/notifications/unread-count
2026-09-04T14:52:40.279Z [INFO] [http] GET /api/v1/notifications/unread-count
2026-09-04T14:52:44.861Z [INFO] [slaReminder] SLA_SCAN cases=1 respRemind=0 respEsc=0 closureRemind=0 closureEsc=0 surveyExpired=0
2026-09-04T14:53:10.592Z [INFO] [http] GET /api/v1/notifications/unread-count
2026-09-04T14:53:40.275Z [INFO] [http] GET /api/v1/notifications/unread-count
2026-09-04T14:53:44.875Z [INFO] [slaReminder] SLA_SCAN cases=1 respRemind=0 respEsc=0 closureRemind=0 closureEsc=0 surveyExpired=0
2026-09-04T14:54:10.590Z [INFO] [http] GET /api/v1/notifications/unread-count
2026-09-04T14:54:40.277Z [INFO] [http] GET /api/v1/notifications/unread-count
2026-09-04T14:54:44.879Z [INFO] [slaReminder] SLA_SCAN cases=1 respRemind=0 respEsc=0 closureRemind=0 closureEsc=0 surveyExpired=0
2026-09-04T14:55:10.589Z [INFO] [http] GET /api/v1/notifications/unread-count
2026-09-04T14:55:40.269Z [INFO] [http] GET /api/v1/notifications/unread-count
2026-09-04T14:55:44.893Z [INFO] [slaReminder] SLA_SCAN cases=1 respRemind=0 respEsc=0 closureRemind=0 closureEsc=0 surveyExpired=0
2026-09-04T14:56:10.579Z [INFO] [http] GET /api/v1/notifications/unread-count
2026-09-04T14:56:40.269Z [INFO] [http] GET /api/v1/notifications/unread-count
2026-09-04T14:56:44.893Z [INFO] [slaReminder] SLA_SCAN cases=1 respRemind=0 respEsc=0 closureRemind=0 closureEsc=0 surveyExpired=0
2026-09-04T14:57:10.580Z [INFO] [http] GET /api/v1/notifications/unread-count
2026-09-04T14:57:40.264Z [INFO] [http] GET /api/v1/notifications/unread-count
2026-09-04T14:57:44.899Z [INFO] [slaReminder] SLA_SCAN cases=1 respRemind=0 respEsc=0 closureRemind=0 closureEsc=0 surveyExpired=0
2026-09-04T14:58:10.587Z [INFO] [http] GET /api/v1/notifications/unread-count
2026-09-04T14:58:40.275Z [INFO] [http] GET /api/v1/notifications/unread-count
2026-09-04T14:58:44.903Z [INFO] [slaReminder] SLA_SCAN cases=1 respRemind=0 respEsc=0 closureRemind=0 closureEsc=0 surveyExpired=0
2026-09-04T14:59:10.586Z [INFO] [http] GET /api/v1/notifications/unread-count
2026-09-04T14:59:40.275Z [INFO] [http] GET /api/v1/notifications/unread-count
2026-09-04T14:59:44.916Z [INFO] [slaReminder] SLA_SCAN cases=1 respRemind=0 respEsc=0 closureRemind=0 closureEsc=0 surveyExpired=0
2026-09-04T15:00:10.582Z [INFO] [http] GET /api/v1/notifications/unread-count
2026-09-04T15:00:40.264Z [INFO] [http] GET /api/v1/notifications/unread-count
2026-09-04T15:00:44.924Z [INFO] [slaReminder] SLA_SCAN cases=1 respRemind=0 respEsc=0 closureRemind=0 closureEsc=0 surveyExpired=0
2026-09-04T15:01:10.583Z [INFO] [http] GET /api/v1/notifications/unread-count
2026-09-04T15:01:40.268Z [INFO] [http] GET /api/v1/notifications/unread-count
2026-09-04T15:01:44.933Z [INFO] [slaReminder] SLA_SCAN cases=1 respRemind=0 respEsc=0 closureRemind=0 closureEsc=0 surveyExpired=0
2026-09-04T15:02:10.589Z [INFO] [http] GET /api/v1/notifications/unread-count
2026-09-04T15:02:40.265Z [INFO] [http] GET /api/v1/notifications/unread-count
2026-09-04T15:02:44.945Z [INFO] [slaReminder] SLA_SCAN cases=1 respRemind=0 respEsc=0 closureRemind=0 closureEsc=0 surveyExpired=0
2026-09-04T15:03:10.589Z [INFO] [http] GET /api/v1/notifications/unread-count
2026-09-04T15:03:40.265Z [INFO] [http] GET /api/v1/notifications/unread-count
2026-09-04T15:03:44.957Z [INFO] [slaReminder] SLA_SCAN cases=1 respRemind=0 respEsc=0 closureRemind=0 closureEsc=0 surveyExpired=0
2026-09-04T15:04:10.574Z [INFO] [http] GET /api/v1/notifications/unread-count
2026-09-04T15:04:40.582Z [INFO] [http] GET /api/v1/notifications/unread-count
2026-09-04T15:04:44.960Z [INFO] [slaReminder] SLA_SCAN cases=1 respRemind=0 respEsc=0 closureRemind=0 closureEsc=0 surveyExpired=0
2026-09-04T15:05:10.275Z [INFO] [http] GET /api/v1/notifications/unread-count
2026-09-04T15:05:40.579Z [INFO] [http] GET /api/v1/notifications/unread-count
2026-09-04T15:05:44.971Z [INFO] [slaReminder] SLA_SCAN cases=1 respRemind=0 respEsc=0 closureRemind=0 closureEsc=0 surveyExpired=0
2026-09-04T15:06:10.263Z [INFO] [http] GET /api/v1/notifications/unread-count
2026-09-04T15:06:40.586Z [INFO] [http] GET /api/v1/notifications/unread-count
2026-09-04T15:06:44.976Z [INFO] [slaReminder] SLA_SCAN cases=1 respRemind=0 respEsc=0 closureRemind=0 closureEsc=0 surveyExpired=0
2026-09-04T15:07:10.584Z [INFO] [http] GET /api/v1/notifications/unread-count
2026-09-04T15:07:40.268Z [INFO] [http] GET /api/v1/notifications/unread-count
2026-09-04T15:07:44.989Z [INFO] [slaReminder] SLA_SCAN cases=1 respRemind=0 respEsc=0 closureRemind=0 closureEsc=0 surveyExpired=0
2026-09-04T15:08:10.586Z [INFO] [http] GET /api/v1/notifications/unread-count
2026-09-04T15:08:40.270Z [INFO] [http] GET /api/v1/notifications/unread-count
2026-09-04T15:08:44.998Z [INFO] [slaReminder] SLA_SCAN cases=1 respRemind=0 respEsc=0 closureRemind=0 closureEsc=0 surveyExpired=0
2026-09-04T15:09:10.573Z [INFO] [http] GET /api/v1/notifications/unread-count
2026-09-04T15:09:40.276Z [INFO] [http] GET /api/v1/notifications/unread-count
2026-09-04T15:09:45.001Z [INFO] [slaReminder] SLA_SCAN cases=1 respRemind=0 respEsc=0 closureRemind=0 closureEsc=0 surveyExpired=0
2026-09-04T15:10:10.584Z [INFO] [http] GET /api/v1/notifications/unread-count
2026-09-04T15:10:40.263Z [INFO] [http] GET /api/v1/notifications/unread-count
2026-09-04T15:10:45.006Z [INFO] [slaReminder] SLA_SCAN cases=1 respRemind=0 respEsc=0 closureRemind=0 closureEsc=0 surveyExpired=0
2026-09-04T15:11:10.582Z [INFO] [http] GET /api/v1/notifications/unread-count
2026-09-04T15:11:40.267Z [INFO] [http] GET /api/v1/notifications/unread-count
2026-09-04T15:11:45.009Z [INFO] [slaReminder] SLA_SCAN cases=1 respRemind=0 respEsc=0 closureRemind=0 closureEsc=0 surveyExpired=0
2026-09-04T15:12:10.573Z [INFO] [http] GET /api/v1/notifications/unread-count
2026-09-04T15:12:40.271Z [INFO] [http] GET /api/v1/notifications/unread-count
2026-09-04T15:12:45.016Z [INFO] [slaReminder] SLA_SCAN cases=1 respRemind=0 respEsc=0 closureRemind=0 closureEsc=0 surveyExpired=0
2026-09-04T15:13:10.578Z [INFO] [http] GET /api/v1/notifications/unread-count
2026-09-04T15:13:40.280Z [INFO] [http] GET /api/v1/notifications/unread-count
2026-09-04T15:13:45.022Z [INFO] [slaReminder] SLA_SCAN cases=1 respRemind=0 respEsc=0 closureRemind=0 closureEsc=0 surveyExpired=0
2026-09-04T15:14:10.574Z [INFO] [http] GET /api/v1/notifications/unread-count
2026-09-04T15:14:40.576Z [INFO] [http] GET /api/v1/notifications/unread-count
2026-09-04T15:14:45.033Z [INFO] [slaReminder] SLA_SCAN cases=1 respRemind=0 respEsc=0 closureRemind=0 closureEsc=0 surveyExpired=0
2026-09-04T15:15:10.571Z [INFO] [http] GET /api/v1/notifications/unread-count
2026-09-04T15:15:40.585Z [INFO] [http] GET /api/v1/notifications/unread-count
2026-09-04T15:15:45.034Z [INFO] [slaReminder] SLA_SCAN cases=1 respRemind=0 respEsc=0 closureRemind=0 closureEsc=0 surveyExpired=0
2026-09-04T15:16:10.268Z [INFO] [http] GET /api/v1/notifications/unread-count
2026-09-04T15:16:40.578Z [INFO] [http] GET /api/v1/notifications/unread-count
2026-09-04T15:16:45.040Z [INFO] [slaReminder] SLA_SCAN cases=1 respRemind=0 respEsc=0 closureRemind=0 closureEsc=0 surveyExpired=0
2026-09-04T15:17:10.270Z [INFO] [http] GET /api/v1/notifications/unread-count
2026-09-04T15:17:40.573Z [INFO] [http] GET /api/v1/notifications/unread-count
2026-09-04T15:17:45.055Z [INFO] [slaReminder] SLA_SCAN cases=1 respRemind=0 respEsc=0 closureRemind=0 closureEsc=0 surveyExpired=0
2026-09-04T15:18:10.267Z [INFO] [http] GET /api/v1/notifications/unread-count
2026-09-04T15:18:40.577Z [INFO] [http] GET /api/v1/notifications/unread-count
2026-09-04T15:18:45.066Z [INFO] [slaReminder] SLA_SCAN cases=1 respRemind=0 respEsc=0 closureRemind=0 closureEsc=0 surveyExpired=0
2026-09-04T15:19:10.568Z [INFO] [http] GET /api/v1/notifications/unread-count
2026-09-04T15:19:40.572Z [INFO] [http] GET /api/v1/notifications/unread-count
2026-09-04T15:19:45.067Z [INFO] [slaReminder] SLA_SCAN cases=1 respRemind=0 respEsc=0 closureRemind=0 closureEsc=0 surveyExpired=0
2026-09-04T15:20:10.272Z [INFO] [http] GET /api/v1/notifications/unread-count
2026-09-04T15:20:40.583Z [INFO] [http] GET /api/v1/notifications/unread-count
2026-09-04T15:20:45.070Z [INFO] [slaReminder] SLA_SCAN cases=1 respRemind=0 respEsc=0 closureRemind=0 closureEsc=0 surveyExpired=0
2026-09-04T15:21:10.259Z [INFO] [http] GET /api/v1/notifications/unread-count
2026-09-04T15:21:40.577Z [INFO] [http] GET /api/v1/notifications/unread-count
2026-09-04T15:21:45.081Z [INFO] [slaReminder] SLA_SCAN cases=1 respRemind=0 respEsc=0 closureRemind=0 closureEsc=0 surveyExpired=0
2026-09-04T15:22:10.266Z [INFO] [http] GET /api/v1/notifications/unread-count
2026-09-04T15:22:40.576Z [INFO] [http] GET /api/v1/notifications/unread-count
2026-09-04T15:22:45.089Z [INFO] [slaReminder] SLA_SCAN cases=1 respRemind=0 respEsc=0 closureRemind=0 closureEsc=0 surveyExpired=0
2026-09-04T15:23:10.263Z [INFO] [http] GET /api/v1/notifications/unread-count
2026-09-04T15:23:40.575Z [INFO] [http] GET /api/v1/notifications/unread-count
2026-09-04T15:23:45.097Z [INFO] [slaReminder] SLA_SCAN cases=1 respRemind=0 respEsc=0 closureRemind=0 closureEsc=0 surveyExpired=0
2026-09-04T15:24:10.581Z [INFO] [http] GET /api/v1/notifications/unread-count
2026-09-04T15:24:40.578Z [INFO] [http] GET /api/v1/notifications/unread-count
2026-09-04T15:24:45.109Z [INFO] [slaReminder] SLA_SCAN cases=1 respRemind=0 respEsc=0 closureRemind=0 closureEsc=0 surveyExpired=0
2026-09-04T15:25:10.264Z [INFO] [http] GET /api/v1/notifications/unread-count
2026-09-04T15:25:40.570Z [INFO] [http] GET /api/v1/notifications/unread-count
2026-09-04T15:25:45.120Z [INFO] [slaReminder] SLA_SCAN cases=1 respRemind=0 respEsc=0 closureRemind=0 closureEsc=0 surveyExpired=0
2026-09-04T15:26:10.564Z [INFO] [http] GET /api/v1/notifications/unread-count
2026-09-04T15:26:40.572Z [INFO] [http] GET /api/v1/notifications/unread-count
2026-09-04T15:26:45.124Z [INFO] [slaReminder] SLA_SCAN cases=1 respRemind=0 respEsc=0 closureRemind=0 closureEsc=0 surveyExpired=0
2026-09-04T15:27:10.575Z [INFO] [http] GET /api/v1/notifications/unread-count
2026-09-04T15:27:40.269Z [INFO] [http] GET /api/v1/notifications/unread-count
2026-09-04T15:27:45.135Z [INFO] [slaReminder] SLA_SCAN cases=1 respRemind=0 respEsc=0 closureRemind=0 closureEsc=0 surveyExpired=0
2026-09-04T15:28:10.566Z [INFO] [http] GET /api/v1/notifications/unread-count
2026-09-04T15:28:40.571Z [INFO] [http] GET /api/v1/notifications/unread-count
2026-09-04T15:28:45.147Z [INFO] [slaReminder] SLA_SCAN cases=1 respRemind=0 respEsc=0 closureRemind=0 closureEsc=0 surveyExpired=0
2026-09-04T15:29:10.575Z [INFO] [http] GET /api/v1/notifications/unread-count
2026-09-04T15:29:40.575Z [INFO] [http] GET /api/v1/notifications/unread-count
2026-09-04T15:29:45.161Z [INFO] [slaReminder] SLA_SCAN cases=1 respRemind=0 respEsc=0 closureRemind=0 closureEsc=0 surveyExpired=0
2026-09-04T15:30:10.577Z [INFO] [http] GET /api/v1/notifications/unread-count
2026-09-04T15:30:40.258Z [INFO] [http] GET /api/v1/notifications/unread-count
2026-09-04T15:30:45.173Z [INFO] [slaReminder] SLA_SCAN cases=1 respRemind=0 respEsc=0 closureRemind=0 closureEsc=0 surveyExpired=0
2026-09-04T15:31:10.564Z [INFO] [http] GET /api/v1/notifications/unread-count
2026-09-04T15:31:40.255Z [INFO] [http] GET /api/v1/notifications/unread-count
2026-09-04T15:31:45.177Z [INFO] [slaReminder] SLA_SCAN cases=1 respRemind=0 respEsc=0 closureRemind=0 closureEsc=0 surveyExpired=0
2026-09-04T15:32:10.577Z [INFO] [http] GET /api/v1/notifications/unread-count
2026-09-04T15:32:40.255Z [INFO] [http] GET /api/v1/notifications/unread-count
2026-09-04T15:32:45.181Z [INFO] [slaReminder] SLA_SCAN cases=1 respRemind=0 respEsc=0 closureRemind=0 closureEsc=0 surveyExpired=0
2026-09-04T15:33:10.575Z [INFO] [http] GET /api/v1/notifications/unread-count
2026-09-04T15:33:40.257Z [INFO] [http] GET /api/v1/notifications/unread-count
2026-09-04T15:33:45.185Z [INFO] [slaReminder] SLA_SCAN cases=1 respRemind=0 respEsc=0 closureRemind=0 closureEsc=0 surveyExpired=0
2026-09-04T15:34:10.577Z [INFO] [http] GET /api/v1/notifications/unread-count
2026-09-04T15:34:40.256Z [INFO] [http] GET /api/v1/notifications/unread-count
2026-09-04T15:34:45.200Z [INFO] [slaReminder] SLA_SCAN cases=1 respRemind=0 respEsc=0 closureRemind=0 closureEsc=0 surveyExpired=0
2026-09-04T15:35:10.577Z [INFO] [http] GET /api/v1/notifications/unread-count
2026-09-04T15:35:40.261Z [INFO] [http] GET /api/v1/notifications/unread-count
2026-09-04T15:35:45.202Z [INFO] [slaReminder] SLA_SCAN cases=1 respRemind=0 respEsc=0 closureRemind=0 closureEsc=0 surveyExpired=0
2026-09-04T15:36:10.562Z [INFO] [http] GET /api/v1/notifications/unread-count
2026-09-04T15:36:40.260Z [INFO] [http] GET /api/v1/notifications/unread-count
2026-09-04T15:36:45.208Z [INFO] [slaReminder] SLA_SCAN cases=1 respRemind=0 respEsc=0 closureRemind=0 closureEsc=0 surveyExpired=0
2026-09-04T15:37:10.566Z [INFO] [http] GET /api/v1/notifications/unread-count
2026-09-04T15:37:40.253Z [INFO] [http] GET /api/v1/notifications/unread-count
2026-09-04T15:37:45.223Z [INFO] [slaReminder] SLA_SCAN cases=1 respRemind=0 respEsc=0 closureRemind=0 closureEsc=0 surveyExpired=0
2026-09-04T15:38:10.574Z [INFO] [http] GET /api/v1/notifications/unread-count
2026-09-04T15:38:40.251Z [INFO] [http] GET /api/v1/notifications/unread-count
2026-09-04T15:38:45.229Z [INFO] [slaReminder] SLA_SCAN cases=1 respRemind=0 respEsc=0 closureRemind=0 closureEsc=0 surveyExpired=0
2026-09-04T15:39:10.589Z [INFO] [http] GET /api/v1/notifications/unread-count
2026-09-04T15:39:40.254Z [INFO] [http] GET /api/v1/notifications/unread-count
2026-09-04T15:39:45.241Z [INFO] [slaReminder] SLA_SCAN cases=1 respRemind=0 respEsc=0 closureRemind=0 closureEsc=0 surveyExpired=0
2026-09-04T15:40:10.561Z [INFO] [http] GET /api/v1/notifications/unread-count
2026-09-04T15:40:40.257Z [INFO] [http] GET /api/v1/notifications/unread-count
2026-09-04T15:40:45.254Z [INFO] [slaReminder] SLA_SCAN cases=1 respRemind=0 respEsc=0 closureRemind=0 closureEsc=0 surveyExpired=0
2026-09-04T15:41:10.560Z [INFO] [http] GET /api/v1/notifications/unread-count
2026-09-04T15:41:40.261Z [INFO] [http] GET /api/v1/notifications/unread-count
2026-09-04T15:41:45.266Z [INFO] [slaReminder] SLA_SCAN cases=1 respRemind=0 respEsc=0 closureRemind=0 closureEsc=0 surveyExpired=0
2026-09-04T15:42:10.561Z [INFO] [http] GET /api/v1/notifications/unread-count
2026-09-04T15:42:40.249Z [INFO] [http] GET /api/v1/notifications/unread-count
2026-09-04T15:42:45.270Z [INFO] [slaReminder] SLA_SCAN cases=1 respRemind=0 respEsc=0 closureRemind=0 closureEsc=0 surveyExpired=0
2026-09-04T15:43:10.563Z [INFO] [http] GET /api/v1/notifications/unread-count
2026-09-04T15:43:40.261Z [INFO] [http] GET /api/v1/notifications/unread-count
2026-09-04T15:43:45.276Z [INFO] [slaReminder] SLA_SCAN cases=1 respRemind=0 respEsc=0 closureRemind=0 closureEsc=0 surveyExpired=0
2026-09-04T15:44:10.571Z [INFO] [http] GET /api/v1/notifications/unread-count
2026-09-04T15:44:40.574Z [INFO] [http] GET /api/v1/notifications/unread-count
2026-09-04T15:44:45.280Z [INFO] [slaReminder] SLA_SCAN cases=1 respRemind=0 respEsc=0 closureRemind=0 closureEsc=0 surveyExpired=0
2026-09-04T15:45:10.258Z [INFO] [http] GET /api/v1/notifications/unread-count
2026-09-04T15:45:40.560Z [INFO] [http] GET /api/v1/notifications/unread-count
2026-09-04T15:45:45.284Z [INFO] [slaReminder] SLA_SCAN cases=1 respRemind=0 respEsc=0 closureRemind=0 closureEsc=0 surveyExpired=0
2026-09-04T15:46:10.249Z [INFO] [http] GET /api/v1/notifications/unread-count
2026-09-04T15:46:40.565Z [INFO] [http] GET /api/v1/notifications/unread-count
2026-09-04T15:46:45.293Z [INFO] [slaReminder] SLA_SCAN cases=1 respRemind=0 respEsc=0 closureRemind=0 closureEsc=0 surveyExpired=0
2026-09-04T15:47:10.261Z [INFO] [http] GET /api/v1/notifications/unread-count
2026-09-04T15:47:40.571Z [INFO] [http] GET /api/v1/notifications/unread-count
2026-09-04T15:47:45.304Z [INFO] [slaReminder] SLA_SCAN cases=1 respRemind=0 respEsc=0 closureRemind=0 closureEsc=0 surveyExpired=0
2026-09-04T15:48:10.259Z [INFO] [http] GET /api/v1/notifications/unread-count
2026-09-04T15:48:40.566Z [INFO] [http] GET /api/v1/notifications/unread-count
2026-09-04T15:48:45.318Z [INFO] [slaReminder] SLA_SCAN cases=1 respRemind=0 respEsc=0 closureRemind=0 closureEsc=0 surveyExpired=0
2026-09-04T15:49:10.260Z [INFO] [http] GET /api/v1/notifications/unread-count
2026-09-04T15:49:40.561Z [INFO] [http] GET /api/v1/notifications/unread-count
2026-09-04T15:49:45.321Z [INFO] [slaReminder] SLA_SCAN cases=1 respRemind=0 respEsc=0 closureRemind=0 closureEsc=0 surveyExpired=0
2026-09-04T15:50:10.259Z [INFO] [http] GET /api/v1/notifications/unread-count
2026-09-04T15:50:40.568Z [INFO] [http] GET /api/v1/notifications/unread-count
2026-09-04T15:50:45.323Z [INFO] [slaReminder] SLA_SCAN cases=1 respRemind=0 respEsc=0 closureRemind=0 closureEsc=0 surveyExpired=0
2026-09-04T15:51:10.250Z [INFO] [http] GET /api/v1/notifications/unread-count
2026-09-04T15:51:40.569Z [INFO] [http] GET /api/v1/notifications/unread-count
2026-09-04T15:51:45.329Z [INFO] [slaReminder] SLA_SCAN cases=1 respRemind=0 respEsc=0 closureRemind=0 closureEsc=0 surveyExpired=0
2026-09-04T15:52:10.256Z [INFO] [http] GET /api/v1/notifications/unread-count
2026-09-04T15:52:40.563Z [INFO] [http] GET /api/v1/notifications/unread-count
2026-09-04T15:52:45.335Z [INFO] [slaReminder] SLA_SCAN cases=1 respRemind=0 respEsc=0 closureRemind=0 closureEsc=0 surveyExpired=0
2026-09-04T15:53:10.250Z [INFO] [http] GET /api/v1/notifications/unread-count
2026-09-04T15:53:40.561Z [INFO] [http] GET /api/v1/notifications/unread-count
2026-09-04T15:53:45.338Z [INFO] [slaReminder] SLA_SCAN cases=1 respRemind=0 respEsc=0 closureRemind=0 closureEsc=0 surveyExpired=0
2026-09-04T15:54:10.256Z [INFO] [http] GET /api/v1/notifications/unread-count
2026-09-04T15:54:40.555Z [INFO] [http] GET /api/v1/notifications/unread-count
2026-09-04T15:54:45.352Z [INFO] [slaReminder] SLA_SCAN cases=1 respRemind=0 respEsc=0 closureRemind=0 closureEsc=0 surveyExpired=0
2026-09-04T15:55:10.260Z [INFO] [http] GET /api/v1/notifications/unread-count
2026-09-04T15:55:40.565Z [INFO] [http] GET /api/v1/notifications/unread-count
2026-09-04T15:55:45.362Z [INFO] [slaReminder] SLA_SCAN cases=1 respRemind=0 respEsc=0 closureRemind=0 closureEsc=0 surveyExpired=0
2026-09-04T15:56:10.253Z [INFO] [http] GET /api/v1/notifications/unread-count
2026-09-04T15:56:40.556Z [INFO] [http] GET /api/v1/notifications/unread-count
2026-09-04T15:56:45.398Z [INFO] [slaReminder] SLA_SCAN cases=1 respRemind=0 respEsc=0 closureRemind=0 closureEsc=0 surveyExpired=0
2026-09-04T15:57:10.262Z [INFO] [http] GET /api/v1/notifications/unread-count
2026-09-04T15:57:40.556Z [INFO] [http] GET /api/v1/notifications/unread-count
2026-09-04T15:57:45.400Z [INFO] [slaReminder] SLA_SCAN cases=1 respRemind=0 respEsc=0 closureRemind=0 closureEsc=0 surveyExpired=0
2026-09-04T15:58:10.250Z [INFO] [http] GET /api/v1/notifications/unread-count
2026-09-04T15:58:40.558Z [INFO] [http] GET /api/v1/notifications/unread-count
2026-09-04T15:58:45.407Z [INFO] [slaReminder] SLA_SCAN cases=1 respRemind=0 respEsc=0 closureRemind=0 closureEsc=0 surveyExpired=0
2026-09-04T15:59:10.252Z [INFO] [http] GET /api/v1/notifications/unread-count
2026-09-04T15:59:40.568Z [INFO] [http] GET /api/v1/notifications/unread-count
2026-09-04T15:59:45.408Z [INFO] [slaReminder] SLA_SCAN cases=1 respRemind=0 respEsc=0 closureRemind=0 closureEsc=0 surveyExpired=0
2026-09-04T16:00:10.257Z [INFO] [http] GET /api/v1/notifications/unread-count
2026-09-04T16:00:40.568Z [INFO] [http] GET /api/v1/notifications/unread-count
2026-09-04T16:00:45.411Z [INFO] [slaReminder] SLA_SCAN cases=1 respRemind=0 respEsc=0 closureRemind=0 closureEsc=0 surveyExpired=0
2026-09-04T16:01:10.253Z [INFO] [http] GET /api/v1/notifications/unread-count
2026-09-04T16:01:40.555Z [INFO] [http] GET /api/v1/notifications/unread-count
2026-09-04T16:01:45.421Z [INFO] [slaReminder] SLA_SCAN cases=1 respRemind=0 respEsc=0 closureRemind=0 closureEsc=0 surveyExpired=0
2026-09-04T16:02:10.250Z [INFO] [http] GET /api/v1/notifications/unread-count
2026-09-04T16:02:40.565Z [INFO] [http] GET /api/v1/notifications/unread-count
2026-09-04T16:02:45.424Z [INFO] [slaReminder] SLA_SCAN cases=1 respRemind=0 respEsc=0 closureRemind=0 closureEsc=0 surveyExpired=0
2026-09-04T16:03:10.247Z [INFO] [http] GET /api/v1/notifications/unread-count
2026-09-04T16:03:40.558Z [INFO] [http] GET /api/v1/notifications/unread-count
2026-09-04T16:03:45.428Z [INFO] [slaReminder] SLA_SCAN cases=1 respRemind=0 respEsc=0 closureRemind=0 closureEsc=0 surveyExpired=0
2026-09-04T16:04:10.560Z [INFO] [http] GET /api/v1/notifications/unread-count
2026-09-04T16:04:40.253Z [INFO] [http] GET /api/v1/notifications/unread-count
2026-09-04T16:04:45.433Z [INFO] [slaReminder] SLA_SCAN cases=1 respRemind=0 respEsc=0 closureRemind=0 closureEsc=0 surveyExpired=0
2026-09-04T16:05:10.564Z [INFO] [http] GET /api/v1/notifications/unread-count
2026-09-04T16:05:40.553Z [INFO] [http] GET /api/v1/notifications/unread-count
2026-09-04T16:05:45.439Z [INFO] [slaReminder] SLA_SCAN cases=1 respRemind=0 respEsc=0 closureRemind=0 closureEsc=0 surveyExpired=0
2026-09-04T16:06:10.252Z [INFO] [http] GET /api/v1/notifications/unread-count
2026-09-04T16:06:40.555Z [INFO] [http] GET /api/v1/notifications/unread-count
2026-09-04T16:06:45.453Z [INFO] [slaReminder] SLA_SCAN cases=1 respRemind=0 respEsc=0 closureRemind=0 closureEsc=0 surveyExpired=0
2026-09-04T16:07:10.253Z [INFO] [http] GET /api/v1/notifications/unread-count
2026-09-04T16:07:40.563Z [INFO] [http] GET /api/v1/notifications/unread-count
2026-09-04T16:07:45.454Z [INFO] [slaReminder] SLA_SCAN cases=1 respRemind=0 respEsc=0 closureRemind=0 closureEsc=0 surveyExpired=0
2026-09-04T16:08:10.248Z [INFO] [http] GET /api/v1/notifications/unread-count
2026-09-04T16:08:40.563Z [INFO] [http] GET /api/v1/notifications/unread-count
2026-09-04T16:08:45.461Z [INFO] [slaReminder] SLA_SCAN cases=1 respRemind=0 respEsc=0 closureRemind=0 closureEsc=0 surveyExpired=0
2026-09-04T16:09:10.551Z [INFO] [http] GET /api/v1/notifications/unread-count
2026-09-04T16:09:40.562Z [INFO] [http] GET /api/v1/notifications/unread-count
2026-09-04T16:09:45.466Z [INFO] [slaReminder] SLA_SCAN cases=1 respRemind=0 respEsc=0 closureRemind=0 closureEsc=0 surveyExpired=0
2026-09-04T16:10:10.559Z [INFO] [http] GET /api/v1/notifications/unread-count
2026-09-04T16:10:40.251Z [INFO] [http] GET /api/v1/notifications/unread-count
2026-09-04T16:10:45.475Z [INFO] [slaReminder] SLA_SCAN cases=1 respRemind=0 respEsc=0 closureRemind=0 closureEsc=0 surveyExpired=0
2026-09-04T16:11:10.556Z [INFO] [http] GET /api/v1/notifications/unread-count
2026-09-04T16:11:40.559Z [INFO] [http] GET /api/v1/notifications/unread-count
2026-09-04T16:11:45.487Z [INFO] [slaReminder] SLA_SCAN cases=1 respRemind=0 respEsc=0 closureRemind=0 closureEsc=0 surveyExpired=0
2026-09-04T16:12:10.551Z [INFO] [http] GET /api/v1/notifications/unread-count
2026-09-04T16:12:40.256Z [INFO] [http] GET /api/v1/notifications/unread-count
2026-09-04T16:12:45.489Z [INFO] [slaReminder] SLA_SCAN cases=1 respRemind=0 respEsc=0 closureRemind=0 closureEsc=0 surveyExpired=0
2026-09-04T16:13:10.564Z [INFO] [http] GET /api/v1/notifications/unread-count
2026-09-04T16:13:40.552Z [INFO] [http] GET /api/v1/notifications/unread-count
2026-09-04T16:13:45.489Z [INFO] [slaReminder] SLA_SCAN cases=1 respRemind=0 respEsc=0 closureRemind=0 closureEsc=0 surveyExpired=0
2026-09-04T16:14:10.551Z [INFO] [http] GET /api/v1/notifications/unread-count
2026-09-04T16:14:40.560Z [INFO] [http] GET /api/v1/notifications/unread-count
2026-09-04T16:14:45.504Z [INFO] [slaReminder] SLA_SCAN cases=1 respRemind=0 respEsc=0 closureRemind=0 closureEsc=0 surveyExpired=0
2026-09-04T16:15:10.563Z [INFO] [http] GET /api/v1/notifications/unread-count
2026-09-04T16:15:40.550Z [INFO] [http] GET /api/v1/notifications/unread-count
2026-09-04T16:15:45.505Z [INFO] [slaReminder] SLA_SCAN cases=1 respRemind=0 respEsc=0 closureRemind=0 closureEsc=0 surveyExpired=0
2026-09-04T16:16:10.243Z [INFO] [http] GET /api/v1/notifications/unread-count
2026-09-04T16:16:40.548Z [INFO] [http] GET /api/v1/notifications/unread-count
2026-09-04T16:16:45.508Z [INFO] [slaReminder] SLA_SCAN cases=1 respRemind=0 respEsc=0 closureRemind=0 closureEsc=0 surveyExpired=0
2026-09-04T16:17:10.564Z [INFO] [http] GET /api/v1/notifications/unread-count
2026-09-04T16:17:40.559Z [INFO] [http] GET /api/v1/notifications/unread-count
2026-09-04T16:17:45.515Z [INFO] [slaReminder] SLA_SCAN cases=1 respRemind=0 respEsc=0 closureRemind=0 closureEsc=0 surveyExpired=0
2026-09-04T16:18:10.561Z [INFO] [http] GET /api/v1/notifications/unread-count
2026-09-04T16:18:40.564Z [INFO] [http] GET /api/v1/notifications/unread-count
2026-09-04T16:18:45.520Z [INFO] [slaReminder] SLA_SCAN cases=1 respRemind=0 respEsc=0 closureRemind=0 closureEsc=0 surveyExpired=0
2026-09-04T16:19:10.547Z [INFO] [http] GET /api/v1/notifications/unread-count
2026-09-04T16:19:40.559Z [INFO] [http] GET /api/v1/notifications/unread-count
2026-09-04T16:19:45.527Z [INFO] [slaReminder] SLA_SCAN cases=1 respRemind=0 respEsc=0 closureRemind=0 closureEsc=0 surveyExpired=0
2026-09-04T16:20:10.557Z [INFO] [http] GET /api/v1/notifications/unread-count
2026-09-04T16:20:40.562Z [INFO] [http] GET /api/v1/notifications/unread-count
2026-09-04T16:20:45.543Z [INFO] [slaReminder] SLA_SCAN cases=1 respRemind=0 respEsc=0 closureRemind=0 closureEsc=0 surveyExpired=0
2026-09-04T16:21:10.243Z [INFO] [http] GET /api/v1/notifications/unread-count
2026-09-04T16:21:40.550Z [INFO] [http] GET /api/v1/notifications/unread-count
2026-09-04T16:21:45.557Z [INFO] [slaReminder] SLA_SCAN cases=1 respRemind=0 respEsc=0 closureRemind=0 closureEsc=0 surveyExpired=0
2026-09-04T16:22:10.245Z [INFO] [http] GET /api/v1/notifications/unread-count
2026-09-04T16:22:40.550Z [INFO] [http] GET /api/v1/notifications/unread-count
2026-09-04T16:22:45.559Z [INFO] [slaReminder] SLA_SCAN cases=1 respRemind=0 respEsc=0 closureRemind=0 closureEsc=0 surveyExpired=0
2026-09-04T16:23:10.240Z [INFO] [http] GET /api/v1/notifications/unread-count
2026-09-04T16:23:40.555Z [INFO] [http] GET /api/v1/notifications/unread-count
2026-09-04T16:23:45.564Z [INFO] [slaReminder] SLA_SCAN cases=1 respRemind=0 respEsc=0 closureRemind=0 closureEsc=0 surveyExpired=0
2026-09-04T16:24:10.557Z [INFO] [http] GET /api/v1/notifications/unread-count
2026-09-04T16:24:40.566Z [INFO] [http] GET /api/v1/notifications/unread-count
2026-09-04T16:24:45.567Z [INFO] [slaReminder] SLA_SCAN cases=1 respRemind=0 respEsc=0 closureRemind=0 closureEsc=0 surveyExpired=0
2026-09-04T16:25:10.556Z [INFO] [http] GET /api/v1/notifications/unread-count
2026-09-04T16:25:40.560Z [INFO] [http] GET /api/v1/notifications/unread-count
2026-09-04T16:25:45.577Z [INFO] [slaReminder] SLA_SCAN cases=1 respRemind=0 respEsc=0 closureRemind=0 closureEsc=0 surveyExpired=0
2026-09-04T16:26:10.245Z [INFO] [http] GET /api/v1/notifications/unread-count
2026-09-04T16:26:40.564Z [INFO] [http] GET /api/v1/notifications/unread-count
2026-09-04T16:26:45.592Z [INFO] [slaReminder] SLA_SCAN cases=1 respRemind=0 respEsc=0 closureRemind=0 closureEsc=0 surveyExpired=0
2026-09-04T16:27:10.237Z [INFO] [http] GET /api/v1/notifications/unread-count
2026-09-04T16:27:40.560Z [INFO] [http] GET /api/v1/notifications/unread-count
2026-09-04T16:27:45.596Z [INFO] [slaReminder] SLA_SCAN cases=1 respRemind=0 respEsc=0 closureRemind=0 closureEsc=0 surveyExpired=0
2026-09-04T16:28:10.240Z [INFO] [http] GET /api/v1/notifications/unread-count
2026-09-04T16:28:40.551Z [INFO] [http] GET /api/v1/notifications/unread-count
2026-09-04T16:28:45.608Z [INFO] [slaReminder] SLA_SCAN cases=1 respRemind=0 respEsc=0 closureRemind=0 closureEsc=0 surveyExpired=0
2026-09-04T16:29:10.557Z [INFO] [http] GET /api/v1/notifications/unread-count
2026-09-04T16:29:40.552Z [INFO] [http] GET /api/v1/notifications/unread-count
2026-09-04T16:29:45.612Z [INFO] [slaReminder] SLA_SCAN cases=1 respRemind=0 respEsc=0 closureRemind=0 closureEsc=0 surveyExpired=0
2026-09-04T16:30:10.550Z [INFO] [http] GET /api/v1/notifications/unread-count
2026-09-04T16:30:40.245Z [INFO] [http] GET /api/v1/notifications/unread-count
2026-09-04T16:30:45.614Z [INFO] [slaReminder] SLA_SCAN cases=1 respRemind=0 respEsc=0 closureRemind=0 closureEsc=0 surveyExpired=0
2026-09-04T16:31:10.548Z [INFO] [http] GET /api/v1/notifications/unread-count
2026-09-04T16:31:40.240Z [INFO] [http] GET /api/v1/notifications/unread-count
2026-09-04T16:31:45.617Z [INFO] [slaReminder] SLA_SCAN cases=1 respRemind=0 respEsc=0 closureRemind=0 closureEsc=0 surveyExpired=0
2026-09-04T16:32:10.554Z [INFO] [http] GET /api/v1/notifications/unread-count
2026-09-04T16:32:40.552Z [INFO] [http] GET /api/v1/notifications/unread-count
2026-09-04T16:32:45.619Z [INFO] [slaReminder] SLA_SCAN cases=1 respRemind=0 respEsc=0 closureRemind=0 closureEsc=0 surveyExpired=0
2026-09-04T16:33:10.548Z [INFO] [http] GET /api/v1/notifications/unread-count
2026-09-04T16:33:40.556Z [INFO] [http] GET /api/v1/notifications/unread-count
2026-09-04T16:33:45.622Z [INFO] [slaReminder] SLA_SCAN cases=1 respRemind=0 respEsc=0 closureRemind=0 closureEsc=0 surveyExpired=0
2026-09-04T16:34:10.551Z [INFO] [http] GET /api/v1/notifications/unread-count
2026-09-04T16:34:40.546Z [INFO] [http] GET /api/v1/notifications/unread-count
2026-09-04T16:34:45.625Z [INFO] [slaReminder] SLA_SCAN cases=1 respRemind=0 respEsc=0 closureRemind=0 closureEsc=0 surveyExpired=0
2026-09-04T16:35:10.550Z [INFO] [http] GET /api/v1/notifications/unread-count
2026-09-04T16:35:40.555Z [INFO] [http] GET /api/v1/notifications/unread-count
2026-09-04T16:35:45.640Z [INFO] [slaReminder] SLA_SCAN cases=1 respRemind=0 respEsc=0 closureRemind=0 closureEsc=0 surveyExpired=0
2026-09-04T16:36:10.239Z [INFO] [http] GET /api/v1/notifications/unread-count
2026-09-04T16:36:40.556Z [INFO] [http] GET /api/v1/notifications/unread-count
2026-09-04T16:36:45.640Z [INFO] [slaReminder] SLA_SCAN cases=1 respRemind=0 respEsc=0 closureRemind=0 closureEsc=0 surveyExpired=0
2026-09-04T16:37:10.245Z [INFO] [http] GET /api/v1/notifications/unread-count
2026-09-04T16:37:40.543Z [INFO] [http] GET /api/v1/notifications/unread-count
2026-09-04T16:37:45.645Z [INFO] [slaReminder] SLA_SCAN cases=1 respRemind=0 respEsc=0 closureRemind=0 closureEsc=0 surveyExpired=0
2026-09-04T16:38:10.242Z [INFO] [http] GET /api/v1/notifications/unread-count
2026-09-04T16:38:40.558Z [INFO] [http] GET /api/v1/notifications/unread-count
2026-09-04T16:38:45.660Z [INFO] [slaReminder] SLA_SCAN cases=1 respRemind=0 respEsc=0 closureRemind=0 closureEsc=0 surveyExpired=0
2026-09-04T16:39:10.566Z [INFO] [http] GET /api/v1/notifications/unread-count
2026-09-04T16:39:40.547Z [INFO] [http] GET /api/v1/notifications/unread-count
2026-09-04T16:39:45.664Z [INFO] [slaReminder] SLA_SCAN cases=1 respRemind=0 respEsc=0 closureRemind=0 closureEsc=0 surveyExpired=0
2026-09-04T16:40:10.249Z [INFO] [http] GET /api/v1/notifications/unread-count
2026-09-04T16:40:40.540Z [INFO] [http] GET /api/v1/notifications/unread-count
2026-09-04T16:40:45.673Z [INFO] [slaReminder] SLA_SCAN cases=1 respRemind=0 respEsc=0 closureRemind=0 closureEsc=0 surveyExpired=0
2026-09-04T16:41:10.238Z [INFO] [http] GET /api/v1/notifications/unread-count
2026-09-04T16:41:40.551Z [INFO] [http] GET /api/v1/notifications/unread-count
2026-09-04T16:41:45.685Z [INFO] [slaReminder] SLA_SCAN cases=1 respRemind=0 respEsc=0 closureRemind=0 closureEsc=0 surveyExpired=0
2026-09-04T16:42:10.243Z [INFO] [http] GET /api/v1/notifications/unread-count
2026-09-04T16:42:40.557Z [INFO] [http] GET /api/v1/notifications/unread-count
2026-09-04T16:42:45.697Z [INFO] [slaReminder] SLA_SCAN cases=1 respRemind=0 respEsc=0 closureRemind=0 closureEsc=0 surveyExpired=0
2026-09-04T16:43:10.235Z [INFO] [http] GET /api/v1/notifications/unread-count
2026-09-04T16:43:40.551Z [INFO] [http] GET /api/v1/notifications/unread-count
2026-09-04T16:43:45.709Z [INFO] [slaReminder] SLA_SCAN cases=1 respRemind=0 respEsc=0 closureRemind=0 closureEsc=0 surveyExpired=0
2026-09-04T16:44:10.545Z [INFO] [http] GET /api/v1/notifications/unread-count
2026-09-04T16:44:40.541Z [INFO] [http] GET /api/v1/notifications/unread-count
2026-09-04T16:44:45.719Z [INFO] [slaReminder] SLA_SCAN cases=1 respRemind=0 respEsc=0 closureRemind=0 closureEsc=0 surveyExpired=0
2026-09-04T16:45:10.241Z [INFO] [http] GET /api/v1/notifications/unread-count
2026-09-04T16:45:40.540Z [INFO] [http] GET /api/v1/notifications/unread-count
2026-09-04T16:45:45.730Z [INFO] [slaReminder] SLA_SCAN cases=1 respRemind=0 respEsc=0 closureRemind=0 closureEsc=0 surveyExpired=0
2026-09-04T16:46:10.236Z [INFO] [http] GET /api/v1/notifications/unread-count
2026-09-04T16:46:40.553Z [INFO] [http] GET /api/v1/notifications/unread-count
2026-09-04T16:46:45.741Z [INFO] [slaReminder] SLA_SCAN cases=1 respRemind=0 respEsc=0 closureRemind=0 closureEsc=0 surveyExpired=0
2026-09-04T16:47:10.236Z [INFO] [http] GET /api/v1/notifications/unread-count
2026-09-04T16:47:40.542Z [INFO] [http] GET /api/v1/notifications/unread-count
2026-09-04T16:47:45.755Z [INFO] [slaReminder] SLA_SCAN cases=1 respRemind=0 respEsc=0 closureRemind=0 closureEsc=0 surveyExpired=0
2026-09-04T16:48:10.238Z [INFO] [http] GET /api/v1/notifications/unread-count
2026-09-04T16:48:40.550Z [INFO] [http] GET /api/v1/notifications/unread-count
2026-09-04T16:48:45.767Z [INFO] [slaReminder] SLA_SCAN cases=1 respRemind=0 respEsc=0 closureRemind=0 closureEsc=0 surveyExpired=0
2026-09-04T16:49:10.236Z [INFO] [http] GET /api/v1/notifications/unread-count
2026-09-04T16:49:40.547Z [INFO] [http] GET /api/v1/notifications/unread-count
2026-09-04T16:49:45.768Z [INFO] [slaReminder] SLA_SCAN cases=1 respRemind=0 respEsc=0 closureRemind=0 closureEsc=0 surveyExpired=0
2026-09-04T16:50:10.233Z [INFO] [http] GET /api/v1/notifications/unread-count
2026-09-04T16:50:40.550Z [INFO] [http] GET /api/v1/notifications/unread-count
2026-09-04T16:50:45.768Z [INFO] [slaReminder] SLA_SCAN cases=1 respRemind=0 respEsc=0 closureRemind=0 closureEsc=0 surveyExpired=0
2026-09-04T16:51:10.234Z [INFO] [http] GET /api/v1/notifications/unread-count
2026-09-04T16:51:40.556Z [INFO] [http] GET /api/v1/notifications/unread-count
2026-09-04T16:51:45.783Z [INFO] [slaReminder] SLA_SCAN cases=1 respRemind=0 respEsc=0 closureRemind=0 closureEsc=0 surveyExpired=0
2026-09-04T16:52:10.243Z [INFO] [http] GET /api/v1/notifications/unread-count
2026-09-04T16:52:40.554Z [INFO] [http] GET /api/v1/notifications/unread-count
2026-09-04T16:52:45.792Z [INFO] [slaReminder] SLA_SCAN cases=1 respRemind=0 respEsc=0 closureRemind=0 closureEsc=0 surveyExpired=0
2026-09-04T16:53:10.235Z [INFO] [http] GET /api/v1/notifications/unread-count
2026-09-04T16:53:40.556Z [INFO] [http] GET /api/v1/notifications/unread-count
2026-09-04T16:53:45.796Z [INFO] [slaReminder] SLA_SCAN cases=1 respRemind=0 respEsc=0 closureRemind=0 closureEsc=0 surveyExpired=0
2026-09-04T16:54:10.253Z [INFO] [http] GET /api/v1/notifications/unread-count
2026-09-04T16:54:40.549Z [INFO] [http] GET /api/v1/notifications/unread-count
2026-09-04T16:54:45.804Z [INFO] [slaReminder] SLA_SCAN cases=1 respRemind=0 respEsc=0 closureRemind=0 closureEsc=0 surveyExpired=0
2026-09-04T16:55:10.240Z [INFO] [http] GET /api/v1/notifications/unread-count
2026-09-04T16:55:40.548Z [INFO] [http] GET /api/v1/notifications/unread-count
2026-09-04T16:55:45.814Z [INFO] [slaReminder] SLA_SCAN cases=1 respRemind=0 respEsc=0 closureRemind=0 closureEsc=0 surveyExpired=0
2026-09-04T16:56:10.236Z [INFO] [http] GET /api/v1/notifications/unread-count
2026-09-04T16:56:40.540Z [INFO] [http] GET /api/v1/notifications/unread-count
2026-09-04T16:56:45.823Z [INFO] [slaReminder] SLA_SCAN cases=1 respRemind=0 respEsc=0 closureRemind=0 closureEsc=0 surveyExpired=0
2026-09-04T16:57:10.236Z [INFO] [http] GET /api/v1/notifications/unread-count
2026-09-04T16:57:40.560Z [INFO] [http] GET /api/v1/notifications/unread-count
2026-09-04T16:57:45.826Z [INFO] [slaReminder] SLA_SCAN cases=1 respRemind=0 respEsc=0 closureRemind=0 closureEsc=0 surveyExpired=0
2026-09-04T16:58:10.235Z [INFO] [http] GET /api/v1/notifications/unread-count
2026-09-04T16:58:40.549Z [INFO] [http] GET /api/v1/notifications/unread-count
2026-09-04T16:58:45.832Z [INFO] [slaReminder] SLA_SCAN cases=1 respRemind=0 respEsc=0 closureRemind=0 closureEsc=0 surveyExpired=0
2026-09-04T16:59:10.553Z [INFO] [http] GET /api/v1/notifications/unread-count
2026-09-04T16:59:40.237Z [INFO] [http] GET /api/v1/notifications/unread-count
2026-09-04T16:59:45.831Z [INFO] [slaReminder] SLA_SCAN cases=1 respRemind=0 respEsc=0 closureRemind=0 closureEsc=0 surveyExpired=0
2026-09-04T17:00:10.547Z [INFO] [http] GET /api/v1/notifications/unread-count
2026-09-04T17:00:40.237Z [INFO] [http] GET /api/v1/notifications/unread-count
2026-09-04T17:00:45.843Z [INFO] [slaReminder] SLA_SCAN cases=1 respRemind=0 respEsc=0 closureRemind=0 closureEsc=0 surveyExpired=0
2026-09-04T17:01:10.544Z [INFO] [http] GET /api/v1/notifications/unread-count
2026-09-04T17:01:40.231Z [INFO] [http] GET /api/v1/notifications/unread-count
2026-09-04T17:01:45.849Z [INFO] [slaReminder] SLA_SCAN cases=1 respRemind=0 respEsc=0 closureRemind=0 closureEsc=0 surveyExpired=0
2026-09-04T17:02:10.549Z [INFO] [http] GET /api/v1/notifications/unread-count
2026-09-04T17:02:40.229Z [INFO] [http] GET /api/v1/notifications/unread-count
2026-09-04T17:02:45.849Z [INFO] [slaReminder] SLA_SCAN cases=1 respRemind=0 respEsc=0 closureRemind=0 closureEsc=0 surveyExpired=0
2026-09-04T17:03:10.553Z [INFO] [http] GET /api/v1/notifications/unread-count
2026-09-04T17:03:40.228Z [INFO] [http] GET /api/v1/notifications/unread-count
2026-09-04T17:03:45.851Z [INFO] [slaReminder] SLA_SCAN cases=1 respRemind=0 respEsc=0 closureRemind=0 closureEsc=0 surveyExpired=0
2026-09-04T17:04:10.556Z [INFO] [http] GET /api/v1/notifications/unread-count
2026-09-04T17:04:40.228Z [INFO] [http] GET /api/v1/notifications/unread-count
2026-09-04T17:04:45.860Z [INFO] [slaReminder] SLA_SCAN cases=1 respRemind=0 respEsc=0 closureRemind=0 closureEsc=0 surveyExpired=0
2026-09-04T17:05:10.540Z [INFO] [http] GET /api/v1/notifications/unread-count
2026-09-04T17:05:40.227Z [INFO] [http] GET /api/v1/notifications/unread-count
2026-09-04T17:05:45.865Z [INFO] [slaReminder] SLA_SCAN cases=1 respRemind=0 respEsc=0 closureRemind=0 closureEsc=0 surveyExpired=0
2026-09-04T17:06:10.536Z [INFO] [http] GET /api/v1/notifications/unread-count
2026-09-04T17:06:40.234Z [INFO] [http] GET /api/v1/notifications/unread-count
2026-09-04T17:06:45.880Z [INFO] [slaReminder] SLA_SCAN cases=1 respRemind=0 respEsc=0 closureRemind=0 closureEsc=0 surveyExpired=0
2026-09-04T17:07:10.544Z [INFO] [http] GET /api/v1/notifications/unread-count
2026-09-04T17:07:40.235Z [INFO] [http] GET /api/v1/notifications/unread-count
2026-09-04T17:07:45.890Z [INFO] [slaReminder] SLA_SCAN cases=1 respRemind=0 respEsc=0 closureRemind=0 closureEsc=0 surveyExpired=0
2026-09-04T17:08:10.547Z [INFO] [http] GET /api/v1/notifications/unread-count
2026-09-04T17:08:40.556Z [INFO] [http] GET /api/v1/notifications/unread-count
2026-09-04T17:08:45.903Z [INFO] [slaReminder] SLA_SCAN cases=1 respRemind=0 respEsc=0 closureRemind=0 closureEsc=0 surveyExpired=0
2026-09-04T17:09:10.542Z [INFO] [http] GET /api/v1/notifications/unread-count
2026-09-04T17:09:40.558Z [INFO] [http] GET /api/v1/notifications/unread-count
2026-09-04T17:09:45.904Z [INFO] [slaReminder] SLA_SCAN cases=1 respRemind=0 respEsc=0 closureRemind=0 closureEsc=0 surveyExpired=0
2026-09-04T17:10:10.538Z [INFO] [http] GET /api/v1/notifications/unread-count
2026-09-04T17:10:40.547Z [INFO] [http] GET /api/v1/notifications/unread-count
2026-09-04T17:10:45.918Z [INFO] [slaReminder] SLA_SCAN cases=1 respRemind=0 respEsc=0 closureRemind=0 closureEsc=0 surveyExpired=0
2026-09-04T17:11:10.537Z [INFO] [http] GET /api/v1/notifications/unread-count
2026-09-04T17:11:40.550Z [INFO] [http] GET /api/v1/notifications/unread-count
2026-09-04T17:11:45.923Z [INFO] [slaReminder] SLA_SCAN cases=1 respRemind=0 respEsc=0 closureRemind=0 closureEsc=0 surveyExpired=0
2026-09-04T17:12:10.549Z [INFO] [http] GET /api/v1/notifications/unread-count
2026-09-04T17:12:40.550Z [INFO] [http] GET /api/v1/notifications/unread-count
2026-09-04T17:12:45.932Z [INFO] [slaReminder] SLA_SCAN cases=1 respRemind=0 respEsc=0 closureRemind=0 closureEsc=0 surveyExpired=0
2026-09-04T17:13:10.542Z [INFO] [http] GET /api/v1/notifications/unread-count
2026-09-04T17:13:40.548Z [INFO] [http] GET /api/v1/notifications/unread-count
2026-09-04T17:13:45.936Z [INFO] [slaReminder] SLA_SCAN cases=1 respRemind=0 respEsc=0 closureRemind=0 closureEsc=0 surveyExpired=0
2026-09-04T17:14:10.537Z [INFO] [http] GET /api/v1/notifications/unread-count
2026-09-04T17:14:40.541Z [INFO] [http] GET /api/v1/notifications/unread-count
2026-09-04T17:14:45.953Z [INFO] [slaReminder] SLA_SCAN cases=1 respRemind=0 respEsc=0 closureRemind=0 closureEsc=0 surveyExpired=0
2026-09-04T17:15:10.534Z [INFO] [http] GET /api/v1/notifications/unread-count
2026-09-04T17:15:40.545Z [INFO] [http] GET /api/v1/notifications/unread-count
2026-09-04T17:15:45.961Z [INFO] [slaReminder] SLA_SCAN cases=1 respRemind=0 respEsc=0 closureRemind=0 closureEsc=0 surveyExpired=0
2026-09-04T17:16:10.549Z [INFO] [http] GET /api/v1/notifications/unread-count
2026-09-04T17:16:40.550Z [INFO] [http] GET /api/v1/notifications/unread-count
2026-09-04T17:16:45.967Z [INFO] [slaReminder] SLA_SCAN cases=1 respRemind=0 respEsc=0 closureRemind=0 closureEsc=0 surveyExpired=0
2026-09-04T17:17:10.225Z [INFO] [http] GET /api/v1/notifications/unread-count
2026-09-04T17:17:40.542Z [INFO] [http] GET /api/v1/notifications/unread-count
2026-09-04T17:17:45.983Z [INFO] [slaReminder] SLA_SCAN cases=1 respRemind=0 respEsc=0 closureRemind=0 closureEsc=0 surveyExpired=0
2026-09-04T17:18:10.228Z [INFO] [http] GET /api/v1/notifications/unread-count
2026-09-04T17:18:40.539Z [INFO] [http] GET /api/v1/notifications/unread-count
2026-09-04T17:18:45.993Z [INFO] [slaReminder] SLA_SCAN cases=1 respRemind=0 respEsc=0 closureRemind=0 closureEsc=0 surveyExpired=0
2026-09-04T17:19:10.229Z [INFO] [http] GET /api/v1/notifications/unread-count
2026-09-04T17:19:40.546Z [INFO] [http] GET /api/v1/notifications/unread-count
2026-09-04T17:19:46.006Z [INFO] [slaReminder] SLA_SCAN cases=1 respRemind=0 respEsc=0 closureRemind=0 closureEsc=0 surveyExpired=0
2026-09-04T17:20:10.225Z [INFO] [http] GET /api/v1/notifications/unread-count
2026-09-04T17:20:40.543Z [INFO] [http] GET /api/v1/notifications/unread-count
2026-09-04T17:20:46.019Z [INFO] [slaReminder] SLA_SCAN cases=1 respRemind=0 respEsc=0 closureRemind=0 closureEsc=0 surveyExpired=0
2026-09-04T17:21:10.238Z [INFO] [http] GET /api/v1/notifications/unread-count
2026-09-04T17:21:40.544Z [INFO] [http] GET /api/v1/notifications/unread-count
2026-09-04T17:21:46.029Z [INFO] [slaReminder] SLA_SCAN cases=1 respRemind=0 respEsc=0 closureRemind=0 closureEsc=0 surveyExpired=0
2026-09-04T17:22:10.256Z [INFO] [http] GET /api/v1/notifications/unread-count
2026-09-04T17:22:40.538Z [INFO] [http] GET /api/v1/notifications/unread-count
2026-09-04T17:22:46.038Z [INFO] [slaReminder] SLA_SCAN cases=1 respRemind=0 respEsc=0 closureRemind=0 closureEsc=0 surveyExpired=0
2026-09-04T17:23:10.232Z [INFO] [http] GET /api/v1/notifications/unread-count
2026-09-04T17:23:40.549Z [INFO] [http] GET /api/v1/notifications/unread-count
2026-09-04T17:23:46.046Z [INFO] [slaReminder] SLA_SCAN cases=1 respRemind=0 respEsc=0 closureRemind=0 closureEsc=0 surveyExpired=0
2026-09-04T17:24:10.256Z [INFO] [http] GET /api/v1/notifications/unread-count
2026-09-04T17:24:40.550Z [INFO] [http] GET /api/v1/notifications/unread-count
2026-09-04T17:24:46.053Z [INFO] [slaReminder] SLA_SCAN cases=1 respRemind=0 respEsc=0 closureRemind=0 closureEsc=0 surveyExpired=0
2026-09-04T17:25:10.239Z [INFO] [http] GET /api/v1/notifications/unread-count
2026-09-04T17:25:40.549Z [INFO] [http] GET /api/v1/notifications/unread-count
2026-09-04T17:25:46.069Z [INFO] [slaReminder] SLA_SCAN cases=1 respRemind=0 respEsc=0 closureRemind=0 closureEsc=0 surveyExpired=0
2026-09-04T17:26:10.223Z [INFO] [http] GET /api/v1/notifications/unread-count
2026-09-04T17:26:40.547Z [INFO] [http] GET /api/v1/notifications/unread-count
2026-09-04T17:26:46.073Z [INFO] [slaReminder] SLA_SCAN cases=1 respRemind=0 respEsc=0 closureRemind=0 closureEsc=0 surveyExpired=0
2026-09-04T17:27:10.543Z [INFO] [http] GET /api/v1/notifications/unread-count
2026-09-04T17:27:40.543Z [INFO] [http] GET /api/v1/notifications/unread-count
2026-09-04T17:27:46.084Z [INFO] [slaReminder] SLA_SCAN cases=1 respRemind=0 respEsc=0 closureRemind=0 closureEsc=0 surveyExpired=0
2026-09-04T17:28:10.541Z [INFO] [http] GET /api/v1/notifications/unread-count
2026-09-04T17:28:40.543Z [INFO] [http] GET /api/v1/notifications/unread-count
2026-09-04T17:28:46.091Z [INFO] [slaReminder] SLA_SCAN cases=1 respRemind=0 respEsc=0 closureRemind=0 closureEsc=0 surveyExpired=0
2026-09-04T17:29:10.545Z [INFO] [http] GET /api/v1/notifications/unread-count
2026-09-04T17:29:40.547Z [INFO] [http] GET /api/v1/notifications/unread-count
2026-09-04T17:29:46.103Z [INFO] [slaReminder] SLA_SCAN cases=1 respRemind=0 respEsc=0 closureRemind=0 closureEsc=0 surveyExpired=0
2026-09-04T17:30:10.544Z [INFO] [http] GET /api/v1/notifications/unread-count
2026-09-04T17:30:40.243Z [INFO] [http] GET /api/v1/notifications/unread-count
2026-09-04T17:30:46.115Z [INFO] [slaReminder] SLA_SCAN cases=1 respRemind=0 respEsc=0 closureRemind=0 closureEsc=0 surveyExpired=0
2026-09-04T17:31:10.551Z [INFO] [http] GET /api/v1/notifications/unread-count
2026-09-04T17:31:40.237Z [INFO] [http] GET /api/v1/notifications/unread-count
2026-09-04T17:31:46.118Z [INFO] [slaReminder] SLA_SCAN cases=1 respRemind=0 respEsc=0 closureRemind=0 closureEsc=0 surveyExpired=0
2026-09-04T17:32:10.541Z [INFO] [http] GET /api/v1/notifications/unread-count
2026-09-04T17:32:40.234Z [INFO] [http] GET /api/v1/notifications/unread-count
2026-09-04T17:32:46.120Z [INFO] [slaReminder] SLA_SCAN cases=1 respRemind=0 respEsc=0 closureRemind=0 closureEsc=0 surveyExpired=0
2026-09-04T17:33:10.544Z [INFO] [http] GET /api/v1/notifications/unread-count
2026-09-04T17:33:40.231Z [INFO] [http] GET /api/v1/notifications/unread-count
2026-09-04T17:33:46.131Z [INFO] [slaReminder] SLA_SCAN cases=1 respRemind=0 respEsc=0 closureRemind=0 closureEsc=0 surveyExpired=0
2026-09-04T17:34:10.539Z [INFO] [http] GET /api/v1/notifications/unread-count
2026-09-04T17:34:40.544Z [INFO] [http] GET /api/v1/notifications/unread-count
2026-09-04T17:34:46.136Z [INFO] [slaReminder] SLA_SCAN cases=1 respRemind=0 respEsc=0 closureRemind=0 closureEsc=0 surveyExpired=0
2026-09-04T17:35:10.549Z [INFO] [http] GET /api/v1/notifications/unread-count
2026-09-04T17:35:40.546Z [INFO] [http] GET /api/v1/notifications/unread-count
2026-09-04T17:35:46.138Z [INFO] [slaReminder] SLA_SCAN cases=1 respRemind=0 respEsc=0 closureRemind=0 closureEsc=0 surveyExpired=0
2026-09-04T17:36:10.224Z [INFO] [http] GET /api/v1/notifications/unread-count
2026-09-04T17:36:40.541Z [INFO] [http] GET /api/v1/notifications/unread-count
2026-09-04T17:36:46.147Z [INFO] [slaReminder] SLA_SCAN cases=1 respRemind=0 respEsc=0 closureRemind=0 closureEsc=0 surveyExpired=0
2026-09-04T17:37:10.230Z [INFO] [http] GET /api/v1/notifications/unread-count
2026-09-04T17:37:40.546Z [INFO] [http] GET /api/v1/notifications/unread-count
2026-09-04T17:37:46.164Z [INFO] [slaReminder] SLA_SCAN cases=1 respRemind=0 respEsc=0 closureRemind=0 closureEsc=0 surveyExpired=0
2026-09-04T17:38:10.234Z [INFO] [http] GET /api/v1/notifications/unread-count
2026-09-04T17:38:40.536Z [INFO] [http] GET /api/v1/notifications/unread-count
2026-09-04T17:38:46.175Z [INFO] [slaReminder] SLA_SCAN cases=1 respRemind=0 respEsc=0 closureRemind=0 closureEsc=0 surveyExpired=0
2026-09-04T17:39:10.237Z [INFO] [http] GET /api/v1/notifications/unread-count
2026-09-04T17:39:40.544Z [INFO] [http] GET /api/v1/notifications/unread-count
2026-09-04T17:39:46.177Z [INFO] [slaReminder] SLA_SCAN cases=1 respRemind=0 respEsc=0 closureRemind=0 closureEsc=0 surveyExpired=0
2026-09-04T17:40:10.224Z [INFO] [http] GET /api/v1/notifications/unread-count
2026-09-04T17:40:40.538Z [INFO] [http] GET /api/v1/notifications/unread-count
2026-09-04T17:40:46.178Z [INFO] [slaReminder] SLA_SCAN cases=1 respRemind=0 respEsc=0 closureRemind=0 closureEsc=0 surveyExpired=0
2026-09-04T17:41:10.231Z [INFO] [http] GET /api/v1/notifications/unread-count
2026-09-04T17:41:40.544Z [INFO] [http] GET /api/v1/notifications/unread-count
2026-09-04T17:41:46.191Z [INFO] [slaReminder] SLA_SCAN cases=1 respRemind=0 respEsc=0 closureRemind=0 closureEsc=0 surveyExpired=0
2026-09-04T17:42:10.223Z [INFO] [http] GET /api/v1/notifications/unread-count
2026-09-04T17:42:40.542Z [INFO] [http] GET /api/v1/notifications/unread-count
2026-09-04T17:42:46.191Z [INFO] [slaReminder] SLA_SCAN cases=1 respRemind=0 respEsc=0 closureRemind=0 closureEsc=0 surveyExpired=0
2026-09-04T17:43:10.232Z [INFO] [http] GET /api/v1/notifications/unread-count
2026-09-04T17:43:40.538Z [INFO] [http] GET /api/v1/notifications/unread-count
2026-09-04T17:43:46.194Z [INFO] [slaReminder] SLA_SCAN cases=1 respRemind=0 respEsc=0 closureRemind=0 closureEsc=0 surveyExpired=0
2026-09-04T17:44:10.539Z [INFO] [http] GET /api/v1/notifications/unread-count
2026-09-04T17:44:40.231Z [INFO] [http] GET /api/v1/notifications/unread-count
2026-09-04T17:44:46.201Z [INFO] [slaReminder] SLA_SCAN cases=1 respRemind=0 respEsc=0 closureRemind=0 closureEsc=0 surveyExpired=0
2026-09-04T17:45:10.543Z [INFO] [http] GET /api/v1/notifications/unread-count
2026-09-04T17:45:40.233Z [INFO] [http] GET /api/v1/notifications/unread-count
2026-09-04T17:45:46.201Z [INFO] [slaReminder] SLA_SCAN cases=1 respRemind=0 respEsc=0 closureRemind=0 closureEsc=0 surveyExpired=0
2026-09-04T17:46:10.546Z [INFO] [http] GET /api/v1/notifications/unread-count
2026-09-04T17:46:40.233Z [INFO] [http] GET /api/v1/notifications/unread-count
2026-09-04T17:46:46.215Z [INFO] [slaReminder] SLA_SCAN cases=1 respRemind=0 respEsc=0 closureRemind=0 closureEsc=0 surveyExpired=0
2026-09-04T17:47:10.533Z [INFO] [http] GET /api/v1/notifications/unread-count
2026-09-04T17:47:40.230Z [INFO] [http] GET /api/v1/notifications/unread-count
2026-09-04T17:47:46.226Z [INFO] [slaReminder] SLA_SCAN cases=1 respRemind=0 respEsc=0 closureRemind=0 closureEsc=0 surveyExpired=0
2026-09-04T17:48:10.545Z [INFO] [http] GET /api/v1/notifications/unread-count
2026-09-04T17:48:40.235Z [INFO] [http] GET /api/v1/notifications/unread-count
2026-09-04T17:48:46.239Z [INFO] [slaReminder] SLA_SCAN cases=1 respRemind=0 respEsc=0 closureRemind=0 closureEsc=0 surveyExpired=0
2026-09-04T17:49:10.538Z [INFO] [http] GET /api/v1/notifications/unread-count
2026-09-04T17:49:40.233Z [INFO] [http] GET /api/v1/notifications/unread-count
2026-09-04T17:49:46.253Z [INFO] [slaReminder] SLA_SCAN cases=1 respRemind=0 respEsc=0 closureRemind=0 closureEsc=0 surveyExpired=0
2026-09-04T17:50:10.538Z [INFO] [http] GET /api/v1/notifications/unread-count
2026-09-04T17:50:40.226Z [INFO] [http] GET /api/v1/notifications/unread-count
2026-09-04T17:50:46.265Z [INFO] [slaReminder] SLA_SCAN cases=1 respRemind=0 respEsc=0 closureRemind=0 closureEsc=0 surveyExpired=0
2026-09-04T17:51:10.545Z [INFO] [http] GET /api/v1/notifications/unread-count
2026-09-04T17:51:40.227Z [INFO] [http] GET /api/v1/notifications/unread-count
2026-09-04T17:51:46.268Z [INFO] [slaReminder] SLA_SCAN cases=1 respRemind=0 respEsc=0 closureRemind=0 closureEsc=0 surveyExpired=0
2026-09-04T17:52:10.548Z [INFO] [http] GET /api/v1/notifications/unread-count
2026-09-04T17:52:40.231Z [INFO] [http] GET /api/v1/notifications/unread-count
2026-09-04T17:52:46.271Z [INFO] [slaReminder] SLA_SCAN cases=1 respRemind=0 respEsc=0 closureRemind=0 closureEsc=0 surveyExpired=0
2026-09-04T17:53:10.536Z [INFO] [http] GET /api/v1/notifications/unread-count
2026-09-04T17:53:40.230Z [INFO] [http] GET /api/v1/notifications/unread-count
2026-09-04T17:53:46.282Z [INFO] [slaReminder] SLA_SCAN cases=1 respRemind=0 respEsc=0 closureRemind=0 closureEsc=0 surveyExpired=0
2026-09-04T17:54:10.546Z [INFO] [http] GET /api/v1/notifications/unread-count
2026-09-04T17:54:40.222Z [INFO] [http] GET /api/v1/notifications/unread-count
2026-09-04T17:54:46.293Z [INFO] [slaReminder] SLA_SCAN cases=1 respRemind=0 respEsc=0 closureRemind=0 closureEsc=0 surveyExpired=0
2026-09-04T17:55:10.537Z [INFO] [http] GET /api/v1/notifications/unread-count
2026-09-04T17:55:40.221Z [INFO] [http] GET /api/v1/notifications/unread-count
2026-09-04T17:55:46.296Z [INFO] [slaReminder] SLA_SCAN cases=1 respRemind=0 respEsc=0 closureRemind=0 closureEsc=0 surveyExpired=0
2026-09-04T17:56:10.548Z [INFO] [http] GET /api/v1/notifications/unread-count
2026-09-04T17:56:40.232Z [INFO] [http] GET /api/v1/notifications/unread-count
2026-09-04T17:56:46.307Z [INFO] [slaReminder] SLA_SCAN cases=1 respRemind=0 respEsc=0 closureRemind=0 closureEsc=0 surveyExpired=0
2026-09-04T17:57:10.532Z [INFO] [http] GET /api/v1/notifications/unread-count
2026-09-04T17:57:40.228Z [INFO] [http] GET /api/v1/notifications/unread-count
2026-09-04T17:57:46.318Z [INFO] [slaReminder] SLA_SCAN cases=1 respRemind=0 respEsc=0 closureRemind=0 closureEsc=0 surveyExpired=0
2026-09-04T17:58:10.529Z [INFO] [http] GET /api/v1/notifications/unread-count
2026-09-04T17:58:40.231Z [INFO] [http] GET /api/v1/notifications/unread-count
2026-09-04T17:58:46.334Z [INFO] [slaReminder] SLA_SCAN cases=1 respRemind=0 respEsc=0 closureRemind=0 closureEsc=0 surveyExpired=0
2026-09-04T17:59:10.533Z [INFO] [http] GET /api/v1/notifications/unread-count
2026-09-04T17:59:40.258Z [INFO] [http] GET /api/v1/notifications/unread-count
2026-09-04T17:59:46.336Z [INFO] [slaReminder] SLA_SCAN cases=1 respRemind=0 respEsc=0 closureRemind=0 closureEsc=0 surveyExpired=0
2026-09-04T18:00:10.535Z [INFO] [http] GET /api/v1/notifications/unread-count
2026-09-04T18:00:40.226Z [INFO] [http] GET /api/v1/notifications/unread-count
2026-09-04T18:00:46.349Z [INFO] [slaReminder] SLA_SCAN cases=1 respRemind=0 respEsc=0 closureRemind=0 closureEsc=0 surveyExpired=0
2026-09-04T18:01:10.549Z [INFO] [http] GET /api/v1/notifications/unread-count
2026-09-04T18:01:40.221Z [INFO] [http] GET /api/v1/notifications/unread-count
2026-09-04T18:01:46.350Z [INFO] [slaReminder] SLA_SCAN cases=1 respRemind=0 respEsc=0 closureRemind=0 closureEsc=0 surveyExpired=0
2026-09-04T18:02:10.540Z [INFO] [http] GET /api/v1/notifications/unread-count
2026-09-04T18:02:40.233Z [INFO] [http] GET /api/v1/notifications/unread-count
2026-09-04T18:02:46.362Z [INFO] [slaReminder] SLA_SCAN cases=1 respRemind=0 respEsc=0 closureRemind=0 closureEsc=0 surveyExpired=0
2026-09-04T18:03:10.537Z [INFO] [http] GET /api/v1/notifications/unread-count
2026-09-04T18:03:40.228Z [INFO] [http] GET /api/v1/notifications/unread-count
2026-09-04T18:03:46.366Z [INFO] [slaReminder] SLA_SCAN cases=1 respRemind=0 respEsc=0 closureRemind=0 closureEsc=0 surveyExpired=0
2026-09-04T18:04:10.530Z [INFO] [http] GET /api/v1/notifications/unread-count
2026-09-04T18:04:40.230Z [INFO] [http] GET /api/v1/notifications/unread-count
2026-09-04T18:04:46.371Z [INFO] [slaReminder] SLA_SCAN cases=1 respRemind=0 respEsc=0 closureRemind=0 closureEsc=0 surveyExpired=0
2026-09-04T18:05:10.534Z [INFO] [http] GET /api/v1/notifications/unread-count
2026-09-04T18:05:40.227Z [INFO] [http] GET /api/v1/notifications/unread-count
2026-09-04T18:05:46.374Z [INFO] [slaReminder] SLA_SCAN cases=1 respRemind=0 respEsc=0 closureRemind=0 closureEsc=0 surveyExpired=0
2026-09-04T18:06:10.534Z [INFO] [http] GET /api/v1/notifications/unread-count
2026-09-04T18:06:40.224Z [INFO] [http] GET /api/v1/notifications/unread-count
2026-09-04T18:06:46.390Z [INFO] [slaReminder] SLA_SCAN cases=1 respRemind=0 respEsc=0 closureRemind=0 closureEsc=0 surveyExpired=0
2026-09-04T18:07:10.543Z [INFO] [http] GET /api/v1/notifications/unread-count
2026-09-04T18:07:40.224Z [INFO] [http] GET /api/v1/notifications/unread-count
2026-09-04T18:07:46.392Z [INFO] [slaReminder] SLA_SCAN cases=1 respRemind=0 respEsc=0 closureRemind=0 closureEsc=0 surveyExpired=0
2026-09-04T18:08:10.545Z [INFO] [http] GET /api/v1/notifications/unread-count
2026-09-04T18:08:40.225Z [INFO] [http] GET /api/v1/notifications/unread-count
2026-09-04T18:08:46.400Z [INFO] [slaReminder] SLA_SCAN cases=1 respRemind=0 respEsc=0 closureRemind=0 closureEsc=0 surveyExpired=0
2026-09-04T18:09:10.538Z [INFO] [http] GET /api/v1/notifications/unread-count
2026-09-04T18:09:40.538Z [INFO] [http] GET /api/v1/notifications/unread-count
2026-09-04T18:09:46.401Z [INFO] [slaReminder] SLA_SCAN cases=1 respRemind=0 respEsc=0 closureRemind=0 closureEsc=0 surveyExpired=0
2026-09-04T18:10:10.226Z [INFO] [http] GET /api/v1/notifications/unread-count
2026-09-04T18:10:40.541Z [INFO] [http] GET /api/v1/notifications/unread-count
2026-09-04T18:10:46.409Z [INFO] [slaReminder] SLA_SCAN cases=1 respRemind=0 respEsc=0 closureRemind=0 closureEsc=0 surveyExpired=0
2026-09-04T18:11:10.236Z [INFO] [http] GET /api/v1/notifications/unread-count
2026-09-04T18:11:40.531Z [INFO] [http] GET /api/v1/notifications/unread-count
2026-09-04T18:11:46.422Z [INFO] [slaReminder] SLA_SCAN cases=1 respRemind=0 respEsc=0 closureRemind=0 closureEsc=0 surveyExpired=0
2026-09-04T18:12:10.231Z [INFO] [http] GET /api/v1/notifications/unread-count
2026-09-04T18:12:40.533Z [INFO] [http] GET /api/v1/notifications/unread-count
2026-09-04T18:12:46.433Z [INFO] [slaReminder] SLA_SCAN cases=1 respRemind=0 respEsc=0 closureRemind=0 closureEsc=0 surveyExpired=0
2026-09-04T18:13:10.216Z [INFO] [http] GET /api/v1/notifications/unread-count
2026-09-04T18:13:40.540Z [INFO] [http] GET /api/v1/notifications/unread-count
2026-09-04T18:13:46.438Z [INFO] [slaReminder] SLA_SCAN cases=1 respRemind=0 respEsc=0 closureRemind=0 closureEsc=0 surveyExpired=0
2026-09-04T18:14:10.542Z [INFO] [http] GET /api/v1/notifications/unread-count
2026-09-04T18:14:40.228Z [INFO] [http] GET /api/v1/notifications/unread-count
2026-09-04T18:14:46.449Z [INFO] [slaReminder] SLA_SCAN cases=1 respRemind=0 respEsc=0 closureRemind=0 closureEsc=0 surveyExpired=0
2026-09-04T18:15:10.540Z [INFO] [http] GET /api/v1/notifications/unread-count
2026-09-04T18:15:40.230Z [INFO] [http] GET /api/v1/notifications/unread-count
2026-09-04T18:15:46.451Z [INFO] [slaReminder] SLA_SCAN cases=1 respRemind=0 respEsc=0 closureRemind=0 closureEsc=0 surveyExpired=0
2026-09-04T18:16:10.534Z [INFO] [http] GET /api/v1/notifications/unread-count
2026-09-04T18:16:40.224Z [INFO] [http] GET /api/v1/notifications/unread-count
2026-09-04T18:16:46.455Z [INFO] [slaReminder] SLA_SCAN cases=1 respRemind=0 respEsc=0 closureRemind=0 closureEsc=0 surveyExpired=0
2026-09-04T18:17:10.542Z [INFO] [http] GET /api/v1/notifications/unread-count
2026-09-04T18:17:40.227Z [INFO] [http] GET /api/v1/notifications/unread-count
2026-09-04T18:17:46.467Z [INFO] [slaReminder] SLA_SCAN cases=1 respRemind=0 respEsc=0 closureRemind=0 closureEsc=0 surveyExpired=0
2026-09-04T18:18:10.534Z [INFO] [http] GET /api/v1/notifications/unread-count
2026-09-04T18:18:40.222Z [INFO] [http] GET /api/v1/notifications/unread-count
2026-09-04T18:18:46.468Z [INFO] [slaReminder] SLA_SCAN cases=1 respRemind=0 respEsc=0 closureRemind=0 closureEsc=0 surveyExpired=0
2026-09-04T18:19:10.541Z [INFO] [http] GET /api/v1/notifications/unread-count
2026-09-04T18:19:40.528Z [INFO] [http] GET /api/v1/notifications/unread-count
2026-09-04T18:19:46.473Z [INFO] [slaReminder] SLA_SCAN cases=1 respRemind=0 respEsc=0 closureRemind=0 closureEsc=0 surveyExpired=0
2026-09-04T18:20:10.227Z [INFO] [http] GET /api/v1/notifications/unread-count
2026-09-04T18:20:40.534Z [INFO] [http] GET /api/v1/notifications/unread-count
2026-09-04T18:20:46.482Z [INFO] [slaReminder] SLA_SCAN cases=1 respRemind=0 respEsc=0 closureRemind=0 closureEsc=0 surveyExpired=0
2026-09-04T18:21:10.232Z [INFO] [http] GET /api/v1/notifications/unread-count
2026-09-04T18:21:40.531Z [INFO] [http] GET /api/v1/notifications/unread-count
2026-09-04T18:21:46.486Z [INFO] [slaReminder] SLA_SCAN cases=1 respRemind=0 respEsc=0 closureRemind=0 closureEsc=0 surveyExpired=0
2026-09-04T18:22:10.221Z [INFO] [http] GET /api/v1/notifications/unread-count
2026-09-04T18:22:40.539Z [INFO] [http] GET /api/v1/notifications/unread-count
2026-09-04T18:22:46.493Z [INFO] [slaReminder] SLA_SCAN cases=1 respRemind=0 respEsc=0 closureRemind=0 closureEsc=0 surveyExpired=0
2026-09-04T18:23:10.226Z [INFO] [http] GET /api/v1/notifications/unread-count
2026-09-04T18:23:40.539Z [INFO] [http] GET /api/v1/notifications/unread-count
2026-09-04T18:23:46.501Z [INFO] [slaReminder] SLA_SCAN cases=1 respRemind=0 respEsc=0 closureRemind=0 closureEsc=0 surveyExpired=0
2026-09-04T18:24:10.556Z [INFO] [http] GET /api/v1/notifications/unread-count
2026-09-04T18:24:40.226Z [INFO] [http] GET /api/v1/notifications/unread-count
2026-09-04T18:24:46.506Z [INFO] [slaReminder] SLA_SCAN cases=1 respRemind=0 respEsc=0 closureRemind=0 closureEsc=0 surveyExpired=0
2026-09-04T18:25:10.534Z [INFO] [http] GET /api/v1/notifications/unread-count
2026-09-04T18:25:40.221Z [INFO] [http] GET /api/v1/notifications/unread-count
2026-09-04T18:25:46.517Z [INFO] [slaReminder] SLA_SCAN cases=1 respRemind=0 respEsc=0 closureRemind=0 closureEsc=0 surveyExpired=0
2026-09-04T18:26:10.534Z [INFO] [http] GET /api/v1/notifications/unread-count
2026-09-04T18:26:40.226Z [INFO] [http] GET /api/v1/notifications/unread-count
2026-09-04T18:26:46.534Z [INFO] [slaReminder] SLA_SCAN cases=1 respRemind=0 respEsc=0 closureRemind=0 closureEsc=0 surveyExpired=0
2026-09-04T18:27:10.532Z [INFO] [http] GET /api/v1/notifications/unread-count
2026-09-04T18:27:40.226Z [INFO] [http] GET /api/v1/notifications/unread-count
2026-09-04T18:27:46.549Z [INFO] [slaReminder] SLA_SCAN cases=1 respRemind=0 respEsc=0 closureRemind=0 closureEsc=0 surveyExpired=0
2026-09-04T18:28:10.544Z [INFO] [http] GET /api/v1/notifications/unread-count
2026-09-04T18:28:40.230Z [INFO] [http] GET /api/v1/notifications/unread-count
2026-09-04T18:28:46.564Z [INFO] [slaReminder] SLA_SCAN cases=1 respRemind=0 respEsc=0 closureRemind=0 closureEsc=0 surveyExpired=0
2026-09-04T18:29:10.534Z [INFO] [http] GET /api/v1/notifications/unread-count
2026-09-04T18:29:40.530Z [INFO] [http] GET /api/v1/notifications/unread-count
2026-09-04T18:29:46.576Z [INFO] [slaReminder] SLA_SCAN cases=1 respRemind=0 respEsc=0 closureRemind=0 closureEsc=0 surveyExpired=0
2026-09-04T18:30:10.231Z [INFO] [http] GET /api/v1/notifications/unread-count
2026-09-04T18:30:40.533Z [INFO] [http] GET /api/v1/notifications/unread-count
2026-09-04T18:30:46.587Z [INFO] [slaReminder] SLA_SCAN cases=1 respRemind=0 respEsc=0 closureRemind=0 closureEsc=0 surveyExpired=0
2026-09-04T18:31:10.224Z [INFO] [http] GET /api/v1/notifications/unread-count
2026-09-04T18:31:40.538Z [INFO] [http] GET /api/v1/notifications/unread-count
2026-09-04T18:31:46.592Z [INFO] [slaReminder] SLA_SCAN cases=1 respRemind=0 respEsc=0 closureRemind=0 closureEsc=0 surveyExpired=0
2026-09-04T18:32:10.231Z [INFO] [http] GET /api/v1/notifications/unread-count
2026-09-04T18:32:40.540Z [INFO] [http] GET /api/v1/notifications/unread-count
2026-09-04T18:32:46.603Z [INFO] [slaReminder] SLA_SCAN cases=1 respRemind=0 respEsc=0 closureRemind=0 closureEsc=0 surveyExpired=0
2026-09-04T18:33:10.219Z [INFO] [http] GET /api/v1/notifications/unread-count
2026-09-04T18:33:40.535Z [INFO] [http] GET /api/v1/notifications/unread-count
2026-09-04T18:33:46.615Z [INFO] [slaReminder] SLA_SCAN cases=1 respRemind=0 respEsc=0 closureRemind=0 closureEsc=0 surveyExpired=0
2026-09-04T18:34:10.532Z [INFO] [http] GET /api/v1/notifications/unread-count
2026-09-04T18:34:40.537Z [INFO] [http] GET /api/v1/notifications/unread-count
2026-09-04T18:34:46.624Z [INFO] [slaReminder] SLA_SCAN cases=1 respRemind=0 respEsc=0 closureRemind=0 closureEsc=0 surveyExpired=0
2026-09-04T18:35:10.227Z [INFO] [http] GET /api/v1/notifications/unread-count
2026-09-04T18:35:40.534Z [INFO] [http] GET /api/v1/notifications/unread-count
2026-09-04T18:35:46.633Z [INFO] [slaReminder] SLA_SCAN cases=1 respRemind=0 respEsc=0 closureRemind=0 closureEsc=0 surveyExpired=0
2026-09-04T18:36:10.529Z [INFO] [http] GET /api/v1/notifications/unread-count
2026-09-04T18:36:40.214Z [INFO] [http] GET /api/v1/notifications/unread-count
2026-09-04T18:36:46.649Z [INFO] [slaReminder] SLA_SCAN cases=1 respRemind=0 respEsc=0 closureRemind=0 closureEsc=0 surveyExpired=0
2026-09-04T18:37:10.523Z [INFO] [http] GET /api/v1/notifications/unread-count
2026-09-04T18:37:40.228Z [INFO] [http] GET /api/v1/notifications/unread-count
2026-09-04T18:37:46.656Z [INFO] [slaReminder] SLA_SCAN cases=1 respRemind=0 respEsc=0 closureRemind=0 closureEsc=0 surveyExpired=0
2026-09-04T18:38:10.533Z [INFO] [http] GET /api/v1/notifications/unread-count
2026-09-04T18:38:40.541Z [INFO] [http] GET /api/v1/notifications/unread-count
2026-09-04T18:38:46.660Z [INFO] [slaReminder] SLA_SCAN cases=1 respRemind=0 respEsc=0 closureRemind=0 closureEsc=0 surveyExpired=0
2026-09-04T18:39:10.536Z [INFO] [http] GET /api/v1/notifications/unread-count
2026-09-04T18:39:40.523Z [INFO] [http] GET /api/v1/notifications/unread-count
2026-09-04T18:39:46.662Z [INFO] [slaReminder] SLA_SCAN cases=1 respRemind=0 respEsc=0 closureRemind=0 closureEsc=0 surveyExpired=0
2026-09-04T18:40:10.534Z [INFO] [http] GET /api/v1/notifications/unread-count
2026-09-04T18:40:40.533Z [INFO] [http] GET /api/v1/notifications/unread-count
2026-09-04T18:40:46.674Z [INFO] [slaReminder] SLA_SCAN cases=1 respRemind=0 respEsc=0 closureRemind=0 closureEsc=0 surveyExpired=0
2026-09-04T18:41:10.526Z [INFO] [http] GET /api/v1/notifications/unread-count
2026-09-04T18:41:40.531Z [INFO] [http] GET /api/v1/notifications/unread-count
2026-09-04T18:41:46.681Z [INFO] [slaReminder] SLA_SCAN cases=1 respRemind=0 respEsc=0 closureRemind=0 closureEsc=0 surveyExpired=0
2026-09-04T18:42:10.225Z [INFO] [http] GET /api/v1/notifications/unread-count
2026-09-04T18:42:40.543Z [INFO] [http] GET /api/v1/notifications/unread-count
2026-09-04T18:42:46.693Z [INFO] [slaReminder] SLA_SCAN cases=1 respRemind=0 respEsc=0 closureRemind=0 closureEsc=0 surveyExpired=0
2026-09-04T18:43:10.219Z [INFO] [http] GET /api/v1/notifications/unread-count
2026-09-04T18:43:40.529Z [INFO] [http] GET /api/v1/notifications/unread-count
2026-09-04T18:43:46.706Z [INFO] [slaReminder] SLA_SCAN cases=1 respRemind=0 respEsc=0 closureRemind=0 closureEsc=0 surveyExpired=0
2026-09-04T18:44:10.570Z [INFO] [http] GET /api/v1/notifications/unread-count
2026-09-04T18:44:40.526Z [INFO] [http] GET /api/v1/notifications/unread-count
2026-09-04T18:44:46.714Z [INFO] [slaReminder] SLA_SCAN cases=1 respRemind=0 respEsc=0 closureRemind=0 closureEsc=0 surveyExpired=0
2026-09-04T18:45:10.540Z [INFO] [http] GET /api/v1/notifications/unread-count
2026-09-04T18:45:40.535Z [INFO] [http] GET /api/v1/notifications/unread-count
2026-09-04T18:45:46.715Z [INFO] [slaReminder] SLA_SCAN cases=1 respRemind=0 respEsc=0 closureRemind=0 closureEsc=0 surveyExpired=0
2026-09-04T18:46:10.527Z [INFO] [http] GET /api/v1/notifications/unread-count
2026-09-04T18:46:40.529Z [INFO] [http] GET /api/v1/notifications/unread-count
2026-09-04T18:46:46.719Z [INFO] [slaReminder] SLA_SCAN cases=1 respRemind=0 respEsc=0 closureRemind=0 closureEsc=0 surveyExpired=0
2026-09-04T18:47:10.218Z [INFO] [http] GET /api/v1/notifications/unread-count
2026-09-04T18:47:40.534Z [INFO] [http] GET /api/v1/notifications/unread-count
2026-09-04T18:47:46.731Z [INFO] [slaReminder] SLA_SCAN cases=1 respRemind=0 respEsc=0 closureRemind=0 closureEsc=0 surveyExpired=0
2026-09-04T18:48:10.528Z [INFO] [http] GET /api/v1/notifications/unread-count
2026-09-04T18:48:40.533Z [INFO] [http] GET /api/v1/notifications/unread-count
2026-09-04T18:48:46.742Z [INFO] [slaReminder] SLA_SCAN cases=1 respRemind=0 respEsc=0 closureRemind=0 closureEsc=0 surveyExpired=0
2026-09-04T18:49:10.541Z [INFO] [http] GET /api/v1/notifications/unread-count
2026-09-04T18:49:40.535Z [INFO] [http] GET /api/v1/notifications/unread-count
2026-09-04T18:49:46.755Z [INFO] [slaReminder] SLA_SCAN cases=1 respRemind=0 respEsc=0 closureRemind=0 closureEsc=0 surveyExpired=0
2026-09-04T18:50:10.522Z [INFO] [http] GET /api/v1/notifications/unread-count
2026-09-04T18:50:40.225Z [INFO] [http] GET /api/v1/notifications/unread-count
2026-09-04T18:50:46.767Z [INFO] [slaReminder] SLA_SCAN cases=1 respRemind=0 respEsc=0 closureRemind=0 closureEsc=0 surveyExpired=0
2026-09-04T18:51:10.538Z [INFO] [http] GET /api/v1/notifications/unread-count
2026-09-04T18:51:40.218Z [INFO] [http] GET /api/v1/notifications/unread-count
2026-09-04T18:51:46.768Z [INFO] [slaReminder] SLA_SCAN cases=1 respRemind=0 respEsc=0 closureRemind=0 closureEsc=0 surveyExpired=0
2026-09-04T18:52:10.534Z [INFO] [http] GET /api/v1/notifications/unread-count
2026-09-04T18:52:40.216Z [INFO] [http] GET /api/v1/notifications/unread-count
2026-09-04T18:52:46.779Z [INFO] [slaReminder] SLA_SCAN cases=1 respRemind=0 respEsc=0 closureRemind=0 closureEsc=0 surveyExpired=0
2026-09-04T18:53:10.534Z [INFO] [http] GET /api/v1/notifications/unread-count
2026-09-04T18:53:40.228Z [INFO] [http] GET /api/v1/notifications/unread-count
2026-09-04T18:53:46.781Z [INFO] [slaReminder] SLA_SCAN cases=1 respRemind=0 respEsc=0 closureRemind=0 closureEsc=0 surveyExpired=0
2026-09-04T18:54:10.528Z [INFO] [http] GET /api/v1/notifications/unread-count
2026-09-04T18:54:40.224Z [INFO] [http] GET /api/v1/notifications/unread-count
2026-09-04T18:54:46.792Z [INFO] [slaReminder] SLA_SCAN cases=1 respRemind=0 respEsc=0 closureRemind=0 closureEsc=0 surveyExpired=0
2026-09-04T18:55:10.530Z [INFO] [http] GET /api/v1/notifications/unread-count
2026-09-04T18:55:40.223Z [INFO] [http] GET /api/v1/notifications/unread-count
2026-09-04T18:55:46.802Z [INFO] [slaReminder] SLA_SCAN cases=1 respRemind=0 respEsc=0 closureRemind=0 closureEsc=0 surveyExpired=0
2026-09-04T18:56:10.538Z [INFO] [http] GET /api/v1/notifications/unread-count
2026-09-04T18:56:40.216Z [INFO] [http] GET /api/v1/notifications/unread-count
2026-09-04T18:56:46.813Z [INFO] [slaReminder] SLA_SCAN cases=1 respRemind=0 respEsc=0 closureRemind=0 closureEsc=0 surveyExpired=0
2026-09-04T18:57:10.538Z [INFO] [http] GET /api/v1/notifications/unread-count
2026-09-04T18:57:40.219Z [INFO] [http] GET /api/v1/notifications/unread-count
2026-09-04T18:57:46.819Z [INFO] [slaReminder] SLA_SCAN cases=1 respRemind=0 respEsc=0 closureRemind=0 closureEsc=0 surveyExpired=0
2026-09-04T18:58:10.525Z [INFO] [http] GET /api/v1/notifications/unread-count
2026-09-04T18:58:40.214Z [INFO] [http] GET /api/v1/notifications/unread-count
2026-09-04T18:58:46.832Z [INFO] [slaReminder] SLA_SCAN cases=1 respRemind=0 respEsc=0 closureRemind=0 closureEsc=0 surveyExpired=0
2026-09-04T18:59:10.554Z [INFO] [http] GET /api/v1/notifications/unread-count
2026-09-04T18:59:40.231Z [INFO] [http] GET /api/v1/notifications/unread-count
2026-09-04T18:59:46.842Z [INFO] [slaReminder] SLA_SCAN cases=1 respRemind=0 respEsc=0 closureRemind=0 closureEsc=0 surveyExpired=0
2026-09-04T19:00:10.536Z [INFO] [http] GET /api/v1/notifications/unread-count
2026-09-04T19:00:40.217Z [INFO] [http] GET /api/v1/notifications/unread-count
2026-09-04T19:00:46.852Z [INFO] [slaReminder] SLA_SCAN cases=1 respRemind=0 respEsc=0 closureRemind=0 closureEsc=0 surveyExpired=0
2026-09-04T19:01:10.534Z [INFO] [http] GET /api/v1/notifications/unread-count
2026-09-04T19:01:40.219Z [INFO] [http] GET /api/v1/notifications/unread-count
2026-09-04T19:01:46.864Z [INFO] [slaReminder] SLA_SCAN cases=1 respRemind=0 respEsc=0 closureRemind=0 closureEsc=0 surveyExpired=0
2026-09-04T19:02:10.522Z [INFO] [http] GET /api/v1/notifications/unread-count
2026-09-04T19:02:40.214Z [INFO] [http] GET /api/v1/notifications/unread-count
2026-09-04T19:02:46.871Z [INFO] [slaReminder] SLA_SCAN cases=1 respRemind=0 respEsc=0 closureRemind=0 closureEsc=0 surveyExpired=0
2026-09-04T19:03:10.539Z [INFO] [http] GET /api/v1/notifications/unread-count
2026-09-04T19:03:40.219Z [INFO] [http] GET /api/v1/notifications/unread-count
2026-09-04T19:03:46.881Z [INFO] [slaReminder] SLA_SCAN cases=1 respRemind=0 respEsc=0 closureRemind=0 closureEsc=0 surveyExpired=0
2026-09-04T19:04:10.530Z [INFO] [http] GET /api/v1/notifications/unread-count
2026-09-04T19:04:40.529Z [INFO] [http] GET /api/v1/notifications/unread-count
2026-09-04T19:04:46.894Z [INFO] [slaReminder] SLA_SCAN cases=1 respRemind=0 respEsc=0 closureRemind=0 closureEsc=0 surveyExpired=0
2026-09-04T19:05:10.527Z [INFO] [http] GET /api/v1/notifications/unread-count
2026-09-04T19:05:40.225Z [INFO] [http] GET /api/v1/notifications/unread-count
2026-09-04T19:05:46.910Z [INFO] [slaReminder] SLA_SCAN cases=1 respRemind=0 respEsc=0 closureRemind=0 closureEsc=0 surveyExpired=0
2026-09-04T19:06:10.527Z [INFO] [http] GET /api/v1/notifications/unread-count
2026-09-04T19:06:40.213Z [INFO] [http] GET /api/v1/notifications/unread-count
2026-09-04T19:06:46.922Z [INFO] [slaReminder] SLA_SCAN cases=1 respRemind=0 respEsc=0 closureRemind=0 closureEsc=0 surveyExpired=0
2026-09-04T19:07:10.527Z [INFO] [http] GET /api/v1/notifications/unread-count
2026-09-04T19:07:40.221Z [INFO] [http] GET /api/v1/notifications/unread-count
2026-09-04T19:07:46.936Z [INFO] [slaReminder] SLA_SCAN cases=1 respRemind=0 respEsc=0 closureRemind=0 closureEsc=0 surveyExpired=0
2026-09-04T19:08:10.536Z [INFO] [http] GET /api/v1/notifications/unread-count
2026-09-04T19:08:40.215Z [INFO] [http] GET /api/v1/notifications/unread-count
2026-09-04T19:08:46.947Z [INFO] [slaReminder] SLA_SCAN cases=1 respRemind=0 respEsc=0 closureRemind=0 closureEsc=0 surveyExpired=0
2026-09-04T19:09:10.533Z [INFO] [http] GET /api/v1/notifications/unread-count
2026-09-04T19:09:40.533Z [INFO] [http] GET /api/v1/notifications/unread-count
2026-09-04T19:09:46.952Z [INFO] [slaReminder] SLA_SCAN cases=1 respRemind=0 respEsc=0 closureRemind=0 closureEsc=0 surveyExpired=0
2026-09-04T19:10:10.534Z [INFO] [http] GET /api/v1/notifications/unread-count
2026-09-04T19:10:40.229Z [INFO] [http] GET /api/v1/notifications/unread-count
2026-09-04T19:10:46.964Z [INFO] [slaReminder] SLA_SCAN cases=1 respRemind=0 respEsc=0 closureRemind=0 closureEsc=0 surveyExpired=0
2026-09-04T19:11:10.534Z [INFO] [http] GET /api/v1/notifications/unread-count
2026-09-04T19:11:40.219Z [INFO] [http] GET /api/v1/notifications/unread-count
2026-09-04T19:11:46.976Z [INFO] [slaReminder] SLA_SCAN cases=1 respRemind=0 respEsc=0 closureRemind=0 closureEsc=0 surveyExpired=0
2026-09-04T19:12:10.522Z [INFO] [http] GET /api/v1/notifications/unread-count
2026-09-04T19:12:40.219Z [INFO] [http] GET /api/v1/notifications/unread-count
2026-09-04T19:12:46.990Z [INFO] [slaReminder] SLA_SCAN cases=1 respRemind=0 respEsc=0 closureRemind=0 closureEsc=0 surveyExpired=0
2026-09-04T19:13:10.530Z [INFO] [http] GET /api/v1/notifications/unread-count
2026-09-04T19:13:40.214Z [INFO] [http] GET /api/v1/notifications/unread-count
2026-09-04T19:13:47.003Z [INFO] [slaReminder] SLA_SCAN cases=1 respRemind=0 respEsc=0 closureRemind=0 closureEsc=0 surveyExpired=0
2026-09-04T19:14:10.547Z [INFO] [http] GET /api/v1/notifications/unread-count
2026-09-04T19:14:40.527Z [INFO] [http] GET /api/v1/notifications/unread-count
2026-09-04T19:14:47.008Z [INFO] [slaReminder] SLA_SCAN cases=1 respRemind=0 respEsc=0 closureRemind=0 closureEsc=0 surveyExpired=0
2026-09-04T19:15:10.533Z [INFO] [http] GET /api/v1/notifications/unread-count
2026-09-04T19:15:40.527Z [INFO] [http] GET /api/v1/notifications/unread-count
2026-09-04T19:15:47.018Z [INFO] [slaReminder] SLA_SCAN cases=1 respRemind=0 respEsc=0 closureRemind=0 closureEsc=0 surveyExpired=0
2026-09-04T19:16:10.217Z [INFO] [http] GET /api/v1/notifications/unread-count
2026-09-04T19:16:40.537Z [INFO] [http] GET /api/v1/notifications/unread-count
2026-09-04T19:16:47.026Z [INFO] [slaReminder] SLA_SCAN cases=1 respRemind=0 respEsc=0 closureRemind=0 closureEsc=0 surveyExpired=0
2026-09-04T19:17:10.222Z [INFO] [http] GET /api/v1/notifications/unread-count
2026-09-04T19:17:40.535Z [INFO] [http] GET /api/v1/notifications/unread-count
2026-09-04T19:17:47.038Z [INFO] [slaReminder] SLA_SCAN cases=1 respRemind=0 respEsc=0 closureRemind=0 closureEsc=0 surveyExpired=0
2026-09-04T19:18:10.218Z [INFO] [http] GET /api/v1/notifications/unread-count
2026-09-04T19:18:40.525Z [INFO] [http] GET /api/v1/notifications/unread-count
2026-09-04T19:18:47.052Z [INFO] [slaReminder] SLA_SCAN cases=1 respRemind=0 respEsc=0 closureRemind=0 closureEsc=0 surveyExpired=0
2026-09-04T19:19:10.537Z [INFO] [http] GET /api/v1/notifications/unread-count
2026-09-04T19:19:40.518Z [INFO] [http] GET /api/v1/notifications/unread-count
2026-09-04T19:19:47.055Z [INFO] [slaReminder] SLA_SCAN cases=1 respRemind=0 respEsc=0 closureRemind=0 closureEsc=0 surveyExpired=0
2026-09-04T19:20:10.529Z [INFO] [http] GET /api/v1/notifications/unread-count
2026-09-04T19:20:40.526Z [INFO] [http] GET /api/v1/notifications/unread-count
2026-09-04T19:20:47.069Z [INFO] [slaReminder] SLA_SCAN cases=1 respRemind=0 respEsc=0 closureRemind=0 closureEsc=0 surveyExpired=0
2026-09-04T19:21:10.530Z [INFO] [http] GET /api/v1/notifications/unread-count
2026-09-04T19:21:40.520Z [INFO] [http] GET /api/v1/notifications/unread-count
2026-09-04T19:21:47.080Z [INFO] [slaReminder] SLA_SCAN cases=1 respRemind=0 respEsc=0 closureRemind=0 closureEsc=0 surveyExpired=0
2026-09-04T19:22:10.223Z [INFO] [http] GET /api/v1/notifications/unread-count
2026-09-04T19:22:40.520Z [INFO] [http] GET /api/v1/notifications/unread-count
2026-09-04T19:22:47.092Z [INFO] [slaReminder] SLA_SCAN cases=1 respRemind=0 respEsc=0 closureRemind=0 closureEsc=0 surveyExpired=0
2026-09-04T19:23:10.221Z [INFO] [http] GET /api/v1/notifications/unread-count
2026-09-04T19:23:40.523Z [INFO] [http] GET /api/v1/notifications/unread-count
2026-09-04T19:23:47.100Z [INFO] [slaReminder] SLA_SCAN cases=1 respRemind=0 respEsc=0 closureRemind=0 closureEsc=0 surveyExpired=0
2026-09-04T19:24:10.532Z [INFO] [http] GET /api/v1/notifications/unread-count
2026-09-04T19:24:40.213Z [INFO] [http] GET /api/v1/notifications/unread-count
2026-09-04T19:24:47.114Z [INFO] [slaReminder] SLA_SCAN cases=1 respRemind=0 respEsc=0 closureRemind=0 closureEsc=0 surveyExpired=0
2026-09-04T19:25:10.524Z [INFO] [http] GET /api/v1/notifications/unread-count
2026-09-04T19:25:40.219Z [INFO] [http] GET /api/v1/notifications/unread-count
2026-09-04T19:25:47.126Z [INFO] [slaReminder] SLA_SCAN cases=1 respRemind=0 respEsc=0 closureRemind=0 closureEsc=0 surveyExpired=0
2026-09-04T19:26:10.528Z [INFO] [http] GET /api/v1/notifications/unread-count
2026-09-04T19:26:40.227Z [INFO] [http] GET /api/v1/notifications/unread-count
2026-09-04T19:26:47.132Z [INFO] [slaReminder] SLA_SCAN cases=1 respRemind=0 respEsc=0 closureRemind=0 closureEsc=0 surveyExpired=0
2026-09-04T19:27:10.527Z [INFO] [http] GET /api/v1/notifications/unread-count
2026-09-04T19:27:40.215Z [INFO] [http] GET /api/v1/notifications/unread-count
2026-09-04T19:27:47.144Z [INFO] [slaReminder] SLA_SCAN cases=1 respRemind=0 respEsc=0 closureRemind=0 closureEsc=0 surveyExpired=0
2026-09-04T19:28:10.522Z [INFO] [http] GET /api/v1/notifications/unread-count
2026-09-04T19:28:40.214Z [INFO] [http] GET /api/v1/notifications/unread-count
2026-09-04T19:28:47.149Z [INFO] [slaReminder] SLA_SCAN cases=1 respRemind=0 respEsc=0 closureRemind=0 closureEsc=0 surveyExpired=0
2026-09-04T19:29:10.525Z [INFO] [http] GET /api/v1/notifications/unread-count
2026-09-04T19:29:40.529Z [INFO] [http] GET /api/v1/notifications/unread-count
2026-09-04T19:29:47.152Z [INFO] [slaReminder] SLA_SCAN cases=1 respRemind=0 respEsc=0 closureRemind=0 closureEsc=0 surveyExpired=0
2026-09-04T19:30:10.228Z [INFO] [http] GET /api/v1/notifications/unread-count
2026-09-04T19:30:40.527Z [INFO] [http] GET /api/v1/notifications/unread-count
2026-09-04T19:30:47.159Z [INFO] [slaReminder] SLA_SCAN cases=1 respRemind=0 respEsc=0 closureRemind=0 closureEsc=0 surveyExpired=0
2026-09-04T19:31:10.222Z [INFO] [http] GET /api/v1/notifications/unread-count
2026-09-04T19:31:40.527Z [INFO] [http] GET /api/v1/notifications/unread-count
2026-09-04T19:31:47.168Z [INFO] [slaReminder] SLA_SCAN cases=1 respRemind=0 respEsc=0 closureRemind=0 closureEsc=0 surveyExpired=0
2026-09-04T19:32:10.223Z [INFO] [http] GET /api/v1/notifications/unread-count
2026-09-04T19:32:40.533Z [INFO] [http] GET /api/v1/notifications/unread-count
2026-09-04T19:32:47.173Z [INFO] [slaReminder] SLA_SCAN cases=1 respRemind=0 respEsc=0 closureRemind=0 closureEsc=0 surveyExpired=0
2026-09-04T19:33:10.223Z [INFO] [http] GET /api/v1/notifications/unread-count
2026-09-04T19:33:40.530Z [INFO] [http] GET /api/v1/notifications/unread-count
2026-09-04T19:33:47.183Z [INFO] [slaReminder] SLA_SCAN cases=1 respRemind=0 respEsc=0 closureRemind=0 closureEsc=0 surveyExpired=0
2026-09-04T19:34:10.525Z [INFO] [http] GET /api/v1/notifications/unread-count
2026-09-04T19:34:40.523Z [INFO] [http] GET /api/v1/notifications/unread-count
2026-09-04T19:34:47.187Z [INFO] [slaReminder] SLA_SCAN cases=1 respRemind=0 respEsc=0 closureRemind=0 closureEsc=0 surveyExpired=0
2026-09-04T19:35:10.581Z [INFO] [http] GET /api/v1/notifications/unread-count
2026-09-04T19:35:40.534Z [INFO] [http] GET /api/v1/notifications/unread-count
2026-09-04T19:35:47.189Z [INFO] [slaReminder] SLA_SCAN cases=1 respRemind=0 respEsc=0 closureRemind=0 closureEsc=0 surveyExpired=0
2026-09-04T19:36:10.525Z [INFO] [http] GET /api/v1/notifications/unread-count
2026-09-04T19:36:40.539Z [INFO] [http] GET /api/v1/notifications/unread-count
2026-09-04T19:36:47.193Z [INFO] [slaReminder] SLA_SCAN cases=1 respRemind=0 respEsc=0 closureRemind=0 closureEsc=0 surveyExpired=0
2026-09-04T19:37:10.210Z [INFO] [http] GET /api/v1/notifications/unread-count
2026-09-04T19:37:40.532Z [INFO] [http] GET /api/v1/notifications/unread-count
2026-09-04T19:37:47.195Z [INFO] [slaReminder] SLA_SCAN cases=1 respRemind=0 respEsc=0 closureRemind=0 closureEsc=0 surveyExpired=0
2026-09-04T19:38:10.219Z [INFO] [http] GET /api/v1/notifications/unread-count
2026-09-04T19:38:40.522Z [INFO] [http] GET /api/v1/notifications/unread-count
2026-09-04T19:38:47.204Z [INFO] [slaReminder] SLA_SCAN cases=1 respRemind=0 respEsc=0 closureRemind=0 closureEsc=0 surveyExpired=0
2026-09-04T19:39:10.532Z [INFO] [http] GET /api/v1/notifications/unread-count
2026-09-04T19:39:40.217Z [INFO] [http] GET /api/v1/notifications/unread-count
2026-09-04T19:39:47.216Z [INFO] [slaReminder] SLA_SCAN cases=1 respRemind=0 respEsc=0 closureRemind=0 closureEsc=0 surveyExpired=0
2026-09-04T19:40:10.524Z [INFO] [http] GET /api/v1/notifications/unread-count
2026-09-04T19:40:40.219Z [INFO] [http] GET /api/v1/notifications/unread-count
2026-09-04T19:40:47.231Z [INFO] [slaReminder] SLA_SCAN cases=1 respRemind=0 respEsc=0 closureRemind=0 closureEsc=0 surveyExpired=0
2026-09-04T19:41:10.534Z [INFO] [http] GET /api/v1/notifications/unread-count
2026-09-04T19:41:40.214Z [INFO] [http] GET /api/v1/notifications/unread-count
2026-09-04T19:41:47.236Z [INFO] [slaReminder] SLA_SCAN cases=1 respRemind=0 respEsc=0 closureRemind=0 closureEsc=0 surveyExpired=0
2026-09-04T19:42:10.523Z [INFO] [http] GET /api/v1/notifications/unread-count
2026-09-04T19:42:40.218Z [INFO] [http] GET /api/v1/notifications/unread-count
2026-09-04T19:42:47.239Z [INFO] [slaReminder] SLA_SCAN cases=1 respRemind=0 respEsc=0 closureRemind=0 closureEsc=0 surveyExpired=0
2026-09-04T19:43:10.529Z [INFO] [http] GET /api/v1/notifications/unread-count
2026-09-04T19:43:40.218Z [INFO] [http] GET /api/v1/notifications/unread-count
2026-09-04T19:43:47.241Z [INFO] [slaReminder] SLA_SCAN cases=1 respRemind=0 respEsc=0 closureRemind=0 closureEsc=0 surveyExpired=0
2026-09-04T19:44:10.532Z [INFO] [http] GET /api/v1/notifications/unread-count
2026-09-04T19:44:40.533Z [INFO] [http] GET /api/v1/notifications/unread-count
2026-09-04T19:44:47.242Z [INFO] [slaReminder] SLA_SCAN cases=1 respRemind=0 respEsc=0 closureRemind=0 closureEsc=0 surveyExpired=0
2026-09-04T19:45:10.523Z [INFO] [http] GET /api/v1/notifications/unread-count
2026-09-04T19:45:40.535Z [INFO] [http] GET /api/v1/notifications/unread-count
2026-09-04T19:45:47.259Z [INFO] [slaReminder] SLA_SCAN cases=1 respRemind=0 respEsc=0 closureRemind=0 closureEsc=0 surveyExpired=0
2026-09-04T19:46:10.222Z [INFO] [http] GET /api/v1/notifications/unread-count
2026-09-04T19:46:40.522Z [INFO] [http] GET /api/v1/notifications/unread-count
2026-09-04T19:46:47.263Z [INFO] [slaReminder] SLA_SCAN cases=1 respRemind=0 respEsc=0 closureRemind=0 closureEsc=0 surveyExpired=0
2026-09-04T19:47:10.220Z [INFO] [http] GET /api/v1/notifications/unread-count
2026-09-04T19:47:40.535Z [INFO] [http] GET /api/v1/notifications/unread-count
2026-09-04T19:47:47.277Z [INFO] [slaReminder] SLA_SCAN cases=1 respRemind=0 respEsc=0 closureRemind=0 closureEsc=0 surveyExpired=0
2026-09-04T19:48:10.219Z [INFO] [http] GET /api/v1/notifications/unread-count
2026-09-04T19:48:40.523Z [INFO] [http] GET /api/v1/notifications/unread-count
2026-09-04T19:48:47.290Z [INFO] [slaReminder] SLA_SCAN cases=1 respRemind=0 respEsc=0 closureRemind=0 closureEsc=0 surveyExpired=0
2026-09-04T19:49:10.522Z [INFO] [http] GET /api/v1/notifications/unread-count
2026-09-04T19:49:40.525Z [INFO] [http] GET /api/v1/notifications/unread-count
2026-09-04T19:49:47.297Z [INFO] [slaReminder] SLA_SCAN cases=1 respRemind=0 respEsc=0 closureRemind=0 closureEsc=0 surveyExpired=0
2026-09-04T19:50:10.528Z [INFO] [http] GET /api/v1/notifications/unread-count
2026-09-04T19:50:40.209Z [INFO] [http] GET /api/v1/notifications/unread-count
2026-09-04T19:50:47.298Z [INFO] [slaReminder] SLA_SCAN cases=1 respRemind=0 respEsc=0 closureRemind=0 closureEsc=0 surveyExpired=0
2026-09-04T19:51:10.529Z [INFO] [http] GET /api/v1/notifications/unread-count
2026-09-04T19:51:40.531Z [INFO] [http] GET /api/v1/notifications/unread-count
2026-09-04T19:51:47.303Z [INFO] [slaReminder] SLA_SCAN cases=1 respRemind=0 respEsc=0 closureRemind=0 closureEsc=0 surveyExpired=0
2026-09-04T19:52:10.517Z [INFO] [http] GET /api/v1/notifications/unread-count
2026-09-04T19:52:40.219Z [INFO] [http] GET /api/v1/notifications/unread-count
2026-09-04T19:52:47.310Z [INFO] [slaReminder] SLA_SCAN cases=1 respRemind=0 respEsc=0 closureRemind=0 closureEsc=0 surveyExpired=0
2026-09-04T19:53:10.520Z [INFO] [http] GET /api/v1/notifications/unread-count
2026-09-04T19:53:40.518Z [INFO] [http] GET /api/v1/notifications/unread-count
2026-09-04T19:53:47.319Z [INFO] [slaReminder] SLA_SCAN cases=1 respRemind=0 respEsc=0 closureRemind=0 closureEsc=0 surveyExpired=0
2026-09-04T19:54:10.521Z [INFO] [http] GET /api/v1/notifications/unread-count
2026-09-04T19:54:40.524Z [INFO] [http] GET /api/v1/notifications/unread-count
2026-09-04T19:54:47.330Z [INFO] [slaReminder] SLA_SCAN cases=1 respRemind=0 respEsc=0 closureRemind=0 closureEsc=0 surveyExpired=0
2026-09-04T19:55:10.518Z [INFO] [http] GET /api/v1/notifications/unread-count
2026-09-04T19:55:40.527Z [INFO] [http] GET /api/v1/notifications/unread-count
2026-09-04T19:55:47.337Z [INFO] [slaReminder] SLA_SCAN cases=1 respRemind=0 respEsc=0 closureRemind=0 closureEsc=0 surveyExpired=0
2026-09-04T19:56:10.520Z [INFO] [http] GET /api/v1/notifications/unread-count
2026-09-04T19:56:40.217Z [INFO] [http] GET /api/v1/notifications/unread-count
2026-09-04T19:56:47.338Z [INFO] [slaReminder] SLA_SCAN cases=1 respRemind=0 respEsc=0 closureRemind=0 closureEsc=0 surveyExpired=0
2026-09-04T19:57:10.528Z [INFO] [http] GET /api/v1/notifications/unread-count
2026-09-04T19:57:40.220Z [INFO] [http] GET /api/v1/notifications/unread-count
2026-09-04T19:57:47.345Z [INFO] [slaReminder] SLA_SCAN cases=1 respRemind=0 respEsc=0 closureRemind=0 closureEsc=0 surveyExpired=0
2026-09-04T19:58:10.533Z [INFO] [http] GET /api/v1/notifications/unread-count
2026-09-04T19:58:40.210Z [INFO] [http] GET /api/v1/notifications/unread-count
2026-09-04T19:58:47.354Z [INFO] [slaReminder] SLA_SCAN cases=1 respRemind=0 respEsc=0 closureRemind=0 closureEsc=0 surveyExpired=0
2026-09-04T19:59:10.525Z [INFO] [http] GET /api/v1/notifications/unread-count
2026-09-04T19:59:40.521Z [INFO] [http] GET /api/v1/notifications/unread-count
2026-09-04T19:59:47.367Z [INFO] [slaReminder] SLA_SCAN cases=1 respRemind=0 respEsc=0 closureRemind=0 closureEsc=0 surveyExpired=0
2026-09-04T20:00:10.211Z [INFO] [http] GET /api/v1/notifications/unread-count
2026-09-04T20:00:40.520Z [INFO] [http] GET /api/v1/notifications/unread-count
2026-09-04T20:00:47.370Z [INFO] [slaReminder] SLA_SCAN cases=1 respRemind=0 respEsc=0 closureRemind=0 closureEsc=0 surveyExpired=0
2026-09-04T20:01:10.208Z [INFO] [http] GET /api/v1/notifications/unread-count
2026-09-04T20:01:40.523Z [INFO] [http] GET /api/v1/notifications/unread-count
2026-09-04T20:01:47.379Z [INFO] [slaReminder] SLA_SCAN cases=1 respRemind=0 respEsc=0 closureRemind=0 closureEsc=0 surveyExpired=0
2026-09-04T20:02:10.219Z [INFO] [http] GET /api/v1/notifications/unread-count
2026-09-04T20:02:40.529Z [INFO] [http] GET /api/v1/notifications/unread-count
2026-09-04T20:02:47.385Z [INFO] [slaReminder] SLA_SCAN cases=1 respRemind=0 respEsc=0 closureRemind=0 closureEsc=0 surveyExpired=0
2026-09-04T20:03:10.211Z [INFO] [http] GET /api/v1/notifications/unread-count
2026-09-04T20:03:40.529Z [INFO] [http] GET /api/v1/notifications/unread-count
2026-09-04T20:03:47.398Z [INFO] [slaReminder] SLA_SCAN cases=1 respRemind=0 respEsc=0 closureRemind=0 closureEsc=0 surveyExpired=0
2026-09-04T20:04:10.549Z [INFO] [http] GET /api/v1/notifications/unread-count
2026-09-04T20:04:40.221Z [INFO] [http] GET /api/v1/notifications/unread-count
2026-09-04T20:04:47.401Z [INFO] [slaReminder] SLA_SCAN cases=1 respRemind=0 respEsc=0 closureRemind=0 closureEsc=0 surveyExpired=0
2026-09-04T20:05:10.517Z [INFO] [http] GET /api/v1/notifications/unread-count
2026-09-04T20:05:40.521Z [INFO] [http] GET /api/v1/notifications/unread-count
2026-09-04T20:05:47.413Z [INFO] [slaReminder] SLA_SCAN cases=1 respRemind=0 respEsc=0 closureRemind=0 closureEsc=0 surveyExpired=0
2026-09-04T20:06:10.218Z [INFO] [http] GET /api/v1/notifications/unread-count
2026-09-04T20:06:40.528Z [INFO] [http] GET /api/v1/notifications/unread-count
2026-09-04T20:06:47.430Z [INFO] [slaReminder] SLA_SCAN cases=1 respRemind=0 respEsc=0 closureRemind=0 closureEsc=0 surveyExpired=0
2026-09-04T20:07:10.219Z [INFO] [http] GET /api/v1/notifications/unread-count
2026-09-04T20:07:40.520Z [INFO] [http] GET /api/v1/notifications/unread-count
2026-09-04T20:07:47.442Z [INFO] [slaReminder] SLA_SCAN cases=1 respRemind=0 respEsc=0 closureRemind=0 closureEsc=0 surveyExpired=0
2026-09-04T20:08:10.216Z [INFO] [http] GET /api/v1/notifications/unread-count
2026-09-04T20:08:40.530Z [INFO] [http] GET /api/v1/notifications/unread-count
2026-09-04T20:08:47.444Z [INFO] [slaReminder] SLA_SCAN cases=1 respRemind=0 respEsc=0 closureRemind=0 closureEsc=0 surveyExpired=0
2026-09-04T20:09:10.221Z [INFO] [http] GET /api/v1/notifications/unread-count
2026-09-04T20:09:40.516Z [INFO] [http] GET /api/v1/notifications/unread-count
2026-09-04T20:09:47.457Z [INFO] [slaReminder] SLA_SCAN cases=1 respRemind=0 respEsc=0 closureRemind=0 closureEsc=0 surveyExpired=0
2026-09-04T20:10:10.216Z [INFO] [http] GET /api/v1/notifications/unread-count
2026-09-04T20:10:40.521Z [INFO] [http] GET /api/v1/notifications/unread-count
2026-09-04T20:10:47.464Z [INFO] [slaReminder] SLA_SCAN cases=1 respRemind=0 respEsc=0 closureRemind=0 closureEsc=0 surveyExpired=0
2026-09-04T20:11:10.220Z [INFO] [http] GET /api/v1/notifications/unread-count
2026-09-04T20:11:40.514Z [INFO] [http] GET /api/v1/notifications/unread-count
2026-09-04T20:11:47.479Z [INFO] [slaReminder] SLA_SCAN cases=1 respRemind=0 respEsc=0 closureRemind=0 closureEsc=0 surveyExpired=0
2026-09-04T20:12:10.211Z [INFO] [http] GET /api/v1/notifications/unread-count
2026-09-04T20:12:40.530Z [INFO] [http] GET /api/v1/notifications/unread-count
2026-09-04T20:12:47.486Z [INFO] [slaReminder] SLA_SCAN cases=1 respRemind=0 respEsc=0 closureRemind=0 closureEsc=0 surveyExpired=0
2026-09-04T20:13:10.217Z [INFO] [http] GET /api/v1/notifications/unread-count
2026-09-04T20:13:40.523Z [INFO] [http] GET /api/v1/notifications/unread-count
2026-09-04T20:13:47.494Z [INFO] [slaReminder] SLA_SCAN cases=1 respRemind=0 respEsc=0 closureRemind=0 closureEsc=0 surveyExpired=0
2026-09-04T20:14:10.232Z [INFO] [http] GET /api/v1/notifications/unread-count
2026-09-04T20:14:40.528Z [INFO] [http] GET /api/v1/notifications/unread-count
2026-09-04T20:14:47.498Z [INFO] [slaReminder] SLA_SCAN cases=1 respRemind=0 respEsc=0 closureRemind=0 closureEsc=0 surveyExpired=0
2026-09-04T20:15:10.219Z [INFO] [http] GET /api/v1/notifications/unread-count
2026-09-04T20:15:40.530Z [INFO] [http] GET /api/v1/notifications/unread-count
2026-09-04T20:15:47.513Z [INFO] [slaReminder] SLA_SCAN cases=1 respRemind=0 respEsc=0 closureRemind=0 closureEsc=0 surveyExpired=0
2026-09-04T20:16:10.212Z [INFO] [http] GET /api/v1/notifications/unread-count
2026-09-04T20:16:40.521Z [INFO] [http] GET /api/v1/notifications/unread-count
2026-09-04T20:16:47.522Z [INFO] [slaReminder] SLA_SCAN cases=1 respRemind=0 respEsc=0 closureRemind=0 closureEsc=0 surveyExpired=0
2026-09-04T20:17:10.213Z [INFO] [http] GET /api/v1/notifications/unread-count
2026-09-04T20:17:40.531Z [INFO] [http] GET /api/v1/notifications/unread-count
2026-09-04T20:17:47.528Z [INFO] [slaReminder] SLA_SCAN cases=1 respRemind=0 respEsc=0 closureRemind=0 closureEsc=0 surveyExpired=0
2026-09-04T20:18:10.206Z [INFO] [http] GET /api/v1/notifications/unread-count
2026-09-04T20:18:40.528Z [INFO] [http] GET /api/v1/notifications/unread-count
2026-09-04T20:18:47.533Z [INFO] [slaReminder] SLA_SCAN cases=1 respRemind=0 respEsc=0 closureRemind=0 closureEsc=0 surveyExpired=0
2026-09-04T20:19:10.530Z [INFO] [http] GET /api/v1/notifications/unread-count
2026-09-04T20:19:40.549Z [INFO] [http] GET /api/v1/notifications/unread-count
2026-09-04T20:19:47.543Z [INFO] [slaReminder] SLA_SCAN cases=1 respRemind=0 respEsc=0 closureRemind=0 closureEsc=0 surveyExpired=0
2026-09-04T20:20:10.525Z [INFO] [http] GET /api/v1/notifications/unread-count
2026-09-04T20:20:40.217Z [INFO] [http] GET /api/v1/notifications/unread-count
2026-09-04T20:20:47.553Z [INFO] [slaReminder] SLA_SCAN cases=1 respRemind=0 respEsc=0 closureRemind=0 closureEsc=0 surveyExpired=0
2026-09-04T20:21:10.515Z [INFO] [http] GET /api/v1/notifications/unread-count
2026-09-04T20:21:40.214Z [INFO] [http] GET /api/v1/notifications/unread-count
2026-09-04T20:21:47.554Z [INFO] [slaReminder] SLA_SCAN cases=1 respRemind=0 respEsc=0 closureRemind=0 closureEsc=0 surveyExpired=0
2026-09-04T20:22:10.520Z [INFO] [http] GET /api/v1/notifications/unread-count
2026-09-04T20:22:40.210Z [INFO] [http] GET /api/v1/notifications/unread-count
2026-09-04T20:22:47.565Z [INFO] [slaReminder] SLA_SCAN cases=1 respRemind=0 respEsc=0 closureRemind=0 closureEsc=0 surveyExpired=0
2026-09-04T20:23:10.529Z [INFO] [http] GET /api/v1/notifications/unread-count
2026-09-04T20:23:40.215Z [INFO] [http] GET /api/v1/notifications/unread-count
2026-09-04T20:23:47.567Z [INFO] [slaReminder] SLA_SCAN cases=1 respRemind=0 respEsc=0 closureRemind=0 closureEsc=0 surveyExpired=0
2026-09-04T20:24:10.519Z [INFO] [http] GET /api/v1/notifications/unread-count
2026-09-04T20:24:40.519Z [INFO] [http] GET /api/v1/notifications/unread-count
2026-09-04T20:24:47.579Z [INFO] [slaReminder] SLA_SCAN cases=1 respRemind=0 respEsc=0 closureRemind=0 closureEsc=0 surveyExpired=0
2026-09-04T20:25:10.207Z [INFO] [http] GET /api/v1/notifications/unread-count
2026-09-04T20:25:40.514Z [INFO] [http] GET /api/v1/notifications/unread-count
2026-09-04T20:25:47.579Z [INFO] [slaReminder] SLA_SCAN cases=1 respRemind=0 respEsc=0 closureRemind=0 closureEsc=0 surveyExpired=0
2026-09-04T20:26:10.208Z [INFO] [http] GET /api/v1/notifications/unread-count
2026-09-04T20:26:40.516Z [INFO] [http] GET /api/v1/notifications/unread-count
2026-09-04T20:26:47.587Z [INFO] [slaReminder] SLA_SCAN cases=1 respRemind=0 respEsc=0 closureRemind=0 closureEsc=0 surveyExpired=0
2026-09-04T20:27:10.214Z [INFO] [http] GET /api/v1/notifications/unread-count
2026-09-04T20:27:40.518Z [INFO] [http] GET /api/v1/notifications/unread-count
2026-09-04T20:27:47.603Z [INFO] [slaReminder] SLA_SCAN cases=1 respRemind=0 respEsc=0 closureRemind=0 closureEsc=0 surveyExpired=0
2026-09-04T20:28:10.524Z [INFO] [http] GET /api/v1/notifications/unread-count
2026-09-04T20:28:40.525Z [INFO] [http] GET /api/v1/notifications/unread-count
2026-09-04T20:28:47.612Z [INFO] [slaReminder] SLA_SCAN cases=1 respRemind=0 respEsc=0 closureRemind=0 closureEsc=0 surveyExpired=0
2026-09-04T20:29:10.530Z [INFO] [http] GET /api/v1/notifications/unread-count
2026-09-04T20:29:40.521Z [INFO] [http] GET /api/v1/notifications/unread-count
2026-09-04T20:29:47.614Z [INFO] [slaReminder] SLA_SCAN cases=1 respRemind=0 respEsc=0 closureRemind=0 closureEsc=0 surveyExpired=0
2026-09-04T20:30:10.518Z [INFO] [http] GET /api/v1/notifications/unread-count
2026-09-04T20:30:40.218Z [INFO] [http] GET /api/v1/notifications/unread-count
2026-09-04T20:30:47.613Z [INFO] [slaReminder] SLA_SCAN cases=1 respRemind=0 respEsc=0 closureRemind=0 closureEsc=0 surveyExpired=0
2026-09-04T20:31:10.527Z [INFO] [http] GET /api/v1/notifications/unread-count
2026-09-04T20:31:40.217Z [INFO] [http] GET /api/v1/notifications/unread-count
2026-09-04T20:31:47.627Z [INFO] [slaReminder] SLA_SCAN cases=1 respRemind=0 respEsc=0 closureRemind=0 closureEsc=0 surveyExpired=0
2026-09-04T20:32:10.517Z [INFO] [http] GET /api/v1/notifications/unread-count
2026-09-04T20:32:40.211Z [INFO] [http] GET /api/v1/notifications/unread-count
2026-09-04T20:32:47.638Z [INFO] [slaReminder] SLA_SCAN cases=1 respRemind=0 respEsc=0 closureRemind=0 closureEsc=0 surveyExpired=0
2026-09-04T20:33:10.524Z [INFO] [http] GET /api/v1/notifications/unread-count
2026-09-04T20:33:40.251Z [INFO] [http] GET /api/v1/notifications/unread-count
2026-09-04T20:33:47.641Z [INFO] [slaReminder] SLA_SCAN cases=1 respRemind=0 respEsc=0 closureRemind=0 closureEsc=0 surveyExpired=0
2026-09-04T20:34:10.530Z [INFO] [http] GET /api/v1/notifications/unread-count
2026-09-04T20:34:40.218Z [INFO] [http] GET /api/v1/notifications/unread-count
2026-09-04T20:34:47.645Z [INFO] [slaReminder] SLA_SCAN cases=1 respRemind=0 respEsc=0 closureRemind=0 closureEsc=0 surveyExpired=0
2026-09-04T20:35:10.518Z [INFO] [http] GET /api/v1/notifications/unread-count
2026-09-04T20:35:40.214Z [INFO] [http] GET /api/v1/notifications/unread-count
2026-09-04T20:35:47.647Z [INFO] [slaReminder] SLA_SCAN cases=1 respRemind=0 respEsc=0 closureRemind=0 closureEsc=0 surveyExpired=0
2026-09-04T20:36:10.531Z [INFO] [http] GET /api/v1/notifications/unread-count
2026-09-04T20:36:40.207Z [INFO] [http] GET /api/v1/notifications/unread-count
2026-09-04T20:36:47.654Z [INFO] [slaReminder] SLA_SCAN cases=1 respRemind=0 respEsc=0 closureRemind=0 closureEsc=0 surveyExpired=0
2026-09-04T20:37:10.528Z [INFO] [http] GET /api/v1/notifications/unread-count
2026-09-04T20:37:40.216Z [INFO] [http] GET /api/v1/notifications/unread-count
2026-09-04T20:37:47.668Z [INFO] [slaReminder] SLA_SCAN cases=1 respRemind=0 respEsc=0 closureRemind=0 closureEsc=0 surveyExpired=0
2026-09-04T20:38:10.514Z [INFO] [http] GET /api/v1/notifications/unread-count
2026-09-04T20:38:40.208Z [INFO] [http] GET /api/v1/notifications/unread-count
2026-09-04T20:38:47.675Z [INFO] [slaReminder] SLA_SCAN cases=1 respRemind=0 respEsc=0 closureRemind=0 closureEsc=0 surveyExpired=0
2026-09-04T20:39:10.523Z [INFO] [http] GET /api/v1/notifications/unread-count
2026-09-04T20:39:40.212Z [INFO] [http] GET /api/v1/notifications/unread-count
2026-09-04T20:39:47.681Z [INFO] [slaReminder] SLA_SCAN cases=1 respRemind=0 respEsc=0 closureRemind=0 closureEsc=0 surveyExpired=0
2026-09-04T20:40:10.518Z [INFO] [http] GET /api/v1/notifications/unread-count
2026-09-04T20:40:40.209Z [INFO] [http] GET /api/v1/notifications/unread-count
2026-09-04T20:40:47.688Z [INFO] [slaReminder] SLA_SCAN cases=1 respRemind=0 respEsc=0 closureRemind=0 closureEsc=0 surveyExpired=0
2026-09-04T20:41:10.520Z [INFO] [http] GET /api/v1/notifications/unread-count
2026-09-04T20:41:40.211Z [INFO] [http] GET /api/v1/notifications/unread-count
2026-09-04T20:41:47.693Z [INFO] [slaReminder] SLA_SCAN cases=1 respRemind=0 respEsc=0 closureRemind=0 closureEsc=0 surveyExpired=0
2026-09-04T20:42:10.527Z [INFO] [http] GET /api/v1/notifications/unread-count
2026-09-04T20:42:40.215Z [INFO] [http] GET /api/v1/notifications/unread-count
2026-09-04T20:42:47.706Z [INFO] [slaReminder] SLA_SCAN cases=1 respRemind=0 respEsc=0 closureRemind=0 closureEsc=0 surveyExpired=0
2026-09-04T20:43:10.521Z [INFO] [http] GET /api/v1/notifications/unread-count
2026-09-04T20:43:40.222Z [INFO] [http] GET /api/v1/notifications/unread-count
2026-09-04T20:43:47.711Z [INFO] [slaReminder] SLA_SCAN cases=1 respRemind=0 respEsc=0 closureRemind=0 closureEsc=0 surveyExpired=0
2026-09-04T20:44:10.521Z [INFO] [http] GET /api/v1/notifications/unread-count
2026-09-04T20:44:40.524Z [INFO] [http] GET /api/v1/notifications/unread-count
2026-09-04T20:44:47.714Z [INFO] [slaReminder] SLA_SCAN cases=1 respRemind=0 respEsc=0 closureRemind=0 closureEsc=0 surveyExpired=0
2026-09-04T20:45:10.219Z [INFO] [http] GET /api/v1/notifications/unread-count
2026-09-04T20:45:40.523Z [INFO] [http] GET /api/v1/notifications/unread-count
2026-09-04T20:45:47.722Z [INFO] [slaReminder] SLA_SCAN cases=1 respRemind=0 respEsc=0 closureRemind=0 closureEsc=0 surveyExpired=0
2026-09-04T20:46:10.216Z [INFO] [http] GET /api/v1/notifications/unread-count
2026-09-04T20:46:40.521Z [INFO] [http] GET /api/v1/notifications/unread-count
2026-09-04T20:46:47.736Z [INFO] [slaReminder] SLA_SCAN cases=1 respRemind=0 respEsc=0 closureRemind=0 closureEsc=0 surveyExpired=0
2026-09-04T20:47:10.213Z [INFO] [http] GET /api/v1/notifications/unread-count
2026-09-04T20:47:40.519Z [INFO] [http] GET /api/v1/notifications/unread-count
2026-09-04T20:47:47.739Z [INFO] [slaReminder] SLA_SCAN cases=1 respRemind=0 respEsc=0 closureRemind=0 closureEsc=0 surveyExpired=0
2026-09-04T20:48:10.214Z [INFO] [http] GET /api/v1/notifications/unread-count
2026-09-04T20:48:40.524Z [INFO] [http] GET /api/v1/notifications/unread-count
2026-09-04T20:48:47.747Z [INFO] [slaReminder] SLA_SCAN cases=1 respRemind=0 respEsc=0 closureRemind=0 closureEsc=0 surveyExpired=0
2026-09-04T20:49:10.205Z [INFO] [http] GET /api/v1/notifications/unread-count
2026-09-04T20:49:40.520Z [INFO] [http] GET /api/v1/notifications/unread-count
2026-09-04T20:49:47.750Z [INFO] [slaReminder] SLA_SCAN cases=1 respRemind=0 respEsc=0 closureRemind=0 closureEsc=0 surveyExpired=0
2026-09-04T20:50:10.207Z [INFO] [http] GET /api/v1/notifications/unread-count
2026-09-04T20:50:40.512Z [INFO] [http] GET /api/v1/notifications/unread-count
2026-09-04T20:50:47.752Z [INFO] [slaReminder] SLA_SCAN cases=1 respRemind=0 respEsc=0 closureRemind=0 closureEsc=0 surveyExpired=0
2026-09-04T20:51:10.205Z [INFO] [http] GET /api/v1/notifications/unread-count
2026-09-04T20:51:40.528Z [INFO] [http] GET /api/v1/notifications/unread-count
2026-09-04T20:51:47.766Z [INFO] [slaReminder] SLA_SCAN cases=1 respRemind=0 respEsc=0 closureRemind=0 closureEsc=0 surveyExpired=0
2026-09-04T20:52:10.258Z [INFO] [http] GET /api/v1/notifications/unread-count
2026-09-04T20:52:40.525Z [INFO] [http] GET /api/v1/notifications/unread-count
2026-09-04T20:52:47.780Z [INFO] [slaReminder] SLA_SCAN cases=1 respRemind=0 respEsc=0 closureRemind=0 closureEsc=0 surveyExpired=0
2026-09-04T20:53:10.204Z [INFO] [http] GET /api/v1/notifications/unread-count
2026-09-04T20:53:40.522Z [INFO] [http] GET /api/v1/notifications/unread-count
2026-09-04T20:53:47.782Z [INFO] [slaReminder] SLA_SCAN cases=1 respRemind=0 respEsc=0 closureRemind=0 closureEsc=0 surveyExpired=0
2026-09-04T20:54:10.525Z [INFO] [http] GET /api/v1/notifications/unread-count
2026-09-04T20:54:40.514Z [INFO] [http] GET /api/v1/notifications/unread-count
2026-09-04T20:54:47.788Z [INFO] [slaReminder] SLA_SCAN cases=1 respRemind=0 respEsc=0 closureRemind=0 closureEsc=0 surveyExpired=0
2026-09-04T20:55:10.525Z [INFO] [http] GET /api/v1/notifications/unread-count
2026-09-04T20:55:40.526Z [INFO] [http] GET /api/v1/notifications/unread-count
2026-09-04T20:55:47.794Z [INFO] [slaReminder] SLA_SCAN cases=1 respRemind=0 respEsc=0 closureRemind=0 closureEsc=0 surveyExpired=0
2026-09-04T20:56:10.215Z [INFO] [http] GET /api/v1/notifications/unread-count
2026-09-04T20:56:40.518Z [INFO] [http] GET /api/v1/notifications/unread-count
2026-09-04T20:56:47.803Z [INFO] [slaReminder] SLA_SCAN cases=1 respRemind=0 respEsc=0 closureRemind=0 closureEsc=0 surveyExpired=0
2026-09-04T20:57:10.215Z [INFO] [http] GET /api/v1/notifications/unread-count
2026-09-04T20:57:40.514Z [INFO] [http] GET /api/v1/notifications/unread-count
2026-09-04T20:57:47.805Z [INFO] [slaReminder] SLA_SCAN cases=1 respRemind=0 respEsc=0 closureRemind=0 closureEsc=0 surveyExpired=0
2026-09-04T20:58:10.204Z [INFO] [http] GET /api/v1/notifications/unread-count
2026-09-04T20:58:40.521Z [INFO] [http] GET /api/v1/notifications/unread-count
2026-09-04T20:58:47.806Z [INFO] [slaReminder] SLA_SCAN cases=1 respRemind=0 respEsc=0 closureRemind=0 closureEsc=0 surveyExpired=0
2026-09-04T20:59:10.515Z [INFO] [http] GET /api/v1/notifications/unread-count
2026-09-04T20:59:40.208Z [INFO] [http] GET /api/v1/notifications/unread-count
2026-09-04T20:59:47.811Z [INFO] [slaReminder] SLA_SCAN cases=1 respRemind=0 respEsc=0 closureRemind=0 closureEsc=0 surveyExpired=0
2026-09-04T21:00:10.519Z [INFO] [http] GET /api/v1/notifications/unread-count
2026-09-04T21:00:40.561Z [INFO] [http] GET /api/v1/notifications/unread-count
2026-09-04T21:00:47.823Z [INFO] [slaReminder] SLA_SCAN cases=1 respRemind=0 respEsc=0 closureRemind=0 closureEsc=0 surveyExpired=0
2026-09-04T21:01:10.517Z [INFO] [http] GET /api/v1/notifications/unread-count
2026-09-04T21:01:40.515Z [INFO] [http] GET /api/v1/notifications/unread-count
2026-09-04T21:01:47.829Z [INFO] [slaReminder] SLA_SCAN cases=1 respRemind=0 respEsc=0 closureRemind=0 closureEsc=0 surveyExpired=0
2026-09-04T21:02:10.517Z [INFO] [http] GET /api/v1/notifications/unread-count
2026-09-04T21:02:40.540Z [INFO] [http] GET /api/v1/notifications/unread-count
2026-09-04T21:02:47.836Z [INFO] [slaReminder] SLA_SCAN cases=1 respRemind=0 respEsc=0 closureRemind=0 closureEsc=0 surveyExpired=0
2026-09-04T21:03:10.523Z [INFO] [http] GET /api/v1/notifications/unread-count
2026-09-04T21:03:40.527Z [INFO] [http] GET /api/v1/notifications/unread-count
2026-09-04T21:03:47.849Z [INFO] [slaReminder] SLA_SCAN cases=1 respRemind=0 respEsc=0 closureRemind=0 closureEsc=0 surveyExpired=0
2026-09-04T21:04:10.520Z [INFO] [http] GET /api/v1/notifications/unread-count
2026-09-04T21:04:40.525Z [INFO] [http] GET /api/v1/notifications/unread-count
2026-09-04T21:04:47.854Z [INFO] [slaReminder] SLA_SCAN cases=1 respRemind=0 respEsc=0 closureRemind=0 closureEsc=0 surveyExpired=0
2026-09-04T21:05:10.212Z [INFO] [http] GET /api/v1/notifications/unread-count
2026-09-04T21:05:40.524Z [INFO] [http] GET /api/v1/notifications/unread-count
2026-09-04T21:05:47.859Z [INFO] [slaReminder] SLA_SCAN cases=1 respRemind=0 respEsc=0 closureRemind=0 closureEsc=0 surveyExpired=0
2026-09-04T21:06:10.211Z [INFO] [http] GET /api/v1/notifications/unread-count
2026-09-04T21:06:40.519Z [INFO] [http] GET /api/v1/notifications/unread-count
2026-09-04T21:06:47.872Z [INFO] [slaReminder] SLA_SCAN cases=1 respRemind=0 respEsc=0 closureRemind=0 closureEsc=0 surveyExpired=0
2026-09-04T21:07:10.207Z [INFO] [http] GET /api/v1/notifications/unread-count
2026-09-04T21:07:40.524Z [INFO] [http] GET /api/v1/notifications/unread-count
2026-09-04T21:07:47.878Z [INFO] [slaReminder] SLA_SCAN cases=1 respRemind=0 respEsc=0 closureRemind=0 closureEsc=0 surveyExpired=0
2026-09-04T21:08:10.215Z [INFO] [http] GET /api/v1/notifications/unread-count
2026-09-04T21:08:40.512Z [INFO] [http] GET /api/v1/notifications/unread-count
2026-09-04T21:08:47.888Z [INFO] [slaReminder] SLA_SCAN cases=1 respRemind=0 respEsc=0 closureRemind=0 closureEsc=0 surveyExpired=0
2026-09-04T21:09:10.524Z [INFO] [http] GET /api/v1/notifications/unread-count
2026-09-04T21:09:40.535Z [INFO] [http] GET /api/v1/notifications/unread-count
2026-09-04T21:09:47.901Z [INFO] [slaReminder] SLA_SCAN cases=1 respRemind=0 respEsc=0 closureRemind=0 closureEsc=0 surveyExpired=0
2026-09-04T21:10:10.212Z [INFO] [http] GET /api/v1/notifications/unread-count
2026-09-04T21:10:40.520Z [INFO] [http] GET /api/v1/notifications/unread-count
2026-09-04T21:10:47.909Z [INFO] [slaReminder] SLA_SCAN cases=1 respRemind=0 respEsc=0 closureRemind=0 closureEsc=0 surveyExpired=0
2026-09-04T21:11:10.210Z [INFO] [http] GET /api/v1/notifications/unread-count
2026-09-04T21:11:40.564Z [INFO] [http] GET /api/v1/notifications/unread-count
2026-09-04T21:11:47.916Z [INFO] [slaReminder] SLA_SCAN cases=1 respRemind=0 respEsc=0 closureRemind=0 closureEsc=0 surveyExpired=0
2026-09-04T21:12:10.213Z [INFO] [http] GET /api/v1/notifications/unread-count
2026-09-04T21:12:40.527Z [INFO] [http] GET /api/v1/notifications/unread-count
2026-09-04T21:12:47.924Z [INFO] [slaReminder] SLA_SCAN cases=1 respRemind=0 respEsc=0 closureRemind=0 closureEsc=0 surveyExpired=0
2026-09-04T21:13:10.214Z [INFO] [http] GET /api/v1/notifications/unread-count
2026-09-04T21:13:40.516Z [INFO] [http] GET /api/v1/notifications/unread-count
2026-09-04T21:13:47.926Z [INFO] [slaReminder] SLA_SCAN cases=1 respRemind=0 respEsc=0 closureRemind=0 closureEsc=0 surveyExpired=0
2026-09-04T21:14:10.516Z [INFO] [http] GET /api/v1/notifications/unread-count
2026-09-04T21:14:40.518Z [INFO] [http] GET /api/v1/notifications/unread-count
2026-09-04T21:14:47.941Z [INFO] [slaReminder] SLA_SCAN cases=1 respRemind=0 respEsc=0 closureRemind=0 closureEsc=0 surveyExpired=0
2026-09-04T21:15:10.514Z [INFO] [http] GET /api/v1/notifications/unread-count
2026-09-04T21:15:40.515Z [INFO] [http] GET /api/v1/notifications/unread-count
2026-09-04T21:15:47.955Z [INFO] [slaReminder] SLA_SCAN cases=1 respRemind=0 respEsc=0 closureRemind=0 closureEsc=0 surveyExpired=0
2026-09-04T21:16:10.518Z [INFO] [http] GET /api/v1/notifications/unread-count
2026-09-04T21:16:40.519Z [INFO] [http] GET /api/v1/notifications/unread-count
2026-09-04T21:16:47.969Z [INFO] [slaReminder] SLA_SCAN cases=1 respRemind=0 respEsc=0 closureRemind=0 closureEsc=0 surveyExpired=0
2026-09-04T21:17:10.519Z [INFO] [http] GET /api/v1/notifications/unread-count
2026-09-04T21:17:40.518Z [INFO] [http] GET /api/v1/notifications/unread-count
2026-09-04T21:17:47.978Z [INFO] [slaReminder] SLA_SCAN cases=1 respRemind=0 respEsc=0 closureRemind=0 closureEsc=0 surveyExpired=0
2026-09-04T21:18:10.523Z [INFO] [http] GET /api/v1/notifications/unread-count
2026-09-04T21:18:40.527Z [INFO] [http] GET /api/v1/notifications/unread-count
2026-09-04T21:18:47.981Z [INFO] [slaReminder] SLA_SCAN cases=1 respRemind=0 respEsc=0 closureRemind=0 closureEsc=0 surveyExpired=0
2026-09-04T21:19:10.514Z [INFO] [http] GET /api/v1/notifications/unread-count
2026-09-04T21:19:40.513Z [INFO] [http] GET /api/v1/notifications/unread-count
2026-09-04T21:19:47.983Z [INFO] [slaReminder] SLA_SCAN cases=1 respRemind=0 respEsc=0 closureRemind=0 closureEsc=0 surveyExpired=0
2026-09-04T21:20:10.509Z [INFO] [http] GET /api/v1/notifications/unread-count
2026-09-04T21:20:40.215Z [INFO] [http] GET /api/v1/notifications/unread-count
2026-09-04T21:20:47.991Z [INFO] [slaReminder] SLA_SCAN cases=1 respRemind=0 respEsc=0 closureRemind=0 closureEsc=0 surveyExpired=0
2026-09-04T21:21:10.519Z [INFO] [http] GET /api/v1/notifications/unread-count
2026-09-04T21:21:40.201Z [INFO] [http] GET /api/v1/notifications/unread-count
2026-09-04T21:21:48.005Z [INFO] [slaReminder] SLA_SCAN cases=1 respRemind=0 respEsc=0 closureRemind=0 closureEsc=0 surveyExpired=0
2026-09-04T21:22:10.514Z [INFO] [http] GET /api/v1/notifications/unread-count
2026-09-04T21:22:40.204Z [INFO] [http] GET /api/v1/notifications/unread-count
2026-09-04T21:22:48.011Z [INFO] [slaReminder] SLA_SCAN cases=1 respRemind=0 respEsc=0 closureRemind=0 closureEsc=0 surveyExpired=0
2026-09-04T21:23:10.519Z [INFO] [http] GET /api/v1/notifications/unread-count
2026-09-04T21:23:40.206Z [INFO] [http] GET /api/v1/notifications/unread-count
2026-09-04T21:23:48.017Z [INFO] [slaReminder] SLA_SCAN cases=1 respRemind=0 respEsc=0 closureRemind=0 closureEsc=0 surveyExpired=0
2026-09-04T21:24:10.598Z [INFO] [http] GET /api/v1/notifications/unread-count
2026-09-04T21:24:40.518Z [INFO] [http] GET /api/v1/notifications/unread-count
2026-09-04T21:24:48.018Z [INFO] [slaReminder] SLA_SCAN cases=1 respRemind=0 respEsc=0 closureRemind=0 closureEsc=0 surveyExpired=0
2026-09-04T21:25:10.512Z [INFO] [http] GET /api/v1/notifications/unread-count
2026-09-04T21:25:40.523Z [INFO] [http] GET /api/v1/notifications/unread-count
2026-09-04T21:25:48.028Z [INFO] [slaReminder] SLA_SCAN cases=1 respRemind=0 respEsc=0 closureRemind=0 closureEsc=0 surveyExpired=0
2026-09-04T21:26:10.529Z [INFO] [http] GET /api/v1/notifications/unread-count
2026-09-04T21:26:40.523Z [INFO] [http] GET /api/v1/notifications/unread-count
2026-09-04T21:26:48.033Z [INFO] [slaReminder] SLA_SCAN cases=1 respRemind=0 respEsc=0 closureRemind=0 closureEsc=0 surveyExpired=0
2026-09-04T21:27:10.214Z [INFO] [http] GET /api/v1/notifications/unread-count
2026-09-04T21:27:40.515Z [INFO] [http] GET /api/v1/notifications/unread-count
2026-09-04T21:27:48.037Z [INFO] [slaReminder] SLA_SCAN cases=1 respRemind=0 respEsc=0 closureRemind=0 closureEsc=0 surveyExpired=0
2026-09-04T21:28:10.515Z [INFO] [http] GET /api/v1/notifications/unread-count
2026-09-04T21:28:40.518Z [INFO] [http] GET /api/v1/notifications/unread-count
2026-09-04T21:28:48.052Z [INFO] [slaReminder] SLA_SCAN cases=1 respRemind=0 respEsc=0 closureRemind=0 closureEsc=0 surveyExpired=0
2026-09-04T21:29:10.645Z [INFO] [http] GET /api/v1/notifications/unread-count
2026-09-04T21:29:40.517Z [INFO] [http] GET /api/v1/notifications/unread-count
2026-09-04T21:29:48.061Z [INFO] [slaReminder] SLA_SCAN cases=1 respRemind=0 respEsc=0 closureRemind=0 closureEsc=0 surveyExpired=0
2026-09-04T21:30:10.206Z [INFO] [http] GET /api/v1/notifications/unread-count
2026-09-04T21:30:40.530Z [INFO] [http] GET /api/v1/notifications/unread-count
2026-09-04T21:30:48.070Z [INFO] [slaReminder] SLA_SCAN cases=1 respRemind=0 respEsc=0 closureRemind=0 closureEsc=0 surveyExpired=0
2026-09-04T21:31:10.215Z [INFO] [http] GET /api/v1/notifications/unread-count
2026-09-04T21:31:40.518Z [INFO] [http] GET /api/v1/notifications/unread-count
2026-09-04T21:31:48.076Z [INFO] [slaReminder] SLA_SCAN cases=1 respRemind=0 respEsc=0 closureRemind=0 closureEsc=0 surveyExpired=0
2026-09-04T21:32:10.212Z [INFO] [http] GET /api/v1/notifications/unread-count
2026-09-04T21:32:40.513Z [INFO] [http] GET /api/v1/notifications/unread-count
2026-09-04T21:32:48.079Z [INFO] [slaReminder] SLA_SCAN cases=1 respRemind=0 respEsc=0 closureRemind=0 closureEsc=0 surveyExpired=0
2026-09-04T21:33:10.207Z [INFO] [http] GET /api/v1/notifications/unread-count
2026-09-04T21:33:40.514Z [INFO] [http] GET /api/v1/notifications/unread-count
2026-09-04T21:33:48.084Z [INFO] [slaReminder] SLA_SCAN cases=1 respRemind=0 respEsc=0 closureRemind=0 closureEsc=0 surveyExpired=0
2026-09-04T21:34:10.226Z [INFO] [http] GET /api/v1/notifications/unread-count
2026-09-04T21:34:40.513Z [INFO] [http] GET /api/v1/notifications/unread-count
2026-09-04T21:34:48.089Z [INFO] [slaReminder] SLA_SCAN cases=1 respRemind=0 respEsc=0 closureRemind=0 closureEsc=0 surveyExpired=0
2026-09-04T21:35:10.513Z [INFO] [http] GET /api/v1/notifications/unread-count
2026-09-04T21:35:40.513Z [INFO] [http] GET /api/v1/notifications/unread-count
2026-09-04T21:35:48.094Z [INFO] [slaReminder] SLA_SCAN cases=1 respRemind=0 respEsc=0 closureRemind=0 closureEsc=0 surveyExpired=0
2026-09-04T21:36:10.209Z [INFO] [http] GET /api/v1/notifications/unread-count
2026-09-04T21:36:40.519Z [INFO] [http] GET /api/v1/notifications/unread-count
2026-09-04T21:36:48.102Z [INFO] [slaReminder] SLA_SCAN cases=1 respRemind=0 respEsc=0 closureRemind=0 closureEsc=0 surveyExpired=0
2026-09-04T21:37:10.213Z [INFO] [http] GET /api/v1/notifications/unread-count
2026-09-04T21:37:40.515Z [INFO] [http] GET /api/v1/notifications/unread-count
2026-09-04T21:37:48.102Z [INFO] [slaReminder] SLA_SCAN cases=1 respRemind=0 respEsc=0 closureRemind=0 closureEsc=0 surveyExpired=0
2026-09-04T21:38:10.202Z [INFO] [http] GET /api/v1/notifications/unread-count
2026-09-04T21:38:40.518Z [INFO] [http] GET /api/v1/notifications/unread-count
2026-09-04T21:38:48.116Z [INFO] [slaReminder] SLA_SCAN cases=1 respRemind=0 respEsc=0 closureRemind=0 closureEsc=0 surveyExpired=0
2026-09-04T21:39:10.212Z [INFO] [http] GET /api/v1/notifications/unread-count
2026-09-04T21:39:40.516Z [INFO] [http] GET /api/v1/notifications/unread-count
2026-09-04T21:39:48.120Z [INFO] [slaReminder] SLA_SCAN cases=1 respRemind=0 respEsc=0 closureRemind=0 closureEsc=0 surveyExpired=0
2026-09-04T21:40:10.202Z [INFO] [http] GET /api/v1/notifications/unread-count
2026-09-04T21:40:40.518Z [INFO] [http] GET /api/v1/notifications/unread-count
2026-09-04T21:40:48.123Z [INFO] [slaReminder] SLA_SCAN cases=1 respRemind=0 respEsc=0 closureRemind=0 closureEsc=0 surveyExpired=0
2026-09-04T21:41:10.214Z [INFO] [http] GET /api/v1/notifications/unread-count
2026-09-04T21:41:40.522Z [INFO] [http] GET /api/v1/notifications/unread-count
2026-09-04T21:41:48.126Z [INFO] [slaReminder] SLA_SCAN cases=1 respRemind=0 respEsc=0 closureRemind=0 closureEsc=0 surveyExpired=0
2026-09-04T21:42:10.201Z [INFO] [http] GET /api/v1/notifications/unread-count
2026-09-04T21:42:40.511Z [INFO] [http] GET /api/v1/notifications/unread-count
2026-09-04T21:42:48.139Z [INFO] [slaReminder] SLA_SCAN cases=1 respRemind=0 respEsc=0 closureRemind=0 closureEsc=0 surveyExpired=0
2026-09-04T21:43:10.213Z [INFO] [http] GET /api/v1/notifications/unread-count
2026-09-04T21:43:40.518Z [INFO] [http] GET /api/v1/notifications/unread-count
2026-09-04T21:43:48.148Z [INFO] [slaReminder] SLA_SCAN cases=1 respRemind=0 respEsc=0 closureRemind=0 closureEsc=0 surveyExpired=0
2026-09-04T21:44:10.775Z [INFO] [http] GET /api/v1/notifications/unread-count
2026-09-04T21:44:40.522Z [INFO] [http] GET /api/v1/notifications/unread-count
2026-09-04T21:44:48.153Z [INFO] [slaReminder] SLA_SCAN cases=1 respRemind=0 respEsc=0 closureRemind=0 closureEsc=0 surveyExpired=0
2026-09-04T21:45:10.511Z [INFO] [http] GET /api/v1/notifications/unread-count
2026-09-04T21:45:40.521Z [INFO] [http] GET /api/v1/notifications/unread-count
2026-09-04T21:45:48.156Z [INFO] [slaReminder] SLA_SCAN cases=1 respRemind=0 respEsc=0 closureRemind=0 closureEsc=0 surveyExpired=0
2026-09-04T21:46:10.207Z [INFO] [http] GET /api/v1/notifications/unread-count
2026-09-04T21:46:40.520Z [INFO] [http] GET /api/v1/notifications/unread-count
2026-09-04T21:46:48.164Z [INFO] [slaReminder] SLA_SCAN cases=1 respRemind=0 respEsc=0 closureRemind=0 closureEsc=0 surveyExpired=0
2026-09-04T21:47:10.206Z [INFO] [http] GET /api/v1/notifications/unread-count
2026-09-04T21:47:40.522Z [INFO] [http] GET /api/v1/notifications/unread-count
2026-09-04T21:47:48.177Z [INFO] [slaReminder] SLA_SCAN cases=1 respRemind=0 respEsc=0 closureRemind=0 closureEsc=0 surveyExpired=0
2026-09-04T21:48:10.203Z [INFO] [http] GET /api/v1/notifications/unread-count
2026-09-04T21:48:40.519Z [INFO] [http] GET /api/v1/notifications/unread-count
2026-09-04T21:48:48.193Z [INFO] [slaReminder] SLA_SCAN cases=1 respRemind=0 respEsc=0 closureRemind=0 closureEsc=0 surveyExpired=0
2026-09-04T21:49:10.219Z [INFO] [http] GET /api/v1/notifications/unread-count
2026-09-04T21:49:40.521Z [INFO] [http] GET /api/v1/notifications/unread-count
2026-09-04T21:49:48.200Z [INFO] [slaReminder] SLA_SCAN cases=1 respRemind=0 respEsc=0 closureRemind=0 closureEsc=0 surveyExpired=0
2026-09-04T21:50:10.213Z [INFO] [http] GET /api/v1/notifications/unread-count
2026-09-04T21:50:40.514Z [INFO] [http] GET /api/v1/notifications/unread-count
2026-09-04T21:50:48.205Z [INFO] [slaReminder] SLA_SCAN cases=1 respRemind=0 respEsc=0 closureRemind=0 closureEsc=0 surveyExpired=0
2026-09-04T21:51:10.211Z [INFO] [http] GET /api/v1/notifications/unread-count
2026-09-04T21:51:40.519Z [INFO] [http] GET /api/v1/notifications/unread-count
2026-09-04T21:51:48.221Z [INFO] [slaReminder] SLA_SCAN cases=1 respRemind=0 respEsc=0 closureRemind=0 closureEsc=0 surveyExpired=0
2026-09-04T21:52:10.220Z [INFO] [http] GET /api/v1/notifications/unread-count
2026-09-04T21:52:40.508Z [INFO] [http] GET /api/v1/notifications/unread-count
2026-09-04T21:52:48.228Z [INFO] [slaReminder] SLA_SCAN cases=1 respRemind=0 respEsc=0 closureRemind=0 closureEsc=0 surveyExpired=0
2026-09-04T21:53:10.211Z [INFO] [http] GET /api/v1/notifications/unread-count
2026-09-04T21:53:40.524Z [INFO] [http] GET /api/v1/notifications/unread-count
2026-09-04T21:53:48.237Z [INFO] [slaReminder] SLA_SCAN cases=1 respRemind=0 respEsc=0 closureRemind=0 closureEsc=0 surveyExpired=0
2026-09-04T21:54:10.208Z [INFO] [http] GET /api/v1/notifications/unread-count
2026-09-04T21:54:40.509Z [INFO] [http] GET /api/v1/notifications/unread-count
2026-09-04T21:54:48.244Z [INFO] [slaReminder] SLA_SCAN cases=1 respRemind=0 respEsc=0 closureRemind=0 closureEsc=0 surveyExpired=0
2026-09-04T21:55:10.205Z [INFO] [http] GET /api/v1/notifications/unread-count
2026-09-04T21:55:40.515Z [INFO] [http] GET /api/v1/notifications/unread-count
2026-09-04T21:55:48.248Z [INFO] [slaReminder] SLA_SCAN cases=1 respRemind=0 respEsc=0 closureRemind=0 closureEsc=0 surveyExpired=0
2026-09-04T21:56:10.210Z [INFO] [http] GET /api/v1/notifications/unread-count
2026-09-04T21:56:40.523Z [INFO] [http] GET /api/v1/notifications/unread-count
2026-09-04T21:56:48.253Z [INFO] [slaReminder] SLA_SCAN cases=1 respRemind=0 respEsc=0 closureRemind=0 closureEsc=0 surveyExpired=0
2026-09-04T21:57:10.202Z [INFO] [http] GET /api/v1/notifications/unread-count
2026-09-04T21:57:40.517Z [INFO] [http] GET /api/v1/notifications/unread-count
2026-09-04T21:57:48.259Z [INFO] [slaReminder] SLA_SCAN cases=1 respRemind=0 respEsc=0 closureRemind=0 closureEsc=0 surveyExpired=0
2026-09-04T21:58:10.200Z [INFO] [http] GET /api/v1/notifications/unread-count
2026-09-04T21:58:40.525Z [INFO] [http] GET /api/v1/notifications/unread-count
2026-09-04T21:58:48.269Z [INFO] [slaReminder] SLA_SCAN cases=1 respRemind=0 respEsc=0 closureRemind=0 closureEsc=0 surveyExpired=0
2026-09-04T21:59:10.204Z [INFO] [http] GET /api/v1/notifications/unread-count
2026-09-04T21:59:40.511Z [INFO] [http] GET /api/v1/notifications/unread-count
2026-09-04T21:59:48.281Z [INFO] [slaReminder] SLA_SCAN cases=1 respRemind=0 respEsc=0 closureRemind=0 closureEsc=0 surveyExpired=0
2026-09-04T22:00:10.212Z [INFO] [http] GET /api/v1/notifications/unread-count
2026-09-04T22:00:40.511Z [INFO] [http] GET /api/v1/notifications/unread-count
2026-09-04T22:00:48.283Z [INFO] [slaReminder] SLA_SCAN cases=1 respRemind=0 respEsc=0 closureRemind=0 closureEsc=0 surveyExpired=0
2026-09-04T22:01:10.206Z [INFO] [http] GET /api/v1/notifications/unread-count
2026-09-04T22:01:40.514Z [INFO] [http] GET /api/v1/notifications/unread-count
2026-09-04T22:01:48.296Z [INFO] [slaReminder] SLA_SCAN cases=1 respRemind=0 respEsc=0 closureRemind=0 closureEsc=0 surveyExpired=0
2026-09-04T22:02:10.206Z [INFO] [http] GET /api/v1/notifications/unread-count
2026-09-04T22:02:40.523Z [INFO] [http] GET /api/v1/notifications/unread-count
2026-09-04T22:02:48.311Z [INFO] [slaReminder] SLA_SCAN cases=1 respRemind=0 respEsc=0 closureRemind=0 closureEsc=0 surveyExpired=0
2026-09-04T22:03:10.201Z [INFO] [http] GET /api/v1/notifications/unread-count
2026-09-04T22:03:40.516Z [INFO] [http] GET /api/v1/notifications/unread-count
2026-09-04T22:03:48.320Z [INFO] [slaReminder] SLA_SCAN cases=1 respRemind=0 respEsc=0 closureRemind=0 closureEsc=0 surveyExpired=0
2026-09-04T22:04:10.531Z [INFO] [http] GET /api/v1/notifications/unread-count
2026-09-04T22:04:40.207Z [INFO] [http] GET /api/v1/notifications/unread-count
2026-09-04T22:04:48.321Z [INFO] [slaReminder] SLA_SCAN cases=1 respRemind=0 respEsc=0 closureRemind=0 closureEsc=0 surveyExpired=0
2026-09-04T22:05:10.511Z [INFO] [http] GET /api/v1/notifications/unread-count
2026-09-04T22:05:40.207Z [INFO] [http] GET /api/v1/notifications/unread-count
2026-09-04T22:05:48.322Z [INFO] [slaReminder] SLA_SCAN cases=1 respRemind=0 respEsc=0 closureRemind=0 closureEsc=0 surveyExpired=0
2026-09-04T22:06:10.515Z [INFO] [http] GET /api/v1/notifications/unread-count
2026-09-04T22:06:40.202Z [INFO] [http] GET /api/v1/notifications/unread-count
2026-09-04T22:06:48.325Z [INFO] [slaReminder] SLA_SCAN cases=1 respRemind=0 respEsc=0 closureRemind=0 closureEsc=0 surveyExpired=0
2026-09-04T22:07:10.517Z [INFO] [http] GET /api/v1/notifications/unread-count
2026-09-04T22:07:40.206Z [INFO] [http] GET /api/v1/notifications/unread-count
2026-09-04T22:07:48.330Z [INFO] [slaReminder] SLA_SCAN cases=1 respRemind=0 respEsc=0 closureRemind=0 closureEsc=0 surveyExpired=0
2026-09-04T22:08:10.516Z [INFO] [http] GET /api/v1/notifications/unread-count
2026-09-04T22:08:40.204Z [INFO] [http] GET /api/v1/notifications/unread-count
2026-09-04T22:08:48.330Z [INFO] [slaReminder] SLA_SCAN cases=1 respRemind=0 respEsc=0 closureRemind=0 closureEsc=0 surveyExpired=0
2026-09-04T22:09:10.526Z [INFO] [http] GET /api/v1/notifications/unread-count
2026-09-04T22:09:40.212Z [INFO] [http] GET /api/v1/notifications/unread-count
2026-09-04T22:09:48.343Z [INFO] [slaReminder] SLA_SCAN cases=1 respRemind=0 respEsc=0 closureRemind=0 closureEsc=0 surveyExpired=0
2026-09-04T22:10:10.514Z [INFO] [http] GET /api/v1/notifications/unread-count
2026-09-04T22:10:40.214Z [INFO] [http] GET /api/v1/notifications/unread-count
2026-09-04T22:10:48.343Z [INFO] [slaReminder] SLA_SCAN cases=1 respRemind=0 respEsc=0 closureRemind=0 closureEsc=0 surveyExpired=0
2026-09-04T22:11:10.513Z [INFO] [http] GET /api/v1/notifications/unread-count
2026-09-04T22:11:40.199Z [INFO] [http] GET /api/v1/notifications/unread-count
2026-09-04T22:11:48.349Z [INFO] [slaReminder] SLA_SCAN cases=1 respRemind=0 respEsc=0 closureRemind=0 closureEsc=0 surveyExpired=0
2026-09-04T22:12:10.511Z [INFO] [http] GET /api/v1/notifications/unread-count
2026-09-04T22:12:40.521Z [INFO] [http] GET /api/v1/notifications/unread-count
2026-09-04T22:12:48.351Z [INFO] [slaReminder] SLA_SCAN cases=1 respRemind=0 respEsc=0 closureRemind=0 closureEsc=0 surveyExpired=0
2026-09-04T22:13:10.519Z [INFO] [http] GET /api/v1/notifications/unread-count
2026-09-04T22:13:40.522Z [INFO] [http] GET /api/v1/notifications/unread-count
2026-09-04T22:13:48.357Z [INFO] [slaReminder] SLA_SCAN cases=1 respRemind=0 respEsc=0 closureRemind=0 closureEsc=0 surveyExpired=0
2026-09-04T22:14:10.514Z [INFO] [http] GET /api/v1/notifications/unread-count
2026-09-04T22:14:40.525Z [INFO] [http] GET /api/v1/notifications/unread-count
2026-09-04T22:14:48.424Z [INFO] [slaReminder] SLA_SCAN cases=1 respRemind=0 respEsc=0 closureRemind=0 closureEsc=0 surveyExpired=0
2026-09-04T22:15:10.519Z [INFO] [http] GET /api/v1/notifications/unread-count
2026-09-04T22:15:40.521Z [INFO] [http] GET /api/v1/notifications/unread-count
2026-09-04T22:15:48.374Z [INFO] [slaReminder] SLA_SCAN cases=1 respRemind=0 respEsc=0 closureRemind=0 closureEsc=0 surveyExpired=0
2026-09-04T22:16:10.513Z [INFO] [http] GET /api/v1/notifications/unread-count
2026-09-04T22:16:40.523Z [INFO] [http] GET /api/v1/notifications/unread-count
2026-09-04T22:16:48.386Z [INFO] [slaReminder] SLA_SCAN cases=1 respRemind=0 respEsc=0 closureRemind=0 closureEsc=0 surveyExpired=0
2026-09-04T22:17:10.522Z [INFO] [http] GET /api/v1/notifications/unread-count
2026-09-04T22:17:40.523Z [INFO] [http] GET /api/v1/notifications/unread-count
2026-09-04T22:17:48.400Z [INFO] [slaReminder] SLA_SCAN cases=1 respRemind=0 respEsc=0 closureRemind=0 closureEsc=0 surveyExpired=0
2026-09-04T22:18:10.514Z [INFO] [http] GET /api/v1/notifications/unread-count
2026-09-04T22:18:40.516Z [INFO] [http] GET /api/v1/notifications/unread-count
2026-09-04T22:18:48.409Z [INFO] [slaReminder] SLA_SCAN cases=1 respRemind=0 respEsc=0 closureRemind=0 closureEsc=0 surveyExpired=0
2026-09-04T22:19:10.510Z [INFO] [http] GET /api/v1/notifications/unread-count
2026-09-04T22:19:40.518Z [INFO] [http] GET /api/v1/notifications/unread-count
2026-09-04T22:19:48.436Z [INFO] [slaReminder] SLA_SCAN cases=1 respRemind=0 respEsc=0 closureRemind=0 closureEsc=0 surveyExpired=0
2026-09-04T22:20:10.201Z [INFO] [http] GET /api/v1/notifications/unread-count
2026-09-04T22:20:40.516Z [INFO] [http] GET /api/v1/notifications/unread-count
2026-09-04T22:20:48.447Z [INFO] [slaReminder] SLA_SCAN cases=1 respRemind=0 respEsc=0 closureRemind=0 closureEsc=0 surveyExpired=0
2026-09-04T22:21:10.199Z [INFO] [http] GET /api/v1/notifications/unread-count
2026-09-04T22:21:40.514Z [INFO] [http] GET /api/v1/notifications/unread-count
2026-09-04T22:21:48.453Z [INFO] [slaReminder] SLA_SCAN cases=1 respRemind=0 respEsc=0 closureRemind=0 closureEsc=0 surveyExpired=0
2026-09-04T22:22:10.211Z [INFO] [http] GET /api/v1/notifications/unread-count
2026-09-04T22:22:40.514Z [INFO] [http] GET /api/v1/notifications/unread-count
2026-09-04T22:22:48.465Z [INFO] [slaReminder] SLA_SCAN cases=1 respRemind=0 respEsc=0 closureRemind=0 closureEsc=0 surveyExpired=0
2026-09-04T22:23:10.200Z [INFO] [http] GET /api/v1/notifications/unread-count
2026-09-04T22:23:40.520Z [INFO] [http] GET /api/v1/notifications/unread-count
2026-09-04T22:23:48.466Z [INFO] [slaReminder] SLA_SCAN cases=1 respRemind=0 respEsc=0 closureRemind=0 closureEsc=0 surveyExpired=0
2026-09-04T22:24:10.217Z [INFO] [http] GET /api/v1/notifications/unread-count
2026-09-04T22:24:40.516Z [INFO] [http] GET /api/v1/notifications/unread-count
2026-09-04T22:24:48.477Z [INFO] [slaReminder] SLA_SCAN cases=1 respRemind=0 respEsc=0 closureRemind=0 closureEsc=0 surveyExpired=0
2026-09-04T22:25:10.199Z [INFO] [http] GET /api/v1/notifications/unread-count
2026-09-04T22:25:40.514Z [INFO] [http] GET /api/v1/notifications/unread-count
2026-09-04T22:25:48.490Z [INFO] [slaReminder] SLA_SCAN cases=1 respRemind=0 respEsc=0 closureRemind=0 closureEsc=0 surveyExpired=0
2026-09-04T22:26:10.206Z [INFO] [http] GET /api/v1/notifications/unread-count
2026-09-04T22:26:40.516Z [INFO] [http] GET /api/v1/notifications/unread-count
2026-09-04T22:26:48.506Z [INFO] [slaReminder] SLA_SCAN cases=1 respRemind=0 respEsc=0 closureRemind=0 closureEsc=0 surveyExpired=0
2026-09-04T22:27:10.214Z [INFO] [http] GET /api/v1/notifications/unread-count
2026-09-04T22:27:40.518Z [INFO] [http] GET /api/v1/notifications/unread-count
2026-09-04T22:27:48.519Z [INFO] [slaReminder] SLA_SCAN cases=1 respRemind=0 respEsc=0 closureRemind=0 closureEsc=0 surveyExpired=0
2026-09-04T22:28:10.199Z [INFO] [http] GET /api/v1/notifications/unread-count
2026-09-04T22:28:40.540Z [INFO] [http] GET /api/v1/notifications/unread-count
2026-09-04T22:28:48.530Z [INFO] [slaReminder] SLA_SCAN cases=1 respRemind=0 respEsc=0 closureRemind=0 closureEsc=0 surveyExpired=0
2026-09-04T22:29:10.202Z [INFO] [http] GET /api/v1/notifications/unread-count
2026-09-04T22:29:40.525Z [INFO] [http] GET /api/v1/notifications/unread-count
2026-09-04T22:29:48.565Z [INFO] [slaReminder] SLA_SCAN cases=1 respRemind=0 respEsc=0 closureRemind=0 closureEsc=0 surveyExpired=0
2026-09-04T22:30:10.199Z [INFO] [http] GET /api/v1/notifications/unread-count
2026-09-04T22:30:40.525Z [INFO] [http] GET /api/v1/notifications/unread-count
2026-09-04T22:30:48.580Z [INFO] [slaReminder] SLA_SCAN cases=1 respRemind=0 respEsc=0 closureRemind=0 closureEsc=0 surveyExpired=0
2026-09-04T22:31:10.513Z [INFO] [http] GET /api/v1/notifications/unread-count
2026-09-04T22:31:40.516Z [INFO] [http] GET /api/v1/notifications/unread-count
2026-09-04T22:31:48.587Z [INFO] [slaReminder] SLA_SCAN cases=1 respRemind=0 respEsc=0 closureRemind=0 closureEsc=0 surveyExpired=0
2026-09-04T22:32:10.507Z [INFO] [http] GET /api/v1/notifications/unread-count
2026-09-04T22:32:40.528Z [INFO] [http] GET /api/v1/notifications/unread-count
2026-09-04T22:32:48.597Z [INFO] [slaReminder] SLA_SCAN cases=1 respRemind=0 respEsc=0 closureRemind=0 closureEsc=0 surveyExpired=0
2026-09-04T22:33:10.508Z [INFO] [http] GET /api/v1/notifications/unread-count
2026-09-04T22:33:40.518Z [INFO] [http] GET /api/v1/notifications/unread-count
2026-09-04T22:33:48.604Z [INFO] [slaReminder] SLA_SCAN cases=1 respRemind=0 respEsc=0 closureRemind=0 closureEsc=0 surveyExpired=0
2026-09-04T22:34:10.512Z [INFO] [http] GET /api/v1/notifications/unread-count
2026-09-04T22:34:40.508Z [INFO] [http] GET /api/v1/notifications/unread-count
2026-09-04T22:34:48.619Z [INFO] [slaReminder] SLA_SCAN cases=1 respRemind=0 respEsc=0 closureRemind=0 closureEsc=0 surveyExpired=0
2026-09-04T22:35:10.525Z [INFO] [http] GET /api/v1/notifications/unread-count
2026-09-04T22:35:40.513Z [INFO] [http] GET /api/v1/notifications/unread-count
2026-09-04T22:35:48.631Z [INFO] [slaReminder] SLA_SCAN cases=1 respRemind=0 respEsc=0 closureRemind=0 closureEsc=0 surveyExpired=0
2026-09-04T22:36:10.523Z [INFO] [http] GET /api/v1/notifications/unread-count
2026-09-04T22:36:40.513Z [INFO] [http] GET /api/v1/notifications/unread-count
2026-09-04T22:36:48.644Z [INFO] [slaReminder] SLA_SCAN cases=1 respRemind=0 respEsc=0 closureRemind=0 closureEsc=0 surveyExpired=0
2026-09-04T22:37:10.517Z [INFO] [http] GET /api/v1/notifications/unread-count
2026-09-04T22:37:40.208Z [INFO] [http] GET /api/v1/notifications/unread-count
2026-09-04T22:37:48.649Z [INFO] [slaReminder] SLA_SCAN cases=1 respRemind=0 respEsc=0 closureRemind=0 closureEsc=0 surveyExpired=0
2026-09-04T22:38:10.512Z [INFO] [http] GET /api/v1/notifications/unread-count
2026-09-04T22:38:40.203Z [INFO] [http] GET /api/v1/notifications/unread-count
2026-09-04T22:38:48.650Z [INFO] [slaReminder] SLA_SCAN cases=1 respRemind=0 respEsc=0 closureRemind=0 closureEsc=0 surveyExpired=0
2026-09-04T22:39:10.519Z [INFO] [http] GET /api/v1/notifications/unread-count
2026-09-04T22:39:40.508Z [INFO] [http] GET /api/v1/notifications/unread-count
2026-09-04T22:39:48.654Z [INFO] [slaReminder] SLA_SCAN cases=1 respRemind=0 respEsc=0 closureRemind=0 closureEsc=0 surveyExpired=0
2026-09-04T22:40:10.205Z [INFO] [http] GET /api/v1/notifications/unread-count
2026-09-04T22:40:40.516Z [INFO] [http] GET /api/v1/notifications/unread-count
2026-09-04T22:40:48.658Z [INFO] [slaReminder] SLA_SCAN cases=1 respRemind=0 respEsc=0 closureRemind=0 closureEsc=0 surveyExpired=0
2026-09-04T22:41:10.212Z [INFO] [http] GET /api/v1/notifications/unread-count
2026-09-04T22:41:40.509Z [INFO] [http] GET /api/v1/notifications/unread-count
2026-09-04T22:41:48.660Z [INFO] [slaReminder] SLA_SCAN cases=1 respRemind=0 respEsc=0 closureRemind=0 closureEsc=0 surveyExpired=0
2026-09-04T22:42:10.200Z [INFO] [http] GET /api/v1/notifications/unread-count
2026-09-04T22:42:40.523Z [INFO] [http] GET /api/v1/notifications/unread-count
2026-09-04T22:42:48.675Z [INFO] [slaReminder] SLA_SCAN cases=1 respRemind=0 respEsc=0 closureRemind=0 closureEsc=0 surveyExpired=0
2026-09-04T22:43:10.202Z [INFO] [http] GET /api/v1/notifications/unread-count
2026-09-04T22:43:40.517Z [INFO] [http] GET /api/v1/notifications/unread-count
2026-09-04T22:43:48.690Z [INFO] [slaReminder] SLA_SCAN cases=1 respRemind=0 respEsc=0 closureRemind=0 closureEsc=0 surveyExpired=0
2026-09-04T22:44:10.616Z [INFO] [http] GET /api/v1/notifications/unread-count
2026-09-04T22:44:40.513Z [INFO] [http] GET /api/v1/notifications/unread-count
2026-09-04T22:44:48.694Z [INFO] [slaReminder] SLA_SCAN cases=1 respRemind=0 respEsc=0 closureRemind=0 closureEsc=0 surveyExpired=0
2026-09-04T22:45:10.202Z [INFO] [http] GET /api/v1/notifications/unread-count
2026-09-04T22:45:40.513Z [INFO] [http] GET /api/v1/notifications/unread-count
2026-09-04T22:45:48.697Z [INFO] [slaReminder] SLA_SCAN cases=1 respRemind=0 respEsc=0 closureRemind=0 closureEsc=0 surveyExpired=0
2026-09-04T22:46:10.226Z [INFO] [http] GET /api/v1/notifications/unread-count
2026-09-04T22:46:40.514Z [INFO] [http] GET /api/v1/notifications/unread-count
2026-09-04T22:46:48.713Z [INFO] [slaReminder] SLA_SCAN cases=1 respRemind=0 respEsc=0 closureRemind=0 closureEsc=0 surveyExpired=0
2026-09-04T22:47:10.200Z [INFO] [http] GET /api/v1/notifications/unread-count
2026-09-04T22:47:40.515Z [INFO] [http] GET /api/v1/notifications/unread-count
2026-09-04T22:47:48.724Z [INFO] [slaReminder] SLA_SCAN cases=1 respRemind=0 respEsc=0 closureRemind=0 closureEsc=0 surveyExpired=0
2026-09-04T22:48:10.205Z [INFO] [http] GET /api/v1/notifications/unread-count
2026-09-04T22:48:40.516Z [INFO] [http] GET /api/v1/notifications/unread-count
2026-09-04T22:48:48.733Z [INFO] [slaReminder] SLA_SCAN cases=1 respRemind=0 respEsc=0 closureRemind=0 closureEsc=0 surveyExpired=0
2026-09-04T22:49:10.206Z [INFO] [http] GET /api/v1/notifications/unread-count
2026-09-04T22:49:40.508Z [INFO] [http] GET /api/v1/notifications/unread-count
2026-09-04T22:49:48.748Z [INFO] [slaReminder] SLA_SCAN cases=1 respRemind=0 respEsc=0 closureRemind=0 closureEsc=0 surveyExpired=0
2026-09-04T22:50:10.206Z [INFO] [http] GET /api/v1/notifications/unread-count
2026-09-04T22:50:40.520Z [INFO] [http] GET /api/v1/notifications/unread-count
2026-09-04T22:50:48.756Z [INFO] [slaReminder] SLA_SCAN cases=1 respRemind=0 respEsc=0 closureRemind=0 closureEsc=0 surveyExpired=0
2026-09-04T22:51:10.211Z [INFO] [http] GET /api/v1/notifications/unread-count
2026-09-04T22:51:40.507Z [INFO] [http] GET /api/v1/notifications/unread-count
2026-09-04T22:51:48.768Z [INFO] [slaReminder] SLA_SCAN cases=1 respRemind=0 respEsc=0 closureRemind=0 closureEsc=0 surveyExpired=0
2026-09-04T22:52:10.201Z [INFO] [http] GET /api/v1/notifications/unread-count
2026-09-04T22:52:40.512Z [INFO] [http] GET /api/v1/notifications/unread-count
2026-09-04T22:52:48.783Z [INFO] [slaReminder] SLA_SCAN cases=1 respRemind=0 respEsc=0 closureRemind=0 closureEsc=0 surveyExpired=0
2026-09-04T22:53:10.198Z [INFO] [http] GET /api/v1/notifications/unread-count
2026-09-04T22:53:40.513Z [INFO] [http] GET /api/v1/notifications/unread-count
2026-09-04T22:53:48.791Z [INFO] [slaReminder] SLA_SCAN cases=1 respRemind=0 respEsc=0 closureRemind=0 closureEsc=0 surveyExpired=0
2026-09-04T22:54:10.208Z [INFO] [http] GET /api/v1/notifications/unread-count
2026-09-04T22:54:40.517Z [INFO] [http] GET /api/v1/notifications/unread-count
2026-09-04T22:54:48.803Z [INFO] [slaReminder] SLA_SCAN cases=1 respRemind=0 respEsc=0 closureRemind=0 closureEsc=0 surveyExpired=0
2026-09-04T22:55:10.208Z [INFO] [http] GET /api/v1/notifications/unread-count
2026-09-04T22:55:40.520Z [INFO] [http] GET /api/v1/notifications/unread-count
2026-09-04T22:55:48.804Z [INFO] [slaReminder] SLA_SCAN cases=1 respRemind=0 respEsc=0 closureRemind=0 closureEsc=0 surveyExpired=0
2026-09-04T22:56:10.208Z [INFO] [http] GET /api/v1/notifications/unread-count
2026-09-04T22:56:40.514Z [INFO] [http] GET /api/v1/notifications/unread-count
2026-09-04T22:56:48.810Z [INFO] [slaReminder] SLA_SCAN cases=1 respRemind=0 respEsc=0 closureRemind=0 closureEsc=0 surveyExpired=0
2026-09-04T22:57:10.209Z [INFO] [http] GET /api/v1/notifications/unread-count
2026-09-04T22:57:40.506Z [INFO] [http] GET /api/v1/notifications/unread-count
2026-09-04T22:57:48.819Z [INFO] [slaReminder] SLA_SCAN cases=1 respRemind=0 respEsc=0 closureRemind=0 closureEsc=0 surveyExpired=0
2026-09-04T22:58:10.203Z [INFO] [http] GET /api/v1/notifications/unread-count
2026-09-04T22:58:40.515Z [INFO] [http] GET /api/v1/notifications/unread-count
2026-09-04T22:58:48.823Z [INFO] [slaReminder] SLA_SCAN cases=1 respRemind=0 respEsc=0 closureRemind=0 closureEsc=0 surveyExpired=0
2026-09-04T22:59:10.208Z [INFO] [http] GET /api/v1/notifications/unread-count
2026-09-04T22:59:40.512Z [INFO] [http] GET /api/v1/notifications/unread-count
2026-09-04T22:59:48.835Z [INFO] [slaReminder] SLA_SCAN cases=1 respRemind=0 respEsc=0 closureRemind=0 closureEsc=0 surveyExpired=0
2026-09-04T23:00:10.512Z [INFO] [http] GET /api/v1/notifications/unread-count
2026-09-04T23:00:40.197Z [INFO] [http] GET /api/v1/notifications/unread-count
2026-09-04T23:00:48.845Z [INFO] [slaReminder] SLA_SCAN cases=1 respRemind=0 respEsc=0 closureRemind=0 closureEsc=0 surveyExpired=0
2026-09-04T23:01:10.520Z [INFO] [http] GET /api/v1/notifications/unread-count
2026-09-04T23:01:40.204Z [INFO] [http] GET /api/v1/notifications/unread-count
2026-09-04T23:01:48.859Z [INFO] [slaReminder] SLA_SCAN cases=1 respRemind=0 respEsc=0 closureRemind=0 closureEsc=0 surveyExpired=0
2026-09-04T23:02:10.516Z [INFO] [http] GET /api/v1/notifications/unread-count
2026-09-04T23:02:40.198Z [INFO] [http] GET /api/v1/notifications/unread-count
2026-09-04T23:02:48.861Z [INFO] [slaReminder] SLA_SCAN cases=1 respRemind=0 respEsc=0 closureRemind=0 closureEsc=0 surveyExpired=0
2026-09-04T23:03:10.510Z [INFO] [http] GET /api/v1/notifications/unread-count
2026-09-04T23:03:40.201Z [INFO] [http] GET /api/v1/notifications/unread-count
2026-09-04T23:03:48.868Z [INFO] [slaReminder] SLA_SCAN cases=1 respRemind=0 respEsc=0 closureRemind=0 closureEsc=0 surveyExpired=0
2026-09-04T23:04:10.516Z [INFO] [http] GET /api/v1/notifications/unread-count
2026-09-04T23:04:40.206Z [INFO] [http] GET /api/v1/notifications/unread-count
2026-09-04T23:04:48.886Z [INFO] [slaReminder] SLA_SCAN cases=1 respRemind=0 respEsc=0 closureRemind=0 closureEsc=0 surveyExpired=0
2026-09-04T23:05:10.510Z [INFO] [http] GET /api/v1/notifications/unread-count
2026-09-04T23:05:40.210Z [INFO] [http] GET /api/v1/notifications/unread-count
2026-09-04T23:05:48.888Z [INFO] [slaReminder] SLA_SCAN cases=1 respRemind=0 respEsc=0 closureRemind=0 closureEsc=0 surveyExpired=0
2026-09-04T23:06:10.516Z [INFO] [http] GET /api/v1/notifications/unread-count
2026-09-04T23:06:40.518Z [INFO] [http] GET /api/v1/notifications/unread-count
2026-09-04T23:06:48.895Z [INFO] [slaReminder] SLA_SCAN cases=1 respRemind=0 respEsc=0 closureRemind=0 closureEsc=0 surveyExpired=0
2026-09-04T23:07:10.206Z [INFO] [http] GET /api/v1/notifications/unread-count
2026-09-04T23:07:40.522Z [INFO] [http] GET /api/v1/notifications/unread-count
2026-09-04T23:07:48.910Z [INFO] [slaReminder] SLA_SCAN cases=1 respRemind=0 respEsc=0 closureRemind=0 closureEsc=0 surveyExpired=0
2026-09-04T23:08:10.218Z [INFO] [http] GET /api/v1/notifications/unread-count
2026-09-04T23:08:40.524Z [INFO] [http] GET /api/v1/notifications/unread-count
2026-09-04T23:08:48.929Z [INFO] [slaReminder] SLA_SCAN cases=1 respRemind=0 respEsc=0 closureRemind=0 closureEsc=0 surveyExpired=0
2026-09-04T23:09:10.513Z [INFO] [http] GET /api/v1/notifications/unread-count
2026-09-04T23:09:40.205Z [INFO] [http] GET /api/v1/notifications/unread-count
2026-09-04T23:09:48.936Z [INFO] [slaReminder] SLA_SCAN cases=1 respRemind=0 respEsc=0 closureRemind=0 closureEsc=0 surveyExpired=0
2026-09-04T23:10:10.514Z [INFO] [http] GET /api/v1/notifications/unread-count
2026-09-04T23:10:40.204Z [INFO] [http] GET /api/v1/notifications/unread-count
2026-09-04T23:10:48.941Z [INFO] [slaReminder] SLA_SCAN cases=1 respRemind=0 respEsc=0 closureRemind=0 closureEsc=0 surveyExpired=0
2026-09-04T23:11:10.502Z [INFO] [http] GET /api/v1/notifications/unread-count
2026-09-04T23:11:40.206Z [INFO] [http] GET /api/v1/notifications/unread-count
2026-09-04T23:11:48.952Z [INFO] [slaReminder] SLA_SCAN cases=1 respRemind=0 respEsc=0 closureRemind=0 closureEsc=0 surveyExpired=0
2026-09-04T23:12:10.515Z [INFO] [http] GET /api/v1/notifications/unread-count
2026-09-04T23:12:40.199Z [INFO] [http] GET /api/v1/notifications/unread-count
2026-09-04T23:12:48.964Z [INFO] [slaReminder] SLA_SCAN cases=1 respRemind=0 respEsc=0 closureRemind=0 closureEsc=0 surveyExpired=0
2026-09-04T23:13:10.511Z [INFO] [http] GET /api/v1/notifications/unread-count
2026-09-04T23:13:40.203Z [INFO] [http] GET /api/v1/notifications/unread-count
2026-09-04T23:13:48.969Z [INFO] [slaReminder] SLA_SCAN cases=1 respRemind=0 respEsc=0 closureRemind=0 closureEsc=0 surveyExpired=0
2026-09-04T23:14:10.510Z [INFO] [http] GET /api/v1/notifications/unread-count
2026-09-04T23:14:40.522Z [INFO] [http] GET /api/v1/notifications/unread-count
2026-09-04T23:14:48.978Z [INFO] [slaReminder] SLA_SCAN cases=1 respRemind=0 respEsc=0 closureRemind=0 closureEsc=0 surveyExpired=0
2026-09-04T23:15:10.198Z [INFO] [http] GET /api/v1/notifications/unread-count
2026-09-04T23:15:40.521Z [INFO] [http] GET /api/v1/notifications/unread-count
2026-09-04T23:15:48.983Z [INFO] [slaReminder] SLA_SCAN cases=1 respRemind=0 respEsc=0 closureRemind=0 closureEsc=0 surveyExpired=0
2026-09-04T23:16:10.205Z [INFO] [http] GET /api/v1/notifications/unread-count
2026-09-04T23:16:40.517Z [INFO] [http] GET /api/v1/notifications/unread-count
2026-09-04T23:16:48.989Z [INFO] [slaReminder] SLA_SCAN cases=1 respRemind=0 respEsc=0 closureRemind=0 closureEsc=0 surveyExpired=0
2026-09-04T23:17:10.211Z [INFO] [http] GET /api/v1/notifications/unread-count
2026-09-04T23:17:40.509Z [INFO] [http] GET /api/v1/notifications/unread-count
2026-09-04T23:17:49.000Z [INFO] [slaReminder] SLA_SCAN cases=1 respRemind=0 respEsc=0 closureRemind=0 closureEsc=0 surveyExpired=0
2026-09-04T23:18:10.197Z [INFO] [http] GET /api/v1/notifications/unread-count
2026-09-04T23:18:40.504Z [INFO] [http] GET /api/v1/notifications/unread-count
2026-09-04T23:18:49.004Z [INFO] [slaReminder] SLA_SCAN cases=1 respRemind=0 respEsc=0 closureRemind=0 closureEsc=0 surveyExpired=0
2026-09-04T23:19:10.516Z [INFO] [http] GET /api/v1/notifications/unread-count
2026-09-04T23:19:40.509Z [INFO] [http] GET /api/v1/notifications/unread-count
2026-09-04T23:19:49.019Z [INFO] [slaReminder] SLA_SCAN cases=1 respRemind=0 respEsc=0 closureRemind=0 closureEsc=0 surveyExpired=0
2026-09-04T23:20:10.520Z [INFO] [http] GET /api/v1/notifications/unread-count
2026-09-04T23:20:40.523Z [INFO] [http] GET /api/v1/notifications/unread-count
2026-09-04T23:20:49.020Z [INFO] [slaReminder] SLA_SCAN cases=1 respRemind=0 respEsc=0 closureRemind=0 closureEsc=0 surveyExpired=0
2026-09-04T23:21:10.520Z [INFO] [http] GET /api/v1/notifications/unread-count
2026-09-04T23:21:40.520Z [INFO] [http] GET /api/v1/notifications/unread-count
2026-09-04T23:21:49.024Z [INFO] [slaReminder] SLA_SCAN cases=1 respRemind=0 respEsc=0 closureRemind=0 closureEsc=0 surveyExpired=0
2026-09-04T23:22:10.511Z [INFO] [http] GET /api/v1/notifications/unread-count
2026-09-04T23:22:40.511Z [INFO] [http] GET /api/v1/notifications/unread-count
2026-09-04T23:22:49.035Z [INFO] [slaReminder] SLA_SCAN cases=1 respRemind=0 respEsc=0 closureRemind=0 closureEsc=0 surveyExpired=0
2026-09-04T23:23:10.207Z [INFO] [http] GET /api/v1/notifications/unread-count
2026-09-04T23:23:40.514Z [INFO] [http] GET /api/v1/notifications/unread-count
2026-09-04T23:23:49.040Z [INFO] [slaReminder] SLA_SCAN cases=1 respRemind=0 respEsc=0 closureRemind=0 closureEsc=0 surveyExpired=0
2026-09-04T23:24:10.511Z [INFO] [http] GET /api/v1/notifications/unread-count
2026-09-04T23:24:40.516Z [INFO] [http] GET /api/v1/notifications/unread-count
2026-09-04T23:24:49.044Z [INFO] [slaReminder] SLA_SCAN cases=1 respRemind=0 respEsc=0 closureRemind=0 closureEsc=0 surveyExpired=0
2026-09-04T23:25:10.511Z [INFO] [http] GET /api/v1/notifications/unread-count
2026-09-04T23:25:40.519Z [INFO] [http] GET /api/v1/notifications/unread-count
2026-09-04T23:25:49.058Z [INFO] [slaReminder] SLA_SCAN cases=1 respRemind=0 respEsc=0 closureRemind=0 closureEsc=0 surveyExpired=0
2026-09-04T23:26:10.206Z [INFO] [http] GET /api/v1/notifications/unread-count
2026-09-04T23:26:40.517Z [INFO] [http] GET /api/v1/notifications/unread-count
2026-09-04T23:26:49.068Z [INFO] [slaReminder] SLA_SCAN cases=1 respRemind=0 respEsc=0 closureRemind=0 closureEsc=0 surveyExpired=0
2026-09-04T23:27:10.514Z [INFO] [http] GET /api/v1/notifications/unread-count
2026-09-04T23:27:40.514Z [INFO] [http] GET /api/v1/notifications/unread-count
2026-09-04T23:27:49.079Z [INFO] [slaReminder] SLA_SCAN cases=1 respRemind=0 respEsc=0 closureRemind=0 closureEsc=0 surveyExpired=0
2026-09-04T23:28:10.520Z [INFO] [http] GET /api/v1/notifications/unread-count
2026-09-04T23:28:40.512Z [INFO] [http] GET /api/v1/notifications/unread-count
2026-09-04T23:28:49.082Z [INFO] [slaReminder] SLA_SCAN cases=1 respRemind=0 respEsc=0 closureRemind=0 closureEsc=0 surveyExpired=0
2026-09-04T23:29:10.520Z [INFO] [http] GET /api/v1/notifications/unread-count
2026-09-04T23:29:40.510Z [INFO] [http] GET /api/v1/notifications/unread-count
2026-09-04T23:29:49.094Z [INFO] [slaReminder] SLA_SCAN cases=1 respRemind=0 respEsc=0 closureRemind=0 closureEsc=0 surveyExpired=0
2026-09-04T23:30:10.516Z [INFO] [http] GET /api/v1/notifications/unread-count
2026-09-04T23:30:40.519Z [INFO] [http] GET /api/v1/notifications/unread-count
2026-09-04T23:30:49.100Z [INFO] [slaReminder] SLA_SCAN cases=1 respRemind=0 respEsc=0 closureRemind=0 closureEsc=0 surveyExpired=0
2026-09-04T23:31:10.514Z [INFO] [http] GET /api/v1/notifications/unread-count
2026-09-04T23:31:40.512Z [INFO] [http] GET /api/v1/notifications/unread-count
2026-09-04T23:31:49.115Z [INFO] [slaReminder] SLA_SCAN cases=1 respRemind=0 respEsc=0 closureRemind=0 closureEsc=0 surveyExpired=0
2026-09-04T23:32:10.517Z [INFO] [http] GET /api/v1/notifications/unread-count
2026-09-04T23:32:40.511Z [INFO] [http] GET /api/v1/notifications/unread-count
2026-09-04T23:32:49.122Z [INFO] [slaReminder] SLA_SCAN cases=1 respRemind=0 respEsc=0 closureRemind=0 closureEsc=0 surveyExpired=0
2026-09-04T23:33:10.515Z [INFO] [http] GET /api/v1/notifications/unread-count
2026-09-04T23:33:40.510Z [INFO] [http] GET /api/v1/notifications/unread-count
2026-09-04T23:33:49.133Z [INFO] [slaReminder] SLA_SCAN cases=1 respRemind=0 respEsc=0 closureRemind=0 closureEsc=0 surveyExpired=0
2026-09-04T23:34:10.640Z [INFO] [http] GET /api/v1/notifications/unread-count
2026-09-04T23:34:40.521Z [INFO] [http] GET /api/v1/notifications/unread-count
2026-09-04T23:34:49.144Z [INFO] [slaReminder] SLA_SCAN cases=1 respRemind=0 respEsc=0 closureRemind=0 closureEsc=0 surveyExpired=0
2026-09-04T23:35:10.519Z [INFO] [http] GET /api/v1/notifications/unread-count
2026-09-04T23:35:40.514Z [INFO] [http] GET /api/v1/notifications/unread-count
2026-09-04T23:35:49.144Z [INFO] [slaReminder] SLA_SCAN cases=1 respRemind=0 respEsc=0 closureRemind=0 closureEsc=0 surveyExpired=0
2026-09-04T23:36:10.524Z [INFO] [http] GET /api/v1/notifications/unread-count
2026-09-04T23:36:40.210Z [INFO] [http] GET /api/v1/notifications/unread-count
2026-09-04T23:36:49.151Z [INFO] [slaReminder] SLA_SCAN cases=1 respRemind=0 respEsc=0 closureRemind=0 closureEsc=0 surveyExpired=0
2026-09-04T23:37:10.514Z [INFO] [http] GET /api/v1/notifications/unread-count
2026-09-04T23:37:40.205Z [INFO] [http] GET /api/v1/notifications/unread-count
2026-09-04T23:37:49.167Z [INFO] [slaReminder] SLA_SCAN cases=1 respRemind=0 respEsc=0 closureRemind=0 closureEsc=0 surveyExpired=0
2026-09-04T23:38:10.513Z [INFO] [http] GET /api/v1/notifications/unread-count
2026-09-04T23:38:40.212Z [INFO] [http] GET /api/v1/notifications/unread-count
2026-09-04T23:38:49.174Z [INFO] [slaReminder] SLA_SCAN cases=1 respRemind=0 respEsc=0 closureRemind=0 closureEsc=0 surveyExpired=0
2026-09-04T23:39:10.528Z [INFO] [http] GET /api/v1/notifications/unread-count
2026-09-04T23:39:40.206Z [INFO] [http] GET /api/v1/notifications/unread-count
2026-09-04T23:39:49.173Z [INFO] [slaReminder] SLA_SCAN cases=1 respRemind=0 respEsc=0 closureRemind=0 closureEsc=0 surveyExpired=0
2026-09-04T23:40:10.511Z [INFO] [http] GET /api/v1/notifications/unread-count
2026-09-04T23:40:40.212Z [INFO] [http] GET /api/v1/notifications/unread-count
2026-09-04T23:40:49.188Z [INFO] [slaReminder] SLA_SCAN cases=1 respRemind=0 respEsc=0 closureRemind=0 closureEsc=0 surveyExpired=0
2026-09-04T23:41:10.512Z [INFO] [http] GET /api/v1/notifications/unread-count
2026-09-04T23:41:40.203Z [INFO] [http] GET /api/v1/notifications/unread-count
2026-09-04T23:41:49.198Z [INFO] [slaReminder] SLA_SCAN cases=1 respRemind=0 respEsc=0 closureRemind=0 closureEsc=0 surveyExpired=0
2026-09-04T23:42:10.517Z [INFO] [http] GET /api/v1/notifications/unread-count
2026-09-04T23:42:40.212Z [INFO] [http] GET /api/v1/notifications/unread-count
2026-09-04T23:42:49.205Z [INFO] [slaReminder] SLA_SCAN cases=1 respRemind=0 respEsc=0 closureRemind=0 closureEsc=0 surveyExpired=0
2026-09-04T23:43:10.521Z [INFO] [http] GET /api/v1/notifications/unread-count
2026-09-04T23:43:40.219Z [INFO] [http] GET /api/v1/notifications/unread-count
2026-09-04T23:43:49.217Z [INFO] [slaReminder] SLA_SCAN cases=1 respRemind=0 respEsc=0 closureRemind=0 closureEsc=0 surveyExpired=0
2026-09-04T23:44:10.519Z [INFO] [http] GET /api/v1/notifications/unread-count
2026-09-04T23:44:40.215Z [INFO] [http] GET /api/v1/notifications/unread-count
2026-09-04T23:44:49.222Z [INFO] [slaReminder] SLA_SCAN cases=1 respRemind=0 respEsc=0 closureRemind=0 closureEsc=0 surveyExpired=0
2026-09-04T23:45:10.520Z [INFO] [http] GET /api/v1/notifications/unread-count
2026-09-04T23:45:40.516Z [INFO] [http] GET /api/v1/notifications/unread-count
2026-09-04T23:45:49.240Z [INFO] [slaReminder] SLA_SCAN cases=1 respRemind=0 respEsc=0 closureRemind=0 closureEsc=0 surveyExpired=0
2026-09-04T23:46:10.208Z [INFO] [http] GET /api/v1/notifications/unread-count
2026-09-04T23:46:40.520Z [INFO] [http] GET /api/v1/notifications/unread-count
2026-09-04T23:46:49.245Z [INFO] [slaReminder] SLA_SCAN cases=1 respRemind=0 respEsc=0 closureRemind=0 closureEsc=0 surveyExpired=0
2026-09-04T23:47:10.207Z [INFO] [http] GET /api/v1/notifications/unread-count
2026-09-04T23:47:40.524Z [INFO] [http] GET /api/v1/notifications/unread-count
2026-09-04T23:47:49.257Z [INFO] [slaReminder] SLA_SCAN cases=1 respRemind=0 respEsc=0 closureRemind=0 closureEsc=0 surveyExpired=0
2026-09-04T23:48:10.207Z [INFO] [http] GET /api/v1/notifications/unread-count
2026-09-04T23:48:40.522Z [INFO] [http] GET /api/v1/notifications/unread-count
2026-09-04T23:48:49.267Z [INFO] [slaReminder] SLA_SCAN cases=1 respRemind=0 respEsc=0 closureRemind=0 closureEsc=0 surveyExpired=0
2026-09-04T23:49:10.553Z [INFO] [http] GET /api/v1/notifications/unread-count
2026-09-04T23:49:40.210Z [INFO] [http] GET /api/v1/notifications/unread-count
2026-09-04T23:49:49.281Z [INFO] [slaReminder] SLA_SCAN cases=1 respRemind=0 respEsc=0 closureRemind=0 closureEsc=0 surveyExpired=0
2026-09-04T23:50:10.526Z [INFO] [http] GET /api/v1/notifications/unread-count
2026-09-04T23:50:40.210Z [INFO] [http] GET /api/v1/notifications/unread-count
2026-09-04T23:50:49.290Z [INFO] [slaReminder] SLA_SCAN cases=1 respRemind=0 respEsc=0 closureRemind=0 closureEsc=0 surveyExpired=0
2026-09-04T23:51:10.524Z [INFO] [http] GET /api/v1/notifications/unread-count
2026-09-04T23:51:40.209Z [INFO] [http] GET /api/v1/notifications/unread-count
2026-09-04T23:51:49.298Z [INFO] [slaReminder] SLA_SCAN cases=1 respRemind=0 respEsc=0 closureRemind=0 closureEsc=0 surveyExpired=0
2026-09-04T23:52:10.526Z [INFO] [http] GET /api/v1/notifications/unread-count
2026-09-04T23:52:40.520Z [INFO] [http] GET /api/v1/notifications/unread-count
2026-09-04T23:52:49.313Z [INFO] [slaReminder] SLA_SCAN cases=1 respRemind=0 respEsc=0 closureRemind=0 closureEsc=0 surveyExpired=0
2026-09-04T23:53:10.217Z [INFO] [http] GET /api/v1/notifications/unread-count
2026-09-04T23:53:40.526Z [INFO] [http] GET /api/v1/notifications/unread-count
2026-09-04T23:53:49.328Z [INFO] [slaReminder] SLA_SCAN cases=1 respRemind=0 respEsc=0 closureRemind=0 closureEsc=0 surveyExpired=0
2026-09-04T23:54:10.541Z [INFO] [http] GET /api/v1/notifications/unread-count
2026-09-04T23:54:40.514Z [INFO] [http] GET /api/v1/notifications/unread-count
2026-09-04T23:54:49.328Z [INFO] [slaReminder] SLA_SCAN cases=1 respRemind=0 respEsc=0 closureRemind=0 closureEsc=0 surveyExpired=0
2026-09-04T23:55:10.517Z [INFO] [http] GET /api/v1/notifications/unread-count
2026-09-04T23:55:40.523Z [INFO] [http] GET /api/v1/notifications/unread-count
2026-09-04T23:55:49.337Z [INFO] [slaReminder] SLA_SCAN cases=1 respRemind=0 respEsc=0 closureRemind=0 closureEsc=0 surveyExpired=0
2026-09-04T23:56:10.526Z [INFO] [http] GET /api/v1/notifications/unread-count
2026-09-04T23:56:40.521Z [INFO] [http] GET /api/v1/notifications/unread-count
2026-09-04T23:56:49.337Z [INFO] [slaReminder] SLA_SCAN cases=1 respRemind=0 respEsc=0 closureRemind=0 closureEsc=0 surveyExpired=0
2026-09-04T23:57:10.528Z [INFO] [http] GET /api/v1/notifications/unread-count
2026-09-04T23:57:40.516Z [INFO] [http] GET /api/v1/notifications/unread-count
2026-09-04T23:57:49.349Z [INFO] [slaReminder] SLA_SCAN cases=1 respRemind=0 respEsc=0 closureRemind=0 closureEsc=0 surveyExpired=0
2026-09-04T23:58:10.536Z [INFO] [http] GET /api/v1/notifications/unread-count
2026-09-04T23:58:40.223Z [INFO] [http] GET /api/v1/notifications/unread-count
2026-09-04T23:58:49.355Z [INFO] [slaReminder] SLA_SCAN cases=1 respRemind=0 respEsc=0 closureRemind=0 closureEsc=0 surveyExpired=0
2026-09-04T23:59:10.526Z [INFO] [http] GET /api/v1/notifications/unread-count
2026-09-04T23:59:40.529Z [INFO] [http] GET /api/v1/notifications/unread-count
2026-09-04T23:59:49.359Z [INFO] [slaReminder] SLA_SCAN cases=1 respRemind=0 respEsc=0 closureRemind=0 closureEsc=0 surveyExpired=0
2026-09-05T00:00:10.525Z [INFO] [http] GET /api/v1/notifications/unread-count
2026-09-05T00:00:40.209Z [INFO] [http] GET /api/v1/notifications/unread-count
2026-09-05T00:00:49.374Z [INFO] [slaReminder] SLA_SCAN cases=1 respRemind=0 respEsc=0 closureRemind=0 closureEsc=0 surveyExpired=0
2026-09-05T00:01:10.525Z [INFO] [http] GET /api/v1/notifications/unread-count
2026-09-05T00:01:40.217Z [INFO] [http] GET /api/v1/notifications/unread-count
2026-09-05T00:01:49.383Z [INFO] [slaReminder] SLA_SCAN cases=1 respRemind=0 respEsc=0 closureRemind=0 closureEsc=0 surveyExpired=0
2026-09-05T00:02:10.530Z [INFO] [http] GET /api/v1/notifications/unread-count
2026-09-05T00:02:40.531Z [INFO] [http] GET /api/v1/notifications/unread-count
2026-09-05T00:02:49.390Z [INFO] [slaReminder] SLA_SCAN cases=1 respRemind=0 respEsc=0 closureRemind=0 closureEsc=0 surveyExpired=0
2026-09-05T00:03:10.208Z [INFO] [http] GET /api/v1/notifications/unread-count
2026-09-05T00:03:40.533Z [INFO] [http] GET /api/v1/notifications/unread-count
2026-09-05T00:03:49.404Z [INFO] [slaReminder] SLA_SCAN cases=1 respRemind=0 respEsc=0 closureRemind=0 closureEsc=0 surveyExpired=0
2026-09-05T00:04:10.534Z [INFO] [http] GET /api/v1/notifications/unread-count
2026-09-05T00:04:40.519Z [INFO] [http] GET /api/v1/notifications/unread-count
2026-09-05T00:04:49.411Z [INFO] [slaReminder] SLA_SCAN cases=1 respRemind=0 respEsc=0 closureRemind=0 closureEsc=0 surveyExpired=0
2026-09-05T00:05:10.519Z [INFO] [http] GET /api/v1/notifications/unread-count
2026-09-05T00:05:40.523Z [INFO] [http] GET /api/v1/notifications/unread-count
2026-09-05T00:05:49.423Z [INFO] [slaReminder] SLA_SCAN cases=1 respRemind=0 respEsc=0 closureRemind=0 closureEsc=0 surveyExpired=0
2026-09-05T00:06:10.217Z [INFO] [http] GET /api/v1/notifications/unread-count
2026-09-05T00:06:40.529Z [INFO] [http] GET /api/v1/notifications/unread-count
2026-09-05T00:06:49.426Z [INFO] [slaReminder] SLA_SCAN cases=1 respRemind=0 respEsc=0 closureRemind=0 closureEsc=0 surveyExpired=0
2026-09-05T00:07:10.529Z [INFO] [http] GET /api/v1/notifications/unread-count
2026-09-05T00:07:40.519Z [INFO] [http] GET /api/v1/notifications/unread-count
2026-09-05T00:07:49.439Z [INFO] [slaReminder] SLA_SCAN cases=1 respRemind=0 respEsc=0 closureRemind=0 closureEsc=0 surveyExpired=0
2026-09-05T00:08:10.218Z [INFO] [http] GET /api/v1/notifications/unread-count
2026-09-05T00:08:40.522Z [INFO] [http] GET /api/v1/notifications/unread-count
2026-09-05T00:08:49.443Z [INFO] [slaReminder] SLA_SCAN cases=1 respRemind=0 respEsc=0 closureRemind=0 closureEsc=0 surveyExpired=0
2026-09-05T00:09:10.531Z [INFO] [http] GET /api/v1/notifications/unread-count
2026-09-05T00:09:40.530Z [INFO] [http] GET /api/v1/notifications/unread-count
2026-09-05T00:09:49.446Z [INFO] [slaReminder] SLA_SCAN cases=1 respRemind=0 respEsc=0 closureRemind=0 closureEsc=0 surveyExpired=0
2026-09-05T00:10:10.533Z [INFO] [http] GET /api/v1/notifications/unread-count
2026-09-05T00:10:40.214Z [INFO] [http] GET /api/v1/notifications/unread-count
2026-09-05T00:10:49.455Z [INFO] [slaReminder] SLA_SCAN cases=1 respRemind=0 respEsc=0 closureRemind=0 closureEsc=0 surveyExpired=0
2026-09-05T00:11:10.526Z [INFO] [http] GET /api/v1/notifications/unread-count
2026-09-05T00:11:40.214Z [INFO] [http] GET /api/v1/notifications/unread-count
2026-09-05T00:11:49.458Z [INFO] [slaReminder] SLA_SCAN cases=1 respRemind=0 respEsc=0 closureRemind=0 closureEsc=0 surveyExpired=0
2026-09-05T00:12:10.529Z [INFO] [http] GET /api/v1/notifications/unread-count
2026-09-05T00:12:40.209Z [INFO] [http] GET /api/v1/notifications/unread-count
2026-09-05T00:12:49.460Z [INFO] [slaReminder] SLA_SCAN cases=1 respRemind=0 respEsc=0 closureRemind=0 closureEsc=0 surveyExpired=0
2026-09-05T00:13:10.529Z [INFO] [http] GET /api/v1/notifications/unread-count
2026-09-05T00:13:40.210Z [INFO] [http] GET /api/v1/notifications/unread-count
2026-09-05T00:13:49.470Z [INFO] [slaReminder] SLA_SCAN cases=1 respRemind=0 respEsc=0 closureRemind=0 closureEsc=0 surveyExpired=0
2026-09-05T00:14:10.531Z [INFO] [http] GET /api/v1/notifications/unread-count
2026-09-05T00:14:40.520Z [INFO] [http] GET /api/v1/notifications/unread-count
2026-09-05T00:14:49.486Z [INFO] [slaReminder] SLA_SCAN cases=1 respRemind=0 respEsc=0 closureRemind=0 closureEsc=0 surveyExpired=0
2026-09-05T00:15:10.214Z [INFO] [http] GET /api/v1/notifications/unread-count
2026-09-05T00:15:40.522Z [INFO] [http] GET /api/v1/notifications/unread-count
2026-09-05T00:15:49.494Z [INFO] [slaReminder] SLA_SCAN cases=1 respRemind=0 respEsc=0 closureRemind=0 closureEsc=0 surveyExpired=0
2026-09-05T00:16:10.224Z [INFO] [http] GET /api/v1/notifications/unread-count
2026-09-05T00:16:40.534Z [INFO] [http] GET /api/v1/notifications/unread-count
2026-09-05T00:16:49.509Z [INFO] [slaReminder] SLA_SCAN cases=1 respRemind=0 respEsc=0 closureRemind=0 closureEsc=0 surveyExpired=0
2026-09-05T00:17:10.219Z [INFO] [http] GET /api/v1/notifications/unread-count
2026-09-05T00:17:40.534Z [INFO] [http] GET /api/v1/notifications/unread-count
2026-09-05T00:17:49.520Z [INFO] [slaReminder] SLA_SCAN cases=1 respRemind=0 respEsc=0 closureRemind=0 closureEsc=0 surveyExpired=0
2026-09-05T00:18:10.212Z [INFO] [http] GET /api/v1/notifications/unread-count
2026-09-05T00:18:40.522Z [INFO] [http] GET /api/v1/notifications/unread-count
2026-09-05T00:18:49.526Z [INFO] [slaReminder] SLA_SCAN cases=1 respRemind=0 respEsc=0 closureRemind=0 closureEsc=0 surveyExpired=0
2026-09-05T00:19:10.218Z [INFO] [http] GET /api/v1/notifications/unread-count
2026-09-05T00:19:40.536Z [INFO] [http] GET /api/v1/notifications/unread-count
2026-09-05T00:19:49.542Z [INFO] [slaReminder] SLA_SCAN cases=1 respRemind=0 respEsc=0 closureRemind=0 closureEsc=0 surveyExpired=0
2026-09-05T00:20:10.220Z [INFO] [http] GET /api/v1/notifications/unread-count
2026-09-05T00:20:40.528Z [INFO] [http] GET /api/v1/notifications/unread-count
2026-09-05T00:20:49.551Z [INFO] [slaReminder] SLA_SCAN cases=1 respRemind=0 respEsc=0 closureRemind=0 closureEsc=0 surveyExpired=0
2026-09-05T00:21:10.214Z [INFO] [http] GET /api/v1/notifications/unread-count
2026-09-05T00:21:40.534Z [INFO] [http] GET /api/v1/notifications/unread-count
2026-09-05T00:21:49.555Z [INFO] [slaReminder] SLA_SCAN cases=1 respRemind=0 respEsc=0 closureRemind=0 closureEsc=0 surveyExpired=0
2026-09-05T00:22:10.217Z [INFO] [http] GET /api/v1/notifications/unread-count
2026-09-05T00:22:40.530Z [INFO] [http] GET /api/v1/notifications/unread-count
2026-09-05T00:22:49.568Z [INFO] [slaReminder] SLA_SCAN cases=1 respRemind=0 respEsc=0 closureRemind=0 closureEsc=0 surveyExpired=0
2026-09-05T00:23:10.225Z [INFO] [http] GET /api/v1/notifications/unread-count
2026-09-05T00:23:40.527Z [INFO] [http] GET /api/v1/notifications/unread-count
2026-09-05T00:23:49.575Z [INFO] [slaReminder] SLA_SCAN cases=1 respRemind=0 respEsc=0 closureRemind=0 closureEsc=0 surveyExpired=0
2026-09-05T00:24:10.537Z [INFO] [http] GET /api/v1/notifications/unread-count
2026-09-05T00:24:40.213Z [INFO] [http] GET /api/v1/notifications/unread-count
2026-09-05T00:24:49.580Z [INFO] [slaReminder] SLA_SCAN cases=1 respRemind=0 respEsc=0 closureRemind=0 closureEsc=0 surveyExpired=0
2026-09-05T00:25:10.538Z [INFO] [http] GET /api/v1/notifications/unread-count
2026-09-05T00:25:40.222Z [INFO] [http] GET /api/v1/notifications/unread-count
2026-09-05T00:25:49.592Z [INFO] [slaReminder] SLA_SCAN cases=1 respRemind=0 respEsc=0 closureRemind=0 closureEsc=0 surveyExpired=0
2026-09-05T00:26:10.539Z [INFO] [http] GET /api/v1/notifications/unread-count
2026-09-05T00:26:40.220Z [INFO] [http] GET /api/v1/notifications/unread-count
2026-09-05T00:26:49.597Z [INFO] [slaReminder] SLA_SCAN cases=1 respRemind=0 respEsc=0 closureRemind=0 closureEsc=0 surveyExpired=0
2026-09-05T00:27:10.541Z [INFO] [http] GET /api/v1/notifications/unread-count
2026-09-05T00:27:40.212Z [INFO] [http] GET /api/v1/notifications/unread-count
2026-09-05T00:27:49.601Z [INFO] [slaReminder] SLA_SCAN cases=1 respRemind=0 respEsc=0 closureRemind=0 closureEsc=0 surveyExpired=0
2026-09-05T00:28:10.523Z [INFO] [http] GET /api/v1/notifications/unread-count
2026-09-05T00:28:40.224Z [INFO] [http] GET /api/v1/notifications/unread-count
2026-09-05T00:28:49.609Z [INFO] [slaReminder] SLA_SCAN cases=1 respRemind=0 respEsc=0 closureRemind=0 closureEsc=0 surveyExpired=0
2026-09-05T00:29:10.528Z [INFO] [http] GET /api/v1/notifications/unread-count
2026-09-05T00:29:40.227Z [INFO] [http] GET /api/v1/notifications/unread-count
2026-09-05T00:29:49.617Z [INFO] [slaReminder] SLA_SCAN cases=1 respRemind=0 respEsc=0 closureRemind=0 closureEsc=0 surveyExpired=0
2026-09-05T00:30:10.536Z [INFO] [http] GET /api/v1/notifications/unread-count
2026-09-05T00:30:40.223Z [INFO] [http] GET /api/v1/notifications/unread-count
2026-09-05T00:30:49.632Z [INFO] [slaReminder] SLA_SCAN cases=1 respRemind=0 respEsc=0 closureRemind=0 closureEsc=0 surveyExpired=0
2026-09-05T00:31:10.527Z [INFO] [http] GET /api/v1/notifications/unread-count
2026-09-05T00:31:40.215Z [INFO] [http] GET /api/v1/notifications/unread-count
2026-09-05T00:31:49.649Z [INFO] [slaReminder] SLA_SCAN cases=1 respRemind=0 respEsc=0 closureRemind=0 closureEsc=0 surveyExpired=0
2026-09-05T00:32:10.561Z [INFO] [http] GET /api/v1/notifications/unread-count
2026-09-05T00:32:40.529Z [INFO] [http] GET /api/v1/notifications/unread-count
2026-09-05T00:32:49.659Z [INFO] [slaReminder] SLA_SCAN cases=1 respRemind=0 respEsc=0 closureRemind=0 closureEsc=0 surveyExpired=0
2026-09-05T00:33:10.526Z [INFO] [http] GET /api/v1/notifications/unread-count
2026-09-05T00:33:40.540Z [INFO] [http] GET /api/v1/notifications/unread-count
2026-09-05T00:33:49.667Z [INFO] [slaReminder] SLA_SCAN cases=1 respRemind=0 respEsc=0 closureRemind=0 closureEsc=0 surveyExpired=0
2026-09-05T00:34:10.537Z [INFO] [http] GET /api/v1/notifications/unread-count
2026-09-05T00:34:40.531Z [INFO] [http] GET /api/v1/notifications/unread-count
2026-09-05T00:34:49.676Z [INFO] [slaReminder] SLA_SCAN cases=1 respRemind=0 respEsc=0 closureRemind=0 closureEsc=0 surveyExpired=0
2026-09-05T00:35:10.529Z [INFO] [http] GET /api/v1/notifications/unread-count
2026-09-05T00:35:40.526Z [INFO] [http] GET /api/v1/notifications/unread-count
2026-09-05T00:35:49.678Z [INFO] [slaReminder] SLA_SCAN cases=1 respRemind=0 respEsc=0 closureRemind=0 closureEsc=0 surveyExpired=0
2026-09-05T00:36:10.583Z [INFO] [http] GET /api/v1/notifications/unread-count
2026-09-05T00:36:40.535Z [INFO] [http] GET /api/v1/notifications/unread-count
2026-09-05T00:36:49.691Z [INFO] [slaReminder] SLA_SCAN cases=1 respRemind=0 respEsc=0 closureRemind=0 closureEsc=0 surveyExpired=0
2026-09-05T00:37:10.537Z [INFO] [http] GET /api/v1/notifications/unread-count
2026-09-05T00:37:40.528Z [INFO] [http] GET /api/v1/notifications/unread-count
2026-09-05T00:37:49.695Z [INFO] [slaReminder] SLA_SCAN cases=1 respRemind=0 respEsc=0 closureRemind=0 closureEsc=0 surveyExpired=0
2026-09-05T00:38:10.230Z [INFO] [http] GET /api/v1/notifications/unread-count
2026-09-05T00:38:40.533Z [INFO] [http] GET /api/v1/notifications/unread-count
2026-09-05T00:38:49.698Z [INFO] [slaReminder] SLA_SCAN cases=1 respRemind=0 respEsc=0 closureRemind=0 closureEsc=0 surveyExpired=0
2026-09-05T00:39:10.546Z [INFO] [http] GET /api/v1/notifications/unread-count
2026-09-05T00:39:40.537Z [INFO] [http] GET /api/v1/notifications/unread-count
2026-09-05T00:39:49.702Z [INFO] [slaReminder] SLA_SCAN cases=1 respRemind=0 respEsc=0 closureRemind=0 closureEsc=0 surveyExpired=0
2026-09-05T00:40:10.541Z [INFO] [http] GET /api/v1/notifications/unread-count
2026-09-05T00:40:40.530Z [INFO] [http] GET /api/v1/notifications/unread-count
2026-09-05T00:40:49.715Z [INFO] [slaReminder] SLA_SCAN cases=1 respRemind=0 respEsc=0 closureRemind=0 closureEsc=0 surveyExpired=0
2026-09-05T00:41:10.523Z [INFO] [http] GET /api/v1/notifications/unread-count
2026-09-05T00:41:40.539Z [INFO] [http] GET /api/v1/notifications/unread-count
2026-09-05T00:41:49.731Z [INFO] [slaReminder] SLA_SCAN cases=1 respRemind=0 respEsc=0 closureRemind=0 closureEsc=0 surveyExpired=0
2026-09-05T00:42:10.527Z [INFO] [http] GET /api/v1/notifications/unread-count
2026-09-05T00:42:40.527Z [INFO] [http] GET /api/v1/notifications/unread-count
2026-09-05T00:42:49.734Z [INFO] [slaReminder] SLA_SCAN cases=1 respRemind=0 respEsc=0 closureRemind=0 closureEsc=0 surveyExpired=0
2026-09-05T00:43:10.537Z [INFO] [http] GET /api/v1/notifications/unread-count
2026-09-05T00:43:40.530Z [INFO] [http] GET /api/v1/notifications/unread-count
2026-09-05T00:43:49.739Z [INFO] [slaReminder] SLA_SCAN cases=1 respRemind=0 respEsc=0 closureRemind=0 closureEsc=0 surveyExpired=0
2026-09-05T00:44:10.576Z [INFO] [http] GET /api/v1/notifications/unread-count
2026-09-05T00:44:40.228Z [INFO] [http] GET /api/v1/notifications/unread-count
2026-09-05T00:44:49.749Z [INFO] [slaReminder] SLA_SCAN cases=1 respRemind=0 respEsc=0 closureRemind=0 closureEsc=0 surveyExpired=0
2026-09-05T00:45:10.528Z [INFO] [http] GET /api/v1/notifications/unread-count
2026-09-05T00:45:40.606Z [INFO] [http] GET /api/v1/notifications/unread-count
2026-09-05T00:45:49.754Z [INFO] [slaReminder] SLA_SCAN cases=1 respRemind=0 respEsc=0 closureRemind=0 closureEsc=0 surveyExpired=0
2026-09-05T00:46:10.232Z [INFO] [http] GET /api/v1/notifications/unread-count
2026-09-05T00:46:40.536Z [INFO] [http] GET /api/v1/notifications/unread-count
2026-09-05T00:46:49.759Z [INFO] [slaReminder] SLA_SCAN cases=1 respRemind=0 respEsc=0 closureRemind=0 closureEsc=0 surveyExpired=0
2026-09-05T00:47:10.223Z [INFO] [http] GET /api/v1/notifications/unread-count
2026-09-05T00:47:40.531Z [INFO] [http] GET /api/v1/notifications/unread-count
2026-09-05T00:47:49.772Z [INFO] [slaReminder] SLA_SCAN cases=1 respRemind=0 respEsc=0 closureRemind=0 closureEsc=0 surveyExpired=0
2026-09-05T00:48:10.219Z [INFO] [http] GET /api/v1/notifications/unread-count
2026-09-05T00:48:40.527Z [INFO] [http] GET /api/v1/notifications/unread-count
2026-09-05T00:48:49.785Z [INFO] [slaReminder] SLA_SCAN cases=1 respRemind=0 respEsc=0 closureRemind=0 closureEsc=0 surveyExpired=0
2026-09-05T00:49:10.236Z [INFO] [http] GET /api/v1/notifications/unread-count
2026-09-05T00:49:40.535Z [INFO] [http] GET /api/v1/notifications/unread-count
2026-09-05T00:49:49.791Z [INFO] [slaReminder] SLA_SCAN cases=1 respRemind=0 respEsc=0 closureRemind=0 closureEsc=0 surveyExpired=0
2026-09-05T00:50:10.539Z [INFO] [http] GET /api/v1/notifications/unread-count
2026-09-05T00:50:40.224Z [INFO] [http] GET /api/v1/notifications/unread-count
2026-09-05T00:50:49.798Z [INFO] [slaReminder] SLA_SCAN cases=1 respRemind=0 respEsc=0 closureRemind=0 closureEsc=0 surveyExpired=0
2026-09-05T00:51:10.530Z [INFO] [http] GET /api/v1/notifications/unread-count
2026-09-05T00:51:40.232Z [INFO] [http] GET /api/v1/notifications/unread-count
2026-09-05T00:51:49.815Z [INFO] [slaReminder] SLA_SCAN cases=1 respRemind=0 respEsc=0 closureRemind=0 closureEsc=0 surveyExpired=0
2026-09-05T00:52:10.539Z [INFO] [http] GET /api/v1/notifications/unread-count
2026-09-05T00:52:40.531Z [INFO] [http] GET /api/v1/notifications/unread-count
2026-09-05T00:52:49.821Z [INFO] [slaReminder] SLA_SCAN cases=1 respRemind=0 respEsc=0 closureRemind=0 closureEsc=0 surveyExpired=0
2026-09-05T00:53:10.227Z [INFO] [http] GET /api/v1/notifications/unread-count
2026-09-05T00:53:40.538Z [INFO] [http] GET /api/v1/notifications/unread-count
2026-09-05T00:53:49.832Z [INFO] [slaReminder] SLA_SCAN cases=1 respRemind=0 respEsc=0 closureRemind=0 closureEsc=0 surveyExpired=0
2026-09-05T00:54:10.238Z [INFO] [http] GET /api/v1/notifications/unread-count
2026-09-05T00:54:40.547Z [INFO] [http] GET /api/v1/notifications/unread-count
2026-09-05T00:54:49.846Z [INFO] [slaReminder] SLA_SCAN cases=1 respRemind=0 respEsc=0 closureRemind=0 closureEsc=0 surveyExpired=0
2026-09-05T00:55:10.232Z [INFO] [http] GET /api/v1/notifications/unread-count
2026-09-05T00:55:40.544Z [INFO] [http] GET /api/v1/notifications/unread-count
2026-09-05T00:55:49.852Z [INFO] [slaReminder] SLA_SCAN cases=1 respRemind=0 respEsc=0 closureRemind=0 closureEsc=0 surveyExpired=0
2026-09-05T00:56:10.232Z [INFO] [http] GET /api/v1/notifications/unread-count
2026-09-05T00:56:40.538Z [INFO] [http] GET /api/v1/notifications/unread-count
2026-09-05T00:56:49.866Z [INFO] [slaReminder] SLA_SCAN cases=1 respRemind=0 respEsc=0 closureRemind=0 closureEsc=0 surveyExpired=0
2026-09-05T00:57:10.231Z [INFO] [http] GET /api/v1/notifications/unread-count
2026-09-05T00:57:40.540Z [INFO] [http] GET /api/v1/notifications/unread-count
2026-09-05T00:57:49.871Z [INFO] [slaReminder] SLA_SCAN cases=1 respRemind=0 respEsc=0 closureRemind=0 closureEsc=0 surveyExpired=0
2026-09-05T00:58:10.232Z [INFO] [http] GET /api/v1/notifications/unread-count
2026-09-05T00:58:40.538Z [INFO] [http] GET /api/v1/notifications/unread-count
2026-09-05T00:58:49.876Z [INFO] [slaReminder] SLA_SCAN cases=1 respRemind=0 respEsc=0 closureRemind=0 closureEsc=0 surveyExpired=0
2026-09-05T00:59:10.540Z [INFO] [http] GET /api/v1/notifications/unread-count
Restarting 'src/server.js'
Restarting 'src/server.js'
2026-09-05T00:59:45.447Z [INFO] [static] serving frontend dist at C:\Users\606610\CodeBuddy\QRCode 客戶意見反饋\frontend\dist
2026-09-05T00:59:45.454Z [INFO] [server] QRCode 客戶意見反饋骨架已啟動 http://localhost:3000/api/v1
2026-09-05T00:59:45.454Z [INFO] [scheduler] SLA 掃描定時器已啟動（每 60000ms）
2026-09-05T00:59:45.454Z [WARN] [scheduler] 週報定時器停用（WEEKLY_REPORT_CHECK_MS 為 0/未設定）
Restarting 'src/server.js'
2026-09-05T00:59:47.614Z [INFO] [static] serving frontend dist at C:\Users\606610\CodeBuddy\QRCode 客戶意見反饋\frontend\dist
2026-09-05T00:59:47.621Z [INFO] [server] QRCode 客戶意見反饋骨架已啟動 http://localhost:3000/api/v1
2026-09-05T00:59:47.621Z [INFO] [scheduler] SLA 掃描定時器已啟動（每 60000ms）
2026-09-05T00:59:47.621Z [WARN] [scheduler] 週報定時器停用（WEEKLY_REPORT_CHECK_MS 為 0/未設定）
2026-09-05T01:00:10.545Z [INFO] [http] GET /api/v1/notifications/unread-count
2026-09-05T01:00:40.231Z [INFO] [http] GET /api/v1/notifications/unread-count
2026-09-05T01:00:47.630Z [INFO] [slaReminder] SLA_SCAN cases=1 respRemind=0 respEsc=0 closureRemind=0 closureEsc=0 surveyExpired=0
2026-09-05T01:01:10.540Z [INFO] [http] GET /api/v1/notifications/unread-count
2026-09-05T01:01:40.231Z [INFO] [http] GET /api/v1/notifications/unread-count
2026-09-05T01:01:47.645Z [INFO] [slaReminder] SLA_SCAN cases=1 respRemind=0 respEsc=0 closureRemind=0 closureEsc=0 surveyExpired=0
2026-09-05T01:02:10.534Z [INFO] [http] GET /api/v1/notifications/unread-count
2026-09-05T01:02:40.232Z [INFO] [http] GET /api/v1/notifications/unread-count
2026-09-05T01:02:47.651Z [INFO] [slaReminder] SLA_SCAN cases=1 respRemind=0 respEsc=0 closureRemind=0 closureEsc=0 surveyExpired=0
2026-09-05T01:03:10.540Z [INFO] [http] GET /api/v1/notifications/unread-count
2026-09-05T01:03:40.234Z [INFO] [http] GET /api/v1/notifications/unread-count
2026-09-05T01:03:47.667Z [INFO] [slaReminder] SLA_SCAN cases=1 respRemind=0 respEsc=0 closureRemind=0 closureEsc=0 surveyExpired=0
2026-09-05T01:04:10.560Z [INFO] [http] GET /api/v1/notifications/unread-count
2026-09-05T01:04:40.537Z [INFO] [http] GET /api/v1/notifications/unread-count
2026-09-05T01:04:47.678Z [INFO] [slaReminder] SLA_SCAN cases=1 respRemind=0 respEsc=0 closureRemind=0 closureEsc=0 surveyExpired=0
2026-09-05T01:05:10.547Z [INFO] [http] GET /api/v1/notifications/unread-count
2026-09-05T01:05:40.544Z [INFO] [http] GET /api/v1/notifications/unread-count
2026-09-05T01:05:47.690Z [INFO] [slaReminder] SLA_SCAN cases=1 respRemind=0 respEsc=0 closureRemind=0 closureEsc=0 surveyExpired=0
2026-09-05T01:06:10.224Z [INFO] [http] GET /api/v1/notifications/unread-count
2026-09-05T01:06:40.532Z [INFO] [http] GET /api/v1/notifications/unread-count
2026-09-05T01:06:47.693Z [INFO] [slaReminder] SLA_SCAN cases=1 respRemind=0 respEsc=0 closureRemind=0 closureEsc=0 surveyExpired=0
2026-09-05T01:07:10.527Z [INFO] [http] GET /api/v1/notifications/unread-count
2026-09-05T01:07:40.219Z [INFO] [http] GET /api/v1/notifications/unread-count
2026-09-05T01:07:47.699Z [INFO] [slaReminder] SLA_SCAN cases=1 respRemind=0 respEsc=0 closureRemind=0 closureEsc=0 surveyExpired=0
2026-09-05T01:08:10.533Z [INFO] [http] GET /api/v1/notifications/unread-count
2026-09-05T01:08:40.221Z [INFO] [http] GET /api/v1/notifications/unread-count
2026-09-05T01:08:47.710Z [INFO] [slaReminder] SLA_SCAN cases=1 respRemind=0 respEsc=0 closureRemind=0 closureEsc=0 surveyExpired=0
2026-09-05T01:09:10.535Z [INFO] [http] GET /api/v1/notifications/unread-count
2026-09-05T01:09:40.544Z [INFO] [http] GET /api/v1/notifications/unread-count
2026-09-05T01:09:47.716Z [INFO] [slaReminder] SLA_SCAN cases=1 respRemind=0 respEsc=0 closureRemind=0 closureEsc=0 surveyExpired=0
2026-09-05T01:10:10.545Z [INFO] [http] GET /api/v1/notifications/unread-count
2026-09-05T01:10:40.230Z [INFO] [http] GET /api/v1/notifications/unread-count
2026-09-05T01:10:47.722Z [INFO] [slaReminder] SLA_SCAN cases=1 respRemind=0 respEsc=0 closureRemind=0 closureEsc=0 surveyExpired=0
2026-09-05T01:11:10.545Z [INFO] [http] GET /api/v1/notifications/unread-count
2026-09-05T01:11:40.233Z [INFO] [http] GET /api/v1/notifications/unread-count
2026-09-05T01:11:47.724Z [INFO] [slaReminder] SLA_SCAN cases=1 respRemind=0 respEsc=0 closureRemind=0 closureEsc=0 surveyExpired=0
2026-09-05T01:12:10.544Z [INFO] [http] GET /api/v1/notifications/unread-count
2026-09-05T01:12:40.234Z [INFO] [http] GET /api/v1/notifications/unread-count
2026-09-05T01:12:47.732Z [INFO] [slaReminder] SLA_SCAN cases=1 respRemind=0 respEsc=0 closureRemind=0 closureEsc=0 surveyExpired=0
2026-09-05T01:13:10.542Z [INFO] [http] GET /api/v1/notifications/unread-count
2026-09-05T01:13:40.224Z [INFO] [http] GET /api/v1/notifications/unread-count
2026-09-05T01:13:47.745Z [INFO] [slaReminder] SLA_SCAN cases=1 respRemind=0 respEsc=0 closureRemind=0 closureEsc=0 surveyExpired=0
2026-09-05T01:14:10.543Z [INFO] [http] GET /api/v1/notifications/unread-count
2026-09-05T01:14:40.537Z [INFO] [http] GET /api/v1/notifications/unread-count
2026-09-05T01:14:47.751Z [INFO] [slaReminder] SLA_SCAN cases=1 respRemind=0 respEsc=0 closureRemind=0 closureEsc=0 surveyExpired=0
2026-09-05T01:15:10.532Z [INFO] [http] GET /api/v1/notifications/unread-count
2026-09-05T01:15:40.540Z [INFO] [http] GET /api/v1/notifications/unread-count
2026-09-05T01:15:47.759Z [INFO] [slaReminder] SLA_SCAN cases=1 respRemind=0 respEsc=0 closureRemind=0 closureEsc=0 surveyExpired=0
2026-09-05T01:16:10.547Z [INFO] [http] GET /api/v1/notifications/unread-count
2026-09-05T01:16:40.226Z [INFO] [http] GET /api/v1/notifications/unread-count
2026-09-05T01:16:47.774Z [INFO] [slaReminder] SLA_SCAN cases=1 respRemind=0 respEsc=0 closureRemind=0 closureEsc=0 surveyExpired=0
2026-09-05T01:17:10.543Z [INFO] [http] GET /api/v1/notifications/unread-count
2026-09-05T01:17:40.229Z [INFO] [http] GET /api/v1/notifications/unread-count
2026-09-05T01:17:47.787Z [INFO] [slaReminder] SLA_SCAN cases=1 respRemind=0 respEsc=0 closureRemind=0 closureEsc=0 surveyExpired=0
2026-09-05T01:18:10.532Z [INFO] [http] GET /api/v1/notifications/unread-count
2026-09-05T01:18:40.222Z [INFO] [http] GET /api/v1/notifications/unread-count
2026-09-05T01:18:47.799Z [INFO] [slaReminder] SLA_SCAN cases=1 respRemind=0 respEsc=0 closureRemind=0 closureEsc=0 surveyExpired=0
2026-09-05T01:19:10.537Z [INFO] [http] GET /api/v1/notifications/unread-count
2026-09-05T01:19:40.545Z [INFO] [http] GET /api/v1/notifications/unread-count
2026-09-05T01:19:47.805Z [INFO] [slaReminder] SLA_SCAN cases=1 respRemind=0 respEsc=0 closureRemind=0 closureEsc=0 surveyExpired=0
2026-09-05T01:20:10.547Z [INFO] [http] GET /api/v1/notifications/unread-count
2026-09-05T01:20:40.537Z [INFO] [http] GET /api/v1/notifications/unread-count
2026-09-05T01:20:47.817Z [INFO] [slaReminder] SLA_SCAN cases=1 respRemind=0 respEsc=0 closureRemind=0 closureEsc=0 surveyExpired=0
2026-09-05T01:21:10.223Z [INFO] [http] GET /api/v1/notifications/unread-count
2026-09-05T01:21:40.534Z [INFO] [http] GET /api/v1/notifications/unread-count
2026-09-05T01:21:47.823Z [INFO] [slaReminder] SLA_SCAN cases=1 respRemind=0 respEsc=0 closureRemind=0 closureEsc=0 surveyExpired=0
2026-09-05T01:22:10.225Z [INFO] [http] GET /api/v1/notifications/unread-count
2026-09-05T01:22:40.541Z [INFO] [http] GET /api/v1/notifications/unread-count
2026-09-05T01:22:47.828Z [INFO] [slaReminder] SLA_SCAN cases=1 respRemind=0 respEsc=0 closureRemind=0 closureEsc=0 surveyExpired=0
2026-09-05T01:23:10.534Z [INFO] [http] GET /api/v1/notifications/unread-count
2026-09-05T01:23:40.225Z [INFO] [http] GET /api/v1/notifications/unread-count
2026-09-05T01:23:47.829Z [INFO] [slaReminder] SLA_SCAN cases=1 respRemind=0 respEsc=0 closureRemind=0 closureEsc=0 surveyExpired=0
2026-09-05T01:24:10.550Z [INFO] [http] GET /api/v1/notifications/unread-count
2026-09-05T01:24:40.542Z [INFO] [http] GET /api/v1/notifications/unread-count
2026-09-05T01:24:47.845Z [INFO] [slaReminder] SLA_SCAN cases=1 respRemind=0 respEsc=0 closureRemind=0 closureEsc=0 surveyExpired=0
2026-09-05T01:25:10.540Z [INFO] [http] GET /api/v1/notifications/unread-count
2026-09-05T01:25:40.232Z [INFO] [http] GET /api/v1/notifications/unread-count
2026-09-05T01:25:47.850Z [INFO] [slaReminder] SLA_SCAN cases=1 respRemind=0 respEsc=0 closureRemind=0 closureEsc=0 surveyExpired=0
2026-09-05T01:26:10.536Z [INFO] [http] GET /api/v1/notifications/unread-count
2026-09-05T01:26:40.235Z [INFO] [http] GET /api/v1/notifications/unread-count
2026-09-05T01:26:47.862Z [INFO] [slaReminder] SLA_SCAN cases=1 respRemind=0 respEsc=0 closureRemind=0 closureEsc=0 surveyExpired=0
2026-09-05T01:27:10.536Z [INFO] [http] GET /api/v1/notifications/unread-count
2026-09-05T01:27:40.227Z [INFO] [http] GET /api/v1/notifications/unread-count
2026-09-05T01:27:47.864Z [INFO] [slaReminder] SLA_SCAN cases=1 respRemind=0 respEsc=0 closureRemind=0 closureEsc=0 surveyExpired=0
2026-09-05T01:28:10.544Z [INFO] [http] GET /api/v1/notifications/unread-count
2026-09-05T01:28:40.547Z [INFO] [http] GET /api/v1/notifications/unread-count
2026-09-05T01:28:47.874Z [INFO] [slaReminder] SLA_SCAN cases=1 respRemind=0 respEsc=0 closureRemind=0 closureEsc=0 surveyExpired=0
2026-09-05T01:29:10.539Z [INFO] [http] GET /api/v1/notifications/unread-count
2026-09-05T01:29:40.549Z [INFO] [http] GET /api/v1/notifications/unread-count
2026-09-05T01:29:47.876Z [INFO] [slaReminder] SLA_SCAN cases=1 respRemind=0 respEsc=0 closureRemind=0 closureEsc=0 surveyExpired=0
2026-09-05T01:30:10.540Z [INFO] [http] GET /api/v1/notifications/unread-count
2026-09-05T01:30:40.534Z [INFO] [http] GET /api/v1/notifications/unread-count
2026-09-05T01:30:47.881Z [INFO] [slaReminder] SLA_SCAN cases=1 respRemind=0 respEsc=0 closureRemind=0 closureEsc=0 surveyExpired=0
2026-09-05T01:31:10.543Z [INFO] [http] GET /api/v1/notifications/unread-count
2026-09-05T01:31:40.537Z [INFO] [http] GET /api/v1/notifications/unread-count
2026-09-05T01:31:47.887Z [INFO] [slaReminder] SLA_SCAN cases=1 respRemind=0 respEsc=0 closureRemind=0 closureEsc=0 surveyExpired=0
2026-09-05T01:32:10.538Z [INFO] [http] GET /api/v1/notifications/unread-count
2026-09-05T01:32:40.588Z [INFO] [http] GET /api/v1/notifications/unread-count
2026-09-05T01:32:47.902Z [INFO] [slaReminder] SLA_SCAN cases=1 respRemind=0 respEsc=0 closureRemind=0 closureEsc=0 surveyExpired=0
2026-09-05T01:33:10.561Z [INFO] [http] GET /api/v1/notifications/unread-count
2026-09-05T01:33:40.543Z [INFO] [http] GET /api/v1/notifications/unread-count
2026-09-05T01:33:47.916Z [INFO] [slaReminder] SLA_SCAN cases=1 respRemind=0 respEsc=0 closureRemind=0 closureEsc=0 surveyExpired=0
2026-09-05T01:34:10.544Z [INFO] [http] GET /api/v1/notifications/unread-count
2026-09-05T01:34:40.546Z [INFO] [http] GET /api/v1/notifications/unread-count
2026-09-05T01:34:47.918Z [INFO] [slaReminder] SLA_SCAN cases=1 respRemind=0 respEsc=0 closureRemind=0 closureEsc=0 surveyExpired=0
2026-09-05T01:35:10.548Z [INFO] [http] GET /api/v1/notifications/unread-count
2026-09-05T01:35:40.544Z [INFO] [http] GET /api/v1/notifications/unread-count
2026-09-05T01:35:47.934Z [INFO] [slaReminder] SLA_SCAN cases=1 respRemind=0 respEsc=0 closureRemind=0 closureEsc=0 surveyExpired=0
2026-09-05T01:36:10.544Z [INFO] [http] GET /api/v1/notifications/unread-count
2026-09-05T01:36:40.542Z [INFO] [http] GET /api/v1/notifications/unread-count
2026-09-05T01:36:47.948Z [INFO] [slaReminder] SLA_SCAN cases=1 respRemind=0 respEsc=0 closureRemind=0 closureEsc=0 surveyExpired=0
2026-09-05T01:37:10.541Z [INFO] [http] GET /api/v1/notifications/unread-count
2026-09-05T01:37:40.231Z [INFO] [http] GET /api/v1/notifications/unread-count
2026-09-05T01:37:47.953Z [INFO] [slaReminder] SLA_SCAN cases=1 respRemind=0 respEsc=0 closureRemind=0 closureEsc=0 surveyExpired=0
2026-09-05T01:38:10.554Z [INFO] [http] GET /api/v1/notifications/unread-count
2026-09-05T01:38:40.225Z [INFO] [http] GET /api/v1/notifications/unread-count
2026-09-05T01:38:47.959Z [INFO] [slaReminder] SLA_SCAN cases=1 respRemind=0 respEsc=0 closureRemind=0 closureEsc=0 surveyExpired=0
2026-09-05T01:39:10.547Z [INFO] [http] GET /api/v1/notifications/unread-count
2026-09-05T01:39:40.541Z [INFO] [http] GET /api/v1/notifications/unread-count
2026-09-05T01:39:47.968Z [INFO] [slaReminder] SLA_SCAN cases=1 respRemind=0 respEsc=0 closureRemind=0 closureEsc=0 surveyExpired=0
2026-09-05T01:40:10.236Z [INFO] [http] GET /api/v1/notifications/unread-count
2026-09-05T01:40:40.540Z [INFO] [http] GET /api/v1/notifications/unread-count
2026-09-05T01:40:47.983Z [INFO] [slaReminder] SLA_SCAN cases=1 respRemind=0 respEsc=0 closureRemind=0 closureEsc=0 surveyExpired=0
2026-09-05T01:41:10.235Z [INFO] [http] GET /api/v1/notifications/unread-count
2026-09-05T01:41:40.550Z [INFO] [http] GET /api/v1/notifications/unread-count
2026-09-05T01:41:47.984Z [INFO] [slaReminder] SLA_SCAN cases=1 respRemind=0 respEsc=0 closureRemind=0 closureEsc=0 surveyExpired=0
2026-09-05T01:42:10.225Z [INFO] [http] GET /api/v1/notifications/unread-count
2026-09-05T01:42:40.541Z [INFO] [http] GET /api/v1/notifications/unread-count
2026-09-05T01:42:47.992Z [INFO] [slaReminder] SLA_SCAN cases=1 respRemind=0 respEsc=0 closureRemind=0 closureEsc=0 surveyExpired=0
2026-09-05T01:43:10.234Z [INFO] [http] GET /api/v1/notifications/unread-count
2026-09-05T01:43:40.538Z [INFO] [http] GET /api/v1/notifications/unread-count
2026-09-05T01:43:47.994Z [INFO] [slaReminder] SLA_SCAN cases=1 respRemind=0 respEsc=0 closureRemind=0 closureEsc=0 surveyExpired=0
2026-09-05T01:44:10.239Z [INFO] [http] GET /api/v1/notifications/unread-count
2026-09-05T01:44:40.546Z [INFO] [http] GET /api/v1/notifications/unread-count
2026-09-05T01:44:47.998Z [INFO] [slaReminder] SLA_SCAN cases=1 respRemind=0 respEsc=0 closureRemind=0 closureEsc=0 surveyExpired=0
2026-09-05T01:45:10.232Z [INFO] [http] GET /api/v1/notifications/unread-count
2026-09-05T01:45:40.548Z [INFO] [http] GET /api/v1/notifications/unread-count
2026-09-05T01:45:48.012Z [INFO] [slaReminder] SLA_SCAN cases=1 respRemind=0 respEsc=0 closureRemind=0 closureEsc=0 surveyExpired=0
2026-09-05T01:46:10.230Z [INFO] [http] GET /api/v1/notifications/unread-count
2026-09-05T01:46:40.542Z [INFO] [http] GET /api/v1/notifications/unread-count
2026-09-05T01:46:48.026Z [INFO] [slaReminder] SLA_SCAN cases=1 respRemind=0 respEsc=0 closureRemind=0 closureEsc=0 surveyExpired=0
2026-09-05T01:47:10.232Z [INFO] [http] GET /api/v1/notifications/unread-count
2026-09-05T01:47:40.536Z [INFO] [http] GET /api/v1/notifications/unread-count
2026-09-05T01:47:48.037Z [INFO] [slaReminder] SLA_SCAN cases=1 respRemind=0 respEsc=0 closureRemind=0 closureEsc=0 surveyExpired=0
2026-09-05T01:48:10.236Z [INFO] [http] GET /api/v1/notifications/unread-count
2026-09-05T01:48:40.536Z [INFO] [http] GET /api/v1/notifications/unread-count
2026-09-05T01:48:48.037Z [INFO] [slaReminder] SLA_SCAN cases=1 respRemind=0 respEsc=0 closureRemind=0 closureEsc=0 surveyExpired=0
2026-09-05T01:49:10.548Z [INFO] [http] GET /api/v1/notifications/unread-count
2026-09-05T01:49:40.536Z [INFO] [http] GET /api/v1/notifications/unread-count
2026-09-05T01:49:48.046Z [INFO] [slaReminder] SLA_SCAN cases=1 respRemind=0 respEsc=0 closureRemind=0 closureEsc=0 surveyExpired=0
2026-09-05T01:50:10.538Z [INFO] [http] GET /api/v1/notifications/unread-count
2026-09-05T01:50:40.553Z [INFO] [http] GET /api/v1/notifications/unread-count
2026-09-05T01:50:48.058Z [INFO] [slaReminder] SLA_SCAN cases=1 respRemind=0 respEsc=0 closureRemind=0 closureEsc=0 surveyExpired=0
2026-09-05T01:51:10.550Z [INFO] [http] GET /api/v1/notifications/unread-count
2026-09-05T01:51:40.550Z [INFO] [http] GET /api/v1/notifications/unread-count
2026-09-05T01:51:48.069Z [INFO] [slaReminder] SLA_SCAN cases=1 respRemind=0 respEsc=0 closureRemind=0 closureEsc=0 surveyExpired=0
2026-09-05T01:52:10.538Z [INFO] [http] GET /api/v1/notifications/unread-count
2026-09-05T01:52:40.536Z [INFO] [http] GET /api/v1/notifications/unread-count
2026-09-05T01:52:48.080Z [INFO] [slaReminder] SLA_SCAN cases=1 respRemind=0 respEsc=0 closureRemind=0 closureEsc=0 surveyExpired=0
2026-09-05T01:53:10.550Z [INFO] [http] GET /api/v1/notifications/unread-count
2026-09-05T01:53:40.233Z [INFO] [http] GET /api/v1/notifications/unread-count
2026-09-05T01:53:48.097Z [INFO] [slaReminder] SLA_SCAN cases=1 respRemind=0 respEsc=0 closureRemind=0 closureEsc=0 surveyExpired=0
2026-09-05T01:54:10.544Z [INFO] [http] GET /api/v1/notifications/unread-count
2026-09-05T01:54:40.543Z [INFO] [http] GET /api/v1/notifications/unread-count
2026-09-05T01:54:48.107Z [INFO] [slaReminder] SLA_SCAN cases=1 respRemind=0 respEsc=0 closureRemind=0 closureEsc=0 surveyExpired=0
2026-09-05T01:55:10.537Z [INFO] [http] GET /api/v1/notifications/unread-count
2026-09-05T01:55:40.553Z [INFO] [http] GET /api/v1/notifications/unread-count
2026-09-05T01:55:48.115Z [INFO] [slaReminder] SLA_SCAN cases=1 respRemind=0 respEsc=0 closureRemind=0 closureEsc=0 surveyExpired=0
2026-09-05T01:56:10.541Z [INFO] [http] GET /api/v1/notifications/unread-count
2026-09-05T01:56:40.545Z [INFO] [http] GET /api/v1/notifications/unread-count
2026-09-05T01:56:48.126Z [INFO] [slaReminder] SLA_SCAN cases=1 respRemind=0 respEsc=0 closureRemind=0 closureEsc=0 surveyExpired=0
2026-09-05T01:57:10.546Z [INFO] [http] GET /api/v1/notifications/unread-count
2026-09-05T01:57:40.537Z [INFO] [http] GET /api/v1/notifications/unread-count
2026-09-05T01:57:48.139Z [INFO] [slaReminder] SLA_SCAN cases=1 respRemind=0 respEsc=0 closureRemind=0 closureEsc=0 surveyExpired=0
2026-09-05T01:58:10.225Z [INFO] [http] GET /api/v1/notifications/unread-count
2026-09-05T01:58:40.543Z [INFO] [http] GET /api/v1/notifications/unread-count
2026-09-05T01:58:48.140Z [INFO] [slaReminder] SLA_SCAN cases=1 respRemind=0 respEsc=0 closureRemind=0 closureEsc=0 surveyExpired=0
2026-09-05T01:59:10.591Z [INFO] [http] GET /api/v1/notifications/unread-count
2026-09-05T01:59:40.544Z [INFO] [http] GET /api/v1/notifications/unread-count
2026-09-05T01:59:48.142Z [INFO] [slaReminder] SLA_SCAN cases=1 respRemind=0 respEsc=0 closureRemind=0 closureEsc=0 surveyExpired=0
2026-09-05T02:00:10.551Z [INFO] [http] GET /api/v1/notifications/unread-count
2026-09-05T02:00:40.236Z [INFO] [http] GET /api/v1/notifications/unread-count
2026-09-05T02:00:48.148Z [INFO] [slaReminder] SLA_SCAN cases=1 respRemind=0 respEsc=0 closureRemind=0 closureEsc=0 surveyExpired=0
2026-09-05T02:01:10.540Z [INFO] [http] GET /api/v1/notifications/unread-count
2026-09-05T02:01:40.237Z [INFO] [http] GET /api/v1/notifications/unread-count
2026-09-05T02:01:48.159Z [INFO] [slaReminder] SLA_SCAN cases=1 respRemind=0 respEsc=0 closureRemind=0 closureEsc=0 surveyExpired=0
2026-09-05T02:02:10.544Z [INFO] [http] GET /api/v1/notifications/unread-count
2026-09-05T02:02:40.235Z [INFO] [http] GET /api/v1/notifications/unread-count
2026-09-05T02:02:48.171Z [INFO] [slaReminder] SLA_SCAN cases=1 respRemind=0 respEsc=0 closureRemind=0 closureEsc=0 surveyExpired=0
2026-09-05T02:03:10.539Z [INFO] [http] GET /api/v1/notifications/unread-count
2026-09-05T02:03:40.231Z [INFO] [http] GET /api/v1/notifications/unread-count
2026-09-05T02:03:48.176Z [INFO] [slaReminder] SLA_SCAN cases=1 respRemind=0 respEsc=0 closureRemind=0 closureEsc=0 surveyExpired=0
2026-09-05T02:04:10.541Z [INFO] [http] GET /api/v1/notifications/unread-count
2026-09-05T02:04:40.539Z [INFO] [http] GET /api/v1/notifications/unread-count
2026-09-05T02:04:48.177Z [INFO] [slaReminder] SLA_SCAN cases=1 respRemind=0 respEsc=0 closureRemind=0 closureEsc=0 surveyExpired=0
2026-09-05T02:05:10.538Z [INFO] [http] GET /api/v1/notifications/unread-count
2026-09-05T02:05:40.550Z [INFO] [http] GET /api/v1/notifications/unread-count
2026-09-05T02:05:48.186Z [INFO] [slaReminder] SLA_SCAN cases=1 respRemind=0 respEsc=0 closureRemind=0 closureEsc=0 surveyExpired=0
2026-09-05T02:06:10.541Z [INFO] [http] GET /api/v1/notifications/unread-count
2026-09-05T02:06:40.543Z [INFO] [http] GET /api/v1/notifications/unread-count
2026-09-05T02:06:48.192Z [INFO] [slaReminder] SLA_SCAN cases=1 respRemind=0 respEsc=0 closureRemind=0 closureEsc=0 surveyExpired=0
2026-09-05T02:07:10.541Z [INFO] [http] GET /api/v1/notifications/unread-count
2026-09-05T02:07:40.552Z [INFO] [http] GET /api/v1/notifications/unread-count
2026-09-05T02:07:48.196Z [INFO] [slaReminder] SLA_SCAN cases=1 respRemind=0 respEsc=0 closureRemind=0 closureEsc=0 surveyExpired=0
2026-09-05T02:08:10.547Z [INFO] [http] GET /api/v1/notifications/unread-count
2026-09-05T02:08:40.232Z [INFO] [http] GET /api/v1/notifications/unread-count
2026-09-05T02:08:48.210Z [INFO] [slaReminder] SLA_SCAN cases=1 respRemind=0 respEsc=0 closureRemind=0 closureEsc=0 surveyExpired=0
2026-09-05T02:09:10.551Z [INFO] [http] GET /api/v1/notifications/unread-count
2026-09-05T02:09:40.543Z [INFO] [http] GET /api/v1/notifications/unread-count
2026-09-05T02:09:48.220Z [INFO] [slaReminder] SLA_SCAN cases=1 respRemind=0 respEsc=0 closureRemind=0 closureEsc=0 surveyExpired=0
2026-09-05T02:10:10.239Z [INFO] [http] GET /api/v1/notifications/unread-count
2026-09-05T02:10:40.539Z [INFO] [http] GET /api/v1/notifications/unread-count
2026-09-05T02:10:48.232Z [INFO] [slaReminder] SLA_SCAN cases=1 respRemind=0 respEsc=0 closureRemind=0 closureEsc=0 surveyExpired=0
2026-09-05T02:11:10.230Z [INFO] [http] GET /api/v1/notifications/unread-count
2026-09-05T02:11:40.546Z [INFO] [http] GET /api/v1/notifications/unread-count
2026-09-05T02:11:48.234Z [INFO] [slaReminder] SLA_SCAN cases=1 respRemind=0 respEsc=0 closureRemind=0 closureEsc=0 surveyExpired=0
2026-09-05T02:12:10.232Z [INFO] [http] GET /api/v1/notifications/unread-count
2026-09-05T02:12:40.555Z [INFO] [http] GET /api/v1/notifications/unread-count
2026-09-05T02:12:48.247Z [INFO] [slaReminder] SLA_SCAN cases=1 respRemind=0 respEsc=0 closureRemind=0 closureEsc=0 surveyExpired=0
2026-09-05T02:13:10.227Z [INFO] [http] GET /api/v1/notifications/unread-count
2026-09-05T02:13:40.539Z [INFO] [http] GET /api/v1/notifications/unread-count
2026-09-05T02:13:48.254Z [INFO] [slaReminder] SLA_SCAN cases=1 respRemind=0 respEsc=0 closureRemind=0 closureEsc=0 surveyExpired=0
2026-09-05T02:14:10.536Z [INFO] [http] GET /api/v1/notifications/unread-count
2026-09-05T02:14:40.553Z [INFO] [http] GET /api/v1/notifications/unread-count
2026-09-05T02:14:48.266Z [INFO] [slaReminder] SLA_SCAN cases=1 respRemind=0 respEsc=0 closureRemind=0 closureEsc=0 surveyExpired=0
2026-09-05T02:15:10.536Z [INFO] [http] GET /api/v1/notifications/unread-count
2026-09-05T02:15:40.238Z [INFO] [http] GET /api/v1/notifications/unread-count
2026-09-05T02:15:48.275Z [INFO] [slaReminder] SLA_SCAN cases=1 respRemind=0 respEsc=0 closureRemind=0 closureEsc=0 surveyExpired=0
2026-09-05T02:16:10.546Z [INFO] [http] GET /api/v1/notifications/unread-count
2026-09-05T02:16:40.240Z [INFO] [http] GET /api/v1/notifications/unread-count
2026-09-05T02:16:48.285Z [INFO] [slaReminder] SLA_SCAN cases=1 respRemind=0 respEsc=0 closureRemind=0 closureEsc=0 surveyExpired=0
2026-09-05T02:17:10.564Z [INFO] [http] GET /api/v1/notifications/unread-count
2026-09-05T02:17:40.226Z [INFO] [http] GET /api/v1/notifications/unread-count
2026-09-05T02:17:48.296Z [INFO] [slaReminder] SLA_SCAN cases=1 respRemind=0 respEsc=0 closureRemind=0 closureEsc=0 surveyExpired=0
2026-09-05T02:18:10.551Z [INFO] [http] GET /api/v1/notifications/unread-count
2026-09-05T02:18:40.229Z [INFO] [http] GET /api/v1/notifications/unread-count
2026-09-05T02:18:48.304Z [INFO] [slaReminder] SLA_SCAN cases=1 respRemind=0 respEsc=0 closureRemind=0 closureEsc=0 surveyExpired=0
2026-09-05T02:19:10.543Z [INFO] [http] GET /api/v1/notifications/unread-count
2026-09-05T02:19:40.535Z [INFO] [http] GET /api/v1/notifications/unread-count
2026-09-05T02:19:48.314Z [INFO] [slaReminder] SLA_SCAN cases=1 respRemind=0 respEsc=0 closureRemind=0 closureEsc=0 surveyExpired=0
2026-09-05T02:20:10.234Z [INFO] [http] GET /api/v1/notifications/unread-count
2026-09-05T02:20:40.537Z [INFO] [http] GET /api/v1/notifications/unread-count
2026-09-05T02:20:48.316Z [INFO] [slaReminder] SLA_SCAN cases=1 respRemind=0 respEsc=0 closureRemind=0 closureEsc=0 surveyExpired=0
2026-09-05T02:21:10.242Z [INFO] [http] GET /api/v1/notifications/unread-count
2026-09-05T02:21:40.549Z [INFO] [http] GET /api/v1/notifications/unread-count
2026-09-05T02:21:48.320Z [INFO] [slaReminder] SLA_SCAN cases=1 respRemind=0 respEsc=0 closureRemind=0 closureEsc=0 surveyExpired=0
2026-09-05T02:22:10.549Z [INFO] [http] GET /api/v1/notifications/unread-count
2026-09-05T02:22:40.535Z [INFO] [http] GET /api/v1/notifications/unread-count
2026-09-05T02:22:48.322Z [INFO] [slaReminder] SLA_SCAN cases=1 respRemind=0 respEsc=0 closureRemind=0 closureEsc=0 surveyExpired=0
2026-09-05T02:23:10.553Z [INFO] [http] GET /api/v1/notifications/unread-count
2026-09-05T02:23:40.230Z [INFO] [http] GET /api/v1/notifications/unread-count
2026-09-05T02:23:48.322Z [INFO] [slaReminder] SLA_SCAN cases=1 respRemind=0 respEsc=0 closureRemind=0 closureEsc=0 surveyExpired=0
2026-09-05T02:24:10.539Z [INFO] [http] GET /api/v1/notifications/unread-count
2026-09-05T02:24:40.544Z [INFO] [http] GET /api/v1/notifications/unread-count
2026-09-05T02:24:48.325Z [INFO] [slaReminder] SLA_SCAN cases=1 respRemind=0 respEsc=0 closureRemind=0 closureEsc=0 surveyExpired=0
2026-09-05T02:25:10.541Z [INFO] [http] GET /api/v1/notifications/unread-count
2026-09-05T02:25:40.535Z [INFO] [http] GET /api/v1/notifications/unread-count
2026-09-05T02:25:48.332Z [INFO] [slaReminder] SLA_SCAN cases=1 respRemind=0 respEsc=0 closureRemind=0 closureEsc=0 surveyExpired=0
2026-09-05T02:26:10.237Z [INFO] [http] GET /api/v1/notifications/unread-count
2026-09-05T02:26:40.549Z [INFO] [http] GET /api/v1/notifications/unread-count
2026-09-05T02:26:48.342Z [INFO] [slaReminder] SLA_SCAN cases=1 respRemind=0 respEsc=0 closureRemind=0 closureEsc=0 surveyExpired=0
2026-09-05T02:27:10.552Z [INFO] [http] GET /api/v1/notifications/unread-count
2026-09-05T02:27:40.541Z [INFO] [http] GET /api/v1/notifications/unread-count
2026-09-05T02:27:48.349Z [INFO] [slaReminder] SLA_SCAN cases=1 respRemind=0 respEsc=0 closureRemind=0 closureEsc=0 surveyExpired=0
2026-09-05T02:28:10.539Z [INFO] [http] GET /api/v1/notifications/unread-count
2026-09-05T02:28:40.548Z [INFO] [http] GET /api/v1/notifications/unread-count
2026-09-05T02:28:48.351Z [INFO] [slaReminder] SLA_SCAN cases=1 respRemind=0 respEsc=0 closureRemind=0 closureEsc=0 surveyExpired=0
2026-09-05T02:29:10.539Z [INFO] [http] GET /api/v1/notifications/unread-count
2026-09-05T02:29:40.541Z [INFO] [http] GET /api/v1/notifications/unread-count
2026-09-05T02:29:48.363Z [INFO] [slaReminder] SLA_SCAN cases=1 respRemind=0 respEsc=0 closureRemind=0 closureEsc=0 surveyExpired=0
2026-09-05T02:30:10.548Z [INFO] [http] GET /api/v1/notifications/unread-count
2026-09-05T02:30:40.234Z [INFO] [http] GET /api/v1/notifications/unread-count
2026-09-05T02:30:48.379Z [INFO] [slaReminder] SLA_SCAN cases=1 respRemind=0 respEsc=0 closureRemind=0 closureEsc=0 surveyExpired=0
2026-09-05T02:31:10.542Z [INFO] [http] GET /api/v1/notifications/unread-count
2026-09-05T02:31:40.229Z [INFO] [http] GET /api/v1/notifications/unread-count
2026-09-05T02:31:48.394Z [INFO] [slaReminder] SLA_SCAN cases=1 respRemind=0 respEsc=0 closureRemind=0 closureEsc=0 surveyExpired=0
2026-09-05T02:32:10.546Z [INFO] [http] GET /api/v1/notifications/unread-count
2026-09-05T02:32:40.233Z [INFO] [http] GET /api/v1/notifications/unread-count
2026-09-05T02:32:48.405Z [INFO] [slaReminder] SLA_SCAN cases=1 respRemind=0 respEsc=0 closureRemind=0 closureEsc=0 surveyExpired=0
2026-09-05T02:33:10.549Z [INFO] [http] GET /api/v1/notifications/unread-count
2026-09-05T02:33:40.234Z [INFO] [http] GET /api/v1/notifications/unread-count
2026-09-05T02:33:48.416Z [INFO] [slaReminder] SLA_SCAN cases=1 respRemind=0 respEsc=0 closureRemind=0 closureEsc=0 surveyExpired=0
2026-09-05T02:34:10.549Z [INFO] [http] GET /api/v1/notifications/unread-count
2026-09-05T02:34:40.537Z [INFO] [http] GET /api/v1/notifications/unread-count
2026-09-05T02:34:48.419Z [INFO] [slaReminder] SLA_SCAN cases=1 respRemind=0 respEsc=0 closureRemind=0 closureEsc=0 surveyExpired=0
2026-09-05T02:35:10.241Z [INFO] [http] GET /api/v1/notifications/unread-count
2026-09-05T02:35:40.537Z [INFO] [http] GET /api/v1/notifications/unread-count
2026-09-05T02:35:48.420Z [INFO] [slaReminder] SLA_SCAN cases=1 respRemind=0 respEsc=0 closureRemind=0 closureEsc=0 surveyExpired=0
2026-09-05T02:36:10.240Z [INFO] [http] GET /api/v1/notifications/unread-count
2026-09-05T02:36:40.539Z [INFO] [http] GET /api/v1/notifications/unread-count
2026-09-05T02:36:48.428Z [INFO] [slaReminder] SLA_SCAN cases=1 respRemind=0 respEsc=0 closureRemind=0 closureEsc=0 surveyExpired=0
2026-09-05T02:37:10.230Z [INFO] [http] GET /api/v1/notifications/unread-count
2026-09-05T02:37:40.550Z [INFO] [http] GET /api/v1/notifications/unread-count
2026-09-05T02:37:48.436Z [INFO] [slaReminder] SLA_SCAN cases=1 respRemind=0 respEsc=0 closureRemind=0 closureEsc=0 surveyExpired=0
2026-09-05T02:38:10.234Z [INFO] [http] GET /api/v1/notifications/unread-count
2026-09-05T02:38:40.547Z [INFO] [http] GET /api/v1/notifications/unread-count
2026-09-05T02:38:48.444Z [INFO] [slaReminder] SLA_SCAN cases=1 respRemind=0 respEsc=0 closureRemind=0 closureEsc=0 surveyExpired=0
2026-09-05T02:39:10.554Z [INFO] [http] GET /api/v1/notifications/unread-count
2026-09-05T02:39:40.548Z [INFO] [http] GET /api/v1/notifications/unread-count
2026-09-05T02:39:48.447Z [INFO] [slaReminder] SLA_SCAN cases=1 respRemind=0 respEsc=0 closureRemind=0 closureEsc=0 surveyExpired=0
2026-09-05T02:40:10.534Z [INFO] [http] GET /api/v1/notifications/unread-count
2026-09-05T02:40:40.551Z [INFO] [http] GET /api/v1/notifications/unread-count
2026-09-05T02:40:48.451Z [INFO] [slaReminder] SLA_SCAN cases=1 respRemind=0 respEsc=0 closureRemind=0 closureEsc=0 surveyExpired=0
2026-09-05T02:41:10.559Z [INFO] [http] GET /api/v1/notifications/unread-count
2026-09-05T02:41:40.233Z [INFO] [http] GET /api/v1/notifications/unread-count
2026-09-05T02:41:48.464Z [INFO] [slaReminder] SLA_SCAN cases=1 respRemind=0 respEsc=0 closureRemind=0 closureEsc=0 surveyExpired=0
2026-09-05T02:42:10.541Z [INFO] [http] GET /api/v1/notifications/unread-count
2026-09-05T02:42:40.236Z [INFO] [http] GET /api/v1/notifications/unread-count
2026-09-05T02:42:48.467Z [INFO] [slaReminder] SLA_SCAN cases=1 respRemind=0 respEsc=0 closureRemind=0 closureEsc=0 surveyExpired=0
2026-09-05T02:43:10.553Z [INFO] [http] GET /api/v1/notifications/unread-count
2026-09-05T02:43:40.229Z [INFO] [http] GET /api/v1/notifications/unread-count
2026-09-05T02:43:48.471Z [INFO] [slaReminder] SLA_SCAN cases=1 respRemind=0 respEsc=0 closureRemind=0 closureEsc=0 surveyExpired=0
2026-09-05T02:44:10.594Z [INFO] [http] GET /api/v1/notifications/unread-count
2026-09-05T02:44:40.551Z [INFO] [http] GET /api/v1/notifications/unread-count
2026-09-05T02:44:48.481Z [INFO] [slaReminder] SLA_SCAN cases=1 respRemind=0 respEsc=0 closureRemind=0 closureEsc=0 surveyExpired=0
2026-09-05T02:45:10.235Z [INFO] [http] GET /api/v1/notifications/unread-count
2026-09-05T02:45:40.548Z [INFO] [http] GET /api/v1/notifications/unread-count
2026-09-05T02:45:48.491Z [INFO] [slaReminder] SLA_SCAN cases=1 respRemind=0 respEsc=0 closureRemind=0 closureEsc=0 surveyExpired=0
2026-09-05T02:46:10.242Z [INFO] [http] GET /api/v1/notifications/unread-count
2026-09-05T02:46:40.538Z [INFO] [http] GET /api/v1/notifications/unread-count
2026-09-05T02:46:48.495Z [INFO] [slaReminder] SLA_SCAN cases=1 respRemind=0 respEsc=0 closureRemind=0 closureEsc=0 surveyExpired=0
2026-09-05T02:47:10.241Z [INFO] [http] GET /api/v1/notifications/unread-count
2026-09-05T02:47:40.546Z [INFO] [http] GET /api/v1/notifications/unread-count
2026-09-05T02:47:48.505Z [INFO] [slaReminder] SLA_SCAN cases=1 respRemind=0 respEsc=0 closureRemind=0 closureEsc=0 surveyExpired=0
2026-09-05T02:48:10.241Z [INFO] [http] GET /api/v1/notifications/unread-count
2026-09-05T02:48:40.553Z [INFO] [http] GET /api/v1/notifications/unread-count
2026-09-05T02:48:48.520Z [INFO] [slaReminder] SLA_SCAN cases=1 respRemind=0 respEsc=0 closureRemind=0 closureEsc=0 surveyExpired=0
2026-09-05T02:49:10.562Z [INFO] [http] GET /api/v1/notifications/unread-count
2026-09-05T02:49:40.559Z [INFO] [http] GET /api/v1/notifications/unread-count
2026-09-05T02:49:48.526Z [INFO] [slaReminder] SLA_SCAN cases=1 respRemind=0 respEsc=0 closureRemind=0 closureEsc=0 surveyExpired=0
2026-09-05T02:50:10.555Z [INFO] [http] GET /api/v1/notifications/unread-count
2026-09-05T02:50:40.555Z [INFO] [http] GET /api/v1/notifications/unread-count
2026-09-05T02:50:48.541Z [INFO] [slaReminder] SLA_SCAN cases=1 respRemind=0 respEsc=0 closureRemind=0 closureEsc=0 surveyExpired=0
2026-09-05T02:51:10.538Z [INFO] [http] GET /api/v1/notifications/unread-count
2026-09-05T02:51:40.549Z [INFO] [http] GET /api/v1/notifications/unread-count
2026-09-05T02:51:48.548Z [INFO] [slaReminder] SLA_SCAN cases=1 respRemind=0 respEsc=0 closureRemind=0 closureEsc=0 surveyExpired=0
2026-09-05T02:52:10.544Z [INFO] [http] GET /api/v1/notifications/unread-count
2026-09-05T02:52:40.541Z [INFO] [http] GET /api/v1/notifications/unread-count
2026-09-05T02:52:48.550Z [INFO] [slaReminder] SLA_SCAN cases=1 respRemind=0 respEsc=0 closureRemind=0 closureEsc=0 surveyExpired=0
2026-09-05T02:53:10.539Z [INFO] [http] GET /api/v1/notifications/unread-count
2026-09-05T02:53:40.235Z [INFO] [http] GET /api/v1/notifications/unread-count
2026-09-05T02:53:48.557Z [INFO] [slaReminder] SLA_SCAN cases=1 respRemind=0 respEsc=0 closureRemind=0 closureEsc=0 surveyExpired=0
2026-09-05T02:54:10.547Z [INFO] [http] GET /api/v1/notifications/unread-count
2026-09-05T02:54:40.233Z [INFO] [http] GET /api/v1/notifications/unread-count
2026-09-05T02:54:48.570Z [INFO] [slaReminder] SLA_SCAN cases=1 respRemind=0 respEsc=0 closureRemind=0 closureEsc=0 surveyExpired=0
2026-09-05T02:55:10.540Z [INFO] [http] GET /api/v1/notifications/unread-count
2026-09-05T02:55:40.236Z [INFO] [http] GET /api/v1/notifications/unread-count
2026-09-05T02:55:48.585Z [INFO] [slaReminder] SLA_SCAN cases=1 respRemind=0 respEsc=0 closureRemind=0 closureEsc=0 surveyExpired=0
2026-09-05T02:56:10.549Z [INFO] [http] GET /api/v1/notifications/unread-count
2026-09-05T02:56:40.233Z [INFO] [http] GET /api/v1/notifications/unread-count
2026-09-05T02:56:48.594Z [INFO] [slaReminder] SLA_SCAN cases=1 respRemind=0 respEsc=0 closureRemind=0 closureEsc=0 surveyExpired=0
2026-09-05T02:57:10.546Z [INFO] [http] GET /api/v1/notifications/unread-count
2026-09-05T02:57:40.240Z [INFO] [http] GET /api/v1/notifications/unread-count
2026-09-05T02:57:48.603Z [INFO] [slaReminder] SLA_SCAN cases=1 respRemind=0 respEsc=0 closureRemind=0 closureEsc=0 surveyExpired=0
2026-09-05T02:58:10.550Z [INFO] [http] GET /api/v1/notifications/unread-count
2026-09-05T02:58:40.240Z [INFO] [http] GET /api/v1/notifications/unread-count
2026-09-05T02:58:48.610Z [INFO] [slaReminder] SLA_SCAN cases=1 respRemind=0 respEsc=0 closureRemind=0 closureEsc=0 surveyExpired=0
2026-09-05T02:59:10.542Z [INFO] [http] GET /api/v1/notifications/unread-count
2026-09-05T02:59:40.236Z [INFO] [http] GET /api/v1/notifications/unread-count
2026-09-05T02:59:48.618Z [INFO] [slaReminder] SLA_SCAN cases=1 respRemind=0 respEsc=0 closureRemind=0 closureEsc=0 surveyExpired=0
2026-09-05T03:00:10.554Z [INFO] [http] GET /api/v1/notifications/unread-count
2026-09-05T03:00:40.539Z [INFO] [http] GET /api/v1/notifications/unread-count
2026-09-05T03:00:48.620Z [INFO] [slaReminder] SLA_SCAN cases=1 respRemind=0 respEsc=0 closureRemind=0 closureEsc=0 surveyExpired=0
2026-09-05T03:01:10.540Z [INFO] [http] GET /api/v1/notifications/unread-count
2026-09-05T03:01:40.549Z [INFO] [http] GET /api/v1/notifications/unread-count
2026-09-05T03:01:48.621Z [INFO] [slaReminder] SLA_SCAN cases=1 respRemind=0 respEsc=0 closureRemind=0 closureEsc=0 surveyExpired=0
2026-09-05T03:02:10.540Z [INFO] [http] GET /api/v1/notifications/unread-count
2026-09-05T03:02:40.552Z [INFO] [http] GET /api/v1/notifications/unread-count
2026-09-05T03:02:48.625Z [INFO] [slaReminder] SLA_SCAN cases=1 respRemind=0 respEsc=0 closureRemind=0 closureEsc=0 surveyExpired=0
2026-09-05T03:03:10.545Z [INFO] [http] GET /api/v1/notifications/unread-count
2026-09-05T03:03:40.546Z [INFO] [http] GET /api/v1/notifications/unread-count
2026-09-05T03:03:48.633Z [INFO] [slaReminder] SLA_SCAN cases=1 respRemind=0 respEsc=0 closureRemind=0 closureEsc=0 surveyExpired=0
2026-09-05T03:04:10.554Z [INFO] [http] GET /api/v1/notifications/unread-count
2026-09-05T03:04:40.547Z [INFO] [http] GET /api/v1/notifications/unread-count
2026-09-05T03:04:48.640Z [INFO] [slaReminder] SLA_SCAN cases=1 respRemind=0 respEsc=0 closureRemind=0 closureEsc=0 surveyExpired=0
2026-09-05T03:05:10.558Z [INFO] [http] GET /api/v1/notifications/unread-count
2026-09-05T03:05:40.552Z [INFO] [http] GET /api/v1/notifications/unread-count
2026-09-05T03:05:48.652Z [INFO] [slaReminder] SLA_SCAN cases=1 respRemind=0 respEsc=0 closureRemind=0 closureEsc=0 surveyExpired=0
2026-09-05T03:06:10.539Z [INFO] [http] GET /api/v1/notifications/unread-count
2026-09-05T03:06:40.235Z [INFO] [http] GET /api/v1/notifications/unread-count
2026-09-05T03:06:48.653Z [INFO] [slaReminder] SLA_SCAN cases=1 respRemind=0 respEsc=0 closureRemind=0 closureEsc=0 surveyExpired=0
2026-09-05T03:07:10.546Z [INFO] [http] GET /api/v1/notifications/unread-count
2026-09-05T03:07:40.541Z [INFO] [http] GET /api/v1/notifications/unread-count
2026-09-05T03:07:48.658Z [INFO] [slaReminder] SLA_SCAN cases=1 respRemind=0 respEsc=0 closureRemind=0 closureEsc=0 surveyExpired=0
2026-09-05T03:08:10.535Z [INFO] [http] GET /api/v1/notifications/unread-count
2026-09-05T03:08:40.542Z [INFO] [http] GET /api/v1/notifications/unread-count
2026-09-05T03:08:48.667Z [INFO] [slaReminder] SLA_SCAN cases=1 respRemind=0 respEsc=0 closureRemind=0 closureEsc=0 surveyExpired=0
2026-09-05T03:09:10.552Z [INFO] [http] GET /api/v1/notifications/unread-count
2026-09-05T03:09:40.543Z [INFO] [http] GET /api/v1/notifications/unread-count
2026-09-05T03:09:48.670Z [INFO] [slaReminder] SLA_SCAN cases=1 respRemind=0 respEsc=0 closureRemind=0 closureEsc=0 surveyExpired=0
2026-09-05T03:10:10.551Z [INFO] [http] GET /api/v1/notifications/unread-count
2026-09-05T03:10:40.556Z [INFO] [http] GET /api/v1/notifications/unread-count
2026-09-05T03:10:48.682Z [INFO] [slaReminder] SLA_SCAN cases=1 respRemind=0 respEsc=0 closureRemind=0 closureEsc=0 surveyExpired=0
2026-09-05T03:11:10.548Z [INFO] [http] GET /api/v1/notifications/unread-count
2026-09-05T03:11:40.233Z [INFO] [http] GET /api/v1/notifications/unread-count
2026-09-05T03:11:48.688Z [INFO] [slaReminder] SLA_SCAN cases=1 respRemind=0 respEsc=0 closureRemind=0 closureEsc=0 surveyExpired=0
2026-09-05T03:12:10.542Z [INFO] [http] GET /api/v1/notifications/unread-count
2026-09-05T03:12:40.234Z [INFO] [http] GET /api/v1/notifications/unread-count
2026-09-05T03:12:48.689Z [INFO] [slaReminder] SLA_SCAN cases=1 respRemind=0 respEsc=0 closureRemind=0 closureEsc=0 surveyExpired=0
2026-09-05T03:13:10.538Z [INFO] [http] GET /api/v1/notifications/unread-count
2026-09-05T03:13:40.229Z [INFO] [http] GET /api/v1/notifications/unread-count
2026-09-05T03:13:48.692Z [INFO] [slaReminder] SLA_SCAN cases=1 respRemind=0 respEsc=0 closureRemind=0 closureEsc=0 surveyExpired=0
2026-09-05T03:14:10.557Z [INFO] [http] GET /api/v1/notifications/unread-count
2026-09-05T03:14:40.546Z [INFO] [http] GET /api/v1/notifications/unread-count
2026-09-05T03:14:48.697Z [INFO] [slaReminder] SLA_SCAN cases=1 respRemind=0 respEsc=0 closureRemind=0 closureEsc=0 surveyExpired=0
2026-09-05T03:15:10.554Z [INFO] [http] GET /api/v1/notifications/unread-count
2026-09-05T03:15:40.545Z [INFO] [http] GET /api/v1/notifications/unread-count
2026-09-05T03:15:48.699Z [INFO] [slaReminder] SLA_SCAN cases=1 respRemind=0 respEsc=0 closureRemind=0 closureEsc=0 surveyExpired=0
2026-09-05T03:16:10.539Z [INFO] [http] GET /api/v1/notifications/unread-count
2026-09-05T03:16:40.545Z [INFO] [http] GET /api/v1/notifications/unread-count
2026-09-05T03:16:48.701Z [INFO] [slaReminder] SLA_SCAN cases=1 respRemind=0 respEsc=0 closureRemind=0 closureEsc=0 surveyExpired=0
2026-09-05T03:17:10.550Z [INFO] [http] GET /api/v1/notifications/unread-count
2026-09-05T03:17:40.560Z [INFO] [http] GET /api/v1/notifications/unread-count
2026-09-05T03:17:48.711Z [INFO] [slaReminder] SLA_SCAN cases=1 respRemind=0 respEsc=0 closureRemind=0 closureEsc=0 surveyExpired=0
2026-09-05T03:18:10.540Z [INFO] [http] GET /api/v1/notifications/unread-count
2026-09-05T03:18:40.552Z [INFO] [http] GET /api/v1/notifications/unread-count
2026-09-05T03:18:48.726Z [INFO] [slaReminder] SLA_SCAN cases=1 respRemind=0 respEsc=0 closureRemind=0 closureEsc=0 surveyExpired=0
2026-09-05T03:19:10.556Z [INFO] [http] GET /api/v1/notifications/unread-count
2026-09-05T03:19:40.538Z [INFO] [http] GET /api/v1/notifications/unread-count
2026-09-05T03:19:48.741Z [INFO] [slaReminder] SLA_SCAN cases=1 respRemind=0 respEsc=0 closureRemind=0 closureEsc=0 surveyExpired=0
2026-09-05T03:20:10.544Z [INFO] [http] GET /api/v1/notifications/unread-count
2026-09-05T03:20:40.237Z [INFO] [http] GET /api/v1/notifications/unread-count
2026-09-05T03:20:48.749Z [INFO] [slaReminder] SLA_SCAN cases=1 respRemind=0 respEsc=0 closureRemind=0 closureEsc=0 surveyExpired=0
2026-09-05T03:21:10.545Z [INFO] [http] GET /api/v1/notifications/unread-count
2026-09-05T03:21:40.235Z [INFO] [http] GET /api/v1/notifications/unread-count
2026-09-05T03:21:48.752Z [INFO] [slaReminder] SLA_SCAN cases=1 respRemind=0 respEsc=0 closureRemind=0 closureEsc=0 surveyExpired=0
2026-09-05T03:22:10.548Z [INFO] [http] GET /api/v1/notifications/unread-count
2026-09-05T03:22:40.237Z [INFO] [http] GET /api/v1/notifications/unread-count
2026-09-05T03:22:48.762Z [INFO] [slaReminder] SLA_SCAN cases=1 respRemind=0 respEsc=0 closureRemind=0 closureEsc=0 surveyExpired=0
2026-09-05T03:23:10.544Z [INFO] [http] GET /api/v1/notifications/unread-count
2026-09-05T03:23:40.233Z [INFO] [http] GET /api/v1/notifications/unread-count
2026-09-05T03:23:48.763Z [INFO] [slaReminder] SLA_SCAN cases=1 respRemind=0 respEsc=0 closureRemind=0 closureEsc=0 surveyExpired=0
2026-09-05T03:24:10.543Z [INFO] [http] GET /api/v1/notifications/unread-count
2026-09-05T03:24:40.548Z [INFO] [http] GET /api/v1/notifications/unread-count
2026-09-05T03:24:48.769Z [INFO] [slaReminder] SLA_SCAN cases=1 respRemind=0 respEsc=0 closureRemind=0 closureEsc=0 surveyExpired=0
2026-09-05T03:25:10.242Z [INFO] [http] GET /api/v1/notifications/unread-count
2026-09-05T03:25:40.546Z [INFO] [http] GET /api/v1/notifications/unread-count
2026-09-05T03:25:48.782Z [INFO] [slaReminder] SLA_SCAN cases=1 respRemind=0 respEsc=0 closureRemind=0 closureEsc=0 surveyExpired=0
2026-09-05T03:26:10.235Z [INFO] [http] GET /api/v1/notifications/unread-count
2026-09-05T03:26:40.548Z [INFO] [http] GET /api/v1/notifications/unread-count
2026-09-05T03:26:48.792Z [INFO] [slaReminder] SLA_SCAN cases=1 respRemind=0 respEsc=0 closureRemind=0 closureEsc=0 surveyExpired=0
2026-09-05T03:27:10.242Z [INFO] [http] GET /api/v1/notifications/unread-count
2026-09-05T03:27:40.542Z [INFO] [http] GET /api/v1/notifications/unread-count
2026-09-05T03:27:48.798Z [INFO] [slaReminder] SLA_SCAN cases=1 respRemind=0 respEsc=0 closureRemind=0 closureEsc=0 surveyExpired=0
2026-09-05T03:28:10.240Z [INFO] [http] GET /api/v1/notifications/unread-count
2026-09-05T03:28:40.551Z [INFO] [http] GET /api/v1/notifications/unread-count
2026-09-05T03:28:48.814Z [INFO] [slaReminder] SLA_SCAN cases=1 respRemind=0 respEsc=0 closureRemind=0 closureEsc=0 surveyExpired=0
2026-09-05T03:29:10.552Z [INFO] [http] GET /api/v1/notifications/unread-count
2026-09-05T03:29:40.551Z [INFO] [http] GET /api/v1/notifications/unread-count
2026-09-05T03:29:48.821Z [INFO] [slaReminder] SLA_SCAN cases=1 respRemind=0 respEsc=0 closureRemind=0 closureEsc=0 surveyExpired=0
2026-09-05T03:30:10.541Z [INFO] [http] GET /api/v1/notifications/unread-count
2026-09-05T03:30:40.242Z [INFO] [http] GET /api/v1/notifications/unread-count
2026-09-05T03:30:48.829Z [INFO] [slaReminder] SLA_SCAN cases=1 respRemind=0 respEsc=0 closureRemind=0 closureEsc=0 surveyExpired=0
2026-09-05T03:31:10.547Z [INFO] [http] GET /api/v1/notifications/unread-count
2026-09-05T03:31:40.544Z [INFO] [http] GET /api/v1/notifications/unread-count
2026-09-05T03:31:48.830Z [INFO] [slaReminder] SLA_SCAN cases=1 respRemind=0 respEsc=0 closureRemind=0 closureEsc=0 surveyExpired=0
2026-09-05T03:32:10.542Z [INFO] [http] GET /api/v1/notifications/unread-count
2026-09-05T03:32:40.232Z [INFO] [http] GET /api/v1/notifications/unread-count
2026-09-05T03:32:48.839Z [INFO] [slaReminder] SLA_SCAN cases=1 respRemind=0 respEsc=0 closureRemind=0 closureEsc=0 surveyExpired=0
2026-09-05T03:33:10.544Z [INFO] [http] GET /api/v1/notifications/unread-count
2026-09-05T03:33:40.233Z [INFO] [http] GET /api/v1/notifications/unread-count
2026-09-05T03:33:48.851Z [INFO] [slaReminder] SLA_SCAN cases=1 respRemind=0 respEsc=0 closureRemind=0 closureEsc=0 surveyExpired=0
2026-09-05T03:34:10.559Z [INFO] [http] GET /api/v1/notifications/unread-count
2026-09-05T03:34:40.235Z [INFO] [http] GET /api/v1/notifications/unread-count
2026-09-05T03:34:48.854Z [INFO] [slaReminder] SLA_SCAN cases=1 respRemind=0 respEsc=0 closureRemind=0 closureEsc=0 surveyExpired=0
2026-09-05T03:35:10.552Z [INFO] [http] GET /api/v1/notifications/unread-count
2026-09-05T03:35:40.557Z [INFO] [http] GET /api/v1/notifications/unread-count
2026-09-05T03:35:48.866Z [INFO] [slaReminder] SLA_SCAN cases=1 respRemind=0 respEsc=0 closureRemind=0 closureEsc=0 surveyExpired=0
2026-09-05T03:36:10.556Z [INFO] [http] GET /api/v1/notifications/unread-count
2026-09-05T03:36:40.547Z [INFO] [http] GET /api/v1/notifications/unread-count
2026-09-05T03:36:48.877Z [INFO] [slaReminder] SLA_SCAN cases=1 respRemind=0 respEsc=0 closureRemind=0 closureEsc=0 surveyExpired=0
2026-09-05T03:37:10.236Z [INFO] [http] GET /api/v1/notifications/unread-count
2026-09-05T03:37:40.541Z [INFO] [http] GET /api/v1/notifications/unread-count
2026-09-05T03:37:48.885Z [INFO] [slaReminder] SLA_SCAN cases=1 respRemind=0 respEsc=0 closureRemind=0 closureEsc=0 surveyExpired=0
2026-09-05T03:38:10.557Z [INFO] [http] GET /api/v1/notifications/unread-count
2026-09-05T03:38:40.552Z [INFO] [http] GET /api/v1/notifications/unread-count
2026-09-05T03:38:48.886Z [INFO] [slaReminder] SLA_SCAN cases=1 respRemind=0 respEsc=0 closureRemind=0 closureEsc=0 surveyExpired=0
2026-09-05T03:39:10.542Z [INFO] [http] GET /api/v1/notifications/unread-count
2026-09-05T03:39:40.555Z [INFO] [http] GET /api/v1/notifications/unread-count
2026-09-05T03:39:48.892Z [INFO] [slaReminder] SLA_SCAN cases=1 respRemind=0 respEsc=0 closureRemind=0 closureEsc=0 surveyExpired=0
2026-09-05T03:40:10.240Z [INFO] [http] GET /api/v1/notifications/unread-count
2026-09-05T03:40:40.544Z [INFO] [http] GET /api/v1/notifications/unread-count
2026-09-05T03:40:48.899Z [INFO] [slaReminder] SLA_SCAN cases=1 respRemind=0 respEsc=0 closureRemind=0 closureEsc=0 surveyExpired=0
2026-09-05T03:41:10.234Z [INFO] [http] GET /api/v1/notifications/unread-count
2026-09-05T03:41:40.550Z [INFO] [http] GET /api/v1/notifications/unread-count
2026-09-05T03:41:48.905Z [INFO] [slaReminder] SLA_SCAN cases=1 respRemind=0 respEsc=0 closureRemind=0 closureEsc=0 surveyExpired=0
2026-09-05T03:42:10.242Z [INFO] [http] GET /api/v1/notifications/unread-count
2026-09-05T03:42:40.553Z [INFO] [http] GET /api/v1/notifications/unread-count
2026-09-05T03:42:48.910Z [INFO] [slaReminder] SLA_SCAN cases=1 respRemind=0 respEsc=0 closureRemind=0 closureEsc=0 surveyExpired=0
2026-09-05T03:43:10.542Z [INFO] [http] GET /api/v1/notifications/unread-count
2026-09-05T03:43:40.546Z [INFO] [http] GET /api/v1/notifications/unread-count
2026-09-05T03:43:48.920Z [INFO] [slaReminder] SLA_SCAN cases=1 respRemind=0 respEsc=0 closureRemind=0 closureEsc=0 surveyExpired=0
2026-09-05T03:44:10.546Z [INFO] [http] GET /api/v1/notifications/unread-count
2026-09-05T03:44:40.239Z [INFO] [http] GET /api/v1/notifications/unread-count
2026-09-05T03:44:48.933Z [INFO] [slaReminder] SLA_SCAN cases=1 respRemind=0 respEsc=0 closureRemind=0 closureEsc=0 surveyExpired=0
2026-09-05T03:45:10.548Z [INFO] [http] GET /api/v1/notifications/unread-count
2026-09-05T03:45:40.240Z [INFO] [http] GET /api/v1/notifications/unread-count
2026-09-05T03:45:48.945Z [INFO] [slaReminder] SLA_SCAN cases=1 respRemind=0 respEsc=0 closureRemind=0 closureEsc=0 surveyExpired=0
2026-09-05T03:46:10.538Z [INFO] [http] GET /api/v1/notifications/unread-count
2026-09-05T03:46:40.243Z [INFO] [http] GET /api/v1/notifications/unread-count
2026-09-05T03:46:48.950Z [INFO] [slaReminder] SLA_SCAN cases=1 respRemind=0 respEsc=0 closureRemind=0 closureEsc=0 surveyExpired=0
2026-09-05T03:47:10.547Z [INFO] [http] GET /api/v1/notifications/unread-count
2026-09-05T03:47:40.241Z [INFO] [http] GET /api/v1/notifications/unread-count
2026-09-05T03:47:48.958Z [INFO] [slaReminder] SLA_SCAN cases=1 respRemind=0 respEsc=0 closureRemind=0 closureEsc=0 surveyExpired=0
2026-09-05T03:48:10.551Z [INFO] [http] GET /api/v1/notifications/unread-count
2026-09-05T03:48:40.242Z [INFO] [http] GET /api/v1/notifications/unread-count
2026-09-05T03:48:48.973Z [INFO] [slaReminder] SLA_SCAN cases=1 respRemind=0 respEsc=0 closureRemind=0 closureEsc=0 surveyExpired=0
2026-09-05T03:49:10.565Z [INFO] [http] GET /api/v1/notifications/unread-count
2026-09-05T03:49:40.246Z [INFO] [http] GET /api/v1/notifications/unread-count
2026-09-05T03:49:48.988Z [INFO] [slaReminder] SLA_SCAN cases=1 respRemind=0 respEsc=0 closureRemind=0 closureEsc=0 surveyExpired=0
2026-09-05T03:50:10.546Z [INFO] [http] GET /api/v1/notifications/unread-count
2026-09-05T03:50:40.236Z [INFO] [http] GET /api/v1/notifications/unread-count
2026-09-05T03:50:48.995Z [INFO] [slaReminder] SLA_SCAN cases=1 respRemind=0 respEsc=0 closureRemind=0 closureEsc=0 surveyExpired=0
2026-09-05T03:51:10.549Z [INFO] [http] GET /api/v1/notifications/unread-count
2026-09-05T03:51:40.242Z [INFO] [http] GET /api/v1/notifications/unread-count
2026-09-05T03:51:48.997Z [INFO] [slaReminder] SLA_SCAN cases=1 respRemind=0 respEsc=0 closureRemind=0 closureEsc=0 surveyExpired=0
2026-09-05T03:52:10.553Z [INFO] [http] GET /api/v1/notifications/unread-count
2026-09-05T03:52:40.246Z [INFO] [http] GET /api/v1/notifications/unread-count
2026-09-05T03:52:49.009Z [INFO] [slaReminder] SLA_SCAN cases=1 respRemind=0 respEsc=0 closureRemind=0 closureEsc=0 surveyExpired=0
2026-09-05T03:53:10.550Z [INFO] [http] GET /api/v1/notifications/unread-count
2026-09-05T03:53:40.239Z [INFO] [http] GET /api/v1/notifications/unread-count
2026-09-05T03:53:49.018Z [INFO] [slaReminder] SLA_SCAN cases=1 respRemind=0 respEsc=0 closureRemind=0 closureEsc=0 surveyExpired=0
2026-09-05T03:54:10.553Z [INFO] [http] GET /api/v1/notifications/unread-count
2026-09-05T03:54:40.243Z [INFO] [http] GET /api/v1/notifications/unread-count
2026-09-05T03:54:49.090Z [INFO] [slaReminder] SLA_SCAN cases=1 respRemind=0 respEsc=0 closureRemind=0 closureEsc=0 surveyExpired=0
2026-09-05T03:55:10.557Z [INFO] [http] GET /api/v1/notifications/unread-count
2026-09-05T03:55:40.236Z [INFO] [http] GET /api/v1/notifications/unread-count
2026-09-05T03:55:49.101Z [INFO] [slaReminder] SLA_SCAN cases=1 respRemind=0 respEsc=0 closureRemind=0 closureEsc=0 surveyExpired=0
2026-09-05T03:56:10.547Z [INFO] [http] GET /api/v1/notifications/unread-count
2026-09-05T03:56:40.244Z [INFO] [http] GET /api/v1/notifications/unread-count
2026-09-05T03:56:49.114Z [INFO] [slaReminder] SLA_SCAN cases=1 respRemind=0 respEsc=0 closureRemind=0 closureEsc=0 surveyExpired=0
2026-09-05T03:57:10.554Z [INFO] [http] GET /api/v1/notifications/unread-count
2026-09-05T03:57:40.244Z [INFO] [http] GET /api/v1/notifications/unread-count
2026-09-05T03:57:49.120Z [INFO] [slaReminder] SLA_SCAN cases=1 respRemind=0 respEsc=0 closureRemind=0 closureEsc=0 surveyExpired=0
2026-09-05T03:58:10.538Z [INFO] [http] GET /api/v1/notifications/unread-count
2026-09-05T03:58:40.242Z [INFO] [http] GET /api/v1/notifications/unread-count
2026-09-05T03:58:49.123Z [INFO] [slaReminder] SLA_SCAN cases=1 respRemind=0 respEsc=0 closureRemind=0 closureEsc=0 surveyExpired=0
2026-09-05T03:59:10.545Z [INFO] [http] GET /api/v1/notifications/unread-count
2026-09-05T03:59:40.240Z [INFO] [http] GET /api/v1/notifications/unread-count
2026-09-05T03:59:49.140Z [INFO] [slaReminder] SLA_SCAN cases=1 respRemind=0 respEsc=0 closureRemind=0 closureEsc=0 surveyExpired=0
2026-09-05T04:00:10.554Z [INFO] [http] GET /api/v1/notifications/unread-count
2026-09-05T04:00:40.232Z [INFO] [http] GET /api/v1/notifications/unread-count
2026-09-05T04:00:49.148Z [INFO] [slaReminder] SLA_SCAN cases=1 respRemind=0 respEsc=0 closureRemind=0 closureEsc=0 surveyExpired=0
2026-09-05T04:01:10.547Z [INFO] [http] GET /api/v1/notifications/unread-count
2026-09-05T04:01:40.241Z [INFO] [http] GET /api/v1/notifications/unread-count
2026-09-05T04:01:49.163Z [INFO] [slaReminder] SLA_SCAN cases=1 respRemind=0 respEsc=0 closureRemind=0 closureEsc=0 surveyExpired=0
2026-09-05T04:02:10.544Z [INFO] [http] GET /api/v1/notifications/unread-count
2026-09-05T04:02:40.243Z [INFO] [http] GET /api/v1/notifications/unread-count
2026-09-05T04:02:49.165Z [INFO] [slaReminder] SLA_SCAN cases=1 respRemind=0 respEsc=0 closureRemind=0 closureEsc=0 surveyExpired=0
2026-09-05T04:03:10.555Z [INFO] [http] GET /api/v1/notifications/unread-count
2026-09-05T04:03:40.233Z [INFO] [http] GET /api/v1/notifications/unread-count
2026-09-05T04:03:49.169Z [INFO] [slaReminder] SLA_SCAN cases=1 respRemind=0 respEsc=0 closureRemind=0 closureEsc=0 surveyExpired=0
2026-09-05T04:04:10.548Z [INFO] [http] GET /api/v1/notifications/unread-count
2026-09-05T04:04:40.231Z [INFO] [http] GET /api/v1/notifications/unread-count
2026-09-05T04:04:49.184Z [INFO] [slaReminder] SLA_SCAN cases=1 respRemind=0 respEsc=0 closureRemind=0 closureEsc=0 surveyExpired=0
2026-09-05T04:05:10.574Z [INFO] [http] GET /api/v1/notifications/unread-count
2026-09-05T04:05:40.234Z [INFO] [http] GET /api/v1/notifications/unread-count
2026-09-05T04:05:49.199Z [INFO] [slaReminder] SLA_SCAN cases=1 respRemind=0 respEsc=0 closureRemind=0 closureEsc=0 surveyExpired=0
2026-09-05T04:06:10.548Z [INFO] [http] GET /api/v1/notifications/unread-count
2026-09-05T04:06:40.237Z [INFO] [http] GET /api/v1/notifications/unread-count
2026-09-05T04:06:49.210Z [INFO] [slaReminder] SLA_SCAN cases=1 respRemind=0 respEsc=0 closureRemind=0 closureEsc=0 surveyExpired=0
2026-09-05T04:07:10.551Z [INFO] [http] GET /api/v1/notifications/unread-count
2026-09-05T04:07:40.246Z [INFO] [http] GET /api/v1/notifications/unread-count
2026-09-05T04:07:49.211Z [INFO] [slaReminder] SLA_SCAN cases=1 respRemind=0 respEsc=0 closureRemind=0 closureEsc=0 surveyExpired=0
2026-09-05T04:08:10.557Z [INFO] [http] GET /api/v1/notifications/unread-count
2026-09-05T04:08:40.241Z [INFO] [http] GET /api/v1/notifications/unread-count
2026-09-05T04:08:49.214Z [INFO] [slaReminder] SLA_SCAN cases=1 respRemind=0 respEsc=0 closureRemind=0 closureEsc=0 surveyExpired=0
2026-09-05T04:09:10.554Z [INFO] [http] GET /api/v1/notifications/unread-count
2026-09-05T04:09:40.551Z [INFO] [http] GET /api/v1/notifications/unread-count
2026-09-05T04:09:49.228Z [INFO] [slaReminder] SLA_SCAN cases=1 respRemind=0 respEsc=0 closureRemind=0 closureEsc=0 surveyExpired=0
2026-09-05T04:10:10.244Z [INFO] [http] GET /api/v1/notifications/unread-count
2026-09-05T04:10:40.548Z [INFO] [http] GET /api/v1/notifications/unread-count
2026-09-05T04:10:49.231Z [INFO] [slaReminder] SLA_SCAN cases=1 respRemind=0 respEsc=0 closureRemind=0 closureEsc=0 surveyExpired=0
2026-09-05T04:11:10.238Z [INFO] [http] GET /api/v1/notifications/unread-count
2026-09-05T04:11:40.548Z [INFO] [http] GET /api/v1/notifications/unread-count
2026-09-05T04:11:49.235Z [INFO] [slaReminder] SLA_SCAN cases=1 respRemind=0 respEsc=0 closureRemind=0 closureEsc=0 surveyExpired=0
2026-09-05T04:12:10.244Z [INFO] [http] GET /api/v1/notifications/unread-count
2026-09-05T04:12:40.550Z [INFO] [http] GET /api/v1/notifications/unread-count
2026-09-05T04:12:49.246Z [INFO] [slaReminder] SLA_SCAN cases=1 respRemind=0 respEsc=0 closureRemind=0 closureEsc=0 surveyExpired=0
2026-09-05T04:13:10.231Z [INFO] [http] GET /api/v1/notifications/unread-count
2026-09-05T04:13:40.556Z [INFO] [http] GET /api/v1/notifications/unread-count
2026-09-05T04:13:49.248Z [INFO] [slaReminder] SLA_SCAN cases=1 respRemind=0 respEsc=0 closureRemind=0 closureEsc=0 surveyExpired=0
2026-09-05T04:14:10.544Z [INFO] [http] GET /api/v1/notifications/unread-count
2026-09-05T04:14:40.550Z [INFO] [http] GET /api/v1/notifications/unread-count
2026-09-05T04:14:49.264Z [INFO] [slaReminder] SLA_SCAN cases=1 respRemind=0 respEsc=0 closureRemind=0 closureEsc=0 surveyExpired=0
2026-09-05T04:15:10.544Z [INFO] [http] GET /api/v1/notifications/unread-count
2026-09-05T04:15:40.552Z [INFO] [http] GET /api/v1/notifications/unread-count
2026-09-05T04:15:49.276Z [INFO] [slaReminder] SLA_SCAN cases=1 respRemind=0 respEsc=0 closureRemind=0 closureEsc=0 surveyExpired=0
2026-09-05T04:16:10.556Z [INFO] [http] GET /api/v1/notifications/unread-count
2026-09-05T04:16:40.545Z [INFO] [http] GET /api/v1/notifications/unread-count
2026-09-05T04:16:49.286Z [INFO] [slaReminder] SLA_SCAN cases=1 respRemind=0 respEsc=0 closureRemind=0 closureEsc=0 surveyExpired=0
2026-09-05T04:17:10.548Z [INFO] [http] GET /api/v1/notifications/unread-count
2026-09-05T04:17:40.234Z [INFO] [http] GET /api/v1/notifications/unread-count
2026-09-05T04:17:49.305Z [INFO] [slaReminder] SLA_SCAN cases=1 respRemind=0 respEsc=0 closureRemind=0 closureEsc=0 surveyExpired=0
2026-09-05T04:18:10.558Z [INFO] [http] GET /api/v1/notifications/unread-count
2026-09-05T04:18:40.547Z [INFO] [http] GET /api/v1/notifications/unread-count
2026-09-05T04:18:49.310Z [INFO] [slaReminder] SLA_SCAN cases=1 respRemind=0 respEsc=0 closureRemind=0 closureEsc=0 surveyExpired=0
2026-09-05T04:19:10.557Z [INFO] [http] GET /api/v1/notifications/unread-count
2026-09-05T04:19:40.551Z [INFO] [http] GET /api/v1/notifications/unread-count
2026-09-05T04:19:49.317Z [INFO] [slaReminder] SLA_SCAN cases=1 respRemind=0 respEsc=0 closureRemind=0 closureEsc=0 surveyExpired=0
2026-09-05T04:20:10.546Z [INFO] [http] GET /api/v1/notifications/unread-count
2026-09-05T04:20:40.242Z [INFO] [http] GET /api/v1/notifications/unread-count
2026-09-05T04:20:49.323Z [INFO] [slaReminder] SLA_SCAN cases=1 respRemind=0 respEsc=0 closureRemind=0 closureEsc=0 surveyExpired=0
2026-09-05T04:21:10.541Z [INFO] [http] GET /api/v1/notifications/unread-count
2026-09-05T04:21:40.556Z [INFO] [http] GET /api/v1/notifications/unread-count
2026-09-05T04:21:49.332Z [INFO] [slaReminder] SLA_SCAN cases=1 respRemind=0 respEsc=0 closureRemind=0 closureEsc=0 surveyExpired=0
2026-09-05T04:22:10.539Z [INFO] [http] GET /api/v1/notifications/unread-count
2026-09-05T04:22:40.545Z [INFO] [http] GET /api/v1/notifications/unread-count
2026-09-05T04:22:49.347Z [INFO] [slaReminder] SLA_SCAN cases=1 respRemind=0 respEsc=0 closureRemind=0 closureEsc=0 surveyExpired=0
2026-09-05T04:23:10.555Z [INFO] [http] GET /api/v1/notifications/unread-count
2026-09-05T04:23:40.550Z [INFO] [http] GET /api/v1/notifications/unread-count
2026-09-05T04:23:49.360Z [INFO] [slaReminder] SLA_SCAN cases=1 respRemind=0 respEsc=0 closureRemind=0 closureEsc=0 surveyExpired=0
2026-09-05T04:24:10.556Z [INFO] [http] GET /api/v1/notifications/unread-count
2026-09-05T04:24:40.542Z [INFO] [http] GET /api/v1/notifications/unread-count
2026-09-05T04:24:49.373Z [INFO] [slaReminder] SLA_SCAN cases=1 respRemind=0 respEsc=0 closureRemind=0 closureEsc=0 surveyExpired=0
2026-09-05T04:25:10.548Z [INFO] [http] GET /api/v1/notifications/unread-count
2026-09-05T04:25:40.544Z [INFO] [http] GET /api/v1/notifications/unread-count
2026-09-05T04:25:49.378Z [INFO] [slaReminder] SLA_SCAN cases=1 respRemind=0 respEsc=0 closureRemind=0 closureEsc=0 surveyExpired=0
2026-09-05T04:26:10.555Z [INFO] [http] GET /api/v1/notifications/unread-count
2026-09-05T04:26:40.545Z [INFO] [http] GET /api/v1/notifications/unread-count
2026-09-05T04:26:49.390Z [INFO] [slaReminder] SLA_SCAN cases=1 respRemind=0 respEsc=0 closureRemind=0 closureEsc=0 surveyExpired=0
2026-09-05T04:27:10.244Z [INFO] [http] GET /api/v1/notifications/unread-count
2026-09-05T04:27:40.544Z [INFO] [http] GET /api/v1/notifications/unread-count
2026-09-05T04:27:49.391Z [INFO] [slaReminder] SLA_SCAN cases=1 respRemind=0 respEsc=0 closureRemind=0 closureEsc=0 surveyExpired=0
2026-09-05T04:28:10.552Z [INFO] [http] GET /api/v1/notifications/unread-count
2026-09-05T04:28:40.550Z [INFO] [http] GET /api/v1/notifications/unread-count
2026-09-05T04:28:49.395Z [INFO] [slaReminder] SLA_SCAN cases=1 respRemind=0 respEsc=0 closureRemind=0 closureEsc=0 surveyExpired=0
2026-09-05T04:29:10.558Z [INFO] [http] GET /api/v1/notifications/unread-count
2026-09-05T04:29:40.545Z [INFO] [http] GET /api/v1/notifications/unread-count
2026-09-05T04:29:49.395Z [INFO] [slaReminder] SLA_SCAN cases=1 respRemind=0 respEsc=0 closureRemind=0 closureEsc=0 surveyExpired=0
2026-09-05T04:30:10.549Z [INFO] [http] GET /api/v1/notifications/unread-count
2026-09-05T04:30:40.554Z [INFO] [http] GET /api/v1/notifications/unread-count
2026-09-05T04:30:49.409Z [INFO] [slaReminder] SLA_SCAN cases=1 respRemind=0 respEsc=0 closureRemind=0 closureEsc=0 surveyExpired=0
2026-09-05T04:31:10.542Z [INFO] [http] GET /api/v1/notifications/unread-count
2026-09-05T04:31:40.554Z [INFO] [http] GET /api/v1/notifications/unread-count
2026-09-05T04:31:49.423Z [INFO] [slaReminder] SLA_SCAN cases=1 respRemind=0 respEsc=0 closureRemind=0 closureEsc=0 surveyExpired=0
2026-09-05T04:32:10.556Z [INFO] [http] GET /api/v1/notifications/unread-count
2026-09-05T04:32:40.554Z [INFO] [http] GET /api/v1/notifications/unread-count
2026-09-05T04:32:49.423Z [INFO] [slaReminder] SLA_SCAN cases=1 respRemind=0 respEsc=0 closureRemind=0 closureEsc=0 surveyExpired=0
2026-09-05T04:33:10.235Z [INFO] [http] GET /api/v1/notifications/unread-count
2026-09-05T04:33:40.544Z [INFO] [http] GET /api/v1/notifications/unread-count
2026-09-05T04:33:49.429Z [INFO] [slaReminder] SLA_SCAN cases=1 respRemind=0 respEsc=0 closureRemind=0 closureEsc=0 surveyExpired=0
2026-09-05T04:34:10.547Z [INFO] [http] GET /api/v1/notifications/unread-count
2026-09-05T04:34:40.545Z [INFO] [http] GET /api/v1/notifications/unread-count
2026-09-05T04:34:49.442Z [INFO] [slaReminder] SLA_SCAN cases=1 respRemind=0 respEsc=0 closureRemind=0 closureEsc=0 surveyExpired=0
2026-09-05T04:35:10.556Z [INFO] [http] GET /api/v1/notifications/unread-count
2026-09-05T04:35:40.543Z [INFO] [http] GET /api/v1/notifications/unread-count
2026-09-05T04:35:49.453Z [INFO] [slaReminder] SLA_SCAN cases=1 respRemind=0 respEsc=0 closureRemind=0 closureEsc=0 surveyExpired=0
2026-09-05T04:36:10.553Z [INFO] [http] GET /api/v1/notifications/unread-count
2026-09-05T04:36:40.555Z [INFO] [http] GET /api/v1/notifications/unread-count
2026-09-05T04:36:49.467Z [INFO] [slaReminder] SLA_SCAN cases=1 respRemind=0 respEsc=0 closureRemind=0 closureEsc=0 surveyExpired=0
2026-09-05T04:37:10.555Z [INFO] [http] GET /api/v1/notifications/unread-count
2026-09-05T04:37:40.542Z [INFO] [http] GET /api/v1/notifications/unread-count
2026-09-05T04:37:49.471Z [INFO] [slaReminder] SLA_SCAN cases=1 respRemind=0 respEsc=0 closureRemind=0 closureEsc=0 surveyExpired=0
2026-09-05T04:38:10.554Z [INFO] [http] GET /api/v1/notifications/unread-count
2026-09-05T04:38:40.557Z [INFO] [http] GET /api/v1/notifications/unread-count
2026-09-05T04:38:49.484Z [INFO] [slaReminder] SLA_SCAN cases=1 respRemind=0 respEsc=0 closureRemind=0 closureEsc=0 surveyExpired=0
2026-09-05T04:39:10.558Z [INFO] [http] GET /api/v1/notifications/unread-count
2026-09-05T04:39:40.552Z [INFO] [http] GET /api/v1/notifications/unread-count
2026-09-05T04:39:49.488Z [INFO] [slaReminder] SLA_SCAN cases=1 respRemind=0 respEsc=0 closureRemind=0 closureEsc=0 surveyExpired=0
2026-09-05T04:40:10.548Z [INFO] [http] GET /api/v1/notifications/unread-count
2026-09-05T04:40:40.555Z [INFO] [http] GET /api/v1/notifications/unread-count
2026-09-05T04:40:49.492Z [INFO] [slaReminder] SLA_SCAN cases=1 respRemind=0 respEsc=0 closureRemind=0 closureEsc=0 surveyExpired=0
2026-09-05T04:41:10.243Z [INFO] [http] GET /api/v1/notifications/unread-count
2026-09-05T04:41:40.544Z [INFO] [http] GET /api/v1/notifications/unread-count
2026-09-05T04:41:49.505Z [INFO] [slaReminder] SLA_SCAN cases=1 respRemind=0 respEsc=0 closureRemind=0 closureEsc=0 surveyExpired=0
2026-09-05T04:42:10.240Z [INFO] [http] GET /api/v1/notifications/unread-count
2026-09-05T04:42:40.552Z [INFO] [http] GET /api/v1/notifications/unread-count
2026-09-05T04:42:49.515Z [INFO] [slaReminder] SLA_SCAN cases=1 respRemind=0 respEsc=0 closureRemind=0 closureEsc=0 surveyExpired=0
2026-09-05T04:43:10.553Z [INFO] [http] GET /api/v1/notifications/unread-count
2026-09-05T04:43:40.548Z [INFO] [http] GET /api/v1/notifications/unread-count
2026-09-05T04:43:49.529Z [INFO] [slaReminder] SLA_SCAN cases=1 respRemind=0 respEsc=0 closureRemind=0 closureEsc=0 surveyExpired=0
2026-09-05T04:44:10.239Z [INFO] [http] GET /api/v1/notifications/unread-count
2026-09-05T04:44:40.539Z [INFO] [http] GET /api/v1/notifications/unread-count
2026-09-05T04:44:49.539Z [INFO] [slaReminder] SLA_SCAN cases=1 respRemind=0 respEsc=0 closureRemind=0 closureEsc=0 surveyExpired=0
2026-09-05T04:45:10.240Z [INFO] [http] GET /api/v1/notifications/unread-count
2026-09-05T04:45:40.552Z [INFO] [http] GET /api/v1/notifications/unread-count
2026-09-05T04:45:49.544Z [INFO] [slaReminder] SLA_SCAN cases=1 respRemind=0 respEsc=0 closureRemind=0 closureEsc=0 surveyExpired=0
2026-09-05T04:46:10.235Z [INFO] [http] GET /api/v1/notifications/unread-count
2026-09-05T04:46:40.551Z [INFO] [http] GET /api/v1/notifications/unread-count
2026-09-05T04:46:49.548Z [INFO] [slaReminder] SLA_SCAN cases=1 respRemind=0 respEsc=0 closureRemind=0 closureEsc=0 surveyExpired=0
2026-09-05T04:47:10.237Z [INFO] [http] GET /api/v1/notifications/unread-count
2026-09-05T04:47:40.547Z [INFO] [http] GET /api/v1/notifications/unread-count
2026-09-05T04:47:49.561Z [INFO] [slaReminder] SLA_SCAN cases=1 respRemind=0 respEsc=0 closureRemind=0 closureEsc=0 surveyExpired=0
2026-09-05T04:48:10.237Z [INFO] [http] GET /api/v1/notifications/unread-count
2026-09-05T04:48:40.553Z [INFO] [http] GET /api/v1/notifications/unread-count
2026-09-05T04:48:49.573Z [INFO] [slaReminder] SLA_SCAN cases=1 respRemind=0 respEsc=0 closureRemind=0 closureEsc=0 surveyExpired=0
2026-09-05T04:49:10.557Z [INFO] [http] GET /api/v1/notifications/unread-count
2026-09-05T04:49:40.247Z [INFO] [http] GET /api/v1/notifications/unread-count
2026-09-05T04:49:49.582Z [INFO] [slaReminder] SLA_SCAN cases=1 respRemind=0 respEsc=0 closureRemind=0 closureEsc=0 surveyExpired=0
2026-09-05T04:50:10.556Z [INFO] [http] GET /api/v1/notifications/unread-count
2026-09-05T04:50:40.240Z [INFO] [http] GET /api/v1/notifications/unread-count
2026-09-05T04:50:49.594Z [INFO] [slaReminder] SLA_SCAN cases=1 respRemind=0 respEsc=0 closureRemind=0 closureEsc=0 surveyExpired=0
2026-09-05T04:51:10.546Z [INFO] [http] GET /api/v1/notifications/unread-count
2026-09-05T04:51:40.247Z [INFO] [http] GET /api/v1/notifications/unread-count
2026-09-05T04:51:49.594Z [INFO] [slaReminder] SLA_SCAN cases=1 respRemind=0 respEsc=0 closureRemind=0 closureEsc=0 surveyExpired=0
2026-09-05T04:52:10.556Z [INFO] [http] GET /api/v1/notifications/unread-count
2026-09-05T04:52:40.243Z [INFO] [http] GET /api/v1/notifications/unread-count
2026-09-05T04:52:49.604Z [INFO] [slaReminder] SLA_SCAN cases=1 respRemind=0 respEsc=0 closureRemind=0 closureEsc=0 surveyExpired=0
2026-09-05T04:53:10.550Z [INFO] [http] GET /api/v1/notifications/unread-count
2026-09-05T04:53:40.233Z [INFO] [http] GET /api/v1/notifications/unread-count
2026-09-05T04:53:49.619Z [INFO] [slaReminder] SLA_SCAN cases=1 respRemind=0 respEsc=0 closureRemind=0 closureEsc=0 surveyExpired=0
2026-09-05T04:54:10.566Z [INFO] [http] GET /api/v1/notifications/unread-count
2026-09-05T04:54:40.601Z [INFO] [http] GET /api/v1/notifications/unread-count
2026-09-05T04:54:49.619Z [INFO] [slaReminder] SLA_SCAN cases=1 respRemind=0 respEsc=0 closureRemind=0 closureEsc=0 surveyExpired=0
2026-09-05T04:55:10.554Z [INFO] [http] GET /api/v1/notifications/unread-count
2026-09-05T04:55:40.573Z [INFO] [http] GET /api/v1/notifications/unread-count
2026-09-05T04:55:49.635Z [INFO] [slaReminder] SLA_SCAN cases=1 respRemind=0 respEsc=0 closureRemind=0 closureEsc=0 surveyExpired=0
2026-09-05T04:56:10.249Z [INFO] [http] GET /api/v1/notifications/unread-count
2026-09-05T04:56:40.552Z [INFO] [http] GET /api/v1/notifications/unread-count
2026-09-05T04:56:49.646Z [INFO] [slaReminder] SLA_SCAN cases=1 respRemind=0 respEsc=0 closureRemind=0 closureEsc=0 surveyExpired=0
2026-09-05T04:57:10.238Z [INFO] [http] GET /api/v1/notifications/unread-count
2026-09-05T04:57:40.546Z [INFO] [http] GET /api/v1/notifications/unread-count
2026-09-05T04:57:49.660Z [INFO] [slaReminder] SLA_SCAN cases=1 respRemind=0 respEsc=0 closureRemind=0 closureEsc=0 surveyExpired=0
2026-09-05T04:58:10.236Z [INFO] [http] GET /api/v1/notifications/unread-count
2026-09-05T04:58:40.550Z [INFO] [http] GET /api/v1/notifications/unread-count
2026-09-05T04:58:49.669Z [INFO] [slaReminder] SLA_SCAN cases=1 respRemind=0 respEsc=0 closureRemind=0 closureEsc=0 surveyExpired=0
2026-09-05T04:59:10.238Z [INFO] [http] GET /api/v1/notifications/unread-count
2026-09-05T04:59:40.551Z [INFO] [http] GET /api/v1/notifications/unread-count
2026-09-05T04:59:49.672Z [INFO] [slaReminder] SLA_SCAN cases=1 respRemind=0 respEsc=0 closureRemind=0 closureEsc=0 surveyExpired=0
2026-09-05T05:00:10.241Z [INFO] [http] GET /api/v1/notifications/unread-count
2026-09-05T05:00:40.549Z [INFO] [http] GET /api/v1/notifications/unread-count
2026-09-05T05:00:49.685Z [INFO] [slaReminder] SLA_SCAN cases=1 respRemind=0 respEsc=0 closureRemind=0 closureEsc=0 surveyExpired=0
2026-09-05T05:01:10.231Z [INFO] [http] GET /api/v1/notifications/unread-count
2026-09-05T05:01:40.551Z [INFO] [http] GET /api/v1/notifications/unread-count
2026-09-05T05:01:49.701Z [INFO] [slaReminder] SLA_SCAN cases=1 respRemind=0 respEsc=0 closureRemind=0 closureEsc=0 surveyExpired=0
2026-09-05T05:02:10.238Z [INFO] [http] GET /api/v1/notifications/unread-count
2026-09-05T05:02:40.551Z [INFO] [http] GET /api/v1/notifications/unread-count
2026-09-05T05:02:49.703Z [INFO] [slaReminder] SLA_SCAN cases=1 respRemind=0 respEsc=0 closureRemind=0 closureEsc=0 surveyExpired=0
2026-09-05T05:03:10.244Z [INFO] [http] GET /api/v1/notifications/unread-count
2026-09-05T05:03:40.548Z [INFO] [http] GET /api/v1/notifications/unread-count
2026-09-05T05:03:49.709Z [INFO] [slaReminder] SLA_SCAN cases=1 respRemind=0 respEsc=0 closureRemind=0 closureEsc=0 surveyExpired=0
2026-09-05T05:04:10.561Z [INFO] [http] GET /api/v1/notifications/unread-count
2026-09-05T05:04:40.550Z [INFO] [http] GET /api/v1/notifications/unread-count
2026-09-05T05:04:49.711Z [INFO] [slaReminder] SLA_SCAN cases=1 respRemind=0 respEsc=0 closureRemind=0 closureEsc=0 surveyExpired=0
2026-09-05T05:05:10.556Z [INFO] [http] GET /api/v1/notifications/unread-count
2026-09-05T05:05:40.549Z [INFO] [http] GET /api/v1/notifications/unread-count
2026-09-05T05:05:49.715Z [INFO] [slaReminder] SLA_SCAN cases=1 respRemind=0 respEsc=0 closureRemind=0 closureEsc=0 surveyExpired=0
2026-09-05T05:06:10.235Z [INFO] [http] GET /api/v1/notifications/unread-count
2026-09-05T05:06:40.556Z [INFO] [http] GET /api/v1/notifications/unread-count
2026-09-05T05:06:49.717Z [INFO] [slaReminder] SLA_SCAN cases=1 respRemind=0 respEsc=0 closureRemind=0 closureEsc=0 surveyExpired=0
2026-09-05T05:07:10.245Z [INFO] [http] GET /api/v1/notifications/unread-count
2026-09-05T05:07:40.543Z [INFO] [http] GET /api/v1/notifications/unread-count
2026-09-05T05:07:49.729Z [INFO] [slaReminder] SLA_SCAN cases=1 respRemind=0 respEsc=0 closureRemind=0 closureEsc=0 surveyExpired=0
2026-09-05T05:08:10.238Z [INFO] [http] GET /api/v1/notifications/unread-count
2026-09-05T05:08:40.543Z [INFO] [http] GET /api/v1/notifications/unread-count
2026-09-05T05:08:49.736Z [INFO] [slaReminder] SLA_SCAN cases=1 respRemind=0 respEsc=0 closureRemind=0 closureEsc=0 surveyExpired=0
2026-09-05T05:09:10.541Z [INFO] [http] GET /api/v1/notifications/unread-count
2026-09-05T05:09:40.239Z [INFO] [http] GET /api/v1/notifications/unread-count
2026-09-05T05:09:49.748Z [INFO] [slaReminder] SLA_SCAN cases=1 respRemind=0 respEsc=0 closureRemind=0 closureEsc=0 surveyExpired=0
2026-09-05T05:10:10.561Z [INFO] [http] GET /api/v1/notifications/unread-count
2026-09-05T05:10:40.234Z [INFO] [http] GET /api/v1/notifications/unread-count
2026-09-05T05:10:49.755Z [INFO] [slaReminder] SLA_SCAN cases=1 respRemind=0 respEsc=0 closureRemind=0 closureEsc=0 surveyExpired=0
2026-09-05T05:11:10.593Z [INFO] [http] GET /api/v1/notifications/unread-count
2026-09-05T05:11:40.242Z [INFO] [http] GET /api/v1/notifications/unread-count
2026-09-05T05:11:49.768Z [INFO] [slaReminder] SLA_SCAN cases=1 respRemind=0 respEsc=0 closureRemind=0 closureEsc=0 surveyExpired=0
2026-09-05T05:12:10.558Z [INFO] [http] GET /api/v1/notifications/unread-count
2026-09-05T05:12:40.238Z [INFO] [http] GET /api/v1/notifications/unread-count
2026-09-05T05:12:49.770Z [INFO] [slaReminder] SLA_SCAN cases=1 respRemind=0 respEsc=0 closureRemind=0 closureEsc=0 surveyExpired=0
2026-09-05T05:13:10.556Z [INFO] [http] GET /api/v1/notifications/unread-count
2026-09-05T05:13:40.231Z [INFO] [http] GET /api/v1/notifications/unread-count
2026-09-05T05:13:49.778Z [INFO] [slaReminder] SLA_SCAN cases=1 respRemind=0 respEsc=0 closureRemind=0 closureEsc=0 surveyExpired=0
2026-09-05T05:14:10.565Z [INFO] [http] GET /api/v1/notifications/unread-count
2026-09-05T05:14:40.231Z [INFO] [http] GET /api/v1/notifications/unread-count
2026-09-05T05:14:49.793Z [INFO] [slaReminder] SLA_SCAN cases=1 respRemind=0 respEsc=0 closureRemind=0 closureEsc=0 surveyExpired=0
2026-09-05T05:15:10.543Z [INFO] [http] GET /api/v1/notifications/unread-count
2026-09-05T05:15:40.557Z [INFO] [http] GET /api/v1/notifications/unread-count
2026-09-05T05:15:49.798Z [INFO] [slaReminder] SLA_SCAN cases=1 respRemind=0 respEsc=0 closureRemind=0 closureEsc=0 surveyExpired=0
2026-09-05T05:16:10.234Z [INFO] [http] GET /api/v1/notifications/unread-count
2026-09-05T05:16:40.545Z [INFO] [http] GET /api/v1/notifications/unread-count
2026-09-05T05:16:49.803Z [INFO] [slaReminder] SLA_SCAN cases=1 respRemind=0 respEsc=0 closureRemind=0 closureEsc=0 surveyExpired=0
2026-09-05T05:17:10.235Z [INFO] [http] GET /api/v1/notifications/unread-count
2026-09-05T05:17:40.548Z [INFO] [http] GET /api/v1/notifications/unread-count
2026-09-05T05:17:49.814Z [INFO] [slaReminder] SLA_SCAN cases=1 respRemind=0 respEsc=0 closureRemind=0 closureEsc=0 surveyExpired=0
2026-09-05T05:18:10.236Z [INFO] [http] GET /api/v1/notifications/unread-count
2026-09-05T05:18:40.549Z [INFO] [http] GET /api/v1/notifications/unread-count
2026-09-05T05:18:49.822Z [INFO] [slaReminder] SLA_SCAN cases=1 respRemind=0 respEsc=0 closureRemind=0 closureEsc=0 surveyExpired=0
2026-09-05T05:19:10.548Z [INFO] [http] GET /api/v1/notifications/unread-count
2026-09-05T05:19:40.552Z [INFO] [http] GET /api/v1/notifications/unread-count
2026-09-05T05:19:49.834Z [INFO] [slaReminder] SLA_SCAN cases=1 respRemind=0 respEsc=0 closureRemind=0 closureEsc=0 surveyExpired=0
2026-09-05T05:20:10.240Z [INFO] [http] GET /api/v1/notifications/unread-count
2026-09-05T05:20:40.558Z [INFO] [http] GET /api/v1/notifications/unread-count
2026-09-05T05:20:49.838Z [INFO] [slaReminder] SLA_SCAN cases=1 respRemind=0 respEsc=0 closureRemind=0 closureEsc=0 surveyExpired=0
2026-09-05T05:21:10.238Z [INFO] [http] GET /api/v1/notifications/unread-count
2026-09-05T05:21:40.552Z [INFO] [http] GET /api/v1/notifications/unread-count
2026-09-05T05:21:49.843Z [INFO] [slaReminder] SLA_SCAN cases=1 respRemind=0 respEsc=0 closureRemind=0 closureEsc=0 surveyExpired=0
2026-09-05T05:22:10.237Z [INFO] [http] GET /api/v1/notifications/unread-count
2026-09-05T05:22:40.551Z [INFO] [http] GET /api/v1/notifications/unread-count
2026-09-05T05:22:49.851Z [INFO] [slaReminder] SLA_SCAN cases=1 respRemind=0 respEsc=0 closureRemind=0 closureEsc=0 surveyExpired=0
2026-09-05T05:23:10.248Z [INFO] [http] GET /api/v1/notifications/unread-count
2026-09-05T05:23:40.545Z [INFO] [http] GET /api/v1/notifications/unread-count
2026-09-05T05:23:49.856Z [INFO] [slaReminder] SLA_SCAN cases=1 respRemind=0 respEsc=0 closureRemind=0 closureEsc=0 surveyExpired=0
2026-09-05T05:24:10.552Z [INFO] [http] GET /api/v1/notifications/unread-count
2026-09-05T05:24:40.247Z [INFO] [http] GET /api/v1/notifications/unread-count
2026-09-05T05:24:49.869Z [INFO] [slaReminder] SLA_SCAN cases=1 respRemind=0 respEsc=0 closureRemind=0 closureEsc=0 surveyExpired=0
2026-09-05T05:25:10.548Z [INFO] [http] GET /api/v1/notifications/unread-count
2026-09-05T05:25:40.238Z [INFO] [http] GET /api/v1/notifications/unread-count
2026-09-05T05:25:49.880Z [INFO] [slaReminder] SLA_SCAN cases=1 respRemind=0 respEsc=0 closureRemind=0 closureEsc=0 surveyExpired=0
2026-09-05T05:26:10.550Z [INFO] [http] GET /api/v1/notifications/unread-count
2026-09-05T05:26:40.548Z [INFO] [http] GET /api/v1/notifications/unread-count
2026-09-05T05:26:49.891Z [INFO] [slaReminder] SLA_SCAN cases=1 respRemind=0 respEsc=0 closureRemind=0 closureEsc=0 surveyExpired=0
2026-09-05T05:27:10.560Z [INFO] [http] GET /api/v1/notifications/unread-count
2026-09-05T05:27:40.556Z [INFO] [http] GET /api/v1/notifications/unread-count
2026-09-05T05:27:49.891Z [INFO] [slaReminder] SLA_SCAN cases=1 respRemind=0 respEsc=0 closureRemind=0 closureEsc=0 surveyExpired=0
2026-09-05T05:28:10.552Z [INFO] [http] GET /api/v1/notifications/unread-count
2026-09-05T05:28:40.548Z [INFO] [http] GET /api/v1/notifications/unread-count
2026-09-05T05:28:49.896Z [INFO] [slaReminder] SLA_SCAN cases=1 respRemind=0 respEsc=0 closureRemind=0 closureEsc=0 surveyExpired=0
2026-09-05T05:29:10.567Z [INFO] [http] GET /api/v1/notifications/unread-count
2026-09-05T05:29:40.548Z [INFO] [http] GET /api/v1/notifications/unread-count
2026-09-05T05:29:49.902Z [INFO] [slaReminder] SLA_SCAN cases=1 respRemind=0 respEsc=0 closureRemind=0 closureEsc=0 surveyExpired=0
2026-09-05T05:30:10.238Z [INFO] [http] GET /api/v1/notifications/unread-count
2026-09-05T05:30:40.547Z [INFO] [http] GET /api/v1/notifications/unread-count
2026-09-05T05:30:49.912Z [INFO] [slaReminder] SLA_SCAN cases=1 respRemind=0 respEsc=0 closureRemind=0 closureEsc=0 surveyExpired=0
2026-09-05T05:31:10.239Z [INFO] [http] GET /api/v1/notifications/unread-count
2026-09-05T05:31:40.554Z [INFO] [http] GET /api/v1/notifications/unread-count
2026-09-05T05:31:49.922Z [INFO] [slaReminder] SLA_SCAN cases=1 respRemind=0 respEsc=0 closureRemind=0 closureEsc=0 surveyExpired=0
2026-09-05T05:32:10.240Z [INFO] [http] GET /api/v1/notifications/unread-count
2026-09-05T05:32:40.559Z [INFO] [http] GET /api/v1/notifications/unread-count
2026-09-05T05:32:49.928Z [INFO] [slaReminder] SLA_SCAN cases=1 respRemind=0 respEsc=0 closureRemind=0 closureEsc=0 surveyExpired=0
2026-09-05T05:33:10.235Z [INFO] [http] GET /api/v1/notifications/unread-count
2026-09-05T05:33:40.553Z [INFO] [http] GET /api/v1/notifications/unread-count
2026-09-05T05:33:49.935Z [INFO] [slaReminder] SLA_SCAN cases=1 respRemind=0 respEsc=0 closureRemind=0 closureEsc=0 surveyExpired=0
2026-09-05T05:34:10.571Z [INFO] [http] GET /api/v1/notifications/unread-count
2026-09-05T05:34:40.236Z [INFO] [http] GET /api/v1/notifications/unread-count
2026-09-05T05:34:49.944Z [INFO] [slaReminder] SLA_SCAN cases=1 respRemind=0 respEsc=0 closureRemind=0 closureEsc=0 surveyExpired=0
2026-09-05T05:35:10.548Z [INFO] [http] GET /api/v1/notifications/unread-count
2026-09-05T05:35:40.549Z [INFO] [http] GET /api/v1/notifications/unread-count
2026-09-05T05:35:49.951Z [INFO] [slaReminder] SLA_SCAN cases=1 respRemind=0 respEsc=0 closureRemind=0 closureEsc=0 surveyExpired=0
2026-09-05T05:36:10.237Z [INFO] [http] GET /api/v1/notifications/unread-count
2026-09-05T05:36:40.558Z [INFO] [http] GET /api/v1/notifications/unread-count
2026-09-05T05:36:49.965Z [INFO] [slaReminder] SLA_SCAN cases=1 respRemind=0 respEsc=0 closureRemind=0 closureEsc=0 surveyExpired=0
2026-09-05T05:37:10.231Z [INFO] [http] GET /api/v1/notifications/unread-count
2026-09-05T05:37:40.543Z [INFO] [http] GET /api/v1/notifications/unread-count
2026-09-05T05:37:49.974Z [INFO] [slaReminder] SLA_SCAN cases=1 respRemind=0 respEsc=0 closureRemind=0 closureEsc=0 surveyExpired=0
2026-09-05T05:38:10.235Z [INFO] [http] GET /api/v1/notifications/unread-count
2026-09-05T05:38:40.544Z [INFO] [http] GET /api/v1/notifications/unread-count
2026-09-05T05:38:49.980Z [INFO] [slaReminder] SLA_SCAN cases=1 respRemind=0 respEsc=0 closureRemind=0 closureEsc=0 surveyExpired=0
2026-09-05T05:39:10.545Z [INFO] [http] GET /api/v1/notifications/unread-count
2026-09-05T05:39:40.233Z [INFO] [http] GET /api/v1/notifications/unread-count
2026-09-05T05:39:49.993Z [INFO] [slaReminder] SLA_SCAN cases=1 respRemind=0 respEsc=0 closureRemind=0 closureEsc=0 surveyExpired=0
2026-09-05T05:40:10.552Z [INFO] [http] GET /api/v1/notifications/unread-count
2026-09-05T05:40:40.244Z [INFO] [http] GET /api/v1/notifications/unread-count
2026-09-05T05:40:50.008Z [INFO] [slaReminder] SLA_SCAN cases=1 respRemind=0 respEsc=0 closureRemind=0 closureEsc=0 surveyExpired=0
2026-09-05T05:41:10.541Z [INFO] [http] GET /api/v1/notifications/unread-count
2026-09-05T05:41:40.232Z [INFO] [http] GET /api/v1/notifications/unread-count
2026-09-05T05:41:50.019Z [INFO] [slaReminder] SLA_SCAN cases=1 respRemind=0 respEsc=0 closureRemind=0 closureEsc=0 surveyExpired=0
2026-09-05T05:42:10.554Z [INFO] [http] GET /api/v1/notifications/unread-count
2026-09-05T05:42:40.239Z [INFO] [http] GET /api/v1/notifications/unread-count
2026-09-05T05:42:50.026Z [INFO] [slaReminder] SLA_SCAN cases=1 respRemind=0 respEsc=0 closureRemind=0 closureEsc=0 surveyExpired=0
2026-09-05T05:43:10.546Z [INFO] [http] GET /api/v1/notifications/unread-count
2026-09-05T05:43:40.240Z [INFO] [http] GET /api/v1/notifications/unread-count
2026-09-05T05:43:50.028Z [INFO] [slaReminder] SLA_SCAN cases=1 respRemind=0 respEsc=0 closureRemind=0 closureEsc=0 surveyExpired=0
2026-09-05T05:44:10.551Z [INFO] [http] GET /api/v1/notifications/unread-count
2026-09-05T05:44:40.547Z [INFO] [http] GET /api/v1/notifications/unread-count
2026-09-05T05:44:50.033Z [INFO] [slaReminder] SLA_SCAN cases=1 respRemind=0 respEsc=0 closureRemind=0 closureEsc=0 surveyExpired=0
2026-09-05T05:45:10.231Z [INFO] [http] GET /api/v1/notifications/unread-count
2026-09-05T05:45:40.555Z [INFO] [http] GET /api/v1/notifications/unread-count
2026-09-05T05:45:50.075Z [INFO] [slaReminder] SLA_SCAN cases=1 respRemind=0 respEsc=0 closureRemind=0 closureEsc=0 surveyExpired=0
2026-09-05T05:46:10.245Z [INFO] [http] GET /api/v1/notifications/unread-count
2026-09-05T05:46:40.541Z [INFO] [http] GET /api/v1/notifications/unread-count
2026-09-05T05:46:50.084Z [INFO] [slaReminder] SLA_SCAN cases=1 respRemind=0 respEsc=0 closureRemind=0 closureEsc=0 surveyExpired=0
2026-09-05T05:47:10.241Z [INFO] [http] GET /api/v1/notifications/unread-count
2026-09-05T05:47:40.554Z [INFO] [http] GET /api/v1/notifications/unread-count
2026-09-05T05:47:50.091Z [INFO] [slaReminder] SLA_SCAN cases=1 respRemind=0 respEsc=0 closureRemind=0 closureEsc=0 surveyExpired=0
2026-09-05T05:48:10.233Z [INFO] [http] GET /api/v1/notifications/unread-count
2026-09-05T05:48:40.556Z [INFO] [http] GET /api/v1/notifications/unread-count
2026-09-05T05:48:50.099Z [INFO] [slaReminder] SLA_SCAN cases=1 respRemind=0 respEsc=0 closureRemind=0 closureEsc=0 surveyExpired=0
2026-09-05T05:49:10.239Z [INFO] [http] GET /api/v1/notifications/unread-count
2026-09-05T05:49:40.555Z [INFO] [http] GET /api/v1/notifications/unread-count
2026-09-05T05:49:50.114Z [INFO] [slaReminder] SLA_SCAN cases=1 respRemind=0 respEsc=0 closureRemind=0 closureEsc=0 surveyExpired=0
2026-09-05T05:50:10.246Z [INFO] [http] GET /api/v1/notifications/unread-count
2026-09-05T05:50:40.552Z [INFO] [http] GET /api/v1/notifications/unread-count
2026-09-05T05:50:50.117Z [INFO] [slaReminder] SLA_SCAN cases=1 respRemind=0 respEsc=0 closureRemind=0 closureEsc=0 surveyExpired=0
2026-09-05T05:51:10.234Z [INFO] [http] GET /api/v1/notifications/unread-count
2026-09-05T05:51:40.551Z [INFO] [http] GET /api/v1/notifications/unread-count
2026-09-05T05:51:50.119Z [INFO] [slaReminder] SLA_SCAN cases=1 respRemind=0 respEsc=0 closureRemind=0 closureEsc=0 surveyExpired=0
2026-09-05T05:52:10.245Z [INFO] [http] GET /api/v1/notifications/unread-count
2026-09-05T05:52:40.601Z [INFO] [http] GET /api/v1/notifications/unread-count
2026-09-05T05:52:50.129Z [INFO] [slaReminder] SLA_SCAN cases=1 respRemind=0 respEsc=0 closureRemind=0 closureEsc=0 surveyExpired=0
2026-09-05T05:53:10.233Z [INFO] [http] GET /api/v1/notifications/unread-count
2026-09-05T05:53:40.546Z [INFO] [http] GET /api/v1/notifications/unread-count
2026-09-05T05:53:50.138Z [INFO] [slaReminder] SLA_SCAN cases=1 respRemind=0 respEsc=0 closureRemind=0 closureEsc=0 surveyExpired=0
2026-09-05T05:54:10.252Z [INFO] [http] GET /api/v1/notifications/unread-count
2026-09-05T05:54:40.556Z [INFO] [http] GET /api/v1/notifications/unread-count
2026-09-05T05:54:50.142Z [INFO] [slaReminder] SLA_SCAN cases=1 respRemind=0 respEsc=0 closureRemind=0 closureEsc=0 surveyExpired=0
2026-09-05T05:55:10.245Z [INFO] [http] GET /api/v1/notifications/unread-count
2026-09-05T05:55:40.556Z [INFO] [http] GET /api/v1/notifications/unread-count
2026-09-05T05:55:50.143Z [INFO] [slaReminder] SLA_SCAN cases=1 respRemind=0 respEsc=0 closureRemind=0 closureEsc=0 surveyExpired=0
2026-09-05T05:56:10.240Z [INFO] [http] GET /api/v1/notifications/unread-count
2026-09-05T05:56:40.544Z [INFO] [http] GET /api/v1/notifications/unread-count
2026-09-05T05:56:50.158Z [INFO] [slaReminder] SLA_SCAN cases=1 respRemind=0 respEsc=0 closureRemind=0 closureEsc=0 surveyExpired=0
2026-09-05T05:57:10.233Z [INFO] [http] GET /api/v1/notifications/unread-count
2026-09-05T05:57:40.551Z [INFO] [http] GET /api/v1/notifications/unread-count
2026-09-05T05:57:50.164Z [INFO] [slaReminder] SLA_SCAN cases=1 respRemind=0 respEsc=0 closureRemind=0 closureEsc=0 surveyExpired=0
2026-09-05T05:58:10.245Z [INFO] [http] GET /api/v1/notifications/unread-count
2026-09-05T05:58:40.546Z [INFO] [http] GET /api/v1/notifications/unread-count
2026-09-05T05:58:50.177Z [INFO] [slaReminder] SLA_SCAN cases=1 respRemind=0 respEsc=0 closureRemind=0 closureEsc=0 surveyExpired=0
2026-09-05T05:59:10.240Z [INFO] [http] GET /api/v1/notifications/unread-count
2026-09-05T05:59:40.553Z [INFO] [http] GET /api/v1/notifications/unread-count
2026-09-05T05:59:50.181Z [INFO] [slaReminder] SLA_SCAN cases=1 respRemind=0 respEsc=0 closureRemind=0 closureEsc=0 surveyExpired=0
2026-09-05T06:00:10.272Z [INFO] [http] GET /api/v1/notifications/unread-count
2026-09-05T06:00:40.544Z [INFO] [http] GET /api/v1/notifications/unread-count
2026-09-05T06:00:50.185Z [INFO] [slaReminder] SLA_SCAN cases=1 respRemind=0 respEsc=0 closureRemind=0 closureEsc=0 surveyExpired=0
2026-09-05T06:01:10.240Z [INFO] [http] GET /api/v1/notifications/unread-count
2026-09-05T06:01:40.549Z [INFO] [http] GET /api/v1/notifications/unread-count
2026-09-05T06:01:50.199Z [INFO] [slaReminder] SLA_SCAN cases=1 respRemind=0 respEsc=0 closureRemind=0 closureEsc=0 surveyExpired=0
2026-09-05T06:02:10.245Z [INFO] [http] GET /api/v1/notifications/unread-count
2026-09-05T06:02:40.556Z [INFO] [http] GET /api/v1/notifications/unread-count
2026-09-05T06:02:50.203Z [INFO] [slaReminder] SLA_SCAN cases=1 respRemind=0 respEsc=0 closureRemind=0 closureEsc=0 surveyExpired=0
2026-09-05T06:03:10.231Z [INFO] [http] GET /api/v1/notifications/unread-count
2026-09-05T06:03:40.552Z [INFO] [http] GET /api/v1/notifications/unread-count
2026-09-05T06:03:50.215Z [INFO] [slaReminder] SLA_SCAN cases=1 respRemind=0 respEsc=0 closureRemind=0 closureEsc=0 surveyExpired=0
2026-09-05T06:04:10.555Z [INFO] [http] GET /api/v1/notifications/unread-count
2026-09-05T06:04:40.547Z [INFO] [http] GET /api/v1/notifications/unread-count
2026-09-05T06:04:50.221Z [INFO] [slaReminder] SLA_SCAN cases=1 respRemind=0 respEsc=0 closureRemind=0 closureEsc=0 surveyExpired=0
2026-09-05T06:05:10.550Z [INFO] [http] GET /api/v1/notifications/unread-count
2026-09-05T06:05:40.552Z [INFO] [http] GET /api/v1/notifications/unread-count
2026-09-05T06:05:50.231Z [INFO] [slaReminder] SLA_SCAN cases=1 respRemind=0 respEsc=0 closureRemind=0 closureEsc=0 surveyExpired=0
2026-09-05T06:06:10.546Z [INFO] [http] GET /api/v1/notifications/unread-count
2026-09-05T06:06:40.230Z [INFO] [http] GET /api/v1/notifications/unread-count
2026-09-05T06:06:50.245Z [INFO] [slaReminder] SLA_SCAN cases=1 respRemind=0 respEsc=0 closureRemind=0 closureEsc=0 surveyExpired=0
2026-09-05T06:07:10.547Z [INFO] [http] GET /api/v1/notifications/unread-count
2026-09-05T06:07:40.245Z [INFO] [http] GET /api/v1/notifications/unread-count
2026-09-05T06:07:50.259Z [INFO] [slaReminder] SLA_SCAN cases=1 respRemind=0 respEsc=0 closureRemind=0 closureEsc=0 surveyExpired=0
2026-09-05T06:08:10.552Z [INFO] [http] GET /api/v1/notifications/unread-count
2026-09-05T06:08:40.242Z [INFO] [http] GET /api/v1/notifications/unread-count
2026-09-05T06:08:50.276Z [INFO] [slaReminder] SLA_SCAN cases=1 respRemind=0 respEsc=0 closureRemind=0 closureEsc=0 surveyExpired=0
2026-09-05T06:09:10.546Z [INFO] [http] GET /api/v1/notifications/unread-count
2026-09-05T06:09:40.549Z [INFO] [http] GET /api/v1/notifications/unread-count
2026-09-05T06:09:50.287Z [INFO] [slaReminder] SLA_SCAN cases=1 respRemind=0 respEsc=0 closureRemind=0 closureEsc=0 surveyExpired=0
2026-09-05T06:10:10.239Z [INFO] [http] GET /api/v1/notifications/unread-count
2026-09-05T06:10:40.551Z [INFO] [http] GET /api/v1/notifications/unread-count
2026-09-05T06:10:50.289Z [INFO] [slaReminder] SLA_SCAN cases=1 respRemind=0 respEsc=0 closureRemind=0 closureEsc=0 surveyExpired=0
2026-09-05T06:11:10.247Z [INFO] [http] GET /api/v1/notifications/unread-count
2026-09-05T06:11:40.554Z [INFO] [http] GET /api/v1/notifications/unread-count
2026-09-05T06:11:50.290Z [INFO] [slaReminder] SLA_SCAN cases=1 respRemind=0 respEsc=0 closureRemind=0 closureEsc=0 surveyExpired=0
2026-09-05T06:12:10.237Z [INFO] [http] GET /api/v1/notifications/unread-count
2026-09-05T06:12:40.548Z [INFO] [http] GET /api/v1/notifications/unread-count
2026-09-05T06:12:50.297Z [INFO] [slaReminder] SLA_SCAN cases=1 respRemind=0 respEsc=0 closureRemind=0 closureEsc=0 surveyExpired=0
2026-09-05T06:13:10.236Z [INFO] [http] GET /api/v1/notifications/unread-count
2026-09-05T06:13:40.542Z [INFO] [http] GET /api/v1/notifications/unread-count
2026-09-05T06:13:50.303Z [INFO] [slaReminder] SLA_SCAN cases=1 respRemind=0 respEsc=0 closureRemind=0 closureEsc=0 surveyExpired=0
2026-09-05T06:14:10.557Z [INFO] [http] GET /api/v1/notifications/unread-count
2026-09-05T06:14:40.543Z [INFO] [http] GET /api/v1/notifications/unread-count
2026-09-05T06:14:50.313Z [INFO] [slaReminder] SLA_SCAN cases=1 respRemind=0 respEsc=0 closureRemind=0 closureEsc=0 surveyExpired=0
2026-09-05T06:15:10.539Z [INFO] [http] GET /api/v1/notifications/unread-count
2026-09-05T06:15:40.544Z [INFO] [http] GET /api/v1/notifications/unread-count
2026-09-05T06:15:50.315Z [INFO] [slaReminder] SLA_SCAN cases=1 respRemind=0 respEsc=0 closureRemind=0 closureEsc=0 surveyExpired=0
2026-09-05T06:16:10.239Z [INFO] [http] GET /api/v1/notifications/unread-count
2026-09-05T06:16:40.546Z [INFO] [http] GET /api/v1/notifications/unread-count
2026-09-05T06:16:50.323Z [INFO] [slaReminder] SLA_SCAN cases=1 respRemind=0 respEsc=0 closureRemind=0 closureEsc=0 surveyExpired=0
2026-09-05T06:17:10.240Z [INFO] [http] GET /api/v1/notifications/unread-count
2026-09-05T06:17:40.547Z [INFO] [http] GET /api/v1/notifications/unread-count
2026-09-05T06:17:50.328Z [INFO] [slaReminder] SLA_SCAN cases=1 respRemind=0 respEsc=0 closureRemind=0 closureEsc=0 surveyExpired=0
2026-09-05T06:18:10.234Z [INFO] [http] GET /api/v1/notifications/unread-count
2026-09-05T06:18:40.547Z [INFO] [http] GET /api/v1/notifications/unread-count
2026-09-05T06:18:50.334Z [INFO] [slaReminder] SLA_SCAN cases=1 respRemind=0 respEsc=0 closureRemind=0 closureEsc=0 surveyExpired=0
2026-09-05T06:19:10.240Z [INFO] [http] GET /api/v1/notifications/unread-count
2026-09-05T06:19:40.554Z [INFO] [http] GET /api/v1/notifications/unread-count
2026-09-05T06:19:50.344Z [INFO] [slaReminder] SLA_SCAN cases=1 respRemind=0 respEsc=0 closureRemind=0 closureEsc=0 surveyExpired=0
2026-09-05T06:20:10.244Z [INFO] [http] GET /api/v1/notifications/unread-count
2026-09-05T06:20:40.541Z [INFO] [http] GET /api/v1/notifications/unread-count
2026-09-05T06:20:50.348Z [INFO] [slaReminder] SLA_SCAN cases=1 respRemind=0 respEsc=0 closureRemind=0 closureEsc=0 surveyExpired=0
2026-09-05T06:21:10.244Z [INFO] [http] GET /api/v1/notifications/unread-count
2026-09-05T06:21:40.543Z [INFO] [http] GET /api/v1/notifications/unread-count
2026-09-05T06:21:50.360Z [INFO] [slaReminder] SLA_SCAN cases=1 respRemind=0 respEsc=0 closureRemind=0 closureEsc=0 surveyExpired=0
2026-09-05T06:22:10.236Z [INFO] [http] GET /api/v1/notifications/unread-count
2026-09-05T06:22:40.545Z [INFO] [http] GET /api/v1/notifications/unread-count
2026-09-05T06:22:50.370Z [INFO] [slaReminder] SLA_SCAN cases=1 respRemind=0 respEsc=0 closureRemind=0 closureEsc=0 surveyExpired=0
2026-09-05T06:23:10.231Z [INFO] [http] GET /api/v1/notifications/unread-count
2026-09-05T06:23:40.556Z [INFO] [http] GET /api/v1/notifications/unread-count
2026-09-05T06:23:50.375Z [INFO] [slaReminder] SLA_SCAN cases=1 respRemind=0 respEsc=0 closureRemind=0 closureEsc=0 surveyExpired=0
2026-09-05T06:24:10.541Z [INFO] [http] GET /api/v1/notifications/unread-count
2026-09-05T06:24:40.232Z [INFO] [http] GET /api/v1/notifications/unread-count
2026-09-05T06:24:50.388Z [INFO] [slaReminder] SLA_SCAN cases=1 respRemind=0 respEsc=0 closureRemind=0 closureEsc=0 surveyExpired=0
2026-09-05T06:25:10.547Z [INFO] [http] GET /api/v1/notifications/unread-count
2026-09-05T06:25:40.233Z [INFO] [http] GET /api/v1/notifications/unread-count
2026-09-05T06:25:50.401Z [INFO] [slaReminder] SLA_SCAN cases=1 respRemind=0 respEsc=0 closureRemind=0 closureEsc=0 surveyExpired=0
2026-09-05T06:26:10.560Z [INFO] [http] GET /api/v1/notifications/unread-count
2026-09-05T06:26:40.236Z [INFO] [http] GET /api/v1/notifications/unread-count
2026-09-05T06:26:50.413Z [INFO] [slaReminder] SLA_SCAN cases=1 respRemind=0 respEsc=0 closureRemind=0 closureEsc=0 surveyExpired=0
2026-09-05T06:27:10.543Z [INFO] [http] GET /api/v1/notifications/unread-count
2026-09-05T06:27:40.240Z [INFO] [http] GET /api/v1/notifications/unread-count
2026-09-05T06:27:50.421Z [INFO] [slaReminder] SLA_SCAN cases=1 respRemind=0 respEsc=0 closureRemind=0 closureEsc=0 surveyExpired=0
2026-09-05T06:28:10.553Z [INFO] [http] GET /api/v1/notifications/unread-count
2026-09-05T06:28:40.254Z [INFO] [http] GET /api/v1/notifications/unread-count
2026-09-05T06:28:50.427Z [INFO] [slaReminder] SLA_SCAN cases=1 respRemind=0 respEsc=0 closureRemind=0 closureEsc=0 surveyExpired=0
2026-09-05T06:29:10.563Z [INFO] [http] GET /api/v1/notifications/unread-count
2026-09-05T06:29:40.242Z [INFO] [http] GET /api/v1/notifications/unread-count
2026-09-05T06:29:50.433Z [INFO] [slaReminder] SLA_SCAN cases=1 respRemind=0 respEsc=0 closureRemind=0 closureEsc=0 surveyExpired=0
2026-09-05T06:30:10.553Z [INFO] [http] GET /api/v1/notifications/unread-count
2026-09-05T06:30:40.238Z [INFO] [http] GET /api/v1/notifications/unread-count
2026-09-05T06:30:50.446Z [INFO] [slaReminder] SLA_SCAN cases=1 respRemind=0 respEsc=0 closureRemind=0 closureEsc=0 surveyExpired=0
2026-09-05T06:31:10.546Z [INFO] [http] GET /api/v1/notifications/unread-count
2026-09-05T06:31:40.235Z [INFO] [http] GET /api/v1/notifications/unread-count
2026-09-05T06:31:50.451Z [INFO] [slaReminder] SLA_SCAN cases=1 respRemind=0 respEsc=0 closureRemind=0 closureEsc=0 surveyExpired=0
2026-09-05T06:32:10.561Z [INFO] [http] GET /api/v1/notifications/unread-count
2026-09-05T06:32:40.243Z [INFO] [http] GET /api/v1/notifications/unread-count
2026-09-05T06:32:50.452Z [INFO] [slaReminder] SLA_SCAN cases=1 respRemind=0 respEsc=0 closureRemind=0 closureEsc=0 surveyExpired=0
2026-09-05T06:33:10.542Z [INFO] [http] GET /api/v1/notifications/unread-count
2026-09-05T06:33:40.243Z [INFO] [http] GET /api/v1/notifications/unread-count
2026-09-05T06:33:50.457Z [INFO] [slaReminder] SLA_SCAN cases=1 respRemind=0 respEsc=0 closureRemind=0 closureEsc=0 surveyExpired=0
2026-09-05T06:34:10.554Z [INFO] [http] GET /api/v1/notifications/unread-count
2026-09-05T06:34:40.246Z [INFO] [http] GET /api/v1/notifications/unread-count
2026-09-05T06:34:50.466Z [INFO] [slaReminder] SLA_SCAN cases=1 respRemind=0 respEsc=0 closureRemind=0 closureEsc=0 surveyExpired=0
2026-09-05T06:35:10.541Z [INFO] [http] GET /api/v1/notifications/unread-count
2026-09-05T06:35:40.239Z [INFO] [http] GET /api/v1/notifications/unread-count
2026-09-05T06:35:50.468Z [INFO] [slaReminder] SLA_SCAN cases=1 respRemind=0 respEsc=0 closureRemind=0 closureEsc=0 surveyExpired=0
2026-09-05T06:36:10.544Z [INFO] [http] GET /api/v1/notifications/unread-count
2026-09-05T06:36:40.232Z [INFO] [http] GET /api/v1/notifications/unread-count
2026-09-05T06:36:50.473Z [INFO] [slaReminder] SLA_SCAN cases=1 respRemind=0 respEsc=0 closureRemind=0 closureEsc=0 surveyExpired=0
2026-09-05T06:37:10.558Z [INFO] [http] GET /api/v1/notifications/unread-count
2026-09-05T06:37:40.245Z [INFO] [http] GET /api/v1/notifications/unread-count
2026-09-05T06:37:50.478Z [INFO] [slaReminder] SLA_SCAN cases=1 respRemind=0 respEsc=0 closureRemind=0 closureEsc=0 surveyExpired=0
2026-09-05T06:38:10.546Z [INFO] [http] GET /api/v1/notifications/unread-count
2026-09-05T06:38:40.245Z [INFO] [http] GET /api/v1/notifications/unread-count
2026-09-05T06:38:50.490Z [INFO] [slaReminder] SLA_SCAN cases=1 respRemind=0 respEsc=0 closureRemind=0 closureEsc=0 surveyExpired=0
2026-09-05T06:39:10.553Z [INFO] [http] GET /api/v1/notifications/unread-count
2026-09-05T06:39:40.550Z [INFO] [http] GET /api/v1/notifications/unread-count
2026-09-05T06:39:50.501Z [INFO] [slaReminder] SLA_SCAN cases=1 respRemind=0 respEsc=0 closureRemind=0 closureEsc=0 surveyExpired=0
2026-09-05T06:40:10.240Z [INFO] [http] GET /api/v1/notifications/unread-count
2026-09-05T06:40:40.553Z [INFO] [http] GET /api/v1/notifications/unread-count
2026-09-05T06:40:50.510Z [INFO] [slaReminder] SLA_SCAN cases=1 respRemind=0 respEsc=0 closureRemind=0 closureEsc=0 surveyExpired=0
2026-09-05T06:41:10.241Z [INFO] [http] GET /api/v1/notifications/unread-count
2026-09-05T06:41:40.546Z [INFO] [http] GET /api/v1/notifications/unread-count
2026-09-05T06:41:50.512Z [INFO] [slaReminder] SLA_SCAN cases=1 respRemind=0 respEsc=0 closureRemind=0 closureEsc=0 surveyExpired=0
2026-09-05T06:42:10.242Z [INFO] [http] GET /api/v1/notifications/unread-count
2026-09-05T06:42:40.546Z [INFO] [http] GET /api/v1/notifications/unread-count
2026-09-05T06:42:50.524Z [INFO] [slaReminder] SLA_SCAN cases=1 respRemind=0 respEsc=0 closureRemind=0 closureEsc=0 surveyExpired=0
2026-09-05T06:43:10.230Z [INFO] [http] GET /api/v1/notifications/unread-count
2026-09-05T06:43:40.545Z [INFO] [http] GET /api/v1/notifications/unread-count
2026-09-05T06:43:50.526Z [INFO] [slaReminder] SLA_SCAN cases=1 respRemind=0 respEsc=0 closureRemind=0 closureEsc=0 surveyExpired=0
2026-09-05T06:44:10.253Z [INFO] [http] GET /api/v1/notifications/unread-count
2026-09-05T06:44:40.540Z [INFO] [http] GET /api/v1/notifications/unread-count
2026-09-05T06:44:50.527Z [INFO] [slaReminder] SLA_SCAN cases=1 respRemind=0 respEsc=0 closureRemind=0 closureEsc=0 surveyExpired=0
2026-09-05T06:45:10.553Z [INFO] [http] GET /api/v1/notifications/unread-count
2026-09-05T06:45:40.237Z [INFO] [http] GET /api/v1/notifications/unread-count
2026-09-05T06:45:50.540Z [INFO] [slaReminder] SLA_SCAN cases=1 respRemind=0 respEsc=0 closureRemind=0 closureEsc=0 surveyExpired=0
2026-09-05T06:46:10.546Z [INFO] [http] GET /api/v1/notifications/unread-count
2026-09-05T06:46:40.237Z [INFO] [http] GET /api/v1/notifications/unread-count
2026-09-05T06:46:50.555Z [INFO] [slaReminder] SLA_SCAN cases=1 respRemind=0 respEsc=0 closureRemind=0 closureEsc=0 surveyExpired=0
2026-09-05T06:47:10.541Z [INFO] [http] GET /api/v1/notifications/unread-count
2026-09-05T06:47:40.241Z [INFO] [http] GET /api/v1/notifications/unread-count
2026-09-05T06:47:50.563Z [INFO] [slaReminder] SLA_SCAN cases=1 respRemind=0 respEsc=0 closureRemind=0 closureEsc=0 surveyExpired=0
2026-09-05T06:48:10.554Z [INFO] [http] GET /api/v1/notifications/unread-count
2026-09-05T06:48:40.230Z [INFO] [http] GET /api/v1/notifications/unread-count
2026-09-05T06:48:50.577Z [INFO] [slaReminder] SLA_SCAN cases=1 respRemind=0 respEsc=0 closureRemind=0 closureEsc=0 surveyExpired=0
2026-09-05T06:49:10.547Z [INFO] [http] GET /api/v1/notifications/unread-count
2026-09-05T06:49:40.546Z [INFO] [http] GET /api/v1/notifications/unread-count
2026-09-05T06:49:50.583Z [INFO] [slaReminder] SLA_SCAN cases=1 respRemind=0 respEsc=0 closureRemind=0 closureEsc=0 surveyExpired=0
2026-09-05T06:50:10.236Z [INFO] [http] GET /api/v1/notifications/unread-count
2026-09-05T06:50:40.541Z [INFO] [http] GET /api/v1/notifications/unread-count
2026-09-05T06:50:50.592Z [INFO] [slaReminder] SLA_SCAN cases=1 respRemind=0 respEsc=0 closureRemind=0 closureEsc=0 surveyExpired=0
2026-09-05T06:51:10.237Z [INFO] [http] GET /api/v1/notifications/unread-count
2026-09-05T06:51:40.554Z [INFO] [http] GET /api/v1/notifications/unread-count
2026-09-05T06:51:50.608Z [INFO] [slaReminder] SLA_SCAN cases=1 respRemind=0 respEsc=0 closureRemind=0 closureEsc=0 surveyExpired=0
2026-09-05T06:52:10.245Z [INFO] [http] GET /api/v1/notifications/unread-count
2026-09-05T06:52:40.541Z [INFO] [http] GET /api/v1/notifications/unread-count
2026-09-05T06:52:50.608Z [INFO] [slaReminder] SLA_SCAN cases=1 respRemind=0 respEsc=0 closureRemind=0 closureEsc=0 surveyExpired=0
2026-09-05T06:53:10.241Z [INFO] [http] GET /api/v1/notifications/unread-count
2026-09-05T06:53:40.546Z [INFO] [http] GET /api/v1/notifications/unread-count
2026-09-05T06:53:50.616Z [INFO] [slaReminder] SLA_SCAN cases=1 respRemind=0 respEsc=0 closureRemind=0 closureEsc=0 surveyExpired=0
2026-09-05T06:54:10.557Z [INFO] [http] GET /api/v1/notifications/unread-count
2026-09-05T06:54:40.549Z [INFO] [http] GET /api/v1/notifications/unread-count
2026-09-05T06:54:50.626Z [INFO] [slaReminder] SLA_SCAN cases=1 respRemind=0 respEsc=0 closureRemind=0 closureEsc=0 surveyExpired=0
2026-09-05T06:55:10.244Z [INFO] [http] GET /api/v1/notifications/unread-count
2026-09-05T06:55:40.556Z [INFO] [http] GET /api/v1/notifications/unread-count
2026-09-05T06:55:50.635Z [INFO] [slaReminder] SLA_SCAN cases=1 respRemind=0 respEsc=0 closureRemind=0 closureEsc=0 surveyExpired=0
2026-09-05T06:56:10.240Z [INFO] [http] GET /api/v1/notifications/unread-count
2026-09-05T06:56:40.557Z [INFO] [http] GET /api/v1/notifications/unread-count
2026-09-05T06:56:50.641Z [INFO] [slaReminder] SLA_SCAN cases=1 respRemind=0 respEsc=0 closureRemind=0 closureEsc=0 surveyExpired=0
2026-09-05T06:57:10.235Z [INFO] [http] GET /api/v1/notifications/unread-count
2026-09-05T06:57:40.554Z [INFO] [http] GET /api/v1/notifications/unread-count
2026-09-05T06:57:50.653Z [INFO] [slaReminder] SLA_SCAN cases=1 respRemind=0 respEsc=0 closureRemind=0 closureEsc=0 surveyExpired=0
2026-09-05T06:58:10.236Z [INFO] [http] GET /api/v1/notifications/unread-count
2026-09-05T06:58:40.543Z [INFO] [http] GET /api/v1/notifications/unread-count
2026-09-05T06:58:50.666Z [INFO] [slaReminder] SLA_SCAN cases=1 respRemind=0 respEsc=0 closureRemind=0 closureEsc=0 surveyExpired=0
2026-09-05T06:59:10.557Z [INFO] [http] GET /api/v1/notifications/unread-count
2026-09-05T06:59:40.246Z [INFO] [http] GET /api/v1/notifications/unread-count
2026-09-05T06:59:50.680Z [INFO] [slaReminder] SLA_SCAN cases=1 respRemind=0 respEsc=0 closureRemind=0 closureEsc=0 surveyExpired=0
2026-09-05T07:00:10.558Z [INFO] [http] GET /api/v1/notifications/unread-count
2026-09-05T07:00:40.241Z [INFO] [http] GET /api/v1/notifications/unread-count
2026-09-05T07:00:50.686Z [INFO] [slaReminder] SLA_SCAN cases=1 respRemind=0 respEsc=0 closureRemind=0 closureEsc=0 surveyExpired=0
2026-09-05T07:01:10.542Z [INFO] [http] GET /api/v1/notifications/unread-count
2026-09-05T07:01:40.235Z [INFO] [http] GET /api/v1/notifications/unread-count
2026-09-05T07:01:50.691Z [INFO] [slaReminder] SLA_SCAN cases=1 respRemind=0 respEsc=0 closureRemind=0 closureEsc=0 surveyExpired=0
2026-09-05T07:02:10.549Z [INFO] [http] GET /api/v1/notifications/unread-count
2026-09-05T07:02:40.236Z [INFO] [http] GET /api/v1/notifications/unread-count
2026-09-05T07:02:50.707Z [INFO] [slaReminder] SLA_SCAN cases=1 respRemind=0 respEsc=0 closureRemind=0 closureEsc=0 surveyExpired=0
2026-09-05T07:03:10.544Z [INFO] [http] GET /api/v1/notifications/unread-count
2026-09-05T07:03:40.228Z [INFO] [http] GET /api/v1/notifications/unread-count
2026-09-05T07:03:50.708Z [INFO] [slaReminder] SLA_SCAN cases=1 respRemind=0 respEsc=0 closureRemind=0 closureEsc=0 surveyExpired=0
2026-09-05T07:04:10.545Z [INFO] [http] GET /api/v1/notifications/unread-count
2026-09-05T07:04:40.241Z [INFO] [http] GET /api/v1/notifications/unread-count
2026-09-05T07:04:50.721Z [INFO] [slaReminder] SLA_SCAN cases=1 respRemind=0 respEsc=0 closureRemind=0 closureEsc=0 surveyExpired=0
2026-09-05T07:05:10.547Z [INFO] [http] GET /api/v1/notifications/unread-count
2026-09-05T07:05:40.234Z [INFO] [http] GET /api/v1/notifications/unread-count
2026-09-05T07:05:50.722Z [INFO] [slaReminder] SLA_SCAN cases=1 respRemind=0 respEsc=0 closureRemind=0 closureEsc=0 surveyExpired=0
2026-09-05T07:06:10.547Z [INFO] [http] GET /api/v1/notifications/unread-count
2026-09-05T07:06:40.235Z [INFO] [http] GET /api/v1/notifications/unread-count
2026-09-05T07:06:50.727Z [INFO] [slaReminder] SLA_SCAN cases=1 respRemind=0 respEsc=0 closureRemind=0 closureEsc=0 surveyExpired=0
2026-09-05T07:07:10.554Z [INFO] [http] GET /api/v1/notifications/unread-count
2026-09-05T07:07:40.243Z [INFO] [http] GET /api/v1/notifications/unread-count
2026-09-05T07:07:50.730Z [INFO] [slaReminder] SLA_SCAN cases=1 respRemind=0 respEsc=0 closureRemind=0 closureEsc=0 surveyExpired=0
2026-09-05T07:08:10.545Z [INFO] [http] GET /api/v1/notifications/unread-count
2026-09-05T07:08:40.235Z [INFO] [http] GET /api/v1/notifications/unread-count
2026-09-05T07:08:50.744Z [INFO] [slaReminder] SLA_SCAN cases=1 respRemind=0 respEsc=0 closureRemind=0 closureEsc=0 surveyExpired=0
2026-09-05T07:09:10.546Z [INFO] [http] GET /api/v1/notifications/unread-count
2026-09-05T07:09:40.538Z [INFO] [http] GET /api/v1/notifications/unread-count
2026-09-05T07:09:50.758Z [INFO] [slaReminder] SLA_SCAN cases=1 respRemind=0 respEsc=0 closureRemind=0 closureEsc=0 surveyExpired=0
2026-09-05T07:10:10.238Z [INFO] [http] GET /api/v1/notifications/unread-count
2026-09-05T07:10:40.561Z [INFO] [http] GET /api/v1/notifications/unread-count
2026-09-05T07:10:50.774Z [INFO] [slaReminder] SLA_SCAN cases=1 respRemind=0 respEsc=0 closureRemind=0 closureEsc=0 surveyExpired=0
2026-09-05T07:11:10.233Z [INFO] [http] GET /api/v1/notifications/unread-count
2026-09-05T07:11:40.545Z [INFO] [http] GET /api/v1/notifications/unread-count
2026-09-05T07:11:50.780Z [INFO] [slaReminder] SLA_SCAN cases=1 respRemind=0 respEsc=0 closureRemind=0 closureEsc=0 surveyExpired=0
2026-09-05T07:12:10.243Z [INFO] [http] GET /api/v1/notifications/unread-count
2026-09-05T07:12:40.555Z [INFO] [http] GET /api/v1/notifications/unread-count
2026-09-05T07:12:50.786Z [INFO] [slaReminder] SLA_SCAN cases=1 respRemind=0 respEsc=0 closureRemind=0 closureEsc=0 surveyExpired=0
2026-09-05T07:13:10.236Z [INFO] [http] GET /api/v1/notifications/unread-count
2026-09-05T07:13:40.551Z [INFO] [http] GET /api/v1/notifications/unread-count
2026-09-05T07:13:50.796Z [INFO] [slaReminder] SLA_SCAN cases=1 respRemind=0 respEsc=0 closureRemind=0 closureEsc=0 surveyExpired=0
2026-09-05T07:14:10.543Z [INFO] [http] GET /api/v1/notifications/unread-count
2026-09-05T07:14:40.233Z [INFO] [http] GET /api/v1/notifications/unread-count
2026-09-05T07:14:50.800Z [INFO] [slaReminder] SLA_SCAN cases=1 respRemind=0 respEsc=0 closureRemind=0 closureEsc=0 surveyExpired=0
2026-09-05T07:15:10.545Z [INFO] [http] GET /api/v1/notifications/unread-count
2026-09-05T07:15:40.240Z [INFO] [http] GET /api/v1/notifications/unread-count
2026-09-05T07:15:50.804Z [INFO] [slaReminder] SLA_SCAN cases=1 respRemind=0 respEsc=0 closureRemind=0 closureEsc=0 surveyExpired=0
2026-09-05T07:16:10.545Z [INFO] [http] GET /api/v1/notifications/unread-count
2026-09-05T07:16:40.247Z [INFO] [http] GET /api/v1/notifications/unread-count
2026-09-05T07:16:50.816Z [INFO] [slaReminder] SLA_SCAN cases=1 respRemind=0 respEsc=0 closureRemind=0 closureEsc=0 surveyExpired=0
2026-09-05T07:17:10.546Z [INFO] [http] GET /api/v1/notifications/unread-count
2026-09-05T07:17:40.242Z [INFO] [http] GET /api/v1/notifications/unread-count
2026-09-05T07:17:50.826Z [INFO] [slaReminder] SLA_SCAN cases=1 respRemind=0 respEsc=0 closureRemind=0 closureEsc=0 surveyExpired=0
2026-09-05T07:18:10.548Z [INFO] [http] GET /api/v1/notifications/unread-count
2026-09-05T07:18:40.233Z [INFO] [http] GET /api/v1/notifications/unread-count
2026-09-05T07:18:50.837Z [INFO] [slaReminder] SLA_SCAN cases=1 respRemind=0 respEsc=0 closureRemind=0 closureEsc=0 surveyExpired=0
2026-09-05T07:19:10.556Z [INFO] [http] GET /api/v1/notifications/unread-count
2026-09-05T07:19:40.551Z [INFO] [http] GET /api/v1/notifications/unread-count
2026-09-05T07:19:50.841Z [INFO] [slaReminder] SLA_SCAN cases=1 respRemind=0 respEsc=0 closureRemind=0 closureEsc=0 surveyExpired=0
2026-09-05T07:20:10.233Z [INFO] [http] GET /api/v1/notifications/unread-count
2026-09-05T07:20:40.548Z [INFO] [http] GET /api/v1/notifications/unread-count
2026-09-05T07:20:50.845Z [INFO] [slaReminder] SLA_SCAN cases=1 respRemind=0 respEsc=0 closureRemind=0 closureEsc=0 surveyExpired=0
2026-09-05T07:21:10.236Z [INFO] [http] GET /api/v1/notifications/unread-count
2026-09-05T07:21:40.544Z [INFO] [http] GET /api/v1/notifications/unread-count
2026-09-05T07:21:50.859Z [INFO] [slaReminder] SLA_SCAN cases=1 respRemind=0 respEsc=0 closureRemind=0 closureEsc=0 surveyExpired=0
2026-09-05T07:22:10.235Z [INFO] [http] GET /api/v1/notifications/unread-count
2026-09-05T07:22:40.553Z [INFO] [http] GET /api/v1/notifications/unread-count
2026-09-05T07:22:50.857Z [INFO] [slaReminder] SLA_SCAN cases=1 respRemind=0 respEsc=0 closureRemind=0 closureEsc=0 surveyExpired=0
2026-09-05T07:23:10.229Z [INFO] [http] GET /api/v1/notifications/unread-count
2026-09-05T07:23:40.547Z [INFO] [http] GET /api/v1/notifications/unread-count
2026-09-05T07:23:50.870Z [INFO] [slaReminder] SLA_SCAN cases=1 respRemind=0 respEsc=0 closureRemind=0 closureEsc=0 surveyExpired=0
2026-09-05T07:24:10.233Z [INFO] [http] GET /api/v1/notifications/unread-count
2026-09-05T07:24:40.548Z [INFO] [http] GET /api/v1/notifications/unread-count
2026-09-05T07:24:50.880Z [INFO] [slaReminder] SLA_SCAN cases=1 respRemind=0 respEsc=0 closureRemind=0 closureEsc=0 surveyExpired=0
2026-09-05T07:25:10.242Z [INFO] [http] GET /api/v1/notifications/unread-count
2026-09-05T07:25:40.543Z [INFO] [http] GET /api/v1/notifications/unread-count
2026-09-05T07:25:50.895Z [INFO] [slaReminder] SLA_SCAN cases=1 respRemind=0 respEsc=0 closureRemind=0 closureEsc=0 surveyExpired=0
2026-09-05T07:26:10.234Z [INFO] [http] GET /api/v1/notifications/unread-count
2026-09-05T07:26:40.544Z [INFO] [http] GET /api/v1/notifications/unread-count
2026-09-05T07:26:50.906Z [INFO] [slaReminder] SLA_SCAN cases=1 respRemind=0 respEsc=0 closureRemind=0 closureEsc=0 surveyExpired=0
2026-09-05T07:27:10.242Z [INFO] [http] GET /api/v1/notifications/unread-count
2026-09-05T07:27:40.549Z [INFO] [http] GET /api/v1/notifications/unread-count
2026-09-05T07:27:50.913Z [INFO] [slaReminder] SLA_SCAN cases=1 respRemind=0 respEsc=0 closureRemind=0 closureEsc=0 surveyExpired=0
2026-09-05T07:28:10.550Z [INFO] [http] GET /api/v1/notifications/unread-count
2026-09-05T07:28:40.555Z [INFO] [http] GET /api/v1/notifications/unread-count
2026-09-05T07:28:50.914Z [INFO] [slaReminder] SLA_SCAN cases=1 respRemind=0 respEsc=0 closureRemind=0 closureEsc=0 surveyExpired=0
2026-09-05T07:29:10.549Z [INFO] [http] GET /api/v1/notifications/unread-count
2026-09-05T07:29:40.552Z [INFO] [http] GET /api/v1/notifications/unread-count
2026-09-05T07:29:50.929Z [INFO] [slaReminder] SLA_SCAN cases=1 respRemind=0 respEsc=0 closureRemind=0 closureEsc=0 surveyExpired=0
2026-09-05T07:30:10.233Z [INFO] [http] GET /api/v1/notifications/unread-count
2026-09-05T07:30:40.543Z [INFO] [http] GET /api/v1/notifications/unread-count
2026-09-05T07:30:50.943Z [INFO] [slaReminder] SLA_SCAN cases=1 respRemind=0 respEsc=0 closureRemind=0 closureEsc=0 surveyExpired=0
2026-09-05T07:31:10.250Z [INFO] [http] GET /api/v1/notifications/unread-count
2026-09-05T07:31:40.578Z [INFO] [http] GET /api/v1/notifications/unread-count
2026-09-05T07:31:50.944Z [INFO] [slaReminder] SLA_SCAN cases=1 respRemind=0 respEsc=0 closureRemind=0 closureEsc=0 surveyExpired=0
2026-09-05T07:32:10.235Z [INFO] [http] GET /api/v1/notifications/unread-count
2026-09-05T07:32:40.557Z [INFO] [http] GET /api/v1/notifications/unread-count
2026-09-05T07:32:50.959Z [INFO] [slaReminder] SLA_SCAN cases=1 respRemind=0 respEsc=0 closureRemind=0 closureEsc=0 surveyExpired=0
2026-09-05T07:33:10.242Z [INFO] [http] GET /api/v1/notifications/unread-count
2026-09-05T07:33:40.553Z [INFO] [http] GET /api/v1/notifications/unread-count
2026-09-05T07:33:50.968Z [INFO] [slaReminder] SLA_SCAN cases=1 respRemind=0 respEsc=0 closureRemind=0 closureEsc=0 surveyExpired=0
2026-09-05T07:34:10.567Z [INFO] [http] GET /api/v1/notifications/unread-count
2026-09-05T07:34:40.551Z [INFO] [http] GET /api/v1/notifications/unread-count
2026-09-05T07:34:50.977Z [INFO] [slaReminder] SLA_SCAN cases=1 respRemind=0 respEsc=0 closureRemind=0 closureEsc=0 surveyExpired=0
2026-09-05T07:35:10.544Z [INFO] [http] GET /api/v1/notifications/unread-count
2026-09-05T07:35:40.544Z [INFO] [http] GET /api/v1/notifications/unread-count
2026-09-05T07:35:50.980Z [INFO] [slaReminder] SLA_SCAN cases=1 respRemind=0 respEsc=0 closureRemind=0 closureEsc=0 surveyExpired=0
2026-09-05T07:36:10.547Z [INFO] [http] GET /api/v1/notifications/unread-count
2026-09-05T07:36:40.541Z [INFO] [http] GET /api/v1/notifications/unread-count
2026-09-05T07:36:50.994Z [INFO] [slaReminder] SLA_SCAN cases=1 respRemind=0 respEsc=0 closureRemind=0 closureEsc=0 surveyExpired=0
2026-09-05T07:37:10.543Z [INFO] [http] GET /api/v1/notifications/unread-count
2026-09-05T07:37:40.551Z [INFO] [http] GET /api/v1/notifications/unread-count
2026-09-05T07:37:51.003Z [INFO] [slaReminder] SLA_SCAN cases=1 respRemind=0 respEsc=0 closureRemind=0 closureEsc=0 surveyExpired=0
2026-09-05T07:38:10.541Z [INFO] [http] GET /api/v1/notifications/unread-count
2026-09-05T07:38:40.543Z [INFO] [http] GET /api/v1/notifications/unread-count
2026-09-05T07:38:51.004Z [INFO] [slaReminder] SLA_SCAN cases=1 respRemind=0 respEsc=0 closureRemind=0 closureEsc=0 surveyExpired=0
2026-09-05T07:39:10.546Z [INFO] [http] GET /api/v1/notifications/unread-count
2026-09-05T07:39:40.546Z [INFO] [http] GET /api/v1/notifications/unread-count
2026-09-05T07:39:51.007Z [INFO] [slaReminder] SLA_SCAN cases=1 respRemind=0 respEsc=0 closureRemind=0 closureEsc=0 surveyExpired=0
2026-09-05T07:40:10.241Z [INFO] [http] GET /api/v1/notifications/unread-count
2026-09-05T07:40:40.542Z [INFO] [http] GET /api/v1/notifications/unread-count
2026-09-05T07:40:51.012Z [INFO] [slaReminder] SLA_SCAN cases=1 respRemind=0 respEsc=0 closureRemind=0 closureEsc=0 surveyExpired=0
2026-09-05T07:41:10.233Z [INFO] [http] GET /api/v1/notifications/unread-count
2026-09-05T07:41:40.552Z [INFO] [http] GET /api/v1/notifications/unread-count
2026-09-05T07:41:51.019Z [INFO] [slaReminder] SLA_SCAN cases=1 respRemind=0 respEsc=0 closureRemind=0 closureEsc=0 surveyExpired=0
2026-09-05T07:42:10.241Z [INFO] [http] GET /api/v1/notifications/unread-count
2026-09-05T07:42:40.549Z [INFO] [http] GET /api/v1/notifications/unread-count
2026-09-05T07:42:51.028Z [INFO] [slaReminder] SLA_SCAN cases=1 respRemind=0 respEsc=0 closureRemind=0 closureEsc=0 surveyExpired=0
2026-09-05T07:43:10.229Z [INFO] [http] GET /api/v1/notifications/unread-count
2026-09-05T07:43:40.549Z [INFO] [http] GET /api/v1/notifications/unread-count
2026-09-05T07:43:51.043Z [INFO] [slaReminder] SLA_SCAN cases=1 respRemind=0 respEsc=0 closureRemind=0 closureEsc=0 surveyExpired=0
2026-09-05T07:44:10.544Z [INFO] [http] GET /api/v1/notifications/unread-count
2026-09-05T07:44:40.237Z [INFO] [http] GET /api/v1/notifications/unread-count
2026-09-05T07:44:51.057Z [INFO] [slaReminder] SLA_SCAN cases=1 respRemind=0 respEsc=0 closureRemind=0 closureEsc=0 surveyExpired=0
2026-09-05T07:45:10.556Z [INFO] [http] GET /api/v1/notifications/unread-count
2026-09-05T07:45:40.234Z [INFO] [http] GET /api/v1/notifications/unread-count
2026-09-05T07:45:51.073Z [INFO] [slaReminder] SLA_SCAN cases=1 respRemind=0 respEsc=0 closureRemind=0 closureEsc=0 surveyExpired=0
2026-09-05T07:46:10.552Z [INFO] [http] GET /api/v1/notifications/unread-count
2026-09-05T07:46:40.242Z [INFO] [http] GET /api/v1/notifications/unread-count
2026-09-05T07:46:51.087Z [INFO] [slaReminder] SLA_SCAN cases=1 respRemind=0 respEsc=0 closureRemind=0 closureEsc=0 surveyExpired=0
2026-09-05T07:47:10.544Z [INFO] [http] GET /api/v1/notifications/unread-count
2026-09-05T07:47:40.233Z [INFO] [http] GET /api/v1/notifications/unread-count
2026-09-05T07:47:51.093Z [INFO] [slaReminder] SLA_SCAN cases=1 respRemind=0 respEsc=0 closureRemind=0 closureEsc=0 surveyExpired=0
2026-09-05T07:48:10.540Z [INFO] [http] GET /api/v1/notifications/unread-count
2026-09-05T07:48:40.239Z [INFO] [http] GET /api/v1/notifications/unread-count
2026-09-05T07:48:51.106Z [INFO] [slaReminder] SLA_SCAN cases=1 respRemind=0 respEsc=0 closureRemind=0 closureEsc=0 surveyExpired=0
2026-09-05T07:49:10.546Z [INFO] [http] GET /api/v1/notifications/unread-count
2026-09-05T07:49:40.238Z [INFO] [http] GET /api/v1/notifications/unread-count
2026-09-05T07:49:51.112Z [INFO] [slaReminder] SLA_SCAN cases=1 respRemind=0 respEsc=0 closureRemind=0 closureEsc=0 surveyExpired=0
2026-09-05T07:50:10.554Z [INFO] [http] GET /api/v1/notifications/unread-count
2026-09-05T07:50:40.237Z [INFO] [http] GET /api/v1/notifications/unread-count
2026-09-05T07:50:51.114Z [INFO] [slaReminder] SLA_SCAN cases=1 respRemind=0 respEsc=0 closureRemind=0 closureEsc=0 surveyExpired=0
2026-09-05T07:51:10.551Z [INFO] [http] GET /api/v1/notifications/unread-count
2026-09-05T07:51:40.233Z [INFO] [http] GET /api/v1/notifications/unread-count
2026-09-05T07:51:51.118Z [INFO] [slaReminder] SLA_SCAN cases=1 respRemind=0 respEsc=0 closureRemind=0 closureEsc=0 surveyExpired=0
2026-09-05T07:52:10.547Z [INFO] [http] GET /api/v1/notifications/unread-count
2026-09-05T07:52:40.233Z [INFO] [http] GET /api/v1/notifications/unread-count
2026-09-05T07:52:51.122Z [INFO] [slaReminder] SLA_SCAN cases=1 respRemind=0 respEsc=0 closureRemind=0 closureEsc=0 surveyExpired=0
2026-09-05T07:53:10.557Z [INFO] [http] GET /api/v1/notifications/unread-count
2026-09-05T07:53:40.238Z [INFO] [http] GET /api/v1/notifications/unread-count
2026-09-05T07:53:51.122Z [INFO] [slaReminder] SLA_SCAN cases=1 respRemind=0 respEsc=0 closureRemind=0 closureEsc=0 surveyExpired=0
2026-09-05T07:54:10.559Z [INFO] [http] GET /api/v1/notifications/unread-count
2026-09-05T07:54:40.556Z [INFO] [http] GET /api/v1/notifications/unread-count
2026-09-05T07:54:51.126Z [INFO] [slaReminder] SLA_SCAN cases=1 respRemind=0 respEsc=0 closureRemind=0 closureEsc=0 surveyExpired=0
2026-09-05T07:55:10.232Z [INFO] [http] GET /api/v1/notifications/unread-count
2026-09-05T07:55:40.537Z [INFO] [http] GET /api/v1/notifications/unread-count
2026-09-05T07:55:51.136Z [INFO] [slaReminder] SLA_SCAN cases=1 respRemind=0 respEsc=0 closureRemind=0 closureEsc=0 surveyExpired=0
2026-09-05T07:56:10.245Z [INFO] [http] GET /api/v1/notifications/unread-count
2026-09-05T07:56:40.545Z [INFO] [http] GET /api/v1/notifications/unread-count
2026-09-05T07:56:51.147Z [INFO] [slaReminder] SLA_SCAN cases=1 respRemind=0 respEsc=0 closureRemind=0 closureEsc=0 surveyExpired=0
2026-09-05T07:57:10.244Z [INFO] [http] GET /api/v1/notifications/unread-count
2026-09-05T07:57:40.545Z [INFO] [http] GET /api/v1/notifications/unread-count
2026-09-05T07:57:51.148Z [INFO] [slaReminder] SLA_SCAN cases=1 respRemind=0 respEsc=0 closureRemind=0 closureEsc=0 surveyExpired=0
2026-09-05T07:58:10.234Z [INFO] [http] GET /api/v1/notifications/unread-count
2026-09-05T07:58:40.548Z [INFO] [http] GET /api/v1/notifications/unread-count
2026-09-05T07:58:51.158Z [INFO] [slaReminder] SLA_SCAN cases=1 respRemind=0 respEsc=0 closureRemind=0 closureEsc=0 surveyExpired=0
2026-09-05T07:59:10.562Z [INFO] [http] GET /api/v1/notifications/unread-count
2026-09-05T07:59:40.239Z [INFO] [http] GET /api/v1/notifications/unread-count
2026-09-05T07:59:51.168Z [INFO] [slaReminder] SLA_SCAN cases=1 respRemind=0 respEsc=0 closureRemind=0 closureEsc=0 surveyExpired=0
2026-09-05T08:00:10.542Z [INFO] [http] GET /api/v1/notifications/unread-count
2026-09-05T08:00:40.230Z [INFO] [http] GET /api/v1/notifications/unread-count
2026-09-05T08:00:51.184Z [INFO] [slaReminder] SLA_SCAN cases=1 respRemind=0 respEsc=0 closureRemind=0 closureEsc=0 surveyExpired=0
2026-09-05T08:01:10.554Z [INFO] [http] GET /api/v1/notifications/unread-count
2026-09-05T08:01:40.234Z [INFO] [http] GET /api/v1/notifications/unread-count
2026-09-05T08:01:51.199Z [INFO] [slaReminder] SLA_SCAN cases=1 respRemind=0 respEsc=0 closureRemind=0 closureEsc=0 surveyExpired=0
2026-09-05T08:02:10.550Z [INFO] [http] GET /api/v1/notifications/unread-count
2026-09-05T08:02:40.229Z [INFO] [http] GET /api/v1/notifications/unread-count
2026-09-05T08:02:51.215Z [INFO] [slaReminder] SLA_SCAN cases=1 respRemind=0 respEsc=0 closureRemind=0 closureEsc=0 surveyExpired=0
2026-09-05T08:03:10.538Z [INFO] [http] GET /api/v1/notifications/unread-count
2026-09-05T08:03:40.234Z [INFO] [http] GET /api/v1/notifications/unread-count
2026-09-05T08:03:51.229Z [INFO] [slaReminder] SLA_SCAN cases=1 respRemind=0 respEsc=0 closureRemind=0 closureEsc=0 surveyExpired=0
2026-09-05T08:04:10.543Z [INFO] [http] GET /api/v1/notifications/unread-count
2026-09-05T08:04:40.551Z [INFO] [http] GET /api/v1/notifications/unread-count
2026-09-05T08:04:51.237Z [INFO] [slaReminder] SLA_SCAN cases=1 respRemind=0 respEsc=0 closureRemind=0 closureEsc=0 surveyExpired=0
2026-09-05T08:05:10.558Z [INFO] [http] GET /api/v1/notifications/unread-count
2026-09-05T08:05:40.550Z [INFO] [http] GET /api/v1/notifications/unread-count
2026-09-05T08:05:51.250Z [INFO] [slaReminder] SLA_SCAN cases=1 respRemind=0 respEsc=0 closureRemind=0 closureEsc=0 surveyExpired=0
2026-09-05T08:06:10.551Z [INFO] [http] GET /api/v1/notifications/unread-count
2026-09-05T08:06:40.543Z [INFO] [http] GET /api/v1/notifications/unread-count
2026-09-05T08:06:51.255Z [INFO] [slaReminder] SLA_SCAN cases=1 respRemind=0 respEsc=0 closureRemind=0 closureEsc=0 surveyExpired=0
2026-09-05T08:07:10.561Z [INFO] [http] GET /api/v1/notifications/unread-count
2026-09-05T08:07:40.540Z [INFO] [http] GET /api/v1/notifications/unread-count
2026-09-05T08:07:51.266Z [INFO] [slaReminder] SLA_SCAN cases=1 respRemind=0 respEsc=0 closureRemind=0 closureEsc=0 surveyExpired=0
2026-09-05T08:08:10.540Z [INFO] [http] GET /api/v1/notifications/unread-count
2026-09-05T08:08:40.561Z [INFO] [http] GET /api/v1/notifications/unread-count
2026-09-05T08:08:51.272Z [INFO] [slaReminder] SLA_SCAN cases=1 respRemind=0 respEsc=0 closureRemind=0 closureEsc=0 surveyExpired=0
2026-09-05T08:09:10.542Z [INFO] [http] GET /api/v1/notifications/unread-count
2026-09-05T08:09:40.542Z [INFO] [http] GET /api/v1/notifications/unread-count
2026-09-05T08:09:51.277Z [INFO] [slaReminder] SLA_SCAN cases=1 respRemind=0 respEsc=0 closureRemind=0 closureEsc=0 surveyExpired=0
2026-09-05T08:10:10.241Z [INFO] [http] GET /api/v1/notifications/unread-count
2026-09-05T08:10:40.556Z [INFO] [http] GET /api/v1/notifications/unread-count
2026-09-05T08:10:51.277Z [INFO] [slaReminder] SLA_SCAN cases=1 respRemind=0 respEsc=0 closureRemind=0 closureEsc=0 surveyExpired=0
2026-09-05T08:11:10.235Z [INFO] [http] GET /api/v1/notifications/unread-count
2026-09-05T08:11:40.543Z [INFO] [http] GET /api/v1/notifications/unread-count
2026-09-05T08:11:51.282Z [INFO] [slaReminder] SLA_SCAN cases=1 respRemind=0 respEsc=0 closureRemind=0 closureEsc=0 surveyExpired=0
2026-09-05T08:12:10.231Z [INFO] [http] GET /api/v1/notifications/unread-count
2026-09-05T08:12:40.540Z [INFO] [http] GET /api/v1/notifications/unread-count
2026-09-05T08:12:51.293Z [INFO] [slaReminder] SLA_SCAN cases=1 respRemind=0 respEsc=0 closureRemind=0 closureEsc=0 surveyExpired=0
2026-09-05T08:13:10.229Z [INFO] [http] GET /api/v1/notifications/unread-count
2026-09-05T08:13:40.546Z [INFO] [http] GET /api/v1/notifications/unread-count
2026-09-05T08:13:51.306Z [INFO] [slaReminder] SLA_SCAN cases=1 respRemind=0 respEsc=0 closureRemind=0 closureEsc=0 surveyExpired=0
2026-09-05T08:14:10.536Z [INFO] [http] GET /api/v1/notifications/unread-count
2026-09-05T08:14:40.539Z [INFO] [http] GET /api/v1/notifications/unread-count
2026-09-05T08:14:51.311Z [INFO] [slaReminder] SLA_SCAN cases=1 respRemind=0 respEsc=0 closureRemind=0 closureEsc=0 surveyExpired=0
2026-09-05T08:15:10.550Z [INFO] [http] GET /api/v1/notifications/unread-count
2026-09-05T08:15:40.541Z [INFO] [http] GET /api/v1/notifications/unread-count
2026-09-05T08:15:51.322Z [INFO] [slaReminder] SLA_SCAN cases=1 respRemind=0 respEsc=0 closureRemind=0 closureEsc=0 surveyExpired=0
2026-09-05T08:16:10.539Z [INFO] [http] GET /api/v1/notifications/unread-count
2026-09-05T08:16:40.541Z [INFO] [http] GET /api/v1/notifications/unread-count
2026-09-05T08:16:51.337Z [INFO] [slaReminder] SLA_SCAN cases=1 respRemind=0 respEsc=0 closureRemind=0 closureEsc=0 surveyExpired=0
2026-09-05T08:17:10.552Z [INFO] [http] GET /api/v1/notifications/unread-count
2026-09-05T08:17:40.547Z [INFO] [http] GET /api/v1/notifications/unread-count
2026-09-05T08:17:51.347Z [INFO] [slaReminder] SLA_SCAN cases=1 respRemind=0 respEsc=0 closureRemind=0 closureEsc=0 surveyExpired=0
2026-09-05T08:18:10.560Z [INFO] [http] GET /api/v1/notifications/unread-count
2026-09-05T08:18:40.550Z [INFO] [http] GET /api/v1/notifications/unread-count
2026-09-05T08:18:51.353Z [INFO] [slaReminder] SLA_SCAN cases=1 respRemind=0 respEsc=0 closureRemind=0 closureEsc=0 surveyExpired=0
2026-09-05T08:19:10.538Z [INFO] [http] GET /api/v1/notifications/unread-count
2026-09-05T08:19:40.552Z [INFO] [http] GET /api/v1/notifications/unread-count
2026-09-05T08:19:51.366Z [INFO] [slaReminder] SLA_SCAN cases=1 respRemind=0 respEsc=0 closureRemind=0 closureEsc=0 surveyExpired=0
2026-09-05T08:20:10.549Z [INFO] [http] GET /api/v1/notifications/unread-count
2026-09-05T08:20:40.244Z [INFO] [http] GET /api/v1/notifications/unread-count
2026-09-05T08:20:51.373Z [INFO] [slaReminder] SLA_SCAN cases=1 respRemind=0 respEsc=0 closureRemind=0 closureEsc=0 surveyExpired=0
2026-09-05T08:21:10.539Z [INFO] [http] GET /api/v1/notifications/unread-count
2026-09-05T08:21:40.242Z [INFO] [http] GET /api/v1/notifications/unread-count
2026-09-05T08:21:51.383Z [INFO] [slaReminder] SLA_SCAN cases=1 respRemind=0 respEsc=0 closureRemind=0 closureEsc=0 surveyExpired=0
2026-09-05T08:22:10.541Z [INFO] [http] GET /api/v1/notifications/unread-count
2026-09-05T08:22:40.240Z [INFO] [http] GET /api/v1/notifications/unread-count
2026-09-05T08:22:51.395Z [INFO] [slaReminder] SLA_SCAN cases=1 respRemind=0 respEsc=0 closureRemind=0 closureEsc=0 surveyExpired=0
2026-09-05T08:23:10.540Z [INFO] [http] GET /api/v1/notifications/unread-count
2026-09-05T08:23:40.229Z [INFO] [http] GET /api/v1/notifications/unread-count
2026-09-05T08:23:51.401Z [INFO] [slaReminder] SLA_SCAN cases=1 respRemind=0 respEsc=0 closureRemind=0 closureEsc=0 surveyExpired=0
2026-09-05T08:24:10.542Z [INFO] [http] GET /api/v1/notifications/unread-count
2026-09-05T08:24:40.554Z [INFO] [http] GET /api/v1/notifications/unread-count
2026-09-05T08:24:51.407Z [INFO] [slaReminder] SLA_SCAN cases=1 respRemind=0 respEsc=0 closureRemind=0 closureEsc=0 surveyExpired=0
2026-09-05T08:25:10.536Z [INFO] [http] GET /api/v1/notifications/unread-count
2026-09-05T08:25:40.542Z [INFO] [http] GET /api/v1/notifications/unread-count
2026-09-05T08:25:51.411Z [INFO] [slaReminder] SLA_SCAN cases=1 respRemind=0 respEsc=0 closureRemind=0 closureEsc=0 surveyExpired=0
2026-09-05T08:26:10.244Z [INFO] [http] GET /api/v1/notifications/unread-count
2026-09-05T08:26:40.550Z [INFO] [http] GET /api/v1/notifications/unread-count
2026-09-05T08:26:51.424Z [INFO] [slaReminder] SLA_SCAN cases=1 respRemind=0 respEsc=0 closureRemind=0 closureEsc=0 surveyExpired=0
2026-09-05T08:27:10.241Z [INFO] [http] GET /api/v1/notifications/unread-count
2026-09-05T08:27:40.545Z [INFO] [http] GET /api/v1/notifications/unread-count
2026-09-05T08:27:51.440Z [INFO] [slaReminder] SLA_SCAN cases=1 respRemind=0 respEsc=0 closureRemind=0 closureEsc=0 surveyExpired=0
2026-09-05T08:28:10.240Z [INFO] [http] GET /api/v1/notifications/unread-count
2026-09-05T08:28:40.545Z [INFO] [http] GET /api/v1/notifications/unread-count
2026-09-05T08:28:51.444Z [INFO] [slaReminder] SLA_SCAN cases=1 respRemind=0 respEsc=0 closureRemind=0 closureEsc=0 surveyExpired=0
2026-09-05T08:29:10.566Z [INFO] [http] GET /api/v1/notifications/unread-count
2026-09-05T08:29:40.538Z [INFO] [http] GET /api/v1/notifications/unread-count
2026-09-05T08:29:51.452Z [INFO] [slaReminder] SLA_SCAN cases=1 respRemind=0 respEsc=0 closureRemind=0 closureEsc=0 surveyExpired=0
2026-09-05T08:30:10.543Z [INFO] [http] GET /api/v1/notifications/unread-count
2026-09-05T08:30:40.232Z [INFO] [http] GET /api/v1/notifications/unread-count
2026-09-05T08:30:51.467Z [INFO] [slaReminder] SLA_SCAN cases=1 respRemind=0 respEsc=0 closureRemind=0 closureEsc=0 surveyExpired=0
2026-09-05T08:31:10.547Z [INFO] [http] GET /api/v1/notifications/unread-count
2026-09-05T08:31:40.236Z [INFO] [http] GET /api/v1/notifications/unread-count
2026-09-05T08:31:51.468Z [INFO] [slaReminder] SLA_SCAN cases=1 respRemind=0 respEsc=0 closureRemind=0 closureEsc=0 surveyExpired=0
2026-09-05T08:32:10.537Z [INFO] [http] GET /api/v1/notifications/unread-count
2026-09-05T08:32:40.243Z [INFO] [http] GET /api/v1/notifications/unread-count
2026-09-05T08:32:51.474Z [INFO] [slaReminder] SLA_SCAN cases=1 respRemind=0 respEsc=0 closureRemind=0 closureEsc=0 surveyExpired=0
2026-09-05T08:33:10.545Z [INFO] [http] GET /api/v1/notifications/unread-count
2026-09-05T08:33:40.232Z [INFO] [http] GET /api/v1/notifications/unread-count
2026-09-05T08:33:51.486Z [INFO] [slaReminder] SLA_SCAN cases=1 respRemind=0 respEsc=0 closureRemind=0 closureEsc=0 surveyExpired=0
2026-09-05T08:34:10.537Z [INFO] [http] GET /api/v1/notifications/unread-count
2026-09-05T08:34:40.538Z [INFO] [http] GET /api/v1/notifications/unread-count
2026-09-05T08:34:51.498Z [INFO] [slaReminder] SLA_SCAN cases=1 respRemind=0 respEsc=0 closureRemind=0 closureEsc=0 surveyExpired=0
2026-09-05T08:35:10.545Z [INFO] [http] GET /api/v1/notifications/unread-count
2026-09-05T08:35:40.538Z [INFO] [http] GET /api/v1/notifications/unread-count
2026-09-05T08:35:51.504Z [INFO] [slaReminder] SLA_SCAN cases=1 respRemind=0 respEsc=0 closureRemind=0 closureEsc=0 surveyExpired=0
2026-09-05T08:36:10.549Z [INFO] [http] GET /api/v1/notifications/unread-count
2026-09-05T08:36:40.551Z [INFO] [http] GET /api/v1/notifications/unread-count
2026-09-05T08:36:51.507Z [INFO] [slaReminder] SLA_SCAN cases=1 respRemind=0 respEsc=0 closureRemind=0 closureEsc=0 surveyExpired=0
2026-09-05T08:37:10.552Z [INFO] [http] GET /api/v1/notifications/unread-count
2026-09-05T08:37:40.551Z [INFO] [http] GET /api/v1/notifications/unread-count
2026-09-05T08:37:51.516Z [INFO] [slaReminder] SLA_SCAN cases=1 respRemind=0 respEsc=0 closureRemind=0 closureEsc=0 surveyExpired=0
2026-09-05T08:38:10.235Z [INFO] [http] GET /api/v1/notifications/unread-count
2026-09-05T08:38:40.542Z [INFO] [http] GET /api/v1/notifications/unread-count
2026-09-05T08:38:51.530Z [INFO] [slaReminder] SLA_SCAN cases=1 respRemind=0 respEsc=0 closureRemind=0 closureEsc=0 surveyExpired=0
2026-09-05T08:39:10.548Z [INFO] [http] GET /api/v1/notifications/unread-count
2026-09-05T08:39:40.553Z [INFO] [http] GET /api/v1/notifications/unread-count
2026-09-05T08:39:51.545Z [INFO] [slaReminder] SLA_SCAN cases=1 respRemind=0 respEsc=0 closureRemind=0 closureEsc=0 surveyExpired=0
2026-09-05T08:40:10.545Z [INFO] [http] GET /api/v1/notifications/unread-count
2026-09-05T08:40:40.233Z [INFO] [http] GET /api/v1/notifications/unread-count
2026-09-05T08:40:51.552Z [INFO] [slaReminder] SLA_SCAN cases=1 respRemind=0 respEsc=0 closureRemind=0 closureEsc=0 surveyExpired=0
2026-09-05T08:41:10.550Z [INFO] [http] GET /api/v1/notifications/unread-count
2026-09-05T08:41:40.238Z [INFO] [http] GET /api/v1/notifications/unread-count
2026-09-05T08:41:51.554Z [INFO] [slaReminder] SLA_SCAN cases=1 respRemind=0 respEsc=0 closureRemind=0 closureEsc=0 surveyExpired=0
2026-09-05T08:42:10.550Z [INFO] [http] GET /api/v1/notifications/unread-count
2026-09-05T08:42:40.239Z [INFO] [http] GET /api/v1/notifications/unread-count
2026-09-05T08:42:51.564Z [INFO] [slaReminder] SLA_SCAN cases=1 respRemind=0 respEsc=0 closureRemind=0 closureEsc=0 surveyExpired=0
2026-09-05T08:43:10.551Z [INFO] [http] GET /api/v1/notifications/unread-count
2026-09-05T08:43:40.550Z [INFO] [http] GET /api/v1/notifications/unread-count
2026-09-05T08:43:51.578Z [INFO] [slaReminder] SLA_SCAN cases=1 respRemind=0 respEsc=0 closureRemind=0 closureEsc=0 surveyExpired=0
2026-09-05T08:44:10.555Z [INFO] [http] GET /api/v1/notifications/unread-count
2026-09-05T08:44:40.534Z [INFO] [http] GET /api/v1/notifications/unread-count
2026-09-05T08:44:51.591Z [INFO] [slaReminder] SLA_SCAN cases=1 respRemind=0 respEsc=0 closureRemind=0 closureEsc=0 surveyExpired=0
2026-09-05T08:45:10.231Z [INFO] [http] GET /api/v1/notifications/unread-count
2026-09-05T08:45:40.541Z [INFO] [http] GET /api/v1/notifications/unread-count
2026-09-05T08:45:51.606Z [INFO] [slaReminder] SLA_SCAN cases=1 respRemind=0 respEsc=0 closureRemind=0 closureEsc=0 surveyExpired=0
2026-09-05T08:46:10.231Z [INFO] [http] GET /api/v1/notifications/unread-count
2026-09-05T08:46:40.548Z [INFO] [http] GET /api/v1/notifications/unread-count
2026-09-05T08:46:51.613Z [INFO] [slaReminder] SLA_SCAN cases=1 respRemind=0 respEsc=0 closureRemind=0 closureEsc=0 surveyExpired=0
2026-09-05T08:47:10.237Z [INFO] [http] GET /api/v1/notifications/unread-count
2026-09-05T08:47:40.538Z [INFO] [http] GET /api/v1/notifications/unread-count
2026-09-05T08:47:51.617Z [INFO] [slaReminder] SLA_SCAN cases=1 respRemind=0 respEsc=0 closureRemind=0 closureEsc=0 surveyExpired=0
2026-09-05T08:48:10.226Z [INFO] [http] GET /api/v1/notifications/unread-count
2026-09-05T08:48:40.544Z [INFO] [http] GET /api/v1/notifications/unread-count
2026-09-05T08:48:51.622Z [INFO] [slaReminder] SLA_SCAN cases=1 respRemind=0 respEsc=0 closureRemind=0 closureEsc=0 surveyExpired=0
2026-09-05T08:49:10.555Z [INFO] [http] GET /api/v1/notifications/unread-count
2026-09-05T08:49:40.239Z [INFO] [http] GET /api/v1/notifications/unread-count
2026-09-05T08:49:51.634Z [INFO] [slaReminder] SLA_SCAN cases=1 respRemind=0 respEsc=0 closureRemind=0 closureEsc=0 surveyExpired=0
2026-09-05T08:50:10.543Z [INFO] [http] GET /api/v1/notifications/unread-count
2026-09-05T08:50:40.236Z [INFO] [http] GET /api/v1/notifications/unread-count
2026-09-05T08:50:51.649Z [INFO] [slaReminder] SLA_SCAN cases=1 respRemind=0 respEsc=0 closureRemind=0 closureEsc=0 surveyExpired=0
2026-09-05T08:51:10.543Z [INFO] [http] GET /api/v1/notifications/unread-count
2026-09-05T08:51:40.244Z [INFO] [http] GET /api/v1/notifications/unread-count
2026-09-05T08:51:51.648Z [INFO] [slaReminder] SLA_SCAN cases=1 respRemind=0 respEsc=0 closureRemind=0 closureEsc=0 surveyExpired=0
2026-09-05T08:52:10.542Z [INFO] [http] GET /api/v1/notifications/unread-count
2026-09-05T08:52:40.239Z [INFO] [http] GET /api/v1/notifications/unread-count
2026-09-05T08:52:51.653Z [INFO] [slaReminder] SLA_SCAN cases=1 respRemind=0 respEsc=0 closureRemind=0 closureEsc=0 surveyExpired=0
2026-09-05T08:53:10.554Z [INFO] [http] GET /api/v1/notifications/unread-count
2026-09-05T08:53:40.232Z [INFO] [http] GET /api/v1/notifications/unread-count
2026-09-05T08:53:51.667Z [INFO] [slaReminder] SLA_SCAN cases=1 respRemind=0 respEsc=0 closureRemind=0 closureEsc=0 surveyExpired=0
2026-09-05T08:54:10.540Z [INFO] [http] GET /api/v1/notifications/unread-count
2026-09-05T08:54:40.240Z [INFO] [http] GET /api/v1/notifications/unread-count
2026-09-05T08:54:51.677Z [INFO] [slaReminder] SLA_SCAN cases=1 respRemind=0 respEsc=0 closureRemind=0 closureEsc=0 surveyExpired=0
2026-09-05T08:55:10.541Z [INFO] [http] GET /api/v1/notifications/unread-count
2026-09-05T08:55:40.229Z [INFO] [http] GET /api/v1/notifications/unread-count
2026-09-05T08:55:51.689Z [INFO] [slaReminder] SLA_SCAN cases=1 respRemind=0 respEsc=0 closureRemind=0 closureEsc=0 surveyExpired=0
2026-09-05T08:56:10.552Z [INFO] [http] GET /api/v1/notifications/unread-count
2026-09-05T08:56:40.237Z [INFO] [http] GET /api/v1/notifications/unread-count
2026-09-05T08:56:51.691Z [INFO] [slaReminder] SLA_SCAN cases=1 respRemind=0 respEsc=0 closureRemind=0 closureEsc=0 surveyExpired=0
2026-09-05T08:57:10.540Z [INFO] [http] GET /api/v1/notifications/unread-count
2026-09-05T08:57:40.231Z [INFO] [http] GET /api/v1/notifications/unread-count
2026-09-05T08:57:51.706Z [INFO] [slaReminder] SLA_SCAN cases=1 respRemind=0 respEsc=0 closureRemind=0 closureEsc=0 surveyExpired=0
2026-09-05T08:58:10.543Z [INFO] [http] GET /api/v1/notifications/unread-count
2026-09-05T08:58:40.232Z [INFO] [http] GET /api/v1/notifications/unread-count
2026-09-05T08:58:51.712Z [INFO] [slaReminder] SLA_SCAN cases=1 respRemind=0 respEsc=0 closureRemind=0 closureEsc=0 surveyExpired=0
2026-09-05T08:59:10.569Z [INFO] [http] GET /api/v1/notifications/unread-count
2026-09-05T08:59:40.228Z [INFO] [http] GET /api/v1/notifications/unread-count
2026-09-05T08:59:51.721Z [INFO] [slaReminder] SLA_SCAN cases=1 respRemind=0 respEsc=0 closureRemind=0 closureEsc=0 surveyExpired=0
2026-09-05T09:00:10.551Z [INFO] [http] GET /api/v1/notifications/unread-count
2026-09-05T09:00:40.230Z [INFO] [http] GET /api/v1/notifications/unread-count
2026-09-05T09:00:51.723Z [INFO] [slaReminder] SLA_SCAN cases=1 respRemind=0 respEsc=0 closureRemind=0 closureEsc=0 surveyExpired=0
2026-09-05T09:01:10.548Z [INFO] [http] GET /api/v1/notifications/unread-count
2026-09-05T09:01:40.228Z [INFO] [http] GET /api/v1/notifications/unread-count
2026-09-05T09:01:51.735Z [INFO] [slaReminder] SLA_SCAN cases=1 respRemind=0 respEsc=0 closureRemind=0 closureEsc=0 surveyExpired=0
2026-09-05T09:02:10.542Z [INFO] [http] GET /api/v1/notifications/unread-count
2026-09-05T09:02:40.234Z [INFO] [http] GET /api/v1/notifications/unread-count
2026-09-05T09:02:51.745Z [INFO] [slaReminder] SLA_SCAN cases=1 respRemind=0 respEsc=0 closureRemind=0 closureEsc=0 surveyExpired=0
2026-09-05T09:03:10.541Z [INFO] [http] GET /api/v1/notifications/unread-count
2026-09-05T09:03:40.539Z [INFO] [http] GET /api/v1/notifications/unread-count
2026-09-05T09:03:51.753Z [INFO] [slaReminder] SLA_SCAN cases=1 respRemind=0 respEsc=0 closureRemind=0 closureEsc=0 surveyExpired=0
2026-09-05T09:04:10.549Z [INFO] [http] GET /api/v1/notifications/unread-count
2026-09-05T09:04:40.539Z [INFO] [http] GET /api/v1/notifications/unread-count
2026-09-05T09:04:51.755Z [INFO] [slaReminder] SLA_SCAN cases=1 respRemind=0 respEsc=0 closureRemind=0 closureEsc=0 surveyExpired=0
2026-09-05T09:05:10.240Z [INFO] [http] GET /api/v1/notifications/unread-count
2026-09-05T09:05:40.549Z [INFO] [http] GET /api/v1/notifications/unread-count
2026-09-05T09:05:51.764Z [INFO] [slaReminder] SLA_SCAN cases=1 respRemind=0 respEsc=0 closureRemind=0 closureEsc=0 surveyExpired=0
2026-09-05T09:06:10.235Z [INFO] [http] GET /api/v1/notifications/unread-count
2026-09-05T09:06:40.543Z [INFO] [http] GET /api/v1/notifications/unread-count
2026-09-05T09:06:51.779Z [INFO] [slaReminder] SLA_SCAN cases=1 respRemind=0 respEsc=0 closureRemind=0 closureEsc=0 surveyExpired=0
2026-09-05T09:07:10.238Z [INFO] [http] GET /api/v1/notifications/unread-count
2026-09-05T09:07:40.544Z [INFO] [http] GET /api/v1/notifications/unread-count
2026-09-05T09:07:51.791Z [INFO] [slaReminder] SLA_SCAN cases=1 respRemind=0 respEsc=0 closureRemind=0 closureEsc=0 surveyExpired=0
2026-09-05T09:08:10.235Z [INFO] [http] GET /api/v1/notifications/unread-count
2026-09-05T09:08:40.549Z [INFO] [http] GET /api/v1/notifications/unread-count
2026-09-05T09:08:51.802Z [INFO] [slaReminder] SLA_SCAN cases=1 respRemind=0 respEsc=0 closureRemind=0 closureEsc=0 surveyExpired=0
2026-09-05T09:09:10.229Z [INFO] [http] GET /api/v1/notifications/unread-count
2026-09-05T09:09:40.541Z [INFO] [http] GET /api/v1/notifications/unread-count
2026-09-05T09:09:51.801Z [INFO] [slaReminder] SLA_SCAN cases=1 respRemind=0 respEsc=0 closureRemind=0 closureEsc=0 surveyExpired=0
2026-09-05T09:10:10.539Z [INFO] [http] GET /api/v1/notifications/unread-count
2026-09-05T09:10:40.235Z [INFO] [http] GET /api/v1/notifications/unread-count
2026-09-05T09:10:51.812Z [INFO] [slaReminder] SLA_SCAN cases=1 respRemind=0 respEsc=0 closureRemind=0 closureEsc=0 surveyExpired=0
2026-09-05T09:11:10.544Z [INFO] [http] GET /api/v1/notifications/unread-count
2026-09-05T09:11:40.238Z [INFO] [http] GET /api/v1/notifications/unread-count
2026-09-05T09:11:51.819Z [INFO] [slaReminder] SLA_SCAN cases=1 respRemind=0 respEsc=0 closureRemind=0 closureEsc=0 surveyExpired=0
2026-09-05T09:12:10.549Z [INFO] [http] GET /api/v1/notifications/unread-count
2026-09-05T09:12:40.230Z [INFO] [http] GET /api/v1/notifications/unread-count
2026-09-05T09:12:51.824Z [INFO] [slaReminder] SLA_SCAN cases=1 respRemind=0 respEsc=0 closureRemind=0 closureEsc=0 surveyExpired=0
2026-09-05T09:13:10.545Z [INFO] [http] GET /api/v1/notifications/unread-count
2026-09-05T09:13:40.229Z [INFO] [http] GET /api/v1/notifications/unread-count
2026-09-05T09:13:51.829Z [INFO] [slaReminder] SLA_SCAN cases=1 respRemind=0 respEsc=0 closureRemind=0 closureEsc=0 surveyExpired=0
2026-09-05T09:14:10.551Z [INFO] [http] GET /api/v1/notifications/unread-count
2026-09-05T09:14:40.547Z [INFO] [http] GET /api/v1/notifications/unread-count
2026-09-05T09:14:51.832Z [INFO] [slaReminder] SLA_SCAN cases=1 respRemind=0 respEsc=0 closureRemind=0 closureEsc=0 surveyExpired=0
2026-09-05T09:15:10.239Z [INFO] [http] GET /api/v1/notifications/unread-count
2026-09-05T09:15:40.538Z [INFO] [http] GET /api/v1/notifications/unread-count
2026-09-05T09:15:51.849Z [INFO] [slaReminder] SLA_SCAN cases=1 respRemind=0 respEsc=0 closureRemind=0 closureEsc=0 surveyExpired=0
2026-09-05T09:16:10.241Z [INFO] [http] GET /api/v1/notifications/unread-count
2026-09-05T09:16:40.545Z [INFO] [http] GET /api/v1/notifications/unread-count
2026-09-05T09:16:51.852Z [INFO] [slaReminder] SLA_SCAN cases=1 respRemind=0 respEsc=0 closureRemind=0 closureEsc=0 surveyExpired=0
2026-09-05T09:17:10.225Z [INFO] [http] GET /api/v1/notifications/unread-count
2026-09-05T09:17:40.549Z [INFO] [http] GET /api/v1/notifications/unread-count
2026-09-05T09:17:51.856Z [INFO] [slaReminder] SLA_SCAN cases=1 respRemind=0 respEsc=0 closureRemind=0 closureEsc=0 surveyExpired=0
2026-09-05T09:18:10.232Z [INFO] [http] GET /api/v1/notifications/unread-count
2026-09-05T09:18:40.541Z [INFO] [http] GET /api/v1/notifications/unread-count
2026-09-05T09:18:51.858Z [INFO] [slaReminder] SLA_SCAN cases=1 respRemind=0 respEsc=0 closureRemind=0 closureEsc=0 surveyExpired=0
2026-09-05T09:19:10.536Z [INFO] [http] GET /api/v1/notifications/unread-count
2026-09-05T09:19:40.545Z [INFO] [http] GET /api/v1/notifications/unread-count
2026-09-05T09:19:51.868Z [INFO] [slaReminder] SLA_SCAN cases=1 respRemind=0 respEsc=0 closureRemind=0 closureEsc=0 surveyExpired=0
2026-09-05T09:20:10.234Z [INFO] [http] GET /api/v1/notifications/unread-count
2026-09-05T09:20:40.541Z [INFO] [http] GET /api/v1/notifications/unread-count
2026-09-05T09:20:51.871Z [INFO] [slaReminder] SLA_SCAN cases=1 respRemind=0 respEsc=0 closureRemind=0 closureEsc=0 surveyExpired=0
2026-09-05T09:21:10.246Z [INFO] [http] GET /api/v1/notifications/unread-count
2026-09-05T09:21:40.554Z [INFO] [http] GET /api/v1/notifications/unread-count
2026-09-05T09:21:51.884Z [INFO] [slaReminder] SLA_SCAN cases=1 respRemind=0 respEsc=0 closureRemind=0 closureEsc=0 surveyExpired=0
2026-09-05T09:22:10.234Z [INFO] [http] GET /api/v1/notifications/unread-count
2026-09-05T09:22:40.538Z [INFO] [http] GET /api/v1/notifications/unread-count
2026-09-05T09:22:51.900Z [INFO] [slaReminder] SLA_SCAN cases=1 respRemind=0 respEsc=0 closureRemind=0 closureEsc=0 surveyExpired=0
2026-09-05T09:23:10.229Z [INFO] [http] GET /api/v1/notifications/unread-count
2026-09-05T09:23:40.534Z [INFO] [http] GET /api/v1/notifications/unread-count
2026-09-05T09:23:51.903Z [INFO] [slaReminder] SLA_SCAN cases=1 respRemind=0 respEsc=0 closureRemind=0 closureEsc=0 surveyExpired=0
2026-09-05T09:24:10.535Z [INFO] [http] GET /api/v1/notifications/unread-count
2026-09-05T09:24:40.540Z [INFO] [http] GET /api/v1/notifications/unread-count
2026-09-05T09:24:51.919Z [INFO] [slaReminder] SLA_SCAN cases=1 respRemind=0 respEsc=0 closureRemind=0 closureEsc=0 surveyExpired=0
2026-09-05T09:25:10.545Z [INFO] [http] GET /api/v1/notifications/unread-count
2026-09-05T09:25:40.230Z [INFO] [http] GET /api/v1/notifications/unread-count
2026-09-05T09:25:51.921Z [INFO] [slaReminder] SLA_SCAN cases=1 respRemind=0 respEsc=0 closureRemind=0 closureEsc=0 surveyExpired=0
2026-09-05T09:26:10.557Z [INFO] [http] GET /api/v1/notifications/unread-count
2026-09-05T09:26:40.242Z [INFO] [http] GET /api/v1/notifications/unread-count
2026-09-05T09:26:51.924Z [INFO] [slaReminder] SLA_SCAN cases=1 respRemind=0 respEsc=0 closureRemind=0 closureEsc=0 surveyExpired=0
2026-09-05T09:27:10.542Z [INFO] [http] GET /api/v1/notifications/unread-count
2026-09-05T09:27:40.247Z [INFO] [http] GET /api/v1/notifications/unread-count
2026-09-05T09:27:51.929Z [INFO] [slaReminder] SLA_SCAN cases=1 respRemind=0 respEsc=0 closureRemind=0 closureEsc=0 surveyExpired=0
2026-09-05T09:28:10.544Z [INFO] [http] GET /api/v1/notifications/unread-count
2026-09-05T09:28:40.239Z [INFO] [http] GET /api/v1/notifications/unread-count
2026-09-05T09:28:51.938Z [INFO] [slaReminder] SLA_SCAN cases=1 respRemind=0 respEsc=0 closureRemind=0 closureEsc=0 surveyExpired=0
2026-09-05T09:29:10.541Z [INFO] [http] GET /api/v1/notifications/unread-count
2026-09-05T09:29:40.552Z [INFO] [http] GET /api/v1/notifications/unread-count
2026-09-05T09:29:51.952Z [INFO] [slaReminder] SLA_SCAN cases=1 respRemind=0 respEsc=0 closureRemind=0 closureEsc=0 surveyExpired=0
2026-09-05T09:30:10.544Z [INFO] [http] GET /api/v1/notifications/unread-count
2026-09-05T09:30:40.231Z [INFO] [http] GET /api/v1/notifications/unread-count
2026-09-05T09:30:51.958Z [INFO] [slaReminder] SLA_SCAN cases=1 respRemind=0 respEsc=0 closureRemind=0 closureEsc=0 surveyExpired=0
2026-09-05T09:31:10.532Z [INFO] [http] GET /api/v1/notifications/unread-count
2026-09-05T09:31:40.531Z [INFO] [http] GET /api/v1/notifications/unread-count
2026-09-05T09:31:51.963Z [INFO] [slaReminder] SLA_SCAN cases=1 respRemind=0 respEsc=0 closureRemind=0 closureEsc=0 surveyExpired=0
2026-09-05T09:32:10.233Z [INFO] [http] GET /api/v1/notifications/unread-count
2026-09-05T09:32:40.550Z [INFO] [http] GET /api/v1/notifications/unread-count
2026-09-05T09:32:51.972Z [INFO] [slaReminder] SLA_SCAN cases=1 respRemind=0 respEsc=0 closureRemind=0 closureEsc=0 surveyExpired=0
2026-09-05T09:33:10.226Z [INFO] [http] GET /api/v1/notifications/unread-count
2026-09-05T09:33:40.551Z [INFO] [http] GET /api/v1/notifications/unread-count
2026-09-05T09:33:51.975Z [INFO] [slaReminder] SLA_SCAN cases=1 respRemind=0 respEsc=0 closureRemind=0 closureEsc=0 surveyExpired=0
2026-09-05T09:34:10.550Z [INFO] [http] GET /api/v1/notifications/unread-count
2026-09-05T09:34:40.533Z [INFO] [http] GET /api/v1/notifications/unread-count
2026-09-05T09:34:51.989Z [INFO] [slaReminder] SLA_SCAN cases=1 respRemind=0 respEsc=0 closureRemind=0 closureEsc=0 surveyExpired=0
2026-09-05T09:35:10.548Z [INFO] [http] GET /api/v1/notifications/unread-count
2026-09-05T09:35:40.541Z [INFO] [http] GET /api/v1/notifications/unread-count
2026-09-05T09:35:52.004Z [INFO] [slaReminder] SLA_SCAN cases=1 respRemind=0 respEsc=0 closureRemind=0 closureEsc=0 surveyExpired=0
2026-09-05T09:36:10.550Z [INFO] [http] GET /api/v1/notifications/unread-count
2026-09-05T09:36:40.545Z [INFO] [http] GET /api/v1/notifications/unread-count
2026-09-05T09:36:52.009Z [INFO] [slaReminder] SLA_SCAN cases=1 respRemind=0 respEsc=0 closureRemind=0 closureEsc=0 surveyExpired=0
2026-09-05T09:37:10.238Z [INFO] [http] GET /api/v1/notifications/unread-count
2026-09-05T09:37:40.542Z [INFO] [http] GET /api/v1/notifications/unread-count
2026-09-05T09:37:52.011Z [INFO] [slaReminder] SLA_SCAN cases=1 respRemind=0 respEsc=0 closureRemind=0 closureEsc=0 surveyExpired=0
2026-09-05T09:38:10.544Z [INFO] [http] GET /api/v1/notifications/unread-count
2026-09-05T09:38:40.545Z [INFO] [http] GET /api/v1/notifications/unread-count
2026-09-05T09:38:52.018Z [INFO] [slaReminder] SLA_SCAN cases=1 respRemind=0 respEsc=0 closureRemind=0 closureEsc=0 surveyExpired=0
2026-09-05T09:39:10.556Z [INFO] [http] GET /api/v1/notifications/unread-count
2026-09-05T09:39:40.539Z [INFO] [http] GET /api/v1/notifications/unread-count
2026-09-05T09:39:52.031Z [INFO] [slaReminder] SLA_SCAN cases=1 respRemind=0 respEsc=0 closureRemind=0 closureEsc=0 surveyExpired=0
2026-09-05T09:40:10.546Z [INFO] [http] GET /api/v1/notifications/unread-count
2026-09-05T09:40:40.230Z [INFO] [http] GET /api/v1/notifications/unread-count
2026-09-05T09:40:52.047Z [INFO] [slaReminder] SLA_SCAN cases=1 respRemind=0 respEsc=0 closureRemind=0 closureEsc=0 surveyExpired=0
2026-09-05T09:41:10.548Z [INFO] [http] GET /api/v1/notifications/unread-count
2026-09-05T09:41:40.224Z [INFO] [http] GET /api/v1/notifications/unread-count
2026-09-05T09:41:52.062Z [INFO] [slaReminder] SLA_SCAN cases=1 respRemind=0 respEsc=0 closureRemind=0 closureEsc=0 surveyExpired=0
2026-09-05T09:42:10.545Z [INFO] [http] GET /api/v1/notifications/unread-count
2026-09-05T09:42:40.238Z [INFO] [http] GET /api/v1/notifications/unread-count
2026-09-05T09:42:52.071Z [INFO] [slaReminder] SLA_SCAN cases=1 respRemind=0 respEsc=0 closureRemind=0 closureEsc=0 surveyExpired=0
2026-09-05T09:43:10.540Z [INFO] [http] GET /api/v1/notifications/unread-count
2026-09-05T09:43:40.225Z [INFO] [http] GET /api/v1/notifications/unread-count
2026-09-05T09:43:52.082Z [INFO] [slaReminder] SLA_SCAN cases=1 respRemind=0 respEsc=0 closureRemind=0 closureEsc=0 surveyExpired=0
2026-09-05T09:44:10.555Z [INFO] [http] GET /api/v1/notifications/unread-count
2026-09-05T09:44:40.545Z [INFO] [http] GET /api/v1/notifications/unread-count
2026-09-05T09:44:52.086Z [INFO] [slaReminder] SLA_SCAN cases=1 respRemind=0 respEsc=0 closureRemind=0 closureEsc=0 surveyExpired=0
2026-09-05T09:45:10.539Z [INFO] [http] GET /api/v1/notifications/unread-count
2026-09-05T09:45:40.546Z [INFO] [http] GET /api/v1/notifications/unread-count
2026-09-05T09:45:52.098Z [INFO] [slaReminder] SLA_SCAN cases=1 respRemind=0 respEsc=0 closureRemind=0 closureEsc=0 surveyExpired=0
2026-09-05T09:46:10.231Z [INFO] [http] GET /api/v1/notifications/unread-count
2026-09-05T09:46:40.540Z [INFO] [http] GET /api/v1/notifications/unread-count
2026-09-05T09:46:52.106Z [INFO] [slaReminder] SLA_SCAN cases=1 respRemind=0 respEsc=0 closureRemind=0 closureEsc=0 surveyExpired=0
2026-09-05T09:47:10.234Z [INFO] [http] GET /api/v1/notifications/unread-count
2026-09-05T09:47:40.542Z [INFO] [http] GET /api/v1/notifications/unread-count
2026-09-05T09:47:52.113Z [INFO] [slaReminder] SLA_SCAN cases=1 respRemind=0 respEsc=0 closureRemind=0 closureEsc=0 surveyExpired=0
2026-09-05T09:48:10.230Z [INFO] [http] GET /api/v1/notifications/unread-count
2026-09-05T09:48:40.545Z [INFO] [http] GET /api/v1/notifications/unread-count
2026-09-05T09:48:52.125Z [INFO] [slaReminder] SLA_SCAN cases=1 respRemind=0 respEsc=0 closureRemind=0 closureEsc=0 surveyExpired=0
2026-09-05T09:49:10.238Z [INFO] [http] GET /api/v1/notifications/unread-count
2026-09-05T09:49:40.539Z [INFO] [http] GET /api/v1/notifications/unread-count
2026-09-05T09:49:52.134Z [INFO] [slaReminder] SLA_SCAN cases=1 respRemind=0 respEsc=0 closureRemind=0 closureEsc=0 surveyExpired=0
2026-09-05T09:50:10.231Z [INFO] [http] GET /api/v1/notifications/unread-count
2026-09-05T09:50:40.548Z [INFO] [http] GET /api/v1/notifications/unread-count
2026-09-05T09:50:52.136Z [INFO] [slaReminder] SLA_SCAN cases=1 respRemind=0 respEsc=0 closureRemind=0 closureEsc=0 surveyExpired=0
2026-09-05T09:51:10.233Z [INFO] [http] GET /api/v1/notifications/unread-count
2026-09-05T09:51:40.547Z [INFO] [http] GET /api/v1/notifications/unread-count
2026-09-05T09:51:52.136Z [INFO] [slaReminder] SLA_SCAN cases=1 respRemind=0 respEsc=0 closureRemind=0 closureEsc=0 surveyExpired=0
2026-09-05T09:52:10.235Z [INFO] [http] GET /api/v1/notifications/unread-count
2026-09-05T09:52:40.544Z [INFO] [http] GET /api/v1/notifications/unread-count
2026-09-05T09:52:52.140Z [INFO] [slaReminder] SLA_SCAN cases=1 respRemind=0 respEsc=0 closureRemind=0 closureEsc=0 surveyExpired=0
2026-09-05T09:53:10.232Z [INFO] [http] GET /api/v1/notifications/unread-count
2026-09-05T09:53:40.549Z [INFO] [http] GET /api/v1/notifications/unread-count
2026-09-05T09:53:52.154Z [INFO] [slaReminder] SLA_SCAN cases=1 respRemind=0 respEsc=0 closureRemind=0 closureEsc=0 surveyExpired=0
2026-09-05T09:54:10.233Z [INFO] [http] GET /api/v1/notifications/unread-count
2026-09-05T09:54:40.534Z [INFO] [http] GET /api/v1/notifications/unread-count
2026-09-05T09:54:52.160Z [INFO] [slaReminder] SLA_SCAN cases=1 respRemind=0 respEsc=0 closureRemind=0 closureEsc=0 surveyExpired=0
2026-09-05T09:55:10.222Z [INFO] [http] GET /api/v1/notifications/unread-count
2026-09-05T09:55:40.546Z [INFO] [http] GET /api/v1/notifications/unread-count
2026-09-05T09:55:52.171Z [INFO] [slaReminder] SLA_SCAN cases=1 respRemind=0 respEsc=0 closureRemind=0 closureEsc=0 surveyExpired=0
2026-09-05T09:56:10.231Z [INFO] [http] GET /api/v1/notifications/unread-count
2026-09-05T09:56:40.546Z [INFO] [http] GET /api/v1/notifications/unread-count
2026-09-05T09:56:52.184Z [INFO] [slaReminder] SLA_SCAN cases=1 respRemind=0 respEsc=0 closureRemind=0 closureEsc=0 surveyExpired=0
2026-09-05T09:57:10.224Z [INFO] [http] GET /api/v1/notifications/unread-count
2026-09-05T09:57:40.542Z [INFO] [http] GET /api/v1/notifications/unread-count
2026-09-05T09:57:52.192Z [INFO] [slaReminder] SLA_SCAN cases=1 respRemind=0 respEsc=0 closureRemind=0 closureEsc=0 surveyExpired=0
2026-09-05T09:58:10.223Z [INFO] [http] GET /api/v1/notifications/unread-count
2026-09-05T09:58:40.538Z [INFO] [http] GET /api/v1/notifications/unread-count
2026-09-05T09:58:52.204Z [INFO] [slaReminder] SLA_SCAN cases=1 respRemind=0 respEsc=0 closureRemind=0 closureEsc=0 surveyExpired=0
2026-09-05T09:59:10.236Z [INFO] [http] GET /api/v1/notifications/unread-count
2026-09-05T09:59:40.542Z [INFO] [http] GET /api/v1/notifications/unread-count
2026-09-05T09:59:52.218Z [INFO] [slaReminder] SLA_SCAN cases=1 respRemind=0 respEsc=0 closureRemind=0 closureEsc=0 surveyExpired=0
2026-09-05T10:00:10.225Z [INFO] [http] GET /api/v1/notifications/unread-count
2026-09-05T10:00:40.542Z [INFO] [http] GET /api/v1/notifications/unread-count
2026-09-05T10:00:52.223Z [INFO] [slaReminder] SLA_SCAN cases=1 respRemind=0 respEsc=0 closureRemind=0 closureEsc=0 surveyExpired=0
2026-09-05T10:01:10.238Z [INFO] [http] GET /api/v1/notifications/unread-count
2026-09-05T10:01:40.538Z [INFO] [http] GET /api/v1/notifications/unread-count
2026-09-05T10:01:52.230Z [INFO] [slaReminder] SLA_SCAN cases=1 respRemind=0 respEsc=0 closureRemind=0 closureEsc=0 surveyExpired=0
2026-09-05T10:02:10.226Z [INFO] [http] GET /api/v1/notifications/unread-count
2026-09-05T10:02:40.540Z [INFO] [http] GET /api/v1/notifications/unread-count
2026-09-05T10:02:52.245Z [INFO] [slaReminder] SLA_SCAN cases=1 respRemind=0 respEsc=0 closureRemind=0 closureEsc=0 surveyExpired=0
2026-09-05T10:03:10.233Z [INFO] [http] GET /api/v1/notifications/unread-count
2026-09-05T10:03:40.536Z [INFO] [http] GET /api/v1/notifications/unread-count
2026-09-05T10:03:52.248Z [INFO] [slaReminder] SLA_SCAN cases=1 respRemind=0 respEsc=0 closureRemind=0 closureEsc=0 surveyExpired=0
2026-09-05T10:04:10.225Z [INFO] [http] GET /api/v1/notifications/unread-count
2026-09-05T10:04:40.539Z [INFO] [http] GET /api/v1/notifications/unread-count
2026-09-05T10:04:52.254Z [INFO] [slaReminder] SLA_SCAN cases=1 respRemind=0 respEsc=0 closureRemind=0 closureEsc=0 surveyExpired=0
2026-09-05T10:05:10.236Z [INFO] [http] GET /api/v1/notifications/unread-count
2026-09-05T10:05:40.533Z [INFO] [http] GET /api/v1/notifications/unread-count
2026-09-05T10:05:52.253Z [INFO] [slaReminder] SLA_SCAN cases=1 respRemind=0 respEsc=0 closureRemind=0 closureEsc=0 surveyExpired=0
2026-09-05T10:06:10.534Z [INFO] [http] GET /api/v1/notifications/unread-count
2026-09-05T10:06:40.545Z [INFO] [http] GET /api/v1/notifications/unread-count
2026-09-05T10:06:52.268Z [INFO] [slaReminder] SLA_SCAN cases=1 respRemind=0 respEsc=0 closureRemind=0 closureEsc=0 surveyExpired=0
2026-09-05T10:07:10.542Z [INFO] [http] GET /api/v1/notifications/unread-count
2026-09-05T10:07:40.532Z [INFO] [http] GET /api/v1/notifications/unread-count
2026-09-05T10:07:52.283Z [INFO] [slaReminder] SLA_SCAN cases=1 respRemind=0 respEsc=0 closureRemind=0 closureEsc=0 surveyExpired=0
2026-09-05T10:08:10.544Z [INFO] [http] GET /api/v1/notifications/unread-count
2026-09-05T10:08:40.547Z [INFO] [http] GET /api/v1/notifications/unread-count
2026-09-05T10:08:52.287Z [INFO] [slaReminder] SLA_SCAN cases=1 respRemind=0 respEsc=0 closureRemind=0 closureEsc=0 surveyExpired=0
2026-09-05T10:09:10.541Z [INFO] [http] GET /api/v1/notifications/unread-count
2026-09-05T10:09:40.537Z [INFO] [http] GET /api/v1/notifications/unread-count
2026-09-05T10:09:52.298Z [INFO] [slaReminder] SLA_SCAN cases=1 respRemind=0 respEsc=0 closureRemind=0 closureEsc=0 surveyExpired=0
2026-09-05T10:10:10.549Z [INFO] [http] GET /api/v1/notifications/unread-count
2026-09-05T10:10:40.237Z [INFO] [http] GET /api/v1/notifications/unread-count
2026-09-05T10:10:52.306Z [INFO] [slaReminder] SLA_SCAN cases=1 respRemind=0 respEsc=0 closureRemind=0 closureEsc=0 surveyExpired=0
2026-09-05T10:11:10.545Z [INFO] [http] GET /api/v1/notifications/unread-count
2026-09-05T10:11:40.226Z [INFO] [http] GET /api/v1/notifications/unread-count
2026-09-05T10:11:52.317Z [INFO] [slaReminder] SLA_SCAN cases=1 respRemind=0 respEsc=0 closureRemind=0 closureEsc=0 surveyExpired=0
2026-09-05T10:12:10.546Z [INFO] [http] GET /api/v1/notifications/unread-count
2026-09-05T10:12:40.224Z [INFO] [http] GET /api/v1/notifications/unread-count
2026-09-05T10:12:52.326Z [INFO] [slaReminder] SLA_SCAN cases=1 respRemind=0 respEsc=0 closureRemind=0 closureEsc=0 surveyExpired=0
2026-09-05T10:13:10.541Z [INFO] [http] GET /api/v1/notifications/unread-count
2026-09-05T10:13:40.544Z [INFO] [http] GET /api/v1/notifications/unread-count
2026-09-05T10:13:52.335Z [INFO] [slaReminder] SLA_SCAN cases=1 respRemind=0 respEsc=0 closureRemind=0 closureEsc=0 surveyExpired=0
2026-09-05T10:14:10.560Z [INFO] [http] GET /api/v1/notifications/unread-count
2026-09-05T10:14:40.537Z [INFO] [http] GET /api/v1/notifications/unread-count
2026-09-05T10:14:52.347Z [INFO] [slaReminder] SLA_SCAN cases=1 respRemind=0 respEsc=0 closureRemind=0 closureEsc=0 surveyExpired=0
2026-09-05T10:15:10.542Z [INFO] [http] GET /api/v1/notifications/unread-count
2026-09-05T10:15:40.536Z [INFO] [http] GET /api/v1/notifications/unread-count
2026-09-05T10:15:52.355Z [INFO] [slaReminder] SLA_SCAN cases=1 respRemind=0 respEsc=0 closureRemind=0 closureEsc=0 surveyExpired=0
2026-09-05T10:16:10.553Z [INFO] [http] GET /api/v1/notifications/unread-count
2026-09-05T10:16:40.538Z [INFO] [http] GET /api/v1/notifications/unread-count
2026-09-05T10:16:52.364Z [INFO] [slaReminder] SLA_SCAN cases=1 respRemind=0 respEsc=0 closureRemind=0 closureEsc=0 surveyExpired=0
2026-09-05T10:17:10.548Z [INFO] [http] GET /api/v1/notifications/unread-count
2026-09-05T10:17:40.544Z [INFO] [http] GET /api/v1/notifications/unread-count
2026-09-05T10:17:52.372Z [INFO] [slaReminder] SLA_SCAN cases=1 respRemind=0 respEsc=0 closureRemind=0 closureEsc=0 surveyExpired=0
2026-09-05T10:18:10.546Z [INFO] [http] GET /api/v1/notifications/unread-count
2026-09-05T10:18:40.538Z [INFO] [http] GET /api/v1/notifications/unread-count
2026-09-05T10:18:52.374Z [INFO] [slaReminder] SLA_SCAN cases=1 respRemind=0 respEsc=0 closureRemind=0 closureEsc=0 surveyExpired=0
2026-09-05T10:19:10.546Z [INFO] [http] GET /api/v1/notifications/unread-count
2026-09-05T10:19:40.543Z [INFO] [http] GET /api/v1/notifications/unread-count
2026-09-05T10:19:52.389Z [INFO] [slaReminder] SLA_SCAN cases=1 respRemind=0 respEsc=0 closureRemind=0 closureEsc=0 surveyExpired=0
2026-09-05T10:20:10.584Z [INFO] [http] GET /api/v1/notifications/unread-count
2026-09-05T10:20:40.648Z [INFO] [http] GET /api/v1/notifications/unread-count
2026-09-05T10:20:52.400Z [INFO] [slaReminder] SLA_SCAN cases=1 respRemind=0 respEsc=0 closureRemind=0 closureEsc=0 surveyExpired=0
2026-09-05T10:21:10.542Z [INFO] [http] GET /api/v1/notifications/unread-count
2026-09-05T10:21:40.568Z [INFO] [http] GET /api/v1/notifications/unread-count
2026-09-05T10:21:52.412Z [INFO] [slaReminder] SLA_SCAN cases=1 respRemind=0 respEsc=0 closureRemind=0 closureEsc=0 surveyExpired=0
2026-09-05T10:22:10.569Z [INFO] [http] GET /api/v1/notifications/unread-count
2026-09-05T10:22:40.550Z [INFO] [http] GET /api/v1/notifications/unread-count
2026-09-05T10:22:52.426Z [INFO] [slaReminder] SLA_SCAN cases=1 respRemind=0 respEsc=0 closureRemind=0 closureEsc=0 surveyExpired=0
2026-09-05T10:23:10.555Z [INFO] [http] GET /api/v1/notifications/unread-count
2026-09-05T10:23:40.564Z [INFO] [http] GET /api/v1/notifications/unread-count
2026-09-05T10:23:52.440Z [INFO] [slaReminder] SLA_SCAN cases=1 respRemind=0 respEsc=0 closureRemind=0 closureEsc=0 surveyExpired=0
2026-09-05T10:24:10.566Z [INFO] [http] GET /api/v1/notifications/unread-count
2026-09-05T10:24:40.543Z [INFO] [http] GET /api/v1/notifications/unread-count
2026-09-05T10:24:52.447Z [INFO] [slaReminder] SLA_SCAN cases=1 respRemind=0 respEsc=0 closureRemind=0 closureEsc=0 surveyExpired=0
2026-09-05T10:25:10.223Z [INFO] [http] GET /api/v1/notifications/unread-count
2026-09-05T10:25:40.552Z [INFO] [http] GET /api/v1/notifications/unread-count
2026-09-05T10:25:52.484Z [INFO] [slaReminder] SLA_SCAN cases=1 respRemind=0 respEsc=0 closureRemind=0 closureEsc=0 surveyExpired=0
2026-09-05T10:26:10.540Z [INFO] [http] GET /api/v1/notifications/unread-count
2026-09-05T10:26:40.539Z [INFO] [http] GET /api/v1/notifications/unread-count
2026-09-05T10:26:52.485Z [INFO] [slaReminder] SLA_SCAN cases=1 respRemind=0 respEsc=0 closureRemind=0 closureEsc=0 surveyExpired=0
2026-09-05T10:27:10.536Z [INFO] [http] GET /api/v1/notifications/unread-count
2026-09-05T10:27:40.230Z [INFO] [http] GET /api/v1/notifications/unread-count
2026-09-05T10:27:52.500Z [INFO] [slaReminder] SLA_SCAN cases=1 respRemind=0 respEsc=0 closureRemind=0 closureEsc=0 surveyExpired=0
2026-09-05T10:28:10.541Z [INFO] [http] GET /api/v1/notifications/unread-count
2026-09-05T10:28:40.243Z [INFO] [http] GET /api/v1/notifications/unread-count
2026-09-05T10:28:52.514Z [INFO] [slaReminder] SLA_SCAN cases=1 respRemind=0 respEsc=0 closureRemind=0 closureEsc=0 surveyExpired=0
2026-09-05T10:29:10.536Z [INFO] [http] GET /api/v1/notifications/unread-count
2026-09-05T10:29:40.542Z [INFO] [http] GET /api/v1/notifications/unread-count
2026-09-05T10:29:52.526Z [INFO] [slaReminder] SLA_SCAN cases=1 respRemind=0 respEsc=0 closureRemind=0 closureEsc=0 surveyExpired=0
2026-09-05T10:30:10.548Z [INFO] [http] GET /api/v1/notifications/unread-count
2026-09-05T10:30:40.268Z [INFO] [http] GET /api/v1/notifications/unread-count
2026-09-05T10:30:52.556Z [INFO] [slaReminder] SLA_SCAN cases=1 respRemind=0 respEsc=0 closureRemind=0 closureEsc=0 surveyExpired=0
2026-09-05T10:31:10.553Z [INFO] [http] GET /api/v1/notifications/unread-count
2026-09-05T10:31:40.686Z [INFO] [http] GET /api/v1/notifications/unread-count
2026-09-05T10:31:52.574Z [INFO] [slaReminder] SLA_SCAN cases=1 respRemind=0 respEsc=0 closureRemind=0 closureEsc=0 surveyExpired=0
2026-09-05T10:32:10.566Z [INFO] [http] GET /api/v1/notifications/unread-count
2026-09-05T10:32:41.039Z [INFO] [http] GET /api/v1/notifications/unread-count
2026-09-05T10:32:52.620Z [INFO] [slaReminder] SLA_SCAN cases=1 respRemind=0 respEsc=0 closureRemind=0 closureEsc=0 surveyExpired=0
2026-09-05T10:33:10.562Z [INFO] [http] GET /api/v1/notifications/unread-count
2026-09-05T10:33:40.562Z [INFO] [http] GET /api/v1/notifications/unread-count
2026-09-05T10:33:52.631Z [INFO] [slaReminder] SLA_SCAN cases=1 respRemind=0 respEsc=0 closureRemind=0 closureEsc=0 surveyExpired=0
2026-09-05T10:34:10.592Z [INFO] [http] GET /api/v1/notifications/unread-count
2026-09-05T10:34:40.535Z [INFO] [http] GET /api/v1/notifications/unread-count
2026-09-05T10:34:52.636Z [INFO] [slaReminder] SLA_SCAN cases=1 respRemind=0 respEsc=0 closureRemind=0 closureEsc=0 surveyExpired=0
2026-09-05T10:35:10.535Z [INFO] [http] GET /api/v1/notifications/unread-count
2026-09-05T10:35:40.559Z [INFO] [http] GET /api/v1/notifications/unread-count
2026-09-05T10:35:52.660Z [INFO] [slaReminder] SLA_SCAN cases=1 respRemind=0 respEsc=0 closureRemind=0 closureEsc=0 surveyExpired=0
2026-09-05T10:36:10.263Z [INFO] [http] GET /api/v1/notifications/unread-count
2026-09-05T10:36:40.586Z [INFO] [http] GET /api/v1/notifications/unread-count
2026-09-05T10:36:52.661Z [INFO] [slaReminder] SLA_SCAN cases=1 respRemind=0 respEsc=0 closureRemind=0 closureEsc=0 surveyExpired=0
2026-09-05T10:37:10.228Z [INFO] [http] GET /api/v1/notifications/unread-count
2026-09-05T10:37:40.549Z [INFO] [http] GET /api/v1/notifications/unread-count
2026-09-05T10:37:52.673Z [INFO] [slaReminder] SLA_SCAN cases=1 respRemind=0 respEsc=0 closureRemind=0 closureEsc=0 surveyExpired=0
2026-09-05T10:38:10.282Z [INFO] [http] GET /api/v1/notifications/unread-count
2026-09-05T10:38:40.559Z [INFO] [http] GET /api/v1/notifications/unread-count
2026-09-05T10:38:52.698Z [INFO] [slaReminder] SLA_SCAN cases=1 respRemind=0 respEsc=0 closureRemind=0 closureEsc=0 surveyExpired=0
2026-09-05T10:39:10.535Z [INFO] [http] GET /api/v1/notifications/unread-count
2026-09-05T10:39:40.536Z [INFO] [http] GET /api/v1/notifications/unread-count
2026-09-05T10:39:52.728Z [INFO] [slaReminder] SLA_SCAN cases=1 respRemind=0 respEsc=0 closureRemind=0 closureEsc=0 surveyExpired=0
2026-09-05T10:40:10.541Z [INFO] [http] GET /api/v1/notifications/unread-count
2026-09-05T10:40:40.223Z [INFO] [http] GET /api/v1/notifications/unread-count
2026-09-05T10:40:52.732Z [INFO] [slaReminder] SLA_SCAN cases=1 respRemind=0 respEsc=0 closureRemind=0 closureEsc=0 surveyExpired=0
2026-09-05T10:41:10.543Z [INFO] [http] GET /api/v1/notifications/unread-count
2026-09-05T10:41:40.224Z [INFO] [http] GET /api/v1/notifications/unread-count
2026-09-05T10:41:52.746Z [INFO] [slaReminder] SLA_SCAN cases=1 respRemind=0 respEsc=0 closureRemind=0 closureEsc=0 surveyExpired=0
2026-09-05T10:42:10.543Z [INFO] [http] GET /api/v1/notifications/unread-count
2026-09-05T10:42:40.230Z [INFO] [http] GET /api/v1/notifications/unread-count
2026-09-05T10:42:52.759Z [INFO] [slaReminder] SLA_SCAN cases=1 respRemind=0 respEsc=0 closureRemind=0 closureEsc=0 surveyExpired=0
2026-09-05T10:43:10.557Z [INFO] [http] GET /api/v1/notifications/unread-count
2026-09-05T10:43:40.240Z [INFO] [http] GET /api/v1/notifications/unread-count
2026-09-05T10:43:52.781Z [INFO] [slaReminder] SLA_SCAN cases=1 respRemind=0 respEsc=0 closureRemind=0 closureEsc=0 surveyExpired=0
2026-09-05T10:44:10.677Z [INFO] [http] GET /api/v1/notifications/unread-count
2026-09-05T10:44:40.725Z [INFO] [http] GET /api/v1/notifications/unread-count
2026-09-05T10:44:52.816Z [INFO] [slaReminder] SLA_SCAN cases=1 respRemind=0 respEsc=0 closureRemind=0 closureEsc=0 surveyExpired=0
2026-09-05T10:45:10.538Z [INFO] [http] GET /api/v1/notifications/unread-count
2026-09-05T10:45:40.818Z [INFO] [http] GET /api/v1/notifications/unread-count
2026-09-05T10:45:52.851Z [INFO] [slaReminder] SLA_SCAN cases=1 respRemind=0 respEsc=0 closureRemind=0 closureEsc=0 surveyExpired=0
2026-09-05T10:46:10.524Z [INFO] [http] GET /api/v1/notifications/unread-count
2026-09-05T10:46:40.713Z [INFO] [http] GET /api/v1/notifications/unread-count
2026-09-05T10:46:52.862Z [INFO] [slaReminder] SLA_SCAN cases=1 respRemind=0 respEsc=0 closureRemind=0 closureEsc=0 surveyExpired=0
2026-09-05T10:47:10.228Z [INFO] [http] GET /api/v1/notifications/unread-count
2026-09-05T10:47:40.566Z [INFO] [http] GET /api/v1/notifications/unread-count
2026-09-05T10:47:52.891Z [INFO] [slaReminder] SLA_SCAN cases=1 respRemind=0 respEsc=0 closureRemind=0 closureEsc=0 surveyExpired=0
2026-09-05T10:48:10.243Z [INFO] [http] GET /api/v1/notifications/unread-count
2026-09-05T10:48:40.728Z [INFO] [http] GET /api/v1/notifications/unread-count
2026-09-05T10:48:52.916Z [INFO] [slaReminder] SLA_SCAN cases=1 respRemind=0 respEsc=0 closureRemind=0 closureEsc=0 surveyExpired=0
2026-09-05T10:49:10.538Z [INFO] [http] GET /api/v1/notifications/unread-count
2026-09-05T10:49:40.377Z [INFO] [http] GET /api/v1/notifications/unread-count
2026-09-05T10:49:52.931Z [INFO] [slaReminder] SLA_SCAN cases=1 respRemind=0 respEsc=0 closureRemind=0 closureEsc=0 surveyExpired=0
2026-09-05T10:50:10.535Z [INFO] [http] GET /api/v1/notifications/unread-count
2026-09-05T10:50:40.235Z [INFO] [http] GET /api/v1/notifications/unread-count
2026-09-05T10:50:52.942Z [INFO] [slaReminder] SLA_SCAN cases=1 respRemind=0 respEsc=0 closureRemind=0 closureEsc=0 surveyExpired=0
2026-09-05T10:51:10.539Z [INFO] [http] GET /api/v1/notifications/unread-count
2026-09-05T10:51:40.231Z [INFO] [http] GET /api/v1/notifications/unread-count
2026-09-05T10:51:52.949Z [INFO] [slaReminder] SLA_SCAN cases=1 respRemind=0 respEsc=0 closureRemind=0 closureEsc=0 surveyExpired=0
2026-09-05T10:52:10.546Z [INFO] [http] GET /api/v1/notifications/unread-count
2026-09-05T10:52:40.229Z [INFO] [http] GET /api/v1/notifications/unread-count
2026-09-05T10:52:52.954Z [INFO] [slaReminder] SLA_SCAN cases=1 respRemind=0 respEsc=0 closureRemind=0 closureEsc=0 surveyExpired=0
2026-09-05T10:53:10.547Z [INFO] [http] GET /api/v1/notifications/unread-count
2026-09-05T10:53:40.251Z [INFO] [http] GET /api/v1/notifications/unread-count
2026-09-05T10:53:52.956Z [INFO] [slaReminder] SLA_SCAN cases=1 respRemind=0 respEsc=0 closureRemind=0 closureEsc=0 surveyExpired=0
2026-09-05T10:54:10.564Z [INFO] [http] GET /api/v1/notifications/unread-count
2026-09-05T10:54:40.223Z [INFO] [http] GET /api/v1/notifications/unread-count
2026-09-05T10:54:52.960Z [INFO] [slaReminder] SLA_SCAN cases=1 respRemind=0 respEsc=0 closureRemind=0 closureEsc=0 surveyExpired=0
2026-09-05T10:55:10.542Z [INFO] [http] GET /api/v1/notifications/unread-count
2026-09-05T10:55:40.386Z [INFO] [http] GET /api/v1/notifications/unread-count
2026-09-05T10:55:52.962Z [INFO] [slaReminder] SLA_SCAN cases=1 respRemind=0 respEsc=0 closureRemind=0 closureEsc=0 surveyExpired=0
2026-09-05T10:56:10.589Z [INFO] [http] GET /api/v1/notifications/unread-count
2026-09-05T10:56:40.226Z [INFO] [http] GET /api/v1/notifications/unread-count
2026-09-05T10:56:52.970Z [INFO] [slaReminder] SLA_SCAN cases=1 respRemind=0 respEsc=0 closureRemind=0 closureEsc=0 surveyExpired=0
2026-09-05T10:57:10.546Z [INFO] [http] GET /api/v1/notifications/unread-count
2026-09-05T10:57:40.232Z [INFO] [http] GET /api/v1/notifications/unread-count
2026-09-05T10:57:52.973Z [INFO] [slaReminder] SLA_SCAN cases=1 respRemind=0 respEsc=0 closureRemind=0 closureEsc=0 surveyExpired=0
2026-09-05T10:58:10.547Z [INFO] [http] GET /api/v1/notifications/unread-count
2026-09-05T10:58:40.230Z [INFO] [http] GET /api/v1/notifications/unread-count
2026-09-05T10:58:52.975Z [INFO] [slaReminder] SLA_SCAN cases=1 respRemind=0 respEsc=0 closureRemind=0 closureEsc=0 surveyExpired=0
2026-09-05T10:59:10.565Z [INFO] [http] GET /api/v1/notifications/unread-count
2026-09-05T10:59:40.227Z [INFO] [http] GET /api/v1/notifications/unread-count
2026-09-05T10:59:52.991Z [INFO] [slaReminder] SLA_SCAN cases=1 respRemind=0 respEsc=0 closureRemind=0 closureEsc=0 surveyExpired=0
2026-09-05T11:00:10.538Z [INFO] [http] GET /api/v1/notifications/unread-count
2026-09-05T11:00:40.226Z [INFO] [http] GET /api/v1/notifications/unread-count
2026-09-05T11:00:53.005Z [INFO] [slaReminder] SLA_SCAN cases=1 respRemind=0 respEsc=0 closureRemind=0 closureEsc=0 surveyExpired=0
2026-09-05T11:01:10.540Z [INFO] [http] GET /api/v1/notifications/unread-count
2026-09-05T11:01:40.235Z [INFO] [http] GET /api/v1/notifications/unread-count
2026-09-05T11:01:53.009Z [INFO] [slaReminder] SLA_SCAN cases=1 respRemind=0 respEsc=0 closureRemind=0 closureEsc=0 surveyExpired=0
2026-09-05T11:02:10.534Z [INFO] [http] GET /api/v1/notifications/unread-count
2026-09-05T11:02:40.234Z [INFO] [http] GET /api/v1/notifications/unread-count
2026-09-05T11:02:53.018Z [INFO] [slaReminder] SLA_SCAN cases=1 respRemind=0 respEsc=0 closureRemind=0 closureEsc=0 surveyExpired=0
2026-09-05T11:03:10.532Z [INFO] [http] GET /api/v1/notifications/unread-count
2026-09-05T11:03:40.233Z [INFO] [http] GET /api/v1/notifications/unread-count
2026-09-05T11:03:53.027Z [INFO] [slaReminder] SLA_SCAN cases=1 respRemind=0 respEsc=0 closureRemind=0 closureEsc=0 surveyExpired=0
2026-09-05T11:04:10.634Z [INFO] [http] GET /api/v1/notifications/unread-count
2026-09-05T11:04:40.222Z [INFO] [http] GET /api/v1/notifications/unread-count
2026-09-05T11:04:53.042Z [INFO] [slaReminder] SLA_SCAN cases=1 respRemind=0 respEsc=0 closureRemind=0 closureEsc=0 surveyExpired=0
2026-09-05T11:05:10.800Z [INFO] [http] GET /api/v1/notifications/unread-count
2026-09-05T11:05:40.592Z [INFO] [http] GET /api/v1/notifications/unread-count
2026-09-05T11:05:53.083Z [INFO] [slaReminder] SLA_SCAN cases=1 respRemind=0 respEsc=0 closureRemind=0 closureEsc=0 surveyExpired=0
2026-09-05T11:06:10.379Z [INFO] [http] GET /api/v1/notifications/unread-count
2026-09-05T11:06:40.727Z [INFO] [http] GET /api/v1/notifications/unread-count
2026-09-05T11:06:53.103Z [INFO] [slaReminder] SLA_SCAN cases=1 respRemind=0 respEsc=0 closureRemind=0 closureEsc=0 surveyExpired=0
2026-09-05T11:07:10.602Z [INFO] [http] GET /api/v1/notifications/unread-count
2026-09-05T11:07:40.695Z [INFO] [http] GET /api/v1/notifications/unread-count
2026-09-05T11:07:53.157Z [INFO] [slaReminder] SLA_SCAN cases=1 respRemind=0 respEsc=0 closureRemind=0 closureEsc=0 surveyExpired=0
2026-09-05T11:08:10.632Z [INFO] [http] GET /api/v1/notifications/unread-count
2026-09-05T11:08:40.559Z [INFO] [http] GET /api/v1/notifications/unread-count
2026-09-05T11:08:53.177Z [INFO] [slaReminder] SLA_SCAN cases=1 respRemind=0 respEsc=0 closureRemind=0 closureEsc=0 surveyExpired=0
2026-09-05T11:09:10.580Z [INFO] [http] GET /api/v1/notifications/unread-count
2026-09-05T11:09:40.909Z [INFO] [http] GET /api/v1/notifications/unread-count
2026-09-05T11:09:53.202Z [INFO] [slaReminder] SLA_SCAN cases=1 respRemind=0 respEsc=0 closureRemind=0 closureEsc=0 surveyExpired=0
2026-09-05T11:10:11.000Z [INFO] [http] GET /api/v1/notifications/unread-count
2026-09-05T11:10:40.791Z [INFO] [http] GET /api/v1/notifications/unread-count
2026-09-05T11:10:53.226Z [INFO] [slaReminder] SLA_SCAN cases=1 respRemind=0 respEsc=0 closureRemind=0 closureEsc=0 surveyExpired=0
2026-09-05T11:11:10.731Z [INFO] [http] GET /api/v1/notifications/unread-count
2026-09-05T11:11:40.786Z [INFO] [http] GET /api/v1/notifications/unread-count
2026-09-05T11:11:53.241Z [INFO] [slaReminder] SLA_SCAN cases=1 respRemind=0 respEsc=0 closureRemind=0 closureEsc=0 surveyExpired=0
2026-09-05T11:12:10.777Z [INFO] [http] GET /api/v1/notifications/unread-count
2026-09-05T11:12:40.722Z [INFO] [http] GET /api/v1/notifications/unread-count
2026-09-05T11:12:53.305Z [INFO] [slaReminder] SLA_SCAN cases=1 respRemind=0 respEsc=0 closureRemind=0 closureEsc=0 surveyExpired=0
2026-09-05T11:13:10.701Z [INFO] [http] GET /api/v1/notifications/unread-count
2026-09-05T11:13:41.116Z [INFO] [http] GET /api/v1/notifications/unread-count
2026-09-05T11:13:53.332Z [INFO] [slaReminder] SLA_SCAN cases=1 respRemind=0 respEsc=0 closureRemind=0 closureEsc=0 surveyExpired=0
2026-09-05T11:14:11.139Z [INFO] [http] GET /api/v1/notifications/unread-count
2026-09-05T11:14:40.571Z [INFO] [http] GET /api/v1/notifications/unread-count
2026-09-05T11:14:53.367Z [INFO] [slaReminder] SLA_SCAN cases=1 respRemind=0 respEsc=0 closureRemind=0 closureEsc=0 surveyExpired=0
2026-09-05T11:15:10.603Z [INFO] [http] GET /api/v1/notifications/unread-count
2026-09-05T11:15:40.241Z [INFO] [http] GET /api/v1/notifications/unread-count
2026-09-05T11:15:53.383Z [INFO] [slaReminder] SLA_SCAN cases=1 respRemind=0 respEsc=0 closureRemind=0 closureEsc=0 surveyExpired=0
2026-09-05T11:16:10.590Z [INFO] [http] GET /api/v1/notifications/unread-count
2026-09-05T11:16:40.241Z [INFO] [http] GET /api/v1/notifications/unread-count
2026-09-05T11:16:53.390Z [INFO] [slaReminder] SLA_SCAN cases=1 respRemind=0 respEsc=0 closureRemind=0 closureEsc=0 surveyExpired=0
2026-09-05T11:17:10.546Z [INFO] [http] GET /api/v1/notifications/unread-count
2026-09-05T11:17:40.230Z [INFO] [http] GET /api/v1/notifications/unread-count
2026-09-05T11:17:53.399Z [INFO] [slaReminder] SLA_SCAN cases=1 respRemind=0 respEsc=0 closureRemind=0 closureEsc=0 surveyExpired=0
2026-09-05T11:18:10.560Z [INFO] [http] GET /api/v1/notifications/unread-count
2026-09-05T11:18:40.337Z [INFO] [http] GET /api/v1/notifications/unread-count
2026-09-05T11:18:53.407Z [INFO] [slaReminder] SLA_SCAN cases=1 respRemind=0 respEsc=0 closureRemind=0 closureEsc=0 surveyExpired=0
2026-09-05T11:19:10.542Z [INFO] [http] GET /api/v1/notifications/unread-count
2026-09-05T11:19:40.911Z [INFO] [http] GET /api/v1/notifications/unread-count
2026-09-05T11:19:53.430Z [INFO] [slaReminder] SLA_SCAN cases=1 respRemind=0 respEsc=0 closureRemind=0 closureEsc=0 surveyExpired=0
2026-09-05T11:20:10.680Z [INFO] [http] GET /api/v1/notifications/unread-count
2026-09-05T11:20:40.532Z [INFO] [http] GET /api/v1/notifications/unread-count
2026-09-05T11:20:53.435Z [INFO] [slaReminder] SLA_SCAN cases=1 respRemind=0 respEsc=0 closureRemind=0 closureEsc=0 surveyExpired=0
2026-09-05T11:21:10.550Z [INFO] [http] GET /api/v1/notifications/unread-count
2026-09-05T11:21:40.225Z [INFO] [http] GET /api/v1/notifications/unread-count
2026-09-05T11:21:53.437Z [INFO] [slaReminder] SLA_SCAN cases=1 respRemind=0 respEsc=0 closureRemind=0 closureEsc=0 surveyExpired=0
2026-09-05T11:22:10.546Z [INFO] [http] GET /api/v1/notifications/unread-count
2026-09-05T11:22:40.579Z [INFO] [http] GET /api/v1/notifications/unread-count
2026-09-05T11:22:53.485Z [INFO] [slaReminder] SLA_SCAN cases=1 respRemind=0 respEsc=0 closureRemind=0 closureEsc=0 surveyExpired=0
2026-09-05T11:23:10.579Z [INFO] [http] GET /api/v1/notifications/unread-count
2026-09-05T11:23:40.269Z [INFO] [http] GET /api/v1/notifications/unread-count
2026-09-05T11:23:53.506Z [INFO] [slaReminder] SLA_SCAN cases=1 respRemind=0 respEsc=0 closureRemind=0 closureEsc=0 surveyExpired=0
2026-09-05T11:24:10.723Z [INFO] [http] GET /api/v1/notifications/unread-count
2026-09-05T11:24:40.765Z [INFO] [http] GET /api/v1/notifications/unread-count
2026-09-05T11:24:53.524Z [INFO] [slaReminder] SLA_SCAN cases=1 respRemind=0 respEsc=0 closureRemind=0 closureEsc=0 surveyExpired=0
2026-09-05T11:25:10.658Z [INFO] [http] GET /api/v1/notifications/unread-count
2026-09-05T11:25:40.577Z [INFO] [http] GET /api/v1/notifications/unread-count
2026-09-05T11:25:53.548Z [INFO] [slaReminder] SLA_SCAN cases=1 respRemind=0 respEsc=0 closureRemind=0 closureEsc=0 surveyExpired=0
2026-09-05T11:26:10.555Z [INFO] [http] GET /api/v1/notifications/unread-count
2026-09-05T11:26:40.563Z [INFO] [http] GET /api/v1/notifications/unread-count
2026-09-05T11:26:53.563Z [INFO] [slaReminder] SLA_SCAN cases=1 respRemind=0 respEsc=0 closureRemind=0 closureEsc=0 surveyExpired=0
2026-09-05T11:27:10.633Z [INFO] [http] GET /api/v1/notifications/unread-count
2026-09-05T11:27:40.538Z [INFO] [http] GET /api/v1/notifications/unread-count
2026-09-05T11:27:53.577Z [INFO] [slaReminder] SLA_SCAN cases=1 respRemind=0 respEsc=0 closureRemind=0 closureEsc=0 surveyExpired=0
2026-09-05T11:28:10.554Z [INFO] [http] GET /api/v1/notifications/unread-count
2026-09-05T11:28:40.550Z [INFO] [http] GET /api/v1/notifications/unread-count
2026-09-05T11:28:53.597Z [INFO] [slaReminder] SLA_SCAN cases=1 respRemind=0 respEsc=0 closureRemind=0 closureEsc=0 surveyExpired=0
2026-09-05T11:29:10.648Z [INFO] [http] GET /api/v1/notifications/unread-count
2026-09-05T11:29:40.589Z [INFO] [http] GET /api/v1/notifications/unread-count
2026-09-05T11:29:53.650Z [INFO] [slaReminder] SLA_SCAN cases=1 respRemind=0 respEsc=0 closureRemind=0 closureEsc=0 surveyExpired=0
2026-09-05T11:30:10.685Z [INFO] [http] GET /api/v1/notifications/unread-count
Restarting 'src/server.js'
Restarting 'src/server.js'
Restarting 'src/server.js'
2026-09-05T11:31:07.569Z [INFO] [static] serving frontend dist at C:\Users\606610\CodeBuddy\QRCode 客戶意見反饋\frontend\dist
2026-09-05T11:31:07.575Z [INFO] [server] QRCode 客戶意見反饋骨架已啟動 http://localhost:3000/api/v1
2026-09-05T11:31:07.576Z [INFO] [scheduler] SLA 掃描定時器已啟動（每 60000ms）
2026-09-05T11:31:07.576Z [WARN] [scheduler] 週報定時器停用（WEEKLY_REPORT_CHECK_MS 為 0/未設定）
Restarting 'src/server.js'
2026-09-05T11:31:12.608Z [INFO] [static] serving frontend dist at C:\Users\606610\CodeBuddy\QRCode 客戶意見反饋\frontend\dist
node:events:496
      throw er; // Unhandled 'error' event
      ^

Error: listen EADDRINUSE: address already in use :::3000
    at Server.setupListenHandle [as _listen2] (node:net:1937:16)
    at listenInCluster (node:net:1994:12)
    at Server.listen (node:net:2099:7)
    at Function.listen (C:\Users\606610\CodeBuddy\QRCode 客戶意見反饋\backend\node_modules\express\lib\application.js:635:24)
    at Object.<anonymous> (C:\Users\606610\CodeBuddy\QRCode 客戶意見反饋\backend\src\server.js:13:5)
    at Module._compile (node:internal/modules/cjs/loader:1554:14)
    at Object..js (node:internal/modules/cjs/loader:1706:10)
    at Module.load (node:internal/modules/cjs/loader:1289:32)
    at Function._load (node:internal/modules/cjs/loader:1108:12)
    at TracingChannel.traceSync (node:diagnostics_channel:322:14)
    at wrapModuleLoad (node:internal/modules/cjs/loader:220:24)
    at Function.executeUserEntryPoint [as runMain] (node:internal/modules/run_main:170:5)
    at node:internal/main/run_main_module:36:49
Emitted 'error' event on Server instance at:
    at emitErrorNT (node:net:1973:8)
    at process.processTicksAndRejections (node:internal/process/task_queues:90:21) {
  code: 'EADDRINUSE',
  errno: -4091,
  syscall: 'listen',
  address: '::',
  port: 3000
}

Node.js v22.14.0
Failed running 'src/server.js'
Restarting 'src/server.js'
Restarting 'src/server.js'
2026-09-06T00:59:06.492Z [INFO] [static] serving frontend dist at C:\Users\606610\CodeBuddy\QRCode 客戶意見反饋\frontend\dist
node:events:496
      throw er; // Unhandled 'error' event
      ^

Error: listen EADDRINUSE: address already in use :::3000
    at Server.setupListenHandle [as _listen2] (node:net:1937:16)
    at listenInCluster (node:net:1994:12)
    at Server.listen (node:net:2099:7)
    at Function.listen (C:\Users\606610\CodeBuddy\QRCode 客戶意見反饋\backend\node_modules\express\lib\application.js:635:24)
    at Object.<anonymous> (C:\Users\606610\CodeBuddy\QRCode 客戶意見反饋\backend\src\server.js:13:5)
    at Module._compile (node:internal/modules/cjs/loader:1554:14)
    at Object..js (node:internal/modules/cjs/loader:1706:10)
    at Module.load (node:internal/modules/cjs/loader:1289:32)
    at Function._load (node:internal/modules/cjs/loader:1108:12)
    at TracingChannel.traceSync (node:diagnostics_channel:322:14)
    at wrapModuleLoad (node:internal/modules/cjs/loader:220:24)
    at Function.executeUserEntryPoint [as runMain] (node:internal/modules/run_main:170:5)
    at node:internal/main/run_main_module:36:49
Emitted 'error' event on Server instance at:
    at emitErrorNT (node:net:1973:8)
    at process.processTicksAndRejections (node:internal/process/task_queues:90:21) {
  code: 'EADDRINUSE',
  errno: -4091,
  syscall: 'listen',
  address: '::',
  port: 3000
}

Node.js v22.14.0
Failed running 'src/server.js'
Restarting 'src/server.js'
2026-09-06T00:59:08.853Z [INFO] [static] serving frontend dist at C:\Users\606610\CodeBuddy\QRCode 客戶意見反饋\frontend\dist
node:events:496
      throw er; // Unhandled 'error' event
      ^

Error: listen EADDRINUSE: address already in use :::3000
    at Server.setupListenHandle [as _listen2] (node:net:1937:16)
    at listenInCluster (node:net:1994:12)
    at Server.listen (node:net:2099:7)
    at Function.listen (C:\Users\606610\CodeBuddy\QRCode 客戶意見反饋\backend\node_modules\express\lib\application.js:635:24)
    at Object.<anonymous> (C:\Users\606610\CodeBuddy\QRCode 客戶意見反饋\backend\src\server.js:13:5)
    at Module._compile (node:internal/modules/cjs/loader:1554:14)
    at Object..js (node:internal/modules/cjs/loader:1706:10)
    at Module.load (node:internal/modules/cjs/loader:1289:32)
    at Function._load (node:internal/modules/cjs/loader:1108:12)
    at TracingChannel.traceSync (node:diagnostics_channel:322:14)
    at wrapModuleLoad (node:internal/modules/cjs/loader:220:24)
    at Function.executeUserEntryPoint [as runMain] (node:internal/modules/run_main:170:5)
    at node:internal/main/run_main_module:36:49
Emitted 'error' event on Server instance at:
    at emitErrorNT (node:net:1973:8)
    at process.processTicksAndRejections (node:internal/process/task_queues:90:21) {
  code: 'EADDRINUSE',
  errno: -4091,
  syscall: 'listen',
  address: '::',
  port: 3000
}

Node.js v22.14.0
Failed running 'src/server.js'
Restarting 'src/server.js'
Restarting 'src/server.js'
Restarting 'src/server.js'
Restarting 'src/server.js'
Waiting for graceful termination...
Gracefully restarted 'src/server.js'
2026-09-06T06:44:00.654Z [INFO] [static] serving frontend dist at C:\Users\606610\CodeBuddy\QRCode 客戶意見反饋\frontend\dist
node:events:496
      throw er; // Unhandled 'error' event
      ^

Error: listen EADDRINUSE: address already in use :::3000
    at Server.setupListenHandle [as _listen2] (node:net:1937:16)
    at listenInCluster (node:net:1994:12)
    at Server.listen (node:net:2099:7)
    at Function.listen (C:\Users\606610\CodeBuddy\QRCode 客戶意見反饋\backend\node_modules\express\lib\application.js:635:24)
    at Object.<anonymous> (C:\Users\606610\CodeBuddy\QRCode 客戶意見反饋\backend\src\server.js:13:5)
    at Module._compile (node:internal/modules/cjs/loader:1554:14)
    at Object..js (node:internal/modules/cjs/loader:1706:10)
    at Module.load (node:internal/modules/cjs/loader:1289:32)
    at Function._load (node:internal/modules/cjs/loader:1108:12)
    at TracingChannel.traceSync (node:diagnostics_channel:322:14)
    at wrapModuleLoad (node:internal/modules/cjs/loader:220:24)
    at Function.executeUserEntryPoint [as runMain] (node:internal/modules/run_main:170:5)
    at node:internal/main/run_main_module:36:49
Emitted 'error' event on Server instance at:
    at emitErrorNT (node:net:1973:8)
    at process.processTicksAndRejections (node:internal/process/task_queues:90:21) {
  code: 'EADDRINUSE',
  errno: -4091,
  syscall: 'listen',
  address: '::',
  port: 3000
}

Node.js v22.14.0
Failed running 'src/server.js'
Restarting 'src/server.js'
2026-09-06T06:44:03.166Z [INFO] [static] serving frontend dist at C:\Users\606610\CodeBuddy\QRCode 客戶意見反饋\frontend\dist
node:events:496
      throw er; // Unhandled 'error' event
      ^

Error: listen EADDRINUSE: address already in use :::3000
    at Server.setupListenHandle [as _listen2] (node:net:1937:16)
    at listenInCluster (node:net:1994:12)
    at Server.listen (node:net:2099:7)
    at Function.listen (C:\Users\606610\CodeBuddy\QRCode 客戶意見反饋\backend\node_modules\express\lib\application.js:635:24)
    at Object.<anonymous> (C:\Users\606610\CodeBuddy\QRCode 客戶意見反饋\backend\src\server.js:13:5)
    at Module._compile (node:internal/modules/cjs/loader:1554:14)
    at Object..js (node:internal/modules/cjs/loader:1706:10)
    at Module.load (node:internal/modules/cjs/loader:1289:32)
    at Function._load (node:internal/modules/cjs/loader:1108:12)
    at TracingChannel.traceSync (node:diagnostics_channel:322:14)
    at wrapModuleLoad (node:internal/modules/cjs/loader:220:24)
    at Function.executeUserEntryPoint [as runMain] (node:internal/modules/run_main:170:5)
    at node:internal/main/run_main_module:36:49
Emitted 'error' event on Server instance at:
    at emitErrorNT (node:net:1973:8)
    at process.processTicksAndRejections (node:internal/process/task_queues:90:21) {
  code: 'EADDRINUSE',
  errno: -4091,
  syscall: 'listen',
  address: '::',
  port: 3000
}

Node.js v22.14.0
Failed running 'src/server.js'
Restarting 'src/server.js'
Restarting 'src/server.js'
Restarting 'src/server.js'
2026-09-07T01:07:03.135Z [INFO] [static] serving frontend dist at C:\Users\606610\CodeBuddy\QRCode 客戶意見反饋\frontend\dist
node:events:496
      throw er; // Unhandled 'error' event
      ^

Error: listen EADDRINUSE: address already in use :::3000
    at Server.setupListenHandle [as _listen2] (node:net:1937:16)
    at listenInCluster (node:net:1994:12)
    at Server.listen (node:net:2099:7)
    at Function.listen (C:\Users\606610\CodeBuddy\QRCode 客戶意見反饋\backend\node_modules\express\lib\application.js:635:24)
    at Object.<anonymous> (C:\Users\606610\CodeBuddy\QRCode 客戶意見反饋\backend\src\server.js:13:5)
    at Module._compile (node:internal/modules/cjs/loader:1554:14)
    at Object..js (node:internal/modules/cjs/loader:1706:10)
    at Module.load (node:internal/modules/cjs/loader:1289:32)
    at Function._load (node:internal/modules/cjs/loader:1108:12)
    at TracingChannel.traceSync (node:diagnostics_channel:322:14)
    at wrapModuleLoad (node:internal/modules/cjs/loader:220:24)
    at Function.executeUserEntryPoint [as runMain] (node:internal/modules/run_main:170:5)
    at node:internal/main/run_main_module:36:49
Emitted 'error' event on Server instance at:
    at emitErrorNT (node:net:1973:8)
    at process.processTicksAndRejections (node:internal/process/task_queues:90:21) {
  code: 'EADDRINUSE',
  errno: -4091,
  syscall: 'listen',
  address: '::',
  port: 3000
}

Node.js v22.14.0
Failed running 'src/server.js'
Restarting 'src/server.js'
2026-09-07T01:07:05.525Z [INFO] [static] serving frontend dist at C:\Users\606610\CodeBuddy\QRCode 客戶意見反饋\frontend\dist
2026-09-07T01:07:05.531Z [INFO] [server] QRCode 客戶意見反饋骨架已啟動 http://localhost:3000/api/v1
2026-09-07T01:07:05.531Z [INFO] [scheduler] SLA 掃描定時器已啟動（每 60000ms）
2026-09-07T01:07:05.531Z [WARN] [scheduler] 週報定時器停用（WEEKLY_REPORT_CHECK_MS 為 0/未設定）
2026-09-07T01:07:10.564Z [INFO] [http] GET /api/v1/notifications/unread-count
2026-09-07T01:07:40.248Z [INFO] [http] GET /api/v1/notifications/unread-count
2026-09-07T01:08:05.538Z [INFO] [slaReminder] SLA_SCAN cases=1 respRemind=0 respEsc=0 closureRemind=0 closureEsc=0 surveyExpired=0
2026-09-07T01:08:10.561Z [INFO] [http] GET /api/v1/notifications/unread-count
2026-09-07T01:08:40.243Z [INFO] [http] GET /api/v1/notifications/unread-count
2026-09-07T01:09:05.558Z [INFO] [slaReminder] SLA_SCAN cases=1 respRemind=0 respEsc=0 closureRemind=0 closureEsc=0 surveyExpired=0
2026-09-07T01:09:10.594Z [INFO] [http] GET /api/v1/notifications/unread-count
2026-09-07T01:09:40.585Z [INFO] [http] GET /api/v1/notifications/unread-count
2026-09-07T01:10:05.567Z [INFO] [slaReminder] SLA_SCAN cases=1 respRemind=0 respEsc=0 closureRemind=0 closureEsc=0 surveyExpired=0
2026-09-07T01:10:10.564Z [INFO] [http] GET /api/v1/notifications/unread-count
2026-09-07T01:10:40.242Z [INFO] [http] GET /api/v1/notifications/unread-count
2026-09-07T01:11:05.567Z [INFO] [slaReminder] SLA_SCAN cases=1 respRemind=0 respEsc=0 closureRemind=0 closureEsc=0 surveyExpired=0
2026-09-07T01:11:10.564Z [INFO] [http] GET /api/v1/notifications/unread-count
2026-09-07T01:11:40.242Z [INFO] [http] GET /api/v1/notifications/unread-count
2026-09-07T01:12:05.571Z [INFO] [slaReminder] SLA_SCAN cases=1 respRemind=0 respEsc=0 closureRemind=0 closureEsc=0 surveyExpired=0
2026-09-07T01:12:10.560Z [INFO] [http] GET /api/v1/notifications/unread-count
2026-09-07T01:12:40.556Z [INFO] [http] GET /api/v1/notifications/unread-count
2026-09-07T01:13:05.576Z [INFO] [slaReminder] SLA_SCAN cases=1 respRemind=0 respEsc=0 closureRemind=0 closureEsc=0 surveyExpired=0
2026-09-07T01:13:10.558Z [INFO] [http] GET /api/v1/notifications/unread-count
2026-09-07T01:13:40.242Z [INFO] [http] GET /api/v1/notifications/unread-count
2026-09-07T01:14:05.585Z [INFO] [slaReminder] SLA_SCAN cases=1 respRemind=0 respEsc=0 closureRemind=0 closureEsc=0 surveyExpired=0
2026-09-07T01:14:10.561Z [INFO] [http] GET /api/v1/notifications/unread-count
2026-09-07T01:14:40.247Z [INFO] [http] GET /api/v1/notifications/unread-count
2026-09-07T01:15:05.594Z [INFO] [slaReminder] SLA_SCAN cases=1 respRemind=0 respEsc=0 closureRemind=0 closureEsc=0 surveyExpired=0
2026-09-07T01:15:10.552Z [INFO] [http] GET /api/v1/notifications/unread-count
2026-09-07T01:15:40.243Z [INFO] [http] GET /api/v1/notifications/unread-count
2026-09-07T01:16:05.612Z [INFO] [slaReminder] SLA_SCAN cases=1 respRemind=0 respEsc=0 closureRemind=0 closureEsc=0 surveyExpired=0
2026-09-07T01:16:10.554Z [INFO] [http] GET /api/v1/notifications/unread-count
2026-09-07T01:16:40.253Z [INFO] [http] GET /api/v1/notifications/unread-count
2026-09-07T01:17:05.625Z [INFO] [slaReminder] SLA_SCAN cases=1 respRemind=0 respEsc=0 closureRemind=0 closureEsc=0 surveyExpired=0
2026-09-07T01:17:10.552Z [INFO] [http] GET /api/v1/notifications/unread-count
2026-09-07T01:17:40.567Z [INFO] [http] GET /api/v1/notifications/unread-count
2026-09-07T01:18:05.631Z [INFO] [slaReminder] SLA_SCAN cases=1 respRemind=0 respEsc=0 closureRemind=0 closureEsc=0 surveyExpired=0
2026-09-07T01:18:10.554Z [INFO] [http] GET /api/v1/notifications/unread-count
2026-09-07T01:18:40.252Z [INFO] [http] GET /api/v1/notifications/unread-count
2026-09-07T01:19:05.647Z [INFO] [slaReminder] SLA_SCAN cases=1 respRemind=0 respEsc=0 closureRemind=0 closureEsc=0 surveyExpired=0
2026-09-07T01:19:10.559Z [INFO] [http] GET /api/v1/notifications/unread-count
2026-09-07T01:19:40.555Z [INFO] [http] GET /api/v1/notifications/unread-count
2026-09-07T01:20:05.658Z [INFO] [slaReminder] SLA_SCAN cases=1 respRemind=0 respEsc=0 closureRemind=0 closureEsc=0 surveyExpired=0
2026-09-07T01:20:10.568Z [INFO] [http] GET /api/v1/notifications/unread-count
2026-09-07T01:20:40.561Z [INFO] [http] GET /api/v1/notifications/unread-count
2026-09-07T01:21:05.657Z [INFO] [slaReminder] SLA_SCAN cases=1 respRemind=0 respEsc=0 closureRemind=0 closureEsc=0 surveyExpired=0
2026-09-07T01:21:10.564Z [INFO] [http] GET /api/v1/notifications/unread-count
2026-09-07T01:21:40.568Z [INFO] [http] GET /api/v1/notifications/unread-count
2026-09-07T01:22:05.660Z [INFO] [slaReminder] SLA_SCAN cases=1 respRemind=0 respEsc=0 closureRemind=0 closureEsc=0 surveyExpired=0
2026-09-07T01:22:10.563Z [INFO] [http] GET /api/v1/notifications/unread-count
2026-09-07T01:22:39.627Z [INFO] [http] POST /api/v1/auth/login
Restarting 'src/server.js'
2026-09-07T01:22:42.984Z [INFO] [static] serving frontend dist at C:\Users\606610\CodeBuddy\QRCode 客戶意見反饋\frontend\dist
2026-09-07T01:22:42.990Z [INFO] [server] QRCode 客戶意見反饋骨架已啟動 http://localhost:3000/api/v1
2026-09-07T01:22:42.990Z [INFO] [scheduler] SLA 掃描定時器已啟動（每 60000ms）
2026-09-07T01:22:42.990Z [WARN] [scheduler] 週報定時器停用（WEEKLY_REPORT_CHECK_MS 為 0/未設定）
2026-09-07T01:22:52.025Z [INFO] [http] POST /api/v1/auth/login
2026-09-07T01:22:52.246Z [INFO] [http] GET /api/v1/me
2026-09-07T01:22:52.376Z [INFO] [http] GET /api/v1/me
2026-09-07T01:22:52.569Z [INFO] [http] GET /api/v1/notifications/unread-count
2026-09-07T01:22:52.696Z [INFO] [http] GET /api/v1/cases?sortBy=createdAt&sortDir=desc&page=1&pageSize=20
2026-09-07T01:22:52.703Z [INFO] [http] GET /api/v1/notifications/unread-count
2026-09-07T01:22:52.879Z [INFO] [http] GET /api/v1/cases?sortBy=createdAt&sortDir=desc&page=1&pageSize=20
2026-09-07T01:22:56.249Z [INFO] [http] GET /api/v1/qr/overview
2026-09-07T01:22:56.580Z [INFO] [http] GET /api/v1/qr/overview
2026-09-07T01:22:56.825Z [INFO] [http] GET /api/v1/qr/9/image?format=png&size=220
2026-09-07T01:22:56.941Z [INFO] [http] GET /api/v1/qr/6/image?format=png&size=220
2026-09-07T01:22:56.956Z [INFO] [http] GET /api/v1/qr/8/image?format=png&size=220
2026-09-07T01:22:56.967Z [INFO] [http] GET /api/v1/qr/2/image?format=png&size=220
2026-09-07T01:22:57.343Z [INFO] [http] GET /api/v1/notifications/unread-count
2026-09-07T01:22:57.655Z [INFO] [http] GET /api/v1/cases?sortBy=createdAt&sortDir=desc&page=1&pageSize=20
2026-09-07T01:22:57.659Z [INFO] [http] GET /api/v1/notifications/unread-count
2026-09-07T01:22:57.976Z [INFO] [http] GET /api/v1/cases?sortBy=createdAt&sortDir=desc&page=1&pageSize=20
2026-09-07T01:23:01.509Z [INFO] [http] GET /api/v1/qr/overview
2026-09-07T01:23:01.778Z [INFO] [http] GET /api/v1/qr/overview
2026-09-07T01:23:43.003Z [INFO] [slaReminder] SLA_SCAN cases=1 respRemind=0 respEsc=0 closureRemind=0 closureEsc=0 surveyExpired=0
2026-09-07T01:24:43.049Z [INFO] [slaReminder] SLA_SCAN cases=1 respRemind=0 respEsc=0 closureRemind=0 closureEsc=0 surveyExpired=0
2026-09-07T01:25:43.076Z [INFO] [slaReminder] SLA_SCAN cases=1 respRemind=0 respEsc=0 closureRemind=0 closureEsc=0 surveyExpired=0
2026-09-07T01:26:43.122Z [INFO] [slaReminder] SLA_SCAN cases=1 respRemind=0 respEsc=0 closureRemind=0 closureEsc=0 surveyExpired=0
2026-09-07T01:27:43.136Z [INFO] [slaReminder] SLA_SCAN cases=1 respRemind=0 respEsc=0 closureRemind=0 closureEsc=0 surveyExpired=0
2026-09-07T01:28:43.142Z [INFO] [slaReminder] SLA_SCAN cases=1 respRemind=0 respEsc=0 closureRemind=0 closureEsc=0 surveyExpired=0
2026-09-07T01:29:43.172Z [INFO] [slaReminder] SLA_SCAN cases=1 respRemind=0 respEsc=0 closureRemind=0 closureEsc=0 surveyExpired=0
2026-09-07T01:30:43.191Z [INFO] [slaReminder] SLA_SCAN cases=1 respRemind=0 respEsc=0 closureRemind=0 closureEsc=0 surveyExpired=0
2026-09-07T01:31:43.201Z [INFO] [slaReminder] SLA_SCAN cases=1 respRemind=0 respEsc=0 closureRemind=0 closureEsc=0 surveyExpired=0
2026-09-07T01:32:43.227Z [INFO] [slaReminder] SLA_SCAN cases=1 respRemind=0 respEsc=0 closureRemind=0 closureEsc=0 surveyExpired=0
2026-09-07T01:33:43.593Z [INFO] [slaReminder] SLA_SCAN cases=1 respRemind=0 respEsc=0 closureRemind=0 closureEsc=0 surveyExpired=0
2026-09-07T01:34:43.382Z [INFO] [slaReminder] SLA_SCAN cases=1 respRemind=0 respEsc=0 closureRemind=0 closureEsc=0 surveyExpired=0
2026-09-07T01:35:43.395Z [INFO] [slaReminder] SLA_SCAN cases=1 respRemind=0 respEsc=0 closureRemind=0 closureEsc=0 surveyExpired=0
2026-09-07T01:36:43.415Z [INFO] [slaReminder] SLA_SCAN cases=1 respRemind=0 respEsc=0 closureRemind=0 closureEsc=0 surveyExpired=0
2026-09-07T01:37:43.471Z [INFO] [slaReminder] SLA_SCAN cases=1 respRemind=0 respEsc=0 closureRemind=0 closureEsc=0 surveyExpired=0
2026-09-07T01:38:43.503Z [INFO] [slaReminder] SLA_SCAN cases=1 respRemind=0 respEsc=0 closureRemind=0 closureEsc=0 surveyExpired=0
2026-09-07T01:39:43.707Z [INFO] [slaReminder] SLA_SCAN cases=1 respRemind=0 respEsc=0 closureRemind=0 closureEsc=0 surveyExpired=0
2026-09-07T01:40:43.653Z [INFO] [slaReminder] SLA_SCAN cases=1 respRemind=0 respEsc=0 closureRemind=0 closureEsc=0 surveyExpired=0
2026-09-07T01:41:43.723Z [INFO] [slaReminder] SLA_SCAN cases=1 respRemind=0 respEsc=0 closureRemind=0 closureEsc=0 surveyExpired=0
2026-09-07T01:42:43.815Z [INFO] [slaReminder] SLA_SCAN cases=1 respRemind=0 respEsc=0 closureRemind=0 closureEsc=0 surveyExpired=0
2026-09-07T01:43:43.750Z [INFO] [slaReminder] SLA_SCAN cases=1 respRemind=0 respEsc=0 closureRemind=0 closureEsc=0 surveyExpired=0
2026-09-07T01:44:43.778Z [INFO] [slaReminder] SLA_SCAN cases=1 respRemind=0 respEsc=0 closureRemind=0 closureEsc=0 surveyExpired=0
2026-09-07T01:45:43.808Z [INFO] [slaReminder] SLA_SCAN cases=1 respRemind=0 respEsc=0 closureRemind=0 closureEsc=0 surveyExpired=0
2026-09-07T01:46:44.042Z [INFO] [slaReminder] SLA_SCAN cases=1 respRemind=0 respEsc=0 closureRemind=0 closureEsc=0 surveyExpired=0
2026-09-07T01:47:44.256Z [INFO] [slaReminder] SLA_SCAN cases=1 respRemind=0 respEsc=0 closureRemind=0 closureEsc=0 surveyExpired=0
2026-09-07T01:48:44.136Z [INFO] [slaReminder] SLA_SCAN cases=1 respRemind=0 respEsc=0 closureRemind=0 closureEsc=0 surveyExpired=0
2026-09-07T01:49:44.152Z [INFO] [slaReminder] SLA_SCAN cases=1 respRemind=0 respEsc=0 closureRemind=0 closureEsc=0 surveyExpired=0
2026-09-07T01:50:44.166Z [INFO] [slaReminder] SLA_SCAN cases=1 respRemind=0 respEsc=0 closureRemind=0 closureEsc=0 surveyExpired=0
2026-09-07T01:51:44.172Z [INFO] [slaReminder] SLA_SCAN cases=1 respRemind=0 respEsc=0 closureRemind=0 closureEsc=0 surveyExpired=0
2026-09-07T01:52:44.190Z [INFO] [slaReminder] SLA_SCAN cases=1 respRemind=0 respEsc=0 closureRemind=0 closureEsc=0 surveyExpired=0
2026-09-07T01:53:44.215Z [INFO] [slaReminder] SLA_SCAN cases=1 respRemind=0 respEsc=0 closureRemind=0 closureEsc=0 surveyExpired=0
2026-09-07T01:54:44.209Z [INFO] [slaReminder] SLA_SCAN cases=1 respRemind=0 respEsc=0 closureRemind=0 closureEsc=0 surveyExpired=0
2026-09-07T01:55:44.207Z [INFO] [slaReminder] SLA_SCAN cases=1 respRemind=0 respEsc=0 closureRemind=0 closureEsc=0 surveyExpired=0
2026-09-07T01:56:44.223Z [INFO] [slaReminder] SLA_SCAN cases=1 respRemind=0 respEsc=0 closureRemind=0 closureEsc=0 surveyExpired=0
2026-09-07T01:57:44.307Z [INFO] [slaReminder] SLA_SCAN cases=1 respRemind=0 respEsc=0 closureRemind=0 closureEsc=0 surveyExpired=0
2026-09-07T01:58:44.240Z [INFO] [slaReminder] SLA_SCAN cases=1 respRemind=0 respEsc=0 closureRemind=0 closureEsc=0 surveyExpired=0
2026-09-07T01:59:44.240Z [INFO] [slaReminder] SLA_SCAN cases=1 respRemind=0 respEsc=0 closureRemind=0 closureEsc=0 surveyExpired=0
2026-09-07T02:00:44.253Z [INFO] [slaReminder] SLA_SCAN cases=1 respRemind=0 respEsc=0 closureRemind=0 closureEsc=0 surveyExpired=0
2026-09-07T02:01:44.254Z [INFO] [slaReminder] SLA_SCAN cases=1 respRemind=0 respEsc=0 closureRemind=0 closureEsc=0 surveyExpired=0
2026-09-07T02:02:44.313Z [INFO] [slaReminder] SLA_SCAN cases=1 respRemind=0 respEsc=0 closureRemind=0 closureEsc=0 surveyExpired=0
2026-09-07T02:03:44.329Z [INFO] [slaReminder] SLA_SCAN cases=1 respRemind=0 respEsc=0 closureRemind=0 closureEsc=0 surveyExpired=0
2026-09-07T02:04:44.336Z [INFO] [slaReminder] SLA_SCAN cases=1 respRemind=0 respEsc=0 closureRemind=0 closureEsc=0 surveyExpired=0
2026-09-07T02:05:44.347Z [INFO] [slaReminder] SLA_SCAN cases=1 respRemind=0 respEsc=0 closureRemind=0 closureEsc=0 surveyExpired=0
2026-09-07T02:06:44.403Z [INFO] [slaReminder] SLA_SCAN cases=1 respRemind=0 respEsc=0 closureRemind=0 closureEsc=0 surveyExpired=0
2026-09-07T02:07:44.422Z [INFO] [slaReminder] SLA_SCAN cases=1 respRemind=0 respEsc=0 closureRemind=0 closureEsc=0 surveyExpired=0
2026-09-07T02:08:15.274Z [INFO] [http] POST /api/v1/auth/login
2026-09-07T02:08:15.480Z [INFO] [http] GET /api/v1/me
2026-09-07T02:08:15.848Z [INFO] [http] GET /api/v1/me
2026-09-07T02:08:16.034Z [INFO] [http] GET /api/v1/notifications/unread-count
2026-09-07T02:08:16.049Z [INFO] [http] GET /api/v1/cases?sortBy=createdAt&sortDir=desc&page=1&pageSize=20
2026-09-07T02:08:16.088Z [INFO] [http] GET /api/v1/notifications/unread-count
2026-09-07T02:08:16.384Z [INFO] [http] GET /api/v1/cases?sortBy=createdAt&sortDir=desc&page=1&pageSize=20
2026-09-07T02:08:20.738Z [INFO] [http] GET /api/v1/cases/SMS%2FSR%2FCHNG%2F260904001
2026-09-07T02:08:21.105Z [INFO] [http] GET /api/v1/cases/SMS%2FSR%2FCHNG%2F260904001
2026-09-07T02:08:21.380Z [INFO] [http] GET /api/v1/notifications/unread-count
2026-09-07T02:08:21.622Z [INFO] [http] GET /api/v1/notifications/unread-count
2026-09-07T02:08:29.436Z [INFO] [http] GET /api/v1/notifications/unread-count
2026-09-07T02:08:29.745Z [INFO] [http] GET /api/v1/cases?sortBy=createdAt&sortDir=desc&page=1&pageSize=20
2026-09-07T02:08:29.759Z [INFO] [http] GET /api/v1/notifications/unread-count
2026-09-07T02:08:30.082Z [INFO] [http] GET /api/v1/cases?sortBy=createdAt&sortDir=desc&page=1&pageSize=20
2026-09-07T02:08:30.926Z [INFO] [http] GET /api/v1/notifications?page=1&pageSize=20
2026-09-07T02:08:34.021Z [INFO] [http] POST /api/v1/notifications/25/read
2026-09-07T02:08:39.360Z [INFO] [http] GET /api/v1/qr/overview
2026-09-07T02:08:39.639Z [INFO] [http] GET /api/v1/qr/overview
2026-09-07T02:08:44.440Z [INFO] [slaReminder] SLA_SCAN cases=1 respRemind=0 respEsc=0 closureRemind=0 closureEsc=0 surveyExpired=0
2026-09-07T02:09:44.443Z [INFO] [slaReminder] SLA_SCAN cases=1 respRemind=0 respEsc=0 closureRemind=0 closureEsc=0 surveyExpired=0
2026-09-07T02:10:44.469Z [INFO] [slaReminder] SLA_SCAN cases=1 respRemind=0 respEsc=0 closureRemind=0 closureEsc=0 surveyExpired=0
2026-09-07T02:11:44.472Z [INFO] [slaReminder] SLA_SCAN cases=1 respRemind=0 respEsc=0 closureRemind=0 closureEsc=0 surveyExpired=0
2026-09-07T02:12:44.485Z [INFO] [slaReminder] SLA_SCAN cases=1 respRemind=0 respEsc=0 closureRemind=0 closureEsc=0 surveyExpired=0
2026-09-07T02:13:44.498Z [INFO] [slaReminder] SLA_SCAN cases=1 respRemind=0 respEsc=0 closureRemind=0 closureEsc=0 surveyExpired=0
2026-09-07T02:14:44.512Z [INFO] [slaReminder] SLA_SCAN cases=1 respRemind=0 respEsc=0 closureRemind=0 closureEsc=0 surveyExpired=0
2026-09-07T02:15:44.525Z [INFO] [slaReminder] SLA_SCAN cases=1 respRemind=0 respEsc=0 closureRemind=0 closureEsc=0 surveyExpired=0
2026-09-07T02:16:44.529Z [INFO] [slaReminder] SLA_SCAN cases=1 respRemind=0 respEsc=0 closureRemind=0 closureEsc=0 surveyExpired=0
2026-09-07T02:17:44.558Z [INFO] [slaReminder] SLA_SCAN cases=1 respRemind=0 respEsc=0 closureRemind=0 closureEsc=0 surveyExpired=0
2026-09-07T02:18:44.570Z [INFO] [slaReminder] SLA_SCAN cases=1 respRemind=0 respEsc=0 closureRemind=0 closureEsc=0 surveyExpired=0
Restarting 'src/server.js'
Restarting 'src/server.js'
Restarting 'src/server.js'
Restarting 'src/server.js'
2026-09-07T02:19:07.965Z [INFO] [static] serving frontend dist at C:\Users\606610\CodeBuddy\QRCode 客戶意見反饋\frontend\dist
2026-09-07T02:19:07.983Z [INFO] [server] QRCode 客戶意見反饋骨架已啟動 http://localhost:3000/api/v1
2026-09-07T02:19:07.984Z [INFO] [scheduler] SLA 掃描定時器已啟動（每 60000ms）
2026-09-07T02:19:07.984Z [WARN] [scheduler] 週報定時器停用（WEEKLY_REPORT_CHECK_MS 為 0/未設定）
2026-09-07T02:20:07.997Z [INFO] [slaReminder] SLA_SCAN cases=1 respRemind=0 respEsc=0 closureRemind=0 closureEsc=0 surveyExpired=0
2026-09-07T02:21:08.062Z [INFO] [slaReminder] SLA_SCAN cases=1 respRemind=0 respEsc=0 closureRemind=0 closureEsc=0 surveyExpired=0
2026-09-07T02:22:08.064Z [INFO] [slaReminder] SLA_SCAN cases=1 respRemind=0 respEsc=0 closureRemind=0 closureEsc=0 surveyExpired=0
2026-09-07T02:23:08.106Z [INFO] [slaReminder] SLA_SCAN cases=1 respRemind=0 respEsc=0 closureRemind=0 closureEsc=0 surveyExpired=0
2026-09-07T02:24:08.138Z [INFO] [slaReminder] SLA_SCAN cases=1 respRemind=0 respEsc=0 closureRemind=0 closureEsc=0 surveyExpired=0
2026-09-07T02:25:08.185Z [INFO] [slaReminder] SLA_SCAN cases=1 respRemind=0 respEsc=0 closureRemind=0 closureEsc=0 surveyExpired=0
2026-09-07T02:26:08.206Z [INFO] [slaReminder] SLA_SCAN cases=1 respRemind=0 respEsc=0 closureRemind=0 closureEsc=0 surveyExpired=0
2026-09-07T02:27:08.213Z [INFO] [slaReminder] SLA_SCAN cases=1 respRemind=0 respEsc=0 closureRemind=0 closureEsc=0 surveyExpired=0
2026-09-07T02:28:08.231Z [INFO] [slaReminder] SLA_SCAN cases=1 respRemind=0 respEsc=0 closureRemind=0 closureEsc=0 surveyExpired=0
2026-09-07T02:29:08.521Z [INFO] [slaReminder] SLA_SCAN cases=1 respRemind=0 respEsc=0 closureRemind=0 closureEsc=0 surveyExpired=0
2026-09-07T02:30:08.326Z [INFO] [slaReminder] SLA_SCAN cases=1 respRemind=0 respEsc=0 closureRemind=0 closureEsc=0 surveyExpired=0
2026-09-07T02:30:37.949Z [INFO] [http] GET /api/v1/form/meta?estate=CHNG&lang=zh-Hant
2026-09-07T02:31:08.328Z [INFO] [slaReminder] SLA_SCAN cases=1 respRemind=0 respEsc=0 closureRemind=0 closureEsc=0 surveyExpired=0
2026-09-07T02:31:36.223Z [INFO] [http] GET /api/v1/me
2026-09-07T02:31:36.771Z [INFO] [http] GET /api/v1/notifications/unread-count
2026-09-07T02:31:36.779Z [INFO] [http] GET /api/v1/cases?sortBy=createdAt&sortDir=desc&page=1&pageSize=20
2026-09-07T02:31:40.920Z [INFO] [http] GET /api/v1/me
2026-09-07T02:31:41.074Z [INFO] [http] GET /api/v1/notifications/unread-count
2026-09-07T02:31:41.079Z [INFO] [http] GET /api/v1/cases?sortBy=createdAt&sortDir=desc&page=1&pageSize=20
2026-09-07T02:31:53.456Z [INFO] [http] POST /api/v1/auth/login
Restarting 'src/server.js'
2026-09-07T02:31:57.754Z [INFO] [static] serving frontend dist at C:\Users\606610\CodeBuddy\QRCode 客戶意見反饋\frontend\dist
2026-09-07T02:31:57.760Z [INFO] [server] QRCode 客戶意見反饋骨架已啟動 http://localhost:3000/api/v1
2026-09-07T02:31:57.761Z [INFO] [scheduler] SLA 掃描定時器已啟動（每 60000ms）
2026-09-07T02:31:57.761Z [WARN] [scheduler] 週報定時器停用（WEEKLY_REPORT_CHECK_MS 為 0/未設定）
2026-09-07T02:32:06.093Z [INFO] [http] POST /api/v1/auth/login
2026-09-07T02:32:06.166Z [INFO] [http] GET /api/v1/me
2026-09-07T02:32:06.673Z [INFO] [http] GET /api/v1/notifications/unread-count
2026-09-07T02:32:06.680Z [INFO] [http] GET /api/v1/cases?sortBy=createdAt&sortDir=desc&page=1&pageSize=20
2026-09-07T02:32:13.962Z [INFO] [http] GET /api/v1/cases/SMS%2FSR%2FCHNG%2F260904001
2026-09-07T02:32:14.348Z [INFO] [http] GET /api/v1/notifications/unread-count
2026-09-07T02:32:44.508Z [INFO] [http] GET /api/v1/notifications/unread-count
2026-09-07T02:32:57.766Z [INFO] [slaReminder] SLA_SCAN cases=1 respRemind=0 respEsc=0 closureRemind=0 closureEsc=0 surveyExpired=0
2026-09-07T02:33:07.682Z [INFO] [http] POST /api/v1/cases/SMS%2FSR%2FCHNG%2F260904001/resolve-request
2026-09-07T02:33:07.690Z [INFO] [notification] EMAIL_QUEUE template=notif_case recipient=ccsup@***
2026-09-07T02:33:07.691Z [INFO] [notification] EMAIL_QUEUE template=notif_case recipient=chngsup@***
2026-09-07T02:33:07.947Z [INFO] [http] GET /api/v1/cases/SMS%2FSR%2FCHNG%2F260904001
2026-09-07T02:33:14.041Z [INFO] [http] GET /api/v1/notifications/unread-count
2026-09-07T02:33:44.514Z [INFO] [http] GET /api/v1/notifications/unread-count
2026-09-07T02:33:57.769Z [INFO] [slaReminder] SLA_SCAN cases=0 respRemind=0 respEsc=0 closureRemind=0 closureEsc=0 surveyExpired=0
2026-09-07T02:34:02.524Z [INFO] [http] GET /api/v1/notifications/unread-count
2026-09-07T02:34:02.838Z [INFO] [http] GET /api/v1/cases?sortBy=createdAt&sortDir=desc&page=1&pageSize=20
2026-09-07T02:34:05.627Z [INFO] [http] GET /api/v1/notifications/unread-count
2026-09-07T02:34:05.956Z [INFO] [http] GET /api/v1/config
2026-09-07T02:34:35.814Z [INFO] [http] GET /api/v1/notifications/unread-count
2026-09-07T02:34:55.849Z [INFO] [http] POST /api/v1/auth/login
2026-09-07T02:34:56.131Z [INFO] [http] GET /api/v1/me
2026-09-07T02:34:56.379Z [INFO] [http] GET /api/v1/notifications/unread-count
2026-09-07T02:34:56.812Z [INFO] [http] GET /api/v1/cases?sortBy=createdAt&sortDir=desc&page=1&pageSize=20
2026-09-07T02:34:57.793Z [INFO] [slaReminder] SLA_SCAN cases=0 respRemind=0 respEsc=0 closureRemind=0 closureEsc=0 surveyExpired=0
2026-09-07T02:34:58.531Z [INFO] [http] GET /api/v1/qr/overview
2026-09-07T02:34:58.789Z [INFO] [http] GET /api/v1/qr/9/image?format=png&size=220
2026-09-07T02:34:58.982Z [INFO] [http] GET /api/v1/qr/6/image?format=png&size=220
2026-09-07T02:34:59.002Z [INFO] [http] GET /api/v1/qr/2/image?format=png&size=220
2026-09-07T02:34:59.016Z [INFO] [http] GET /api/v1/qr/8/image?format=png&size=220
2026-09-07T02:35:09.530Z [INFO] [http] GET /api/v1/notifications/unread-count
2026-09-07T02:35:09.844Z [INFO] [http] GET /api/v1/cases?sortBy=createdAt&sortDir=desc&page=1&pageSize=20
2026-09-07T02:35:12.647Z [INFO] [http] GET /api/v1/notifications/unread-count
2026-09-07T02:35:12.649Z [INFO] [http] GET /api/v1/config
2026-09-07T02:35:38.325Z [INFO] [http] GET /api/v1/notifications/unread-count
2026-09-07T02:35:38.656Z [INFO] [http] GET /api/v1/cases?sortBy=createdAt&sortDir=desc&page=1&pageSize=20
2026-09-07T02:35:42.661Z [INFO] [http] GET /api/v1/qr/overview
2026-09-07T02:35:57.807Z [INFO] [slaReminder] SLA_SCAN cases=0 respRemind=0 respEsc=0 closureRemind=0 closureEsc=0 surveyExpired=0
2026-09-07T02:36:57.837Z [INFO] [slaReminder] SLA_SCAN cases=0 respRemind=0 respEsc=0 closureRemind=0 closureEsc=0 surveyExpired=0
2026-09-07T02:37:57.846Z [INFO] [slaReminder] SLA_SCAN cases=0 respRemind=0 respEsc=0 closureRemind=0 closureEsc=0 surveyExpired=0
2026-09-07T02:38:57.895Z [INFO] [slaReminder] SLA_SCAN cases=0 respRemind=0 respEsc=0 closureRemind=0 closureEsc=0 surveyExpired=0
2026-09-07T02:39:57.918Z [INFO] [slaReminder] SLA_SCAN cases=0 respRemind=0 respEsc=0 closureRemind=0 closureEsc=0 surveyExpired=0
2026-09-07T02:40:57.917Z [INFO] [slaReminder] SLA_SCAN cases=0 respRemind=0 respEsc=0 closureRemind=0 closureEsc=0 surveyExpired=0
2026-09-07T02:41:57.934Z [INFO] [slaReminder] SLA_SCAN cases=0 respRemind=0 respEsc=0 closureRemind=0 closureEsc=0 surveyExpired=0
2026-09-07T02:42:57.962Z [INFO] [slaReminder] SLA_SCAN cases=0 respRemind=0 respEsc=0 closureRemind=0 closureEsc=0 surveyExpired=0
2026-09-07T02:43:58.002Z [INFO] [slaReminder] SLA_SCAN cases=0 respRemind=0 respEsc=0 closureRemind=0 closureEsc=0 surveyExpired=0
2026-09-07T02:44:58.052Z [INFO] [slaReminder] SLA_SCAN cases=0 respRemind=0 respEsc=0 closureRemind=0 closureEsc=0 surveyExpired=0
Restarting 'src/server.js'
2026-09-07T02:45:46.310Z [INFO] [static] serving frontend dist at C:\Users\606610\CodeBuddy\QRCode 客戶意見反饋\frontend\dist
2026-09-07T02:45:46.328Z [INFO] [server] QRCode 客戶意見反饋骨架已啟動 http://localhost:3000/api/v1
2026-09-07T02:45:46.328Z [INFO] [scheduler] SLA 掃描定時器已啟動（每 60000ms）
2026-09-07T02:45:46.328Z [WARN] [scheduler] 週報定時器停用（WEEKLY_REPORT_CHECK_MS 為 0/未設定）
2026-09-07T02:46:46.331Z [INFO] [slaReminder] SLA_SCAN cases=0 respRemind=0 respEsc=0 closureRemind=0 closureEsc=0 surveyExpired=0
Restarting 'src/server.js'
2026-09-07T02:46:55.684Z [INFO] [static] serving frontend dist at C:\Users\606610\CodeBuddy\QRCode 客戶意見反饋\frontend\dist
node:events:496
      throw er; // Unhandled 'error' event
      ^

Error: listen EADDRINUSE: address already in use :::3000
    at Server.setupListenHandle [as _listen2] (node:net:1937:16)
    at listenInCluster (node:net:1994:12)
    at Server.listen (node:net:2099:7)
    at Function.listen (C:\Users\606610\CodeBuddy\QRCode 客戶意見反饋\backend\node_modules\express\lib\application.js:635:24)
    at Object.<anonymous> (C:\Users\606610\CodeBuddy\QRCode 客戶意見反饋\backend\src\server.js:13:5)
    at Module._compile (node:internal/modules/cjs/loader:1554:14)
    at Object..js (node:internal/modules/cjs/loader:1706:10)
    at Module.load (node:internal/modules/cjs/loader:1289:32)
    at Function._load (node:internal/modules/cjs/loader:1108:12)
    at TracingChannel.traceSync (node:diagnostics_channel:322:14)
    at wrapModuleLoad (node:internal/modules/cjs/loader:220:24)
    at Function.executeUserEntryPoint [as runMain] (node:internal/modules/run_main:170:5)
    at node:internal/main/run_main_module:36:49
Emitted 'error' event on Server instance at:
    at emitErrorNT (node:net:1973:8)
    at process.processTicksAndRejections (node:internal/process/task_queues:90:21) {
  code: 'EADDRINUSE',
  errno: -4091,
  syscall: 'listen',
  address: '::',
  port: 3000
}

Node.js v22.14.0
Failed running 'src/server.js'
Restarting 'src/server.js'
2026-09-07T02:47:03.243Z [INFO] [static] serving frontend dist at C:\Users\606610\CodeBuddy\QRCode 客戶意見反饋\frontend\dist
2026-09-07T02:47:03.249Z [INFO] [server] QRCode 客戶意見反饋骨架已啟動 http://localhost:3000/api/v1
2026-09-07T02:47:03.249Z [INFO] [scheduler] SLA 掃描定時器已啟動（每 60000ms）
2026-09-07T02:47:03.250Z [WARN] [scheduler] 週報定時器停用（WEEKLY_REPORT_CHECK_MS 為 0/未設定）
Restarting 'src/server.js'
2026-09-07T02:47:29.979Z [INFO] [static] serving frontend dist at C:\Users\606610\CodeBuddy\QRCode 客戶意見反饋\frontend\dist
node:events:496
      throw er; // Unhandled 'error' event
      ^

Error: listen EADDRINUSE: address already in use :::3000
    at Server.setupListenHandle [as _listen2] (node:net:1937:16)
    at listenInCluster (node:net:1994:12)
    at Server.listen (node:net:2099:7)
    at Function.listen (C:\Users\606610\CodeBuddy\QRCode 客戶意見反饋\backend\node_modules\express\lib\application.js:635:24)
    at Object.<anonymous> (C:\Users\606610\CodeBuddy\QRCode 客戶意見反饋\backend\src\server.js:13:5)
    at Module._compile (node:internal/modules/cjs/loader:1554:14)
    at Object..js (node:internal/modules/cjs/loader:1706:10)
    at Module.load (node:internal/modules/cjs/loader:1289:32)
    at Function._load (node:internal/modules/cjs/loader:1108:12)
    at TracingChannel.traceSync (node:diagnostics_channel:322:14)
    at wrapModuleLoad (node:internal/modules/cjs/loader:220:24)
    at Function.executeUserEntryPoint [as runMain] (node:internal/modules/run_main:170:5)
    at node:internal/main/run_main_module:36:49
Emitted 'error' event on Server instance at:
    at emitErrorNT (node:net:1973:8)
    at process.processTicksAndRejections (node:internal/process/task_queues:90:21) {
  code: 'EADDRINUSE',
  errno: -4091,
  syscall: 'listen',
  address: '::',
  port: 3000
}

Node.js v22.14.0
Failed running 'src/server.js'
Restarting 'src/server.js'
2026-09-07T02:47:34.122Z [INFO] [static] serving frontend dist at C:\Users\606610\CodeBuddy\QRCode 客戶意見反饋\frontend\dist
2026-09-07T02:47:34.129Z [INFO] [server] QRCode 客戶意見反饋骨架已啟動 http://localhost:3000/api/v1
2026-09-07T02:47:34.130Z [INFO] [scheduler] SLA 掃描定時器已啟動（每 60000ms）
2026-09-07T02:47:34.130Z [WARN] [scheduler] 週報定時器停用（WEEKLY_REPORT_CHECK_MS 為 0/未設定）
Restarting 'src/server.js'
2026-09-07T02:47:38.346Z [INFO] [static] serving frontend dist at C:\Users\606610\CodeBuddy\QRCode 客戶意見反饋\frontend\dist
2026-09-07T02:47:38.353Z [INFO] [server] QRCode 客戶意見反饋骨架已啟動 http://localhost:3000/api/v1
2026-09-07T02:47:38.354Z [INFO] [scheduler] SLA 掃描定時器已啟動（每 60000ms）
2026-09-07T02:47:38.354Z [WARN] [scheduler] 週報定時器停用（WEEKLY_REPORT_CHECK_MS 為 0/未設定）
Restarting 'src/server.js'
2026-09-07T02:47:42.484Z [INFO] [static] serving frontend dist at C:\Users\606610\CodeBuddy\QRCode 客戶意見反饋\frontend\dist
2026-09-07T02:47:42.492Z [INFO] [server] QRCode 客戶意見反饋骨架已啟動 http://localhost:3000/api/v1
2026-09-07T02:47:42.492Z [INFO] [scheduler] SLA 掃描定時器已啟動（每 60000ms）
2026-09-07T02:47:42.492Z [WARN] [scheduler] 週報定時器停用（WEEKLY_REPORT_CHECK_MS 為 0/未設定）
Restarting 'src/server.js'
2026-09-07T02:48:07.487Z [INFO] [static] serving frontend dist at C:\Users\606610\CodeBuddy\QRCode 客戶意見反饋\frontend\dist
node:events:496
      throw er; // Unhandled 'error' event
      ^

Error: listen EADDRINUSE: address already in use :::3000
    at Server.setupListenHandle [as _listen2] (node:net:1937:16)
    at listenInCluster (node:net:1994:12)
    at Server.listen (node:net:2099:7)
    at Function.listen (C:\Users\606610\CodeBuddy\QRCode 客戶意見反饋\backend\node_modules\express\lib\application.js:635:24)
    at Object.<anonymous> (C:\Users\606610\CodeBuddy\QRCode 客戶意見反饋\backend\src\server.js:13:5)
    at Module._compile (node:internal/modules/cjs/loader:1554:14)
    at Object..js (node:internal/modules/cjs/loader:1706:10)
    at Module.load (node:internal/modules/cjs/loader:1289:32)
    at Function._load (node:internal/modules/cjs/loader:1108:12)
    at TracingChannel.traceSync (node:diagnostics_channel:322:14)
    at wrapModuleLoad (node:internal/modules/cjs/loader:220:24)
    at Function.executeUserEntryPoint [as runMain] (node:internal/modules/run_main:170:5)
    at node:internal/main/run_main_module:36:49
Emitted 'error' event on Server instance at:
    at emitErrorNT (node:net:1973:8)
    at process.processTicksAndRejections (node:internal/process/task_queues:90:21) {
  code: 'EADDRINUSE',
  errno: -4091,
  syscall: 'listen',
  address: '::',
  port: 3000
}

Node.js v22.14.0
Failed running 'src/server.js'
Restarting 'src/server.js'
2026-09-07T02:48:11.326Z [INFO] [static] serving frontend dist at C:\Users\606610\CodeBuddy\QRCode 客戶意見反饋\frontend\dist
node:events:496
      throw er; // Unhandled 'error' event
      ^

Error: listen EADDRINUSE: address already in use :::3000
    at Server.setupListenHandle [as _listen2] (node:net:1937:16)
    at listenInCluster (node:net:1994:12)
    at Server.listen (node:net:2099:7)
    at Function.listen (C:\Users\606610\CodeBuddy\QRCode 客戶意見反饋\backend\node_modules\express\lib\application.js:635:24)
    at Object.<anonymous> (C:\Users\606610\CodeBuddy\QRCode 客戶意見反饋\backend\src\server.js:13:5)
    at Module._compile (node:internal/modules/cjs/loader:1554:14)
    at Object..js (node:internal/modules/cjs/loader:1706:10)
    at Module.load (node:internal/modules/cjs/loader:1289:32)
    at Function._load (node:internal/modules/cjs/loader:1108:12)
    at TracingChannel.traceSync (node:diagnostics_channel:322:14)
    at wrapModuleLoad (node:internal/modules/cjs/loader:220:24)
    at Function.executeUserEntryPoint [as runMain] (node:internal/modules/run_main:170:5)
    at node:internal/main/run_main_module:36:49
Emitted 'error' event on Server instance at:
    at emitErrorNT (node:net:1973:8)
    at process.processTicksAndRejections (node:internal/process/task_queues:90:21) {
  code: 'EADDRINUSE',
  errno: -4091,
  syscall: 'listen',
  address: '::',
  port: 3000
}

Node.js v22.14.0
Failed running 'src/server.js'
Restarting 'src/server.js'
2026-09-07T02:48:41.920Z [INFO] [static] serving frontend dist at C:\Users\606610\CodeBuddy\QRCode 客戶意見反饋\frontend\dist
2026-09-07T02:48:41.927Z [INFO] [server] QRCode 客戶意見反饋骨架已啟動 http://localhost:3000/api/v1
2026-09-07T02:48:41.927Z [INFO] [scheduler] SLA 掃描定時器已啟動（每 60000ms）
2026-09-07T02:48:41.927Z [WARN] [scheduler] 週報定時器停用（WEEKLY_REPORT_CHECK_MS 為 0/未設定）
Restarting 'src/server.js'
2026-09-07T02:48:46.669Z [INFO] [static] serving frontend dist at C:\Users\606610\CodeBuddy\QRCode 客戶意見反饋\frontend\dist
node:events:496
      throw er; // Unhandled 'error' event
      ^

Error: listen EADDRINUSE: address already in use :::3000
    at Server.setupListenHandle [as _listen2] (node:net:1937:16)
    at listenInCluster (node:net:1994:12)
    at Server.listen (node:net:2099:7)
    at Function.listen (C:\Users\606610\CodeBuddy\QRCode 客戶意見反饋\backend\node_modules\express\lib\application.js:635:24)
    at Object.<anonymous> (C:\Users\606610\CodeBuddy\QRCode 客戶意見反饋\backend\src\server.js:13:5)
    at Module._compile (node:internal/modules/cjs/loader:1554:14)
    at Object..js (node:internal/modules/cjs/loader:1706:10)
    at Module.load (node:internal/modules/cjs/loader:1289:32)
    at Function._load (node:internal/modules/cjs/loader:1108:12)
    at TracingChannel.traceSync (node:diagnostics_channel:322:14)
    at wrapModuleLoad (node:internal/modules/cjs/loader:220:24)
    at Function.executeUserEntryPoint [as runMain] (node:internal/modules/run_main:170:5)
    at node:internal/main/run_main_module:36:49
Emitted 'error' event on Server instance at:
    at emitErrorNT (node:net:1973:8)
    at process.processTicksAndRejections (node:internal/process/task_queues:90:21) {
  code: 'EADDRINUSE',
  errno: -4091,
  syscall: 'listen',
  address: '::',
  port: 3000
}

Node.js v22.14.0
Failed running 'src/server.js'
Restarting 'src/server.js'
2026-09-07T02:48:50.957Z [INFO] [static] serving frontend dist at C:\Users\606610\CodeBuddy\QRCode 客戶意見反饋\frontend\dist
2026-09-07T02:48:50.965Z [INFO] [server] QRCode 客戶意見反饋骨架已啟動 http://localhost:3000/api/v1
2026-09-07T02:48:50.965Z [INFO] [scheduler] SLA 掃描定時器已啟動（每 60000ms）
2026-09-07T02:48:50.965Z [WARN] [scheduler] 週報定時器停用（WEEKLY_REPORT_CHECK_MS 為 0/未設定）
Restarting 'src/server.js'
2026-09-07T02:48:56.812Z [INFO] [static] serving frontend dist at C:\Users\606610\CodeBuddy\QRCode 客戶意見反饋\frontend\dist
2026-09-07T02:48:56.820Z [INFO] [server] QRCode 客戶意見反饋骨架已啟動 http://localhost:3000/api/v1
2026-09-07T02:48:56.821Z [INFO] [scheduler] SLA 掃描定時器已啟動（每 60000ms）
2026-09-07T02:48:56.821Z [WARN] [scheduler] 週報定時器停用（WEEKLY_REPORT_CHECK_MS 為 0/未設定）
Restarting 'src/server.js'
2026-09-07T02:49:27.140Z [INFO] [static] serving frontend dist at C:\Users\606610\CodeBuddy\QRCode 客戶意見反饋\frontend\dist
2026-09-07T02:49:27.148Z [INFO] [server] QRCode 客戶意見反饋骨架已啟動 http://localhost:3000/api/v1
2026-09-07T02:49:27.148Z [INFO] [scheduler] SLA 掃描定時器已啟動（每 60000ms）
2026-09-07T02:49:27.148Z [WARN] [scheduler] 週報定時器停用（WEEKLY_REPORT_CHECK_MS 為 0/未設定）
Restarting 'src/server.js'
2026-09-07T02:49:31.267Z [INFO] [static] serving frontend dist at C:\Users\606610\CodeBuddy\QRCode 客戶意見反饋\frontend\dist
node:events:496
      throw er; // Unhandled 'error' event
      ^

Error: listen EADDRINUSE: address already in use :::3000
    at Server.setupListenHandle [as _listen2] (node:net:1937:16)
    at listenInCluster (node:net:1994:12)
    at Server.listen (node:net:2099:7)
    at Function.listen (C:\Users\606610\CodeBuddy\QRCode 客戶意見反饋\backend\node_modules\express\lib\application.js:635:24)
    at Object.<anonymous> (C:\Users\606610\CodeBuddy\QRCode 客戶意見反饋\backend\src\server.js:13:5)
    at Module._compile (node:internal/modules/cjs/loader:1554:14)
    at Object..js (node:internal/modules/cjs/loader:1706:10)
    at Module.load (node:internal/modules/cjs/loader:1289:32)
    at Function._load (node:internal/modules/cjs/loader:1108:12)
    at TracingChannel.traceSync (node:diagnostics_channel:322:14)
    at wrapModuleLoad (node:internal/modules/cjs/loader:220:24)
    at Function.executeUserEntryPoint [as runMain] (node:internal/modules/run_main:170:5)
    at node:internal/main/run_main_module:36:49
Emitted 'error' event on Server instance at:
    at emitErrorNT (node:net:1973:8)
    at process.processTicksAndRejections (node:internal/process/task_queues:90:21) {
  code: 'EADDRINUSE',
  errno: -4091,
  syscall: 'listen',
  address: '::',
  port: 3000
}

Node.js v22.14.0
Failed running 'src/server.js'
Restarting 'src/server.js'
2026-09-07T02:49:35.656Z [INFO] [static] serving frontend dist at C:\Users\606610\CodeBuddy\QRCode 客戶意見反饋\frontend\dist
node:events:496
      throw er; // Unhandled 'error' event
      ^

Error: listen EADDRINUSE: address already in use :::3000
    at Server.setupListenHandle [as _listen2] (node:net:1937:16)
    at listenInCluster (node:net:1994:12)
    at Server.listen (node:net:2099:7)
    at Function.listen (C:\Users\606610\CodeBuddy\QRCode 客戶意見反饋\backend\node_modules\express\lib\application.js:635:24)
    at Object.<anonymous> (C:\Users\606610\CodeBuddy\QRCode 客戶意見反饋\backend\src\server.js:13:5)
    at Module._compile (node:internal/modules/cjs/loader:1554:14)
    at Object..js (node:internal/modules/cjs/loader:1706:10)
    at Module.load (node:internal/modules/cjs/loader:1289:32)
    at Function._load (node:internal/modules/cjs/loader:1108:12)
    at TracingChannel.traceSync (node:diagnostics_channel:322:14)
    at wrapModuleLoad (node:internal/modules/cjs/loader:220:24)
    at Function.executeUserEntryPoint [as runMain] (node:internal/modules/run_main:170:5)
    at node:internal/main/run_main_module:36:49
Emitted 'error' event on Server instance at:
    at emitErrorNT (node:net:1973:8)
    at process.processTicksAndRejections (node:internal/process/task_queues:90:21) {
  code: 'EADDRINUSE',
  errno: -4091,
  syscall: 'listen',
  address: '::',
  port: 3000
}

Node.js v22.14.0
Failed running 'src/server.js'
Restarting 'src/server.js'
2026-09-07T02:49:46.774Z [INFO] [static] serving frontend dist at C:\Users\606610\CodeBuddy\QRCode 客戶意見反饋\frontend\dist
2026-09-07T02:49:46.781Z [INFO] [server] QRCode 客戶意見反饋骨架已啟動 http://localhost:3000/api/v1
2026-09-07T02:49:46.782Z [INFO] [scheduler] SLA 掃描定時器已啟動（每 60000ms）
2026-09-07T02:49:46.782Z [WARN] [scheduler] 週報定時器停用（WEEKLY_REPORT_CHECK_MS 為 0/未設定）
Restarting 'src/server.js'
2026-09-07T02:49:50.345Z [INFO] [static] serving frontend dist at C:\Users\606610\CodeBuddy\QRCode 客戶意見反饋\frontend\dist
2026-09-07T02:49:50.353Z [INFO] [server] QRCode 客戶意見反饋骨架已啟動 http://localhost:3000/api/v1
2026-09-07T02:49:50.353Z [INFO] [scheduler] SLA 掃描定時器已啟動（每 60000ms）
2026-09-07T02:49:50.353Z [WARN] [scheduler] 週報定時器停用（WEEKLY_REPORT_CHECK_MS 為 0/未設定）
2026-09-07T02:49:50.353Z [INFO] [scheduler] QR 自動到期掃描已啟動（每 60000ms）
2026-09-07T02:50:46.101Z [INFO] [http] GET /api/v1/qr/overview
2026-09-07T02:50:46.122Z [INFO] [http] GET /api/v1/me
2026-09-07T02:50:47.599Z [INFO] [http] GET /api/v1/qr/overview
2026-09-07T02:50:47.608Z [INFO] [http] GET /api/v1/me
2026-09-07T02:50:50.364Z [INFO] [slaReminder] SLA_SCAN cases=0 respRemind=0 respEsc=0 closureRemind=0 closureEsc=0 surveyExpired=0
2026-09-07T02:50:51.546Z [INFO] [http] GET /api/v1/qr/overview
2026-09-07T02:50:51.554Z [INFO] [http] GET /api/v1/me
2026-09-07T02:51:35.949Z [INFO] [http] GET /api/v1/qr/overview
2026-09-07T02:51:37.398Z [INFO] [http] GET /api/v1/qr/overview
2026-09-07T02:51:41.510Z [INFO] [http] GET /api/v1/qr/overview
2026-09-07T02:51:50.395Z [INFO] [slaReminder] SLA_SCAN cases=0 respRemind=0 respEsc=0 closureRemind=0 closureEsc=0 surveyExpired=0
2026-09-07T02:51:58.855Z [INFO] [http] GET /api/v1/qr/overview
2026-09-07T02:52:01.111Z [INFO] [http] GET /api/v1/qr/overview
2026-09-07T02:52:03.982Z [INFO] [http] GET /api/v1/qr/overview
2026-09-07T02:52:11.472Z [INFO] [http] GET /api/v1/qr/overview
2026-09-07T02:52:50.414Z [INFO] [slaReminder] SLA_SCAN cases=0 respRemind=0 respEsc=0 closureRemind=0 closureEsc=0 surveyExpired=0
2026-09-07T02:53:50.432Z [INFO] [slaReminder] SLA_SCAN cases=0 respRemind=0 respEsc=0 closureRemind=0 closureEsc=0 surveyExpired=0
2026-09-07T02:54:23.842Z [INFO] [http] PUT /api/v1/qr/1/valid-until
2026-09-07T02:54:45.920Z [INFO] [http] POST /api/v1/auth/login
2026-09-07T02:54:46.249Z [INFO] [http] GET /api/v1/qr/overview
2026-09-07T02:54:50.435Z [INFO] [slaReminder] SLA_SCAN cases=0 respRemind=0 respEsc=0 closureRemind=0 closureEsc=0 surveyExpired=0
2026-09-07T02:55:01.136Z [INFO] [http] POST /api/v1/auth/login
2026-09-07T02:55:50.440Z [INFO] [slaReminder] SLA_SCAN cases=0 respRemind=0 respEsc=0 closureRemind=0 closureEsc=0 surveyExpired=0
2026-09-07T02:56:04.035Z [INFO] [http] POST /api/v1/auth/login
2026-09-07T02:56:04.143Z [INFO] [http] GET /api/v1/qr/overview
2026-09-07T02:56:37.138Z [INFO] [http] POST /api/v1/auth/login
2026-09-07T02:56:37.251Z [INFO] [http] POST /api/v1/qr/9/status
2026-09-07T02:56:37.256Z [INFO] [qr] QR_REACTIVATE 9 CHNG by admin
2026-09-07T02:56:37.298Z [INFO] [http] PUT /api/v1/qr/9/valid-until
2026-09-07T02:56:37.318Z [INFO] [qr] QR_VALID_UNTIL 9 CHNG until=2027-09-07 15:59:59 by admin
2026-09-07T02:56:37.330Z [INFO] [http] GET /api/v1/qr/overview
2026-09-07T02:56:50.466Z [INFO] [slaReminder] SLA_SCAN cases=0 respRemind=0 respEsc=0 closureRemind=0 closureEsc=0 surveyExpired=0
2026-09-07T02:56:54.538Z [INFO] [http] POST /api/v1/auth/login
2026-09-07T02:56:54.620Z [INFO] [http] PUT /api/v1/qr/9/valid-until
2026-09-07T02:56:54.623Z [INFO] [qr] QR_VALID_UNTIL 9 CHNG until=2026-09-06 15:59:59 by admin
2026-09-07T02:56:54.637Z [INFO] [http] GET /api/v1/qr/overview
2026-09-07T02:56:54.682Z [INFO] [http] PUT /api/v1/qr/9/valid-until
2026-09-07T02:56:54.685Z [INFO] [qr] QR_VALID_UNTIL 9 CHNG until=(never) by admin
2026-09-07T02:56:54.692Z [INFO] [http] POST /api/v1/qr/9/status
2026-09-07T02:56:54.696Z [INFO] [qr] QR_DEACTIVATE 9 CHNG by admin
2026-09-07T02:57:50.504Z [INFO] [slaReminder] SLA_SCAN cases=0 respRemind=0 respEsc=0 closureRemind=0 closureEsc=0 surveyExpired=0
2026-09-07T02:58:50.511Z [INFO] [slaReminder] SLA_SCAN cases=0 respRemind=0 respEsc=0 closureRemind=0 closureEsc=0 surveyExpired=0
2026-09-07T02:59:50.527Z [INFO] [slaReminder] SLA_SCAN cases=0 respRemind=0 respEsc=0 closureRemind=0 closureEsc=0 surveyExpired=0
2026-09-07T03:00:50.544Z [INFO] [slaReminder] SLA_SCAN cases=0 respRemind=0 respEsc=0 closureRemind=0 closureEsc=0 surveyExpired=0
2026-09-07T03:01:50.548Z [INFO] [slaReminder] SLA_SCAN cases=0 respRemind=0 respEsc=0 closureRemind=0 closureEsc=0 surveyExpired=0
2026-09-07T03:02:50.563Z [INFO] [slaReminder] SLA_SCAN cases=0 respRemind=0 respEsc=0 closureRemind=0 closureEsc=0 surveyExpired=0
2026-09-07T03:03:50.565Z [INFO] [slaReminder] SLA_SCAN cases=0 respRemind=0 respEsc=0 closureRemind=0 closureEsc=0 surveyExpired=0
2026-09-07T03:04:50.583Z [INFO] [slaReminder] SLA_SCAN cases=0 respRemind=0 respEsc=0 closureRemind=0 closureEsc=0 surveyExpired=0
2026-09-07T03:05:50.604Z [INFO] [slaReminder] SLA_SCAN cases=0 respRemind=0 respEsc=0 closureRemind=0 closureEsc=0 surveyExpired=0
2026-09-07T03:06:17.257Z [INFO] [http] GET /api/v1/me
2026-09-07T03:06:17.393Z [INFO] [http] GET /api/v1/qr/overview
2026-09-07T03:06:34.225Z [INFO] [http] POST /api/v1/qr/generate
2026-09-07T03:06:34.235Z [INFO] [qr] QR_GENERATE 10 CHNG until=(never) by admin
2026-09-07T03:06:34.487Z [INFO] [http] GET /api/v1/qr/overview
2026-09-07T03:06:34.565Z [INFO] [http] GET /api/v1/qr/10/image?format=png&size=220
2026-09-07T03:06:50.608Z [INFO] [slaReminder] SLA_SCAN cases=0 respRemind=0 respEsc=0 closureRemind=0 closureEsc=0 surveyExpired=0
2026-09-07T03:07:14.317Z [INFO] [http] GET /api/v1/cases?sortBy=createdAt&sortDir=desc&page=1&pageSize=20
2026-09-07T03:07:14.331Z [INFO] [http] GET /api/v1/notifications/unread-count
2026-09-07T03:07:17.605Z [INFO] [http] GET /api/v1/notifications/unread-count
2026-09-07T03:07:17.608Z [INFO] [http] GET /api/v1/roles
2026-09-07T03:07:47.264Z [INFO] [http] GET /api/v1/notifications/unread-count
2026-09-07T03:07:47.267Z [INFO] [http] GET /api/v1/users?active=1
2026-09-07T03:07:47.275Z [INFO] [http] GET /api/v1/roles
2026-09-07T03:07:50.683Z [INFO] [slaReminder] SLA_SCAN cases=0 respRemind=0 respEsc=0 closureRemind=0 closureEsc=0 surveyExpired=0
2026-09-07T03:08:17.269Z [INFO] [http] GET /api/v1/notifications/unread-count
2026-09-07T03:08:47.260Z [INFO] [http] GET /api/v1/notifications/unread-count
2026-09-07T03:08:50.694Z [INFO] [slaReminder] SLA_SCAN cases=0 respRemind=0 respEsc=0 closureRemind=0 closureEsc=0 surveyExpired=0
2026-09-07T03:09:17.621Z [INFO] [http] GET /api/v1/notifications/unread-count
2026-09-07T03:09:41.098Z [INFO] [http] GET /api/v1/notifications/unread-count
2026-09-07T03:09:41.101Z [INFO] [http] GET /api/v1/cases?sortBy=createdAt&sortDir=desc&page=1&pageSize=20
2026-09-07T03:09:50.698Z [INFO] [slaReminder] SLA_SCAN cases=0 respRemind=0 respEsc=0 closureRemind=0 closureEsc=0 surveyExpired=0
2026-09-07T03:10:02.731Z [INFO] [http] POST /api/v1/auth/login
2026-09-07T03:10:02.979Z [INFO] [http] GET /api/v1/me
2026-09-07T03:10:03.101Z [INFO] [http] GET /api/v1/notifications/unread-count
2026-09-07T03:10:03.365Z [INFO] [http] GET /api/v1/cases?sortBy=createdAt&sortDir=desc&page=1&pageSize=20
2026-09-07T03:10:09.111Z [INFO] [http] GET /api/v1/notifications/unread-count
2026-09-07T03:10:09.414Z [INFO] [http] GET /api/v1/audit?
2026-09-07T03:10:11.303Z [INFO] [http] GET /api/v1/notifications/unread-count
2026-09-07T03:10:11.306Z [INFO] [http] GET /api/v1/roles
2026-09-07T03:10:11.554Z [INFO] [http] GET /api/v1/notifications/unread-count
2026-09-07T03:10:11.787Z [INFO] [http] GET /api/v1/users?active=1
2026-09-07T03:10:11.791Z [INFO] [http] GET /api/v1/roles
2026-09-07T03:10:12.390Z [INFO] [http] GET /api/v1/notifications/unread-count
2026-09-07T03:10:12.711Z [INFO] [http] GET /api/v1/cases?sortBy=createdAt&sortDir=desc&page=1&pageSize=20
2026-09-07T03:10:14.258Z [INFO] [http] GET /api/v1/qr/overview
2026-09-07T03:10:50.710Z [INFO] [slaReminder] SLA_SCAN cases=0 respRemind=0 respEsc=0 closureRemind=0 closureEsc=0 surveyExpired=0
2026-09-07T03:11:50.727Z [INFO] [slaReminder] SLA_SCAN cases=0 respRemind=0 respEsc=0 closureRemind=0 closureEsc=0 surveyExpired=0
2026-09-07T03:12:50.763Z [INFO] [slaReminder] SLA_SCAN cases=0 respRemind=0 respEsc=0 closureRemind=0 closureEsc=0 surveyExpired=0
2026-09-07T03:13:50.785Z [INFO] [slaReminder] SLA_SCAN cases=0 respRemind=0 respEsc=0 closureRemind=0 closureEsc=0 surveyExpired=0
2026-09-07T03:14:50.800Z [INFO] [slaReminder] SLA_SCAN cases=0 respRemind=0 respEsc=0 closureRemind=0 closureEsc=0 surveyExpired=0
2026-09-07T03:15:50.801Z [INFO] [slaReminder] SLA_SCAN cases=0 respRemind=0 respEsc=0 closureRemind=0 closureEsc=0 surveyExpired=0
2026-09-07T03:16:50.814Z [INFO] [slaReminder] SLA_SCAN cases=0 respRemind=0 respEsc=0 closureRemind=0 closureEsc=0 surveyExpired=0
2026-09-07T03:16:55.314Z [INFO] [http] POST /api/v1/auth/login
2026-09-07T03:16:55.474Z [INFO] [http] GET /api/v1/me
2026-09-07T03:16:55.709Z [INFO] [http] GET /api/v1/me
2026-09-07T03:16:56.008Z [INFO] [http] GET /api/v1/notifications/unread-count
2026-09-07T03:16:56.029Z [INFO] [http] GET /api/v1/cases?sortBy=createdAt&sortDir=desc&page=1&pageSize=20
2026-09-07T03:16:56.360Z [INFO] [http] GET /api/v1/cases?sortBy=createdAt&sortDir=desc&page=1&pageSize=20
2026-09-07T03:16:56.364Z [INFO] [http] GET /api/v1/notifications/unread-count
2026-09-07T03:17:26.169Z [INFO] [http] GET /api/v1/notifications/unread-count
2026-09-07T03:17:50.824Z [INFO] [slaReminder] SLA_SCAN cases=0 respRemind=0 respEsc=0 closureRemind=0 closureEsc=0 surveyExpired=0
2026-09-07T03:17:55.695Z [INFO] [http] GET /api/v1/notifications/unread-count
2026-09-07T03:17:56.018Z [INFO] [http] GET /api/v1/surveys/stats
2026-09-07T03:17:56.029Z [INFO] [http] GET /api/v1/notifications/unread-count
2026-09-07T03:17:56.343Z [INFO] [http] GET /api/v1/surveys/stats
2026-09-07T03:18:00.265Z [INFO] [http] GET /api/v1/surveys/stats?estate=CWC
2026-09-07T03:18:04.126Z [INFO] [http] GET /api/v1/notifications/unread-count
2026-09-07T03:18:04.449Z [INFO] [http] GET /api/v1/cases?sortBy=createdAt&sortDir=desc&page=1&pageSize=20
2026-09-07T03:18:04.455Z [INFO] [http] GET /api/v1/notifications/unread-count
2026-09-07T03:18:04.468Z [INFO] [http] GET /api/v1/cases?sortBy=createdAt&sortDir=desc&page=1&pageSize=20
2026-09-07T03:18:34.435Z [INFO] [http] GET /api/v1/notifications/unread-count
2026-09-07T03:18:50.826Z [INFO] [slaReminder] SLA_SCAN cases=0 respRemind=0 respEsc=0 closureRemind=0 closureEsc=0 surveyExpired=0
2026-09-07T03:19:04.136Z [INFO] [http] GET /api/v1/notifications/unread-count
2026-09-07T03:19:35.820Z [INFO] [http] GET /api/v1/notifications/unread-count
2026-09-07T03:19:39.373Z [INFO] [http] GET /api/v1/qr/overview
2026-09-07T03:19:39.696Z [INFO] [http] GET /api/v1/qr/overview
2026-09-07T03:19:41.262Z [INFO] [http] GET /api/v1/notifications/unread-count
2026-09-07T03:19:41.577Z [INFO] [http] GET /api/v1/cases?sortBy=createdAt&sortDir=desc&page=1&pageSize=20
2026-09-07T03:19:41.681Z [INFO] [http] GET /api/v1/notifications/unread-count
2026-09-07T03:19:41.993Z [INFO] [http] GET /api/v1/cases?sortBy=createdAt&sortDir=desc&page=1&pageSize=20
2026-09-07T03:19:50.831Z [INFO] [slaReminder] SLA_SCAN cases=0 respRemind=0 respEsc=0 closureRemind=0 closureEsc=0 surveyExpired=0
2026-09-07T03:20:11.496Z [INFO] [http] GET /api/v1/notifications/unread-count
2026-09-07T03:20:41.193Z [INFO] [http] GET /api/v1/notifications/unread-count
2026-09-07T03:20:50.841Z [INFO] [slaReminder] SLA_SCAN cases=0 respRemind=0 respEsc=0 closureRemind=0 closureEsc=0 surveyExpired=0
2026-09-07T03:21:11.556Z [INFO] [http] GET /api/v1/notifications/unread-count
2026-09-07T03:21:41.208Z [INFO] [http] GET /api/v1/notifications/unread-count
2026-09-07T03:21:50.851Z [INFO] [slaReminder] SLA_SCAN cases=0 respRemind=0 respEsc=0 closureRemind=0 closureEsc=0 surveyExpired=0
2026-09-07T03:22:11.503Z [INFO] [http] GET /api/v1/notifications/unread-count
2026-09-07T03:22:41.496Z [INFO] [http] GET /api/v1/notifications/unread-count
2026-09-07T03:22:50.858Z [INFO] [slaReminder] SLA_SCAN cases=0 respRemind=0 respEsc=0 closureRemind=0 closureEsc=0 surveyExpired=0
2026-09-07T03:23:11.494Z [INFO] [http] GET /api/v1/notifications/unread-count
2026-09-07T03:23:41.207Z [INFO] [http] GET /api/v1/notifications/unread-count
2026-09-07T03:23:50.874Z [INFO] [slaReminder] SLA_SCAN cases=0 respRemind=0 respEsc=0 closureRemind=0 closureEsc=0 surveyExpired=0
2026-09-07T03:24:11.497Z [INFO] [http] GET /api/v1/notifications/unread-count
2026-09-07T03:24:41.494Z [INFO] [http] GET /api/v1/notifications/unread-count
2026-09-07T03:24:50.879Z [INFO] [slaReminder] SLA_SCAN cases=0 respRemind=0 respEsc=0 closureRemind=0 closureEsc=0 surveyExpired=0
2026-09-07T03:25:11.496Z [INFO] [http] GET /api/v1/notifications/unread-count
2026-09-07T03:25:41.551Z [INFO] [http] GET /api/v1/notifications/unread-count
2026-09-07T03:25:50.912Z [INFO] [slaReminder] SLA_SCAN cases=0 respRemind=0 respEsc=0 closureRemind=0 closureEsc=0 surveyExpired=0
2026-09-07T03:26:11.500Z [INFO] [http] GET /api/v1/notifications/unread-count
2026-09-07T03:26:41.499Z [INFO] [http] GET /api/v1/notifications/unread-count
2026-09-07T03:26:50.918Z [INFO] [slaReminder] SLA_SCAN cases=0 respRemind=0 respEsc=0 closureRemind=0 closureEsc=0 surveyExpired=0
2026-09-07T03:27:11.526Z [INFO] [http] GET /api/v1/notifications/unread-count
2026-09-07T03:27:41.518Z [INFO] [http] GET /api/v1/notifications/unread-count
2026-09-07T03:27:50.921Z [INFO] [slaReminder] SLA_SCAN cases=0 respRemind=0 respEsc=0 closureRemind=0 closureEsc=0 surveyExpired=0
2026-09-07T03:28:11.506Z [INFO] [http] GET /api/v1/notifications/unread-count
Restarting 'src/server.js'
Restarting 'src/server.js'
Restarting 'src/server.js'
Waiting for graceful termination...
Gracefully restarted 'src/server.js'
2026-09-07T03:28:52.095Z [INFO] [static] serving frontend dist at C:\Users\606610\CodeBuddy\QRCode 客戶意見反饋\frontend\dist
2026-09-07T03:28:52.105Z [INFO] [server] QRCode 客戶意見反饋骨架已啟動 http://localhost:3000/api/v1
2026-09-07T03:28:52.105Z [INFO] [scheduler] SLA 掃描定時器已啟動（每 60000ms）
2026-09-07T03:28:52.105Z [WARN] [scheduler] 週報定時器停用（WEEKLY_REPORT_CHECK_MS 為 0/未設定）
2026-09-07T03:28:52.106Z [INFO] [scheduler] QR 自動到期掃描已啟動（每 60000ms）
2026-09-07T03:29:11.512Z [INFO] [http] GET /api/v1/notifications/unread-count
2026-09-07T03:29:41.541Z [INFO] [http] GET /api/v1/notifications/unread-count
2026-09-07T03:29:52.110Z [INFO] [slaReminder] SLA_SCAN cases=0 respRemind=0 respEsc=0 closureRemind=0 closureEsc=0 surveyExpired=0
2026-09-07T03:30:11.516Z [INFO] [http] GET /api/v1/notifications/unread-count
2026-09-07T03:30:41.506Z [INFO] [http] GET /api/v1/notifications/unread-count
2026-09-07T03:30:52.187Z [INFO] [slaReminder] SLA_SCAN cases=0 respRemind=0 respEsc=0 closureRemind=0 closureEsc=0 surveyExpired=0
2026-09-07T03:31:11.542Z [INFO] [http] GET /api/v1/notifications/unread-count
2026-09-07T03:31:41.497Z [INFO] [http] GET /api/v1/notifications/unread-count
2026-09-07T03:31:52.302Z [INFO] [slaReminder] SLA_SCAN cases=0 respRemind=0 respEsc=0 closureRemind=0 closureEsc=0 surveyExpired=0
2026-09-07T03:32:11.523Z [INFO] [http] GET /api/v1/notifications/unread-count
2026-09-07T03:32:41.503Z [INFO] [http] GET /api/v1/notifications/unread-count
2026-09-07T03:32:52.322Z [INFO] [slaReminder] SLA_SCAN cases=0 respRemind=0 respEsc=0 closureRemind=0 closureEsc=0 surveyExpired=0
2026-09-07T03:33:11.501Z [INFO] [http] GET /api/v1/notifications/unread-count
2026-09-07T03:33:41.558Z [INFO] [http] GET /api/v1/notifications/unread-count
2026-09-07T03:33:52.331Z [INFO] [slaReminder] SLA_SCAN cases=0 respRemind=0 respEsc=0 closureRemind=0 closureEsc=0 surveyExpired=0
2026-09-07T03:34:11.533Z [INFO] [http] GET /api/v1/notifications/unread-count
2026-09-07T03:34:41.533Z [INFO] [http] GET /api/v1/notifications/unread-count
2026-09-07T03:34:52.345Z [INFO] [slaReminder] SLA_SCAN cases=0 respRemind=0 respEsc=0 closureRemind=0 closureEsc=0 surveyExpired=0
2026-09-07T03:35:11.548Z [INFO] [http] GET /api/v1/notifications/unread-count
2026-09-07T03:35:41.512Z [INFO] [http] GET /api/v1/notifications/unread-count
2026-09-07T03:35:52.361Z [INFO] [slaReminder] SLA_SCAN cases=0 respRemind=0 respEsc=0 closureRemind=0 closureEsc=0 surveyExpired=0
2026-09-07T03:36:11.604Z [INFO] [http] GET /api/v1/notifications/unread-count
2026-09-07T03:36:41.537Z [INFO] [http] GET /api/v1/notifications/unread-count
2026-09-07T03:36:52.371Z [INFO] [slaReminder] SLA_SCAN cases=0 respRemind=0 respEsc=0 closureRemind=0 closureEsc=0 surveyExpired=0
2026-09-07T03:37:11.593Z [INFO] [http] GET /api/v1/notifications/unread-count
2026-09-07T03:37:41.540Z [INFO] [http] GET /api/v1/notifications/unread-count
2026-09-07T03:37:52.380Z [INFO] [slaReminder] SLA_SCAN cases=0 respRemind=0 respEsc=0 closureRemind=0 closureEsc=0 surveyExpired=0
2026-09-07T03:38:11.518Z [INFO] [http] GET /api/v1/notifications/unread-count
2026-09-07T03:38:41.494Z [INFO] [http] GET /api/v1/notifications/unread-count
2026-09-07T03:38:52.436Z [INFO] [slaReminder] SLA_SCAN cases=0 respRemind=0 respEsc=0 closureRemind=0 closureEsc=0 surveyExpired=0
2026-09-07T03:39:11.194Z [INFO] [http] GET /api/v1/notifications/unread-count
2026-09-07T03:39:41.495Z [INFO] [http] GET /api/v1/notifications/unread-count
2026-09-07T03:39:52.444Z [INFO] [slaReminder] SLA_SCAN cases=0 respRemind=0 respEsc=0 closureRemind=0 closureEsc=0 surveyExpired=0
2026-09-07T03:40:11.197Z [INFO] [http] GET /api/v1/notifications/unread-count
2026-09-07T03:40:41.515Z [INFO] [http] GET /api/v1/notifications/unread-count
2026-09-07T03:40:52.459Z [INFO] [slaReminder] SLA_SCAN cases=0 respRemind=0 respEsc=0 closureRemind=0 closureEsc=0 surveyExpired=0
2026-09-07T03:41:11.193Z [INFO] [http] GET /api/v1/notifications/unread-count
2026-09-07T03:41:41.503Z [INFO] [http] GET /api/v1/notifications/unread-count
2026-09-07T03:41:52.461Z [INFO] [slaReminder] SLA_SCAN cases=0 respRemind=0 respEsc=0 closureRemind=0 closureEsc=0 surveyExpired=0
2026-09-07T03:42:11.189Z [INFO] [http] GET /api/v1/notifications/unread-count
2026-09-07T03:42:41.507Z [INFO] [http] GET /api/v1/notifications/unread-count
2026-09-07T03:42:52.487Z [INFO] [slaReminder] SLA_SCAN cases=0 respRemind=0 respEsc=0 closureRemind=0 closureEsc=0 surveyExpired=0
2026-09-07T03:43:11.516Z [INFO] [http] GET /api/v1/notifications/unread-count
2026-09-07T03:43:41.501Z [INFO] [http] GET /api/v1/notifications/unread-count
2026-09-07T03:43:52.602Z [INFO] [slaReminder] SLA_SCAN cases=0 respRemind=0 respEsc=0 closureRemind=0 closureEsc=0 surveyExpired=0
2026-09-07T03:44:11.496Z [INFO] [http] GET /api/v1/notifications/unread-count
2026-09-07T03:44:41.186Z [INFO] [http] GET /api/v1/notifications/unread-count
2026-09-07T03:44:52.504Z [INFO] [slaReminder] SLA_SCAN cases=0 respRemind=0 respEsc=0 closureRemind=0 closureEsc=0 surveyExpired=0
2026-09-07T03:45:11.494Z [INFO] [http] GET /api/v1/notifications/unread-count
2026-09-07T03:45:41.191Z [INFO] [http] GET /api/v1/notifications/unread-count
2026-09-07T03:45:52.528Z [INFO] [slaReminder] SLA_SCAN cases=0 respRemind=0 respEsc=0 closureRemind=0 closureEsc=0 surveyExpired=0
2026-09-07T03:46:11.521Z [INFO] [http] GET /api/v1/notifications/unread-count
2026-09-07T03:46:41.194Z [INFO] [http] GET /api/v1/notifications/unread-count
2026-09-07T03:46:52.531Z [INFO] [slaReminder] SLA_SCAN cases=0 respRemind=0 respEsc=0 closureRemind=0 closureEsc=0 surveyExpired=0
2026-09-07T03:47:11.504Z [INFO] [http] GET /api/v1/notifications/unread-count
2026-09-07T03:47:41.813Z [INFO] [http] GET /api/v1/notifications/unread-count
2026-09-07T03:47:52.542Z [INFO] [slaReminder] SLA_SCAN cases=0 respRemind=0 respEsc=0 closureRemind=0 closureEsc=0 surveyExpired=0
2026-09-07T03:48:11.514Z [INFO] [http] GET /api/v1/notifications/unread-count
2026-09-07T03:48:41.186Z [INFO] [http] GET /api/v1/notifications/unread-count
2026-09-07T03:48:52.551Z [INFO] [slaReminder] SLA_SCAN cases=0 respRemind=0 respEsc=0 closureRemind=0 closureEsc=0 surveyExpired=0
2026-09-07T03:49:11.503Z [INFO] [http] GET /api/v1/notifications/unread-count
2026-09-07T03:49:41.192Z [INFO] [http] GET /api/v1/notifications/unread-count
2026-09-07T03:49:52.560Z [INFO] [slaReminder] SLA_SCAN cases=0 respRemind=0 respEsc=0 closureRemind=0 closureEsc=0 surveyExpired=0
2026-09-07T03:50:11.504Z [INFO] [http] GET /api/v1/notifications/unread-count
2026-09-07T03:50:41.191Z [INFO] [http] GET /api/v1/notifications/unread-count
2026-09-07T03:50:52.565Z [INFO] [slaReminder] SLA_SCAN cases=0 respRemind=0 respEsc=0 closureRemind=0 closureEsc=0 surveyExpired=0
2026-09-07T03:51:11.530Z [INFO] [http] GET /api/v1/notifications/unread-count
2026-09-07T03:51:41.193Z [INFO] [http] GET /api/v1/notifications/unread-count
2026-09-07T03:51:52.576Z [INFO] [slaReminder] SLA_SCAN cases=0 respRemind=0 respEsc=0 closureRemind=0 closureEsc=0 surveyExpired=0
2026-09-07T03:52:11.506Z [INFO] [http] GET /api/v1/notifications/unread-count
2026-09-07T03:52:41.198Z [INFO] [http] GET /api/v1/notifications/unread-count
2026-09-07T03:52:52.583Z [INFO] [slaReminder] SLA_SCAN cases=0 respRemind=0 respEsc=0 closureRemind=0 closureEsc=0 surveyExpired=0
2026-09-07T03:53:11.556Z [INFO] [http] GET /api/v1/notifications/unread-count
2026-09-07T03:53:41.197Z [INFO] [http] GET /api/v1/notifications/unread-count
2026-09-07T03:53:52.593Z [INFO] [slaReminder] SLA_SCAN cases=0 respRemind=0 respEsc=0 closureRemind=0 closureEsc=0 surveyExpired=0
2026-09-07T03:54:11.503Z [INFO] [http] GET /api/v1/notifications/unread-count
2026-09-07T03:54:41.197Z [INFO] [http] GET /api/v1/notifications/unread-count
2026-09-07T03:54:52.607Z [INFO] [slaReminder] SLA_SCAN cases=0 respRemind=0 respEsc=0 closureRemind=0 closureEsc=0 surveyExpired=0
2026-09-07T03:55:11.505Z [INFO] [http] GET /api/v1/notifications/unread-count
2026-09-07T03:55:41.194Z [INFO] [http] GET /api/v1/notifications/unread-count
2026-09-07T03:55:52.617Z [INFO] [slaReminder] SLA_SCAN cases=0 respRemind=0 respEsc=0 closureRemind=0 closureEsc=0 surveyExpired=0
2026-09-07T03:56:11.507Z [INFO] [http] GET /api/v1/notifications/unread-count
2026-09-07T03:56:41.186Z [INFO] [http] GET /api/v1/notifications/unread-count
2026-09-07T03:56:52.619Z [INFO] [slaReminder] SLA_SCAN cases=0 respRemind=0 respEsc=0 closureRemind=0 closureEsc=0 surveyExpired=0
2026-09-07T03:57:11.505Z [INFO] [http] GET /api/v1/notifications/unread-count
2026-09-07T03:57:41.196Z [INFO] [http] GET /api/v1/notifications/unread-count
2026-09-07T03:57:52.628Z [INFO] [slaReminder] SLA_SCAN cases=0 respRemind=0 respEsc=0 closureRemind=0 closureEsc=0 surveyExpired=0
2026-09-07T03:58:11.534Z [INFO] [http] GET /api/v1/notifications/unread-count
2026-09-07T03:58:41.199Z [INFO] [http] GET /api/v1/notifications/unread-count
2026-09-07T03:58:52.642Z [INFO] [slaReminder] SLA_SCAN cases=0 respRemind=0 respEsc=0 closureRemind=0 closureEsc=0 surveyExpired=0
2026-09-07T03:59:11.520Z [INFO] [http] GET /api/v1/notifications/unread-count
2026-09-07T03:59:41.186Z [INFO] [http] GET /api/v1/notifications/unread-count
2026-09-07T03:59:52.652Z [INFO] [slaReminder] SLA_SCAN cases=0 respRemind=0 respEsc=0 closureRemind=0 closureEsc=0 surveyExpired=0
2026-09-07T04:00:11.497Z [INFO] [http] GET /api/v1/notifications/unread-count
2026-09-07T04:00:41.194Z [INFO] [http] GET /api/v1/notifications/unread-count
2026-09-07T04:00:52.652Z [INFO] [slaReminder] SLA_SCAN cases=0 respRemind=0 respEsc=0 closureRemind=0 closureEsc=0 surveyExpired=0
2026-09-07T04:01:11.495Z [INFO] [http] GET /api/v1/notifications/unread-count
2026-09-07T04:01:41.187Z [INFO] [http] GET /api/v1/notifications/unread-count
2026-09-07T04:01:52.664Z [INFO] [slaReminder] SLA_SCAN cases=0 respRemind=0 respEsc=0 closureRemind=0 closureEsc=0 surveyExpired=0
2026-09-07T04:02:11.501Z [INFO] [http] GET /api/v1/notifications/unread-count
2026-09-07T04:02:41.196Z [INFO] [http] GET /api/v1/notifications/unread-count
2026-09-07T04:02:52.673Z [INFO] [slaReminder] SLA_SCAN cases=0 respRemind=0 respEsc=0 closureRemind=0 closureEsc=0 surveyExpired=0
2026-09-07T04:03:11.520Z [INFO] [http] GET /api/v1/notifications/unread-count
2026-09-07T04:03:41.205Z [INFO] [http] GET /api/v1/notifications/unread-count
2026-09-07T04:03:52.679Z [INFO] [slaReminder] SLA_SCAN cases=0 respRemind=0 respEsc=0 closureRemind=0 closureEsc=0 surveyExpired=0
2026-09-07T04:04:11.508Z [INFO] [http] GET /api/v1/notifications/unread-count
2026-09-07T04:04:41.193Z [INFO] [http] GET /api/v1/notifications/unread-count
2026-09-07T04:04:52.688Z [INFO] [slaReminder] SLA_SCAN cases=0 respRemind=0 respEsc=0 closureRemind=0 closureEsc=0 surveyExpired=0
2026-09-07T04:05:11.501Z [INFO] [http] GET /api/v1/notifications/unread-count
2026-09-07T04:05:41.188Z [INFO] [http] GET /api/v1/notifications/unread-count
2026-09-07T04:05:52.701Z [INFO] [slaReminder] SLA_SCAN cases=0 respRemind=0 respEsc=0 closureRemind=0 closureEsc=0 surveyExpired=0
2026-09-07T04:06:11.495Z [INFO] [http] GET /api/v1/notifications/unread-count
2026-09-07T04:06:27.101Z [INFO] [http] GET /api/v1/notifications/unread-count
2026-09-07T04:06:27.419Z [INFO] [http] GET /api/v1/surveys/stats
2026-09-07T04:06:27.443Z [INFO] [http] GET /api/v1/notifications/unread-count
2026-09-07T04:06:27.675Z [INFO] [http] GET /api/v1/surveys/stats
2026-09-07T04:06:40.117Z [INFO] [http] GET /api/v1/notifications/unread-count
2026-09-07T04:06:40.428Z [INFO] [http] GET /api/v1/notifications/unread-count
2026-09-07T04:06:40.447Z [INFO] [http] GET /api/v1/cases?sortBy=createdAt&sortDir=desc&page=1&pageSize=20
2026-09-07T04:06:40.472Z [INFO] [http] GET /api/v1/cases?sortBy=createdAt&sortDir=desc&page=1&pageSize=20
2026-09-07T04:06:46.967Z [INFO] [http] GET /api/v1/notifications/unread-count
2026-09-07T04:06:46.974Z [INFO] [http] GET /api/v1/surveys/stats
2026-09-07T04:06:47.223Z [INFO] [http] GET /api/v1/notifications/unread-count
2026-09-07T04:06:47.285Z [INFO] [http] GET /api/v1/surveys/stats
2026-09-07T04:06:48.907Z [INFO] [http] GET /api/v1/notifications/unread-count
2026-09-07T04:06:49.233Z [INFO] [http] GET /api/v1/cases?sortBy=createdAt&sortDir=desc&page=1&pageSize=20
2026-09-07T04:06:49.240Z [INFO] [http] GET /api/v1/notifications/unread-count
2026-09-07T04:06:49.554Z [INFO] [http] GET /api/v1/cases?sortBy=createdAt&sortDir=desc&page=1&pageSize=20
2026-09-07T04:06:52.717Z [INFO] [slaReminder] SLA_SCAN cases=0 respRemind=0 respEsc=0 closureRemind=0 closureEsc=0 surveyExpired=0
2026-09-07T04:06:57.316Z [INFO] [http] GET /api/v1/notifications/unread-count
2026-09-07T04:06:57.664Z [INFO] [http] GET /api/v1/config
2026-09-07T04:06:57.684Z [INFO] [http] GET /api/v1/notifications/unread-count
2026-09-07T04:06:57.920Z [INFO] [http] GET /api/v1/config
2026-09-07T04:07:06.372Z [INFO] [http] GET /api/v1/notifications/unread-count
2026-09-07T04:07:06.675Z [INFO] [http] GET /api/v1/cases?sortBy=createdAt&sortDir=desc&page=1&pageSize=20
2026-09-07T04:07:06.681Z [INFO] [http] GET /api/v1/notifications/unread-count
2026-09-07T04:07:06.687Z [INFO] [http] GET /api/v1/cases?sortBy=createdAt&sortDir=desc&page=1&pageSize=20
2026-09-07T04:07:36.692Z [INFO] [http] GET /api/v1/notifications/unread-count
2026-09-07T04:07:52.720Z [INFO] [slaReminder] SLA_SCAN cases=0 respRemind=0 respEsc=0 closureRemind=0 closureEsc=0 surveyExpired=0
2026-09-07T04:08:06.421Z [INFO] [http] GET /api/v1/notifications/unread-count
2026-09-07T04:08:36.691Z [INFO] [http] GET /api/v1/notifications/unread-count
2026-09-07T04:08:52.731Z [INFO] [slaReminder] SLA_SCAN cases=0 respRemind=0 respEsc=0 closureRemind=0 closureEsc=0 surveyExpired=0
2026-09-07T04:09:06.388Z [INFO] [http] GET /api/v1/notifications/unread-count
2026-09-07T04:09:36.680Z [INFO] [http] GET /api/v1/notifications/unread-count
2026-09-07T04:09:52.745Z [INFO] [slaReminder] SLA_SCAN cases=0 respRemind=0 respEsc=0 closureRemind=0 closureEsc=0 surveyExpired=0
2026-09-07T04:10:06.384Z [INFO] [http] GET /api/v1/notifications/unread-count
2026-09-07T04:10:36.694Z [INFO] [http] GET /api/v1/notifications/unread-count
2026-09-07T04:10:52.745Z [INFO] [slaReminder] SLA_SCAN cases=0 respRemind=0 respEsc=0 closureRemind=0 closureEsc=0 surveyExpired=0
2026-09-07T04:11:06.383Z [INFO] [http] GET /api/v1/notifications/unread-count
2026-09-07T04:11:36.695Z [INFO] [http] GET /api/v1/notifications/unread-count
2026-09-07T04:11:52.751Z [INFO] [slaReminder] SLA_SCAN cases=0 respRemind=0 respEsc=0 closureRemind=0 closureEsc=0 surveyExpired=0
2026-09-07T04:12:06.384Z [INFO] [http] GET /api/v1/notifications/unread-count
2026-09-07T04:12:36.699Z [INFO] [http] GET /api/v1/notifications/unread-count
2026-09-07T04:12:52.754Z [INFO] [slaReminder] SLA_SCAN cases=0 respRemind=0 respEsc=0 closureRemind=0 closureEsc=0 surveyExpired=0
2026-09-07T04:13:06.387Z [INFO] [http] GET /api/v1/notifications/unread-count
2026-09-07T04:13:36.686Z [INFO] [http] GET /api/v1/notifications/unread-count
2026-09-07T04:13:52.764Z [INFO] [slaReminder] SLA_SCAN cases=0 respRemind=0 respEsc=0 closureRemind=0 closureEsc=0 surveyExpired=0
2026-09-07T04:14:06.378Z [INFO] [http] GET /api/v1/notifications/unread-count
2026-09-07T04:14:36.699Z [INFO] [http] GET /api/v1/notifications/unread-count
2026-09-07T04:14:52.769Z [INFO] [slaReminder] SLA_SCAN cases=0 respRemind=0 respEsc=0 closureRemind=0 closureEsc=0 surveyExpired=0
2026-09-07T04:15:06.376Z [INFO] [http] GET /api/v1/notifications/unread-count
2026-09-07T04:15:36.696Z [INFO] [http] GET /api/v1/notifications/unread-count
2026-09-07T04:15:52.773Z [INFO] [slaReminder] SLA_SCAN cases=0 respRemind=0 respEsc=0 closureRemind=0 closureEsc=0 surveyExpired=0
2026-09-07T04:16:06.385Z [INFO] [http] GET /api/v1/notifications/unread-count
2026-09-07T04:16:36.696Z [INFO] [http] GET /api/v1/notifications/unread-count
2026-09-07T04:16:52.782Z [INFO] [slaReminder] SLA_SCAN cases=0 respRemind=0 respEsc=0 closureRemind=0 closureEsc=0 surveyExpired=0
2026-09-07T04:17:06.112Z [INFO] [http] GET /api/v1/qr/overview
2026-09-07T04:17:06.450Z [INFO] [http] GET /api/v1/qr/overview
2026-09-07T04:17:06.709Z [INFO] [http] GET /api/v1/qr/10/image?format=png&size=220
2026-09-07T04:17:06.853Z [INFO] [http] GET /api/v1/qr/6/image?format=png&size=220
2026-09-07T04:17:06.870Z [INFO] [http] GET /api/v1/qr/8/image?format=png&size=220
2026-09-07T04:17:06.882Z [INFO] [http] GET /api/v1/qr/2/image?format=png&size=220
2026-09-07T04:17:25.334Z [INFO] [http] GET /?estate=CHNG
2026-09-07T04:17:25.386Z [INFO] [http] GET /assets/index-BrTCdClv.js
2026-09-07T04:17:27.167Z [INFO] [http] GET /api/v1/form/meta?estate=CHNG&lang=zh-Hant
2026-09-07T04:17:27.914Z [INFO] [http] GET /logo.png
2026-09-07T04:17:27.924Z [INFO] [http] GET /favicon.ico
2026-09-07T04:17:52.793Z [INFO] [slaReminder] SLA_SCAN cases=0 respRemind=0 respEsc=0 closureRemind=0 closureEsc=0 surveyExpired=0
2026-09-07T04:18:50.091Z [INFO] [http] GET /api/v1/me
2026-09-07T04:18:50.103Z [INFO] [http] GET /api/v1/me
2026-09-07T04:18:52.800Z [INFO] [slaReminder] SLA_SCAN cases=0 respRemind=0 respEsc=0 closureRemind=0 closureEsc=0 surveyExpired=0
2026-09-07T04:19:18.385Z [INFO] [http] POST /api/v1/auth/login
2026-09-07T04:19:18.436Z [INFO] [http] GET /api/v1/me
2026-09-07T04:19:18.448Z [INFO] [http] GET /api/v1/me
Restarting 'src/server.js'
Restarting 'src/server.js'
Restarting 'src/server.js'
2026-09-07T04:19:24.676Z [INFO] [static] serving frontend dist at C:\Users\606610\CodeBuddy\QRCode 客戶意見反饋\frontend\dist
2026-09-07T04:19:24.682Z [INFO] [server] QRCode 客戶意見反饋骨架已啟動 http://localhost:3000/api/v1
2026-09-07T04:19:24.682Z [INFO] [scheduler] SLA 掃描定時器已啟動（每 60000ms）
2026-09-07T04:19:24.682Z [WARN] [scheduler] 週報定時器停用（WEEKLY_REPORT_CHECK_MS 為 0/未設定）
2026-09-07T04:19:24.683Z [INFO] [scheduler] QR 自動到期掃描已啟動（每 60000ms）
Restarting 'src/server.js'
2026-09-07T04:19:27.043Z [INFO] [static] serving frontend dist at C:\Users\606610\CodeBuddy\QRCode 客戶意見反饋\frontend\dist
node:events:496
      throw er; // Unhandled 'error' event
      ^

Error: listen EADDRINUSE: address already in use :::3000
    at Server.setupListenHandle [as _listen2] (node:net:1937:16)
    at listenInCluster (node:net:1994:12)
    at Server.listen (node:net:2099:7)
    at Function.listen (C:\Users\606610\CodeBuddy\QRCode 客戶意見反饋\backend\node_modules\express\lib\application.js:635:24)
    at Object.<anonymous> (C:\Users\606610\CodeBuddy\QRCode 客戶意見反饋\backend\src\server.js:13:5)
    at Module._compile (node:internal/modules/cjs/loader:1554:14)
    at Object..js (node:internal/modules/cjs/loader:1706:10)
    at Module.load (node:internal/modules/cjs/loader:1289:32)
    at Function._load (node:internal/modules/cjs/loader:1108:12)
    at TracingChannel.traceSync (node:diagnostics_channel:322:14)
    at wrapModuleLoad (node:internal/modules/cjs/loader:220:24)
    at Function.executeUserEntryPoint [as runMain] (node:internal/modules/run_main:170:5)
    at node:internal/main/run_main_module:36:49
Emitted 'error' event on Server instance at:
    at emitErrorNT (node:net:1973:8)
    at process.processTicksAndRejections (node:internal/process/task_queues:90:21) {
  code: 'EADDRINUSE',
  errno: -4091,
  syscall: 'listen',
  address: '::',
  port: 3000
}

Node.js v22.14.0
Failed running 'src/server.js'
Restarting 'src/server.js'
Restarting 'src/server.js'
Restarting 'src/server.js'
Restarting 'src/server.js'
2026-09-07T05:33:13.843Z [INFO] [static] serving frontend dist at C:\Users\606610\CodeBuddy\QRCode 客戶意見反饋\frontend\dist
2026-09-07T05:33:13.849Z [INFO] [server] QRCode 客戶意見反饋骨架已啟動 http://localhost:3000/api/v1
2026-09-07T05:33:13.849Z [INFO] [scheduler] SLA 掃描定時器已啟動（每 60000ms）
2026-09-07T05:33:13.850Z [WARN] [scheduler] 週報定時器停用（WEEKLY_REPORT_CHECK_MS 為 0/未設定）
2026-09-07T05:33:13.850Z [INFO] [scheduler] QR 自動到期掃描已啟動（每 60000ms）
Restarting 'src/server.js'
2026-09-07T05:33:18.916Z [INFO] [static] serving frontend dist at C:\Users\606610\CodeBuddy\QRCode 客戶意見反饋\frontend\dist
node:events:496
      throw er; // Unhandled 'error' event
      ^

Error: listen EADDRINUSE: address already in use :::3000
    at Server.setupListenHandle [as _listen2] (node:net:1937:16)
    at listenInCluster (node:net:1994:12)
    at Server.listen (node:net:2099:7)
    at Function.listen (C:\Users\606610\CodeBuddy\QRCode 客戶意見反饋\backend\node_modules\express\lib\application.js:635:24)
    at Object.<anonymous> (C:\Users\606610\CodeBuddy\QRCode 客戶意見反饋\backend\src\server.js:13:5)
    at Module._compile (node:internal/modules/cjs/loader:1554:14)
    at Object..js (node:internal/modules/cjs/loader:1706:10)
    at Module.load (node:internal/modules/cjs/loader:1289:32)
    at Function._load (node:internal/modules/cjs/loader:1108:12)
    at TracingChannel.traceSync (node:diagnostics_channel:322:14)
    at wrapModuleLoad (node:internal/modules/cjs/loader:220:24)
    at Function.executeUserEntryPoint [as runMain] (node:internal/modules/run_main:170:5)
    at node:internal/main/run_main_module:36:49
Emitted 'error' event on Server instance at:
    at emitErrorNT (node:net:1973:8)
    at process.processTicksAndRejections (node:internal/process/task_queues:90:21) {
  code: 'EADDRINUSE',
  errno: -4091,
  syscall: 'listen',
  address: '::',
  port: 3000
}

Node.js v22.14.0
Failed running 'src/server.js'
Restarting 'src/server.js'
2026-09-07T06:04:59.965Z [INFO] [static] serving frontend dist at C:\Users\606610\CodeBuddy\QRCode 客戶意見反饋\frontend\dist
node:events:496
      throw er; // Unhandled 'error' event
      ^

Error: listen EADDRINUSE: address already in use :::3000
    at Server.setupListenHandle [as _listen2] (node:net:1937:16)
    at listenInCluster (node:net:1994:12)
    at Server.listen (node:net:2099:7)
    at Function.listen (C:\Users\606610\CodeBuddy\QRCode 客戶意見反饋\backend\node_modules\express\lib\application.js:635:24)
    at Object.<anonymous> (C:\Users\606610\CodeBuddy\QRCode 客戶意見反饋\backend\src\server.js:13:5)
    at Module._compile (node:internal/modules/cjs/loader:1554:14)
    at Object..js (node:internal/modules/cjs/loader:1706:10)
    at Module.load (node:internal/modules/cjs/loader:1289:32)
    at Function._load (node:internal/modules/cjs/loader:1108:12)
    at TracingChannel.traceSync (node:diagnostics_channel:322:14)
    at wrapModuleLoad (node:internal/modules/cjs/loader:220:24)
    at Function.executeUserEntryPoint [as runMain] (node:internal/modules/run_main:170:5)
    at node:internal/main/run_main_module:36:49
Emitted 'error' event on Server instance at:
    at emitErrorNT (node:net:1973:8)
    at process.processTicksAndRejections (node:internal/process/task_queues:90:21) {
  code: 'EADDRINUSE',
  errno: -4091,
  syscall: 'listen',
  address: '::',
  port: 3000
}

Node.js v22.14.0
Failed running 'src/server.js'
Restarting 'src/server.js'
2026-09-07T06:05:06.205Z [INFO] [static] serving frontend dist at C:\Users\606610\CodeBuddy\QRCode 客戶意見反饋\frontend\dist
node:events:496
      throw er; // Unhandled 'error' event
      ^

Error: listen EADDRINUSE: address already in use :::3000
    at Server.setupListenHandle [as _listen2] (node:net:1937:16)
    at listenInCluster (node:net:1994:12)
    at Server.listen (node:net:2099:7)
    at Function.listen (C:\Users\606610\CodeBuddy\QRCode 客戶意見反饋\backend\node_modules\express\lib\application.js:635:24)
    at Object.<anonymous> (C:\Users\606610\CodeBuddy\QRCode 客戶意見反饋\backend\src\server.js:13:5)
    at Module._compile (node:internal/modules/cjs/loader:1554:14)
    at Object..js (node:internal/modules/cjs/loader:1706:10)
    at Module.load (node:internal/modules/cjs/loader:1289:32)
    at Function._load (node:internal/modules/cjs/loader:1108:12)
    at TracingChannel.traceSync (node:diagnostics_channel:322:14)
    at wrapModuleLoad (node:internal/modules/cjs/loader:220:24)
    at Function.executeUserEntryPoint [as runMain] (node:internal/modules/run_main:170:5)
    at node:internal/main/run_main_module:36:49
Emitted 'error' event on Server instance at:
    at emitErrorNT (node:net:1973:8)
    at process.processTicksAndRejections (node:internal/process/task_queues:90:21) {
  code: 'EADDRINUSE',
  errno: -4091,
  syscall: 'listen',
  address: '::',
  port: 3000
}

Node.js v22.14.0
Failed running 'src/server.js'
Restarting 'src/server.js'
2026-09-07T06:05:12.221Z [INFO] [static] serving frontend dist at C:\Users\606610\CodeBuddy\QRCode 客戶意見反饋\frontend\dist
2026-09-07T06:05:12.244Z [INFO] [server] QRCode 客戶意見反饋骨架已啟動 http://localhost:3000/api/v1
2026-09-07T06:05:12.244Z [INFO] [scheduler] SLA 掃描定時器已啟動（每 60000ms）
2026-09-07T06:05:12.245Z [WARN] [scheduler] 週報定時器停用（WEEKLY_REPORT_CHECK_MS 為 0/未設定）
2026-09-07T06:05:12.245Z [INFO] [scheduler] QR 自動到期掃描已啟動（每 60000ms）
Restarting 'src/server.js'
2026-09-07T06:05:17.311Z [INFO] [static] serving frontend dist at C:\Users\606610\CodeBuddy\QRCode 客戶意見反饋\frontend\dist
node:events:496
      throw er; // Unhandled 'error' event
      ^

Error: listen EADDRINUSE: address already in use :::3000
    at Server.setupListenHandle [as _listen2] (node:net:1937:16)
    at listenInCluster (node:net:1994:12)
    at Server.listen (node:net:2099:7)
    at Function.listen (C:\Users\606610\CodeBuddy\QRCode 客戶意見反饋\backend\node_modules\express\lib\application.js:635:24)
    at Object.<anonymous> (C:\Users\606610\CodeBuddy\QRCode 客戶意見反饋\backend\src\server.js:13:5)
    at Module._compile (node:internal/modules/cjs/loader:1554:14)
    at Object..js (node:internal/modules/cjs/loader:1706:10)
    at Module.load (node:internal/modules/cjs/loader:1289:32)
    at Function._load (node:internal/modules/cjs/loader:1108:12)
    at TracingChannel.traceSync (node:diagnostics_channel:322:14)
    at wrapModuleLoad (node:internal/modules/cjs/loader:220:24)
    at Function.executeUserEntryPoint [as runMain] (node:internal/modules/run_main:170:5)
    at node:internal/main/run_main_module:36:49
Emitted 'error' event on Server instance at:
    at emitErrorNT (node:net:1973:8)
    at process.processTicksAndRejections (node:internal/process/task_queues:90:21) {
  code: 'EADDRINUSE',
  errno: -4091,
  syscall: 'listen',
  address: '::',
  port: 3000
}

Node.js v22.14.0
Failed running 'src/server.js'
Restarting 'src/server.js'
2026-09-07T06:05:21.534Z [INFO] [static] serving frontend dist at C:\Users\606610\CodeBuddy\QRCode 客戶意見反饋\frontend\dist
2026-09-07T06:05:21.545Z [INFO] [server] QRCode 客戶意見反饋骨架已啟動 http://localhost:3000/api/v1
2026-09-07T06:05:21.545Z [INFO] [scheduler] SLA 掃描定時器已啟動（每 60000ms）
2026-09-07T06:05:21.546Z [WARN] [scheduler] 週報定時器停用（WEEKLY_REPORT_CHECK_MS 為 0/未設定）
2026-09-07T06:05:21.546Z [INFO] [scheduler] QR 自動到期掃描已啟動（每 60000ms）
2026-09-07T06:05:59.788Z [INFO] [http] GET /api/v1/qr/6/image?format=png&size=220
2026-09-07T06:05:59.854Z [INFO] [http] GET /api/v1/qr/10/image?format=png&size=220
2026-09-07T06:05:59.880Z [INFO] [http] GET /api/v1/qr/8/image?format=png&size=220
2026-09-07T06:05:59.901Z [INFO] [http] GET /api/v1/qr/overview
2026-09-07T06:06:00.065Z [INFO] [http] GET /api/v1/me
2026-09-07T06:06:00.069Z [INFO] [http] GET /api/v1/qr/2/image?format=png&size=220
2026-09-07T06:06:18.450Z [INFO] [http] GET /api/v1/qr/overview
2026-09-07T06:06:18.455Z [INFO] [http] GET /api/v1/me
2026-09-07T06:06:21.566Z [INFO] [slaReminder] SLA_SCAN cases=0 respRemind=0 respEsc=0 closureRemind=0 closureEsc=0 surveyExpired=0
2026-09-07T06:07:21.602Z [INFO] [slaReminder] SLA_SCAN cases=0 respRemind=0 respEsc=0 closureRemind=0 closureEsc=0 surveyExpired=0
2026-09-07T06:08:21.610Z [INFO] [slaReminder] SLA_SCAN cases=0 respRemind=0 respEsc=0 closureRemind=0 closureEsc=0 surveyExpired=0
2026-09-07T06:09:21.627Z [INFO] [slaReminder] SLA_SCAN cases=0 respRemind=0 respEsc=0 closureRemind=0 closureEsc=0 surveyExpired=0
2026-09-07T06:10:21.642Z [INFO] [slaReminder] SLA_SCAN cases=0 respRemind=0 respEsc=0 closureRemind=0 closureEsc=0 surveyExpired=0
2026-09-07T06:11:21.660Z [INFO] [slaReminder] SLA_SCAN cases=0 respRemind=0 respEsc=0 closureRemind=0 closureEsc=0 surveyExpired=0
2026-09-07T06:12:21.670Z [INFO] [slaReminder] SLA_SCAN cases=0 respRemind=0 respEsc=0 closureRemind=0 closureEsc=0 surveyExpired=0
2026-09-07T06:13:21.693Z [INFO] [slaReminder] SLA_SCAN cases=0 respRemind=0 respEsc=0 closureRemind=0 closureEsc=0 surveyExpired=0
2026-09-07T06:14:21.717Z [INFO] [slaReminder] SLA_SCAN cases=0 respRemind=0 respEsc=0 closureRemind=0 closureEsc=0 surveyExpired=0
2026-09-07T06:15:21.730Z [INFO] [slaReminder] SLA_SCAN cases=0 respRemind=0 respEsc=0 closureRemind=0 closureEsc=0 surveyExpired=0
2026-09-07T06:16:21.731Z [INFO] [slaReminder] SLA_SCAN cases=0 respRemind=0 respEsc=0 closureRemind=0 closureEsc=0 surveyExpired=0
2026-09-07T06:17:21.749Z [INFO] [slaReminder] SLA_SCAN cases=0 respRemind=0 respEsc=0 closureRemind=0 closureEsc=0 surveyExpired=0
2026-09-07T06:18:21.759Z [INFO] [slaReminder] SLA_SCAN cases=0 respRemind=0 respEsc=0 closureRemind=0 closureEsc=0 surveyExpired=0
2026-09-07T06:19:21.771Z [INFO] [slaReminder] SLA_SCAN cases=0 respRemind=0 respEsc=0 closureRemind=0 closureEsc=0 surveyExpired=0
2026-09-07T06:20:21.777Z [INFO] [slaReminder] SLA_SCAN cases=0 respRemind=0 respEsc=0 closureRemind=0 closureEsc=0 surveyExpired=0
2026-09-07T06:21:21.791Z [INFO] [slaReminder] SLA_SCAN cases=0 respRemind=0 respEsc=0 closureRemind=0 closureEsc=0 surveyExpired=0
2026-09-07T06:22:21.805Z [INFO] [slaReminder] SLA_SCAN cases=0 respRemind=0 respEsc=0 closureRemind=0 closureEsc=0 surveyExpired=0
2026-09-07T06:23:21.817Z [INFO] [slaReminder] SLA_SCAN cases=0 respRemind=0 respEsc=0 closureRemind=0 closureEsc=0 surveyExpired=0
2026-09-07T06:24:21.838Z [INFO] [slaReminder] SLA_SCAN cases=0 respRemind=0 respEsc=0 closureRemind=0 closureEsc=0 surveyExpired=0
2026-09-07T06:25:21.847Z [INFO] [slaReminder] SLA_SCAN cases=0 respRemind=0 respEsc=0 closureRemind=0 closureEsc=0 surveyExpired=0
2026-09-07T06:26:21.384Z [INFO] [http] GET /api/v1/estates
2026-09-07T06:26:21.860Z [INFO] [slaReminder] SLA_SCAN cases=0 respRemind=0 respEsc=0 closureRemind=0 closureEsc=0 surveyExpired=0
2026-09-07T06:26:26.181Z [INFO] [http] GET /api/v1/form/meta?estate=CHNG&lang=zh-Hant
2026-09-07T06:26:26.200Z [INFO] [http] GET /api/v1/form/meta?estate=CHNG&lang=zh-Hant
2026-09-07T06:27:21.876Z [INFO] [slaReminder] SLA_SCAN cases=0 respRemind=0 respEsc=0 closureRemind=0 closureEsc=0 surveyExpired=0
2026-09-07T06:28:21.880Z [INFO] [slaReminder] SLA_SCAN cases=0 respRemind=0 respEsc=0 closureRemind=0 closureEsc=0 surveyExpired=0
2026-09-07T06:29:21.892Z [INFO] [slaReminder] SLA_SCAN cases=0 respRemind=0 respEsc=0 closureRemind=0 closureEsc=0 surveyExpired=0
2026-09-07T06:30:21.904Z [INFO] [slaReminder] SLA_SCAN cases=0 respRemind=0 respEsc=0 closureRemind=0 closureEsc=0 surveyExpired=0
2026-09-07T06:31:21.906Z [INFO] [slaReminder] SLA_SCAN cases=0 respRemind=0 respEsc=0 closureRemind=0 closureEsc=0 surveyExpired=0
2026-09-07T06:32:21.921Z [INFO] [slaReminder] SLA_SCAN cases=0 respRemind=0 respEsc=0 closureRemind=0 closureEsc=0 surveyExpired=0
2026-09-07T06:33:21.936Z [INFO] [slaReminder] SLA_SCAN cases=0 respRemind=0 respEsc=0 closureRemind=0 closureEsc=0 surveyExpired=0
2026-09-07T06:34:21.942Z [INFO] [slaReminder] SLA_SCAN cases=0 respRemind=0 respEsc=0 closureRemind=0 closureEsc=0 surveyExpired=0
2026-09-07T06:35:21.949Z [INFO] [slaReminder] SLA_SCAN cases=0 respRemind=0 respEsc=0 closureRemind=0 closureEsc=0 surveyExpired=0
2026-09-07T06:36:21.965Z [INFO] [slaReminder] SLA_SCAN cases=0 respRemind=0 respEsc=0 closureRemind=0 closureEsc=0 surveyExpired=0
2026-09-07T06:37:21.975Z [INFO] [slaReminder] SLA_SCAN cases=0 respRemind=0 respEsc=0 closureRemind=0 closureEsc=0 surveyExpired=0
2026-09-07T06:38:21.983Z [INFO] [slaReminder] SLA_SCAN cases=0 respRemind=0 respEsc=0 closureRemind=0 closureEsc=0 surveyExpired=0
2026-09-07T06:39:21.990Z [INFO] [slaReminder] SLA_SCAN cases=0 respRemind=0 respEsc=0 closureRemind=0 closureEsc=0 surveyExpired=0
2026-09-07T06:40:21.995Z [INFO] [slaReminder] SLA_SCAN cases=0 respRemind=0 respEsc=0 closureRemind=0 closureEsc=0 surveyExpired=0
2026-09-07T06:41:22.010Z [INFO] [slaReminder] SLA_SCAN cases=0 respRemind=0 respEsc=0 closureRemind=0 closureEsc=0 surveyExpired=0
2026-09-07T06:42:22.026Z [INFO] [slaReminder] SLA_SCAN cases=0 respRemind=0 respEsc=0 closureRemind=0 closureEsc=0 surveyExpired=0
2026-09-07T06:43:19.825Z [INFO] [http] POST /api/v1/auth/login
2026-09-07T06:43:22.027Z [INFO] [slaReminder] SLA_SCAN cases=0 respRemind=0 respEsc=0 closureRemind=0 closureEsc=0 surveyExpired=0
2026-09-07T06:43:29.803Z [INFO] [http] POST /api/v1/auth/login
2026-09-07T06:43:30.192Z [INFO] [http] GET /api/v1/me
2026-09-07T06:43:30.457Z [INFO] [http] GET /api/v1/me
2026-09-07T06:43:30.518Z [INFO] [http] GET /api/v1/estates
2026-09-07T06:43:30.761Z [INFO] [http] GET /api/v1/notifications/unread-count
2026-09-07T06:43:30.829Z [INFO] [http] GET /api/v1/cases?sortBy=createdAt&sortDir=desc&page=1&pageSize=20
2026-09-07T06:43:30.840Z [INFO] [http] GET /api/v1/notifications/unread-count
2026-09-07T06:43:31.094Z [INFO] [http] GET /api/v1/cases?sortBy=createdAt&sortDir=desc&page=1&pageSize=20
2026-09-07T06:43:32.560Z [INFO] [http] GET /api/v1/qr/overview
2026-09-07T06:43:32.891Z [INFO] [http] GET /api/v1/qr/overview
2026-09-07T06:43:39.171Z [INFO] [http] GET /api/v1/notifications/unread-count
2026-09-07T06:43:39.485Z [INFO] [http] GET /api/v1/cases?sortBy=createdAt&sortDir=desc&page=1&pageSize=20
2026-09-07T06:43:39.716Z [INFO] [http] GET /api/v1/notifications/unread-count
2026-09-07T06:43:39.808Z [INFO] [http] GET /api/v1/cases?sortBy=createdAt&sortDir=desc&page=1&pageSize=20
2026-09-07T06:43:47.281Z [INFO] [http] GET /api/v1/qr/overview
2026-09-07T06:43:47.542Z [INFO] [http] GET /api/v1/qr/overview
2026-09-07T06:43:48.857Z [INFO] [http] GET /api/v1/notifications/unread-count
2026-09-07T06:43:49.175Z [INFO] [http] GET /api/v1/cases?sortBy=createdAt&sortDir=desc&page=1&pageSize=20
2026-09-07T06:43:49.186Z [INFO] [http] GET /api/v1/notifications/unread-count
2026-09-07T06:43:49.505Z [INFO] [http] GET /api/v1/cases?sortBy=createdAt&sortDir=desc&page=1&pageSize=20
2026-09-07T06:43:50.495Z [INFO] [http] GET /api/v1/notifications/unread-count
2026-09-07T06:43:50.500Z [INFO] [http] GET /api/v1/dashboard/handlers?range=thisMonth
2026-09-07T06:43:50.512Z [INFO] [http] GET /api/v1/dashboard/anomalies
2026-09-07T06:43:50.521Z [INFO] [http] GET /api/v1/dashboard/summary?range=thisMonth
2026-09-07T06:43:50.543Z [INFO] [http] GET /api/v1/dashboard/distribution?range=thisMonth
2026-09-07T06:43:50.552Z [INFO] [http] GET /api/v1/dashboard/trend?range=thisMonth
2026-09-07T06:43:50.840Z [INFO] [http] GET /api/v1/dashboard/weekly-report/list?limit=20
2026-09-07T06:43:50.853Z [INFO] [http] GET /api/v1/notifications/unread-count
2026-09-07T06:43:50.857Z [INFO] [http] GET /api/v1/dashboard/handlers?range=thisMonth
2026-09-07T06:43:50.867Z [INFO] [http] GET /api/v1/dashboard/anomalies
2026-09-07T06:43:50.871Z [INFO] [http] GET /api/v1/dashboard/summary?range=thisMonth
2026-09-07T06:43:50.884Z [INFO] [http] GET /api/v1/dashboard/distribution?range=thisMonth
2026-09-07T06:43:51.188Z [INFO] [http] GET /api/v1/dashboard/trend?range=thisMonth
2026-09-07T06:43:51.203Z [INFO] [http] GET /api/v1/dashboard/weekly-report/list?limit=20
2026-09-07T06:43:52.371Z [INFO] [http] GET /api/v1/notifications/unread-count
2026-09-07T06:43:52.375Z [INFO] [http] GET /api/v1/cases?sortBy=createdAt&sortDir=desc&page=1&pageSize=20
2026-09-07T06:43:52.628Z [INFO] [http] GET /api/v1/notifications/unread-count
2026-09-07T06:43:52.705Z [INFO] [http] GET /api/v1/cases?sortBy=createdAt&sortDir=desc&page=1&pageSize=20
2026-09-07T06:44:22.041Z [INFO] [slaReminder] SLA_SCAN cases=0 respRemind=0 respEsc=0 closureRemind=0 closureEsc=0 surveyExpired=0
2026-09-07T06:44:22.076Z [INFO] [http] GET /api/v1/notifications/unread-count
2026-09-07T06:44:52.391Z [INFO] [http] GET /api/v1/notifications/unread-count
2026-09-07T06:45:22.041Z [INFO] [slaReminder] SLA_SCAN cases=0 respRemind=0 respEsc=0 closureRemind=0 closureEsc=0 surveyExpired=0
2026-09-07T06:45:22.068Z [INFO] [http] GET /api/v1/notifications/unread-count
2026-09-07T06:45:52.390Z [INFO] [http] GET /api/v1/notifications/unread-count
2026-09-07T06:46:16.714Z [INFO] [http] GET /api/v1/notifications/unread-count
2026-09-07T06:46:17.047Z [INFO] [http] GET /api/v1/dashboard/handlers?range=thisMonth
2026-09-07T06:46:17.053Z [INFO] [http] GET /api/v1/dashboard/trend?range=thisMonth
2026-09-07T06:46:17.057Z [INFO] [http] GET /api/v1/dashboard/anomalies
2026-09-07T06:46:17.067Z [INFO] [http] GET /api/v1/dashboard/summary?range=thisMonth
2026-09-07T06:46:17.072Z [INFO] [http] GET /api/v1/dashboard/distribution?range=thisMonth
2026-09-07T06:46:17.085Z [INFO] [http] GET /api/v1/dashboard/weekly-report/list?limit=20
2026-09-07T06:46:17.391Z [INFO] [http] GET /api/v1/notifications/unread-count
2026-09-07T06:46:17.401Z [INFO] [http] GET /api/v1/dashboard/trend?range=thisMonth
2026-09-07T06:46:17.405Z [INFO] [http] GET /api/v1/dashboard/handlers?range=thisMonth
2026-09-07T06:46:17.414Z [INFO] [http] GET /api/v1/dashboard/summary?range=thisMonth
2026-09-07T06:46:17.419Z [INFO] [http] GET /api/v1/dashboard/distribution?range=thisMonth
2026-09-07T06:46:17.423Z [INFO] [http] GET /api/v1/dashboard/anomalies
2026-09-07T06:46:17.715Z [INFO] [http] GET /api/v1/dashboard/weekly-report/list?limit=20
2026-09-07T06:46:22.048Z [INFO] [slaReminder] SLA_SCAN cases=0 respRemind=0 respEsc=0 closureRemind=0 closureEsc=0 surveyExpired=0
2026-09-07T06:46:46.988Z [INFO] [http] GET /api/v1/notifications/unread-count
2026-09-07T06:47:16.687Z [INFO] [http] GET /api/v1/notifications/unread-count
2026-09-07T06:47:22.059Z [INFO] [slaReminder] SLA_SCAN cases=0 respRemind=0 respEsc=0 closureRemind=0 closureEsc=0 surveyExpired=0
2026-09-07T06:47:46.994Z [INFO] [http] GET /api/v1/notifications/unread-count
2026-09-07T06:48:16.683Z [INFO] [http] GET /api/v1/notifications/unread-count
2026-09-07T06:48:22.065Z [INFO] [slaReminder] SLA_SCAN cases=0 respRemind=0 respEsc=0 closureRemind=0 closureEsc=0 surveyExpired=0
2026-09-07T06:48:46.998Z [INFO] [http] GET /api/v1/notifications/unread-count
2026-09-07T06:49:16.683Z [INFO] [http] GET /api/v1/notifications/unread-count
2026-09-07T06:49:22.077Z [INFO] [slaReminder] SLA_SCAN cases=0 respRemind=0 respEsc=0 closureRemind=0 closureEsc=0 surveyExpired=0
2026-09-07T06:49:46.995Z [INFO] [http] GET /api/v1/notifications/unread-count
2026-09-07T06:50:16.675Z [INFO] [http] GET /api/v1/notifications/unread-count
2026-09-07T06:50:22.081Z [INFO] [slaReminder] SLA_SCAN cases=0 respRemind=0 respEsc=0 closureRemind=0 closureEsc=0 surveyExpired=0
2026-09-07T06:50:46.995Z [INFO] [http] GET /api/v1/notifications/unread-count
2026-09-07T06:51:16.681Z [INFO] [http] GET /api/v1/notifications/unread-count
2026-09-07T06:51:22.088Z [INFO] [slaReminder] SLA_SCAN cases=0 respRemind=0 respEsc=0 closureRemind=0 closureEsc=0 surveyExpired=0
2026-09-07T06:51:46.998Z [INFO] [http] GET /api/v1/notifications/unread-count
2026-09-07T06:52:16.679Z [INFO] [http] GET /api/v1/notifications/unread-count
2026-09-07T06:52:22.101Z [INFO] [slaReminder] SLA_SCAN cases=0 respRemind=0 respEsc=0 closureRemind=0 closureEsc=0 surveyExpired=0
2026-09-07T06:52:47.007Z [INFO] [http] GET /api/v1/notifications/unread-count
2026-09-07T06:53:16.691Z [INFO] [http] GET /api/v1/notifications/unread-count
2026-09-07T06:53:22.108Z [INFO] [slaReminder] SLA_SCAN cases=0 respRemind=0 respEsc=0 closureRemind=0 closureEsc=0 surveyExpired=0
2026-09-07T06:53:46.990Z [INFO] [http] GET /api/v1/notifications/unread-count
2026-09-07T06:54:16.688Z [INFO] [http] GET /api/v1/notifications/unread-count
2026-09-07T06:54:22.114Z [INFO] [slaReminder] SLA_SCAN cases=0 respRemind=0 respEsc=0 closureRemind=0 closureEsc=0 surveyExpired=0
2026-09-07T06:54:46.999Z [INFO] [http] GET /api/v1/notifications/unread-count
2026-09-07T06:55:16.680Z [INFO] [http] GET /api/v1/notifications/unread-count
2026-09-07T06:55:22.123Z [INFO] [slaReminder] SLA_SCAN cases=0 respRemind=0 respEsc=0 closureRemind=0 closureEsc=0 surveyExpired=0
2026-09-07T06:55:46.992Z [INFO] [http] GET /api/v1/notifications/unread-count
2026-09-07T06:56:16.675Z [INFO] [http] GET /api/v1/notifications/unread-count
2026-09-07T06:56:22.132Z [INFO] [slaReminder] SLA_SCAN cases=0 respRemind=0 respEsc=0 closureRemind=0 closureEsc=0 surveyExpired=0
2026-09-07T06:56:46.995Z [INFO] [http] GET /api/v1/notifications/unread-count
2026-09-07T06:57:10.153Z [INFO] [http] GET /api/v1/form/meta?estate=CHNG&lang=zh-Hant
2026-09-07T06:57:10.219Z [INFO] [http] GET /api/v1/form/meta?estate=CHNG&lang=zh-Hant
2026-09-07T06:57:17.245Z [INFO] [http] GET /api/v1/notifications/unread-count
2026-09-07T06:57:22.137Z [INFO] [slaReminder] SLA_SCAN cases=0 respRemind=0 respEsc=0 closureRemind=0 closureEsc=0 surveyExpired=0
2026-09-07T06:57:47.576Z [INFO] [http] GET /api/v1/notifications/unread-count
2026-09-07T06:58:16.677Z [INFO] [http] GET /api/v1/notifications/unread-count
2026-09-07T06:58:21.552Z [INFO] [http] GET /api/v1/notifications/unread-count
2026-09-07T06:58:21.554Z [INFO] [http] GET /api/v1/cases?sortBy=createdAt&sortDir=desc&page=1&pageSize=20
2026-09-07T06:58:21.795Z [INFO] [http] GET /api/v1/notifications/unread-count
2026-09-07T06:58:21.871Z [INFO] [http] GET /api/v1/cases?sortBy=createdAt&sortDir=desc&page=1&pageSize=20
2026-09-07T06:58:22.145Z [INFO] [slaReminder] SLA_SCAN cases=0 respRemind=0 respEsc=0 closureRemind=0 closureEsc=0 surveyExpired=0
2026-09-07T06:58:23.012Z [INFO] [http] GET /api/v1/notifications/unread-count
2026-09-07T06:58:23.319Z [INFO] [http] GET /api/v1/roles
2026-09-07T06:58:23.335Z [INFO] [http] GET /api/v1/notifications/unread-count
2026-09-07T06:58:23.663Z [INFO] [http] GET /api/v1/roles
2026-09-07T06:58:24.407Z [INFO] [http] GET /api/v1/notifications/unread-count
2026-09-07T06:58:24.409Z [INFO] [http] GET /api/v1/audit?
2026-09-07T06:58:24.664Z [INFO] [http] GET /api/v1/notifications/unread-count
2026-09-07T06:58:24.727Z [INFO] [http] GET /api/v1/audit?
2026-09-07T06:58:25.239Z [INFO] [http] GET /api/v1/notifications/unread-count
2026-09-07T06:58:25.548Z [INFO] [http] GET /api/v1/roles
2026-09-07T06:58:25.561Z [INFO] [http] GET /api/v1/notifications/unread-count
2026-09-07T06:58:25.873Z [INFO] [http] GET /api/v1/roles
2026-09-07T06:58:29.283Z [INFO] [http] GET /api/v1/notifications/unread-count
2026-09-07T06:58:29.287Z [INFO] [http] GET /api/v1/config
2026-09-07T06:58:29.540Z [INFO] [http] GET /api/v1/notifications/unread-count
2026-09-07T06:58:29.605Z [INFO] [http] GET /api/v1/config
2026-09-07T06:58:32.491Z [INFO] [http] GET /api/v1/notifications/unread-count
2026-09-07T06:58:32.807Z [INFO] [http] GET /api/v1/cases?sortBy=createdAt&sortDir=desc&page=1&pageSize=20
2026-09-07T06:58:32.818Z [INFO] [http] GET /api/v1/notifications/unread-count
2026-09-07T06:58:33.133Z [INFO] [http] GET /api/v1/cases?sortBy=createdAt&sortDir=desc&page=1&pageSize=20
2026-09-07T06:58:35.057Z [INFO] [http] GET /api/v1/qr/overview
2026-09-07T06:58:35.316Z [INFO] [http] GET /api/v1/qr/overview
2026-09-07T06:58:43.910Z [INFO] [http] GET /api/v1/me
2026-09-07T06:58:43.913Z [INFO] [http] GET /api/v1/me
2026-09-07T06:58:44.243Z [INFO] [http] GET /api/v1/qr/overview
2026-09-07T06:58:44.257Z [INFO] [http] GET /api/v1/qr/overview
2026-09-07T06:58:51.417Z [INFO] [http] GET /api/v1/notifications/unread-count
2026-09-07T06:58:51.666Z [INFO] [http] GET /api/v1/estates
2026-09-07T06:58:51.670Z [INFO] [http] GET /api/v1/cases?sortBy=createdAt&sortDir=desc&page=1&pageSize=20
2026-09-07T06:58:51.674Z [INFO] [http] GET /api/v1/notifications/unread-count
2026-09-07T06:58:51.686Z [INFO] [http] GET /api/v1/cases?sortBy=createdAt&sortDir=desc&page=1&pageSize=20
2026-09-07T06:58:54.228Z [INFO] [http] GET /api/v1/notifications/unread-count
2026-09-07T06:58:54.541Z [INFO] [http] GET /api/v1/estates
2026-09-07T06:58:54.553Z [INFO] [http] GET /api/v1/notifications/unread-count
2026-09-07T06:58:54.881Z [INFO] [http] GET /api/v1/estates
2026-09-07T06:59:22.152Z [INFO] [slaReminder] SLA_SCAN cases=0 respRemind=0 respEsc=0 closureRemind=0 closureEsc=0 surveyExpired=0
2026-09-07T06:59:24.546Z [INFO] [http] GET /api/v1/notifications/unread-count
2026-09-07T06:59:31.043Z [INFO] [http] GET /api/v1/notifications/unread-count
2026-09-07T06:59:31.358Z [INFO] [http] GET /api/v1/notifications/unread-count
2026-09-07T06:59:31.362Z [INFO] [http] GET /api/v1/roles
2026-09-07T06:59:31.685Z [INFO] [http] GET /api/v1/roles
2026-09-07T07:00:01.050Z [INFO] [http] GET /api/v1/notifications/unread-count
2026-09-07T07:00:02.349Z [INFO] [http] GET /api/v1/estates
2026-09-07T07:00:02.357Z [INFO] [http] GET /api/v1/notifications/unread-count
2026-09-07T07:00:02.614Z [INFO] [http] GET /api/v1/estates
2026-09-07T07:00:02.679Z [INFO] [http] GET /api/v1/notifications/unread-count
2026-09-07T07:00:22.166Z [INFO] [slaReminder] SLA_SCAN cases=0 respRemind=0 respEsc=0 closureRemind=0 closureEsc=0 surveyExpired=0
2026-09-07T07:00:32.245Z [INFO] [http] GET /api/v1/notifications/unread-count
2026-09-07T07:01:02.552Z [INFO] [http] GET /api/v1/notifications/unread-count
2026-09-07T07:01:22.178Z [INFO] [slaReminder] SLA_SCAN cases=0 respRemind=0 respEsc=0 closureRemind=0 closureEsc=0 surveyExpired=0
2026-09-07T07:01:32.256Z [INFO] [http] GET /api/v1/notifications/unread-count
2026-09-07T07:02:02.552Z [INFO] [http] GET /api/v1/notifications/unread-count
2026-09-07T07:02:22.183Z [INFO] [slaReminder] SLA_SCAN cases=0 respRemind=0 respEsc=0 closureRemind=0 closureEsc=0 surveyExpired=0
2026-09-07T07:02:32.246Z [INFO] [http] GET /api/v1/notifications/unread-count
2026-09-07T07:03:02.340Z [INFO] [http] GET /api/v1/notifications/unread-count
2026-09-07T07:03:22.198Z [INFO] [slaReminder] SLA_SCAN cases=0 respRemind=0 respEsc=0 closureRemind=0 closureEsc=0 surveyExpired=0
2026-09-07T07:03:32.019Z [INFO] [http] GET /api/v1/notifications/unread-count
2026-09-07T07:04:02.330Z [INFO] [http] GET /api/v1/notifications/unread-count
2026-09-07T07:04:15.882Z [INFO] [http] POST /api/v1/estates
2026-09-07T07:04:16.222Z [INFO] [http] GET /api/v1/estates
2026-09-07T07:04:22.208Z [INFO] [slaReminder] SLA_SCAN cases=0 respRemind=0 respEsc=0 closureRemind=0 closureEsc=0 surveyExpired=0
2026-09-07T07:04:22.855Z [INFO] [http] GET /api/v1/qr/overview
2026-09-07T07:04:23.179Z [INFO] [http] GET /api/v1/qr/overview
2026-09-07T07:05:06.573Z [INFO] [http] GET /api/v1/notifications/unread-count
2026-09-07T07:05:06.887Z [INFO] [http] GET /api/v1/estates
2026-09-07T07:05:06.893Z [INFO] [http] GET /api/v1/cases?sortBy=createdAt&sortDir=desc&page=1&pageSize=20
2026-09-07T07:05:06.898Z [INFO] [http] GET /api/v1/notifications/unread-count
2026-09-07T07:05:07.216Z [INFO] [http] GET /api/v1/cases?sortBy=createdAt&sortDir=desc&page=1&pageSize=20
2026-09-07T07:05:12.642Z [INFO] [http] GET /api/v1/notifications/unread-count
2026-09-07T07:05:12.650Z [INFO] [http] GET /api/v1/surveys/stats
2026-09-07T07:05:12.896Z [INFO] [http] GET /api/v1/notifications/unread-count
2026-09-07T07:05:12.988Z [INFO] [http] GET /api/v1/surveys/stats
2026-09-07T07:05:19.874Z [INFO] [http] GET /api/v1/notifications/unread-count
2026-09-07T07:05:20.189Z [INFO] [http] GET /api/v1/cases?sortBy=createdAt&sortDir=desc&page=1&pageSize=20
2026-09-07T07:05:20.205Z [INFO] [http] GET /api/v1/notifications/unread-count
2026-09-07T07:05:20.518Z [INFO] [http] GET /api/v1/cases?sortBy=createdAt&sortDir=desc&page=1&pageSize=20
2026-09-07T07:05:22.224Z [INFO] [slaReminder] SLA_SCAN cases=0 respRemind=0 respEsc=0 closureRemind=0 closureEsc=0 surveyExpired=0
2026-09-07T07:05:23.562Z [INFO] [http] GET /api/v1/qr/overview
2026-09-07T07:05:23.822Z [INFO] [http] GET /api/v1/qr/overview
2026-09-07T07:05:30.028Z [INFO] [http] GET /?estate=CWC
2026-09-07T07:05:30.203Z [INFO] [http] GET /assets/index-BrTCdClv.js
2026-09-07T07:05:32.106Z [INFO] [http] GET /api/v1/form/meta?estate=CWC&lang=zh-Hant
2026-09-07T07:05:33.075Z [INFO] [http] GET /favicon.ico
2026-09-07T07:05:33.076Z [INFO] [http] GET /logo.png
2026-09-07T07:06:22.225Z [INFO] [slaReminder] SLA_SCAN cases=0 respRemind=0 respEsc=0 closureRemind=0 closureEsc=0 surveyExpired=0
2026-09-07T07:07:08.207Z [INFO] [http] POST /api/v1/form/token
2026-09-07T07:07:08.243Z [INFO] [http] POST /api/v1/feedback
2026-09-07T07:07:08.270Z [INFO] [caseService] CASE_CREATE CRPM/SR/CWC/260907001 eventType=NORMAL
2026-09-07T07:07:08.328Z [INFO] [http] GET /favicon.ico
2026-09-07T07:07:13.964Z [INFO] [http] GET /api/v1/form/meta?estate=CHNG&lang=zh-Hant
2026-09-07T07:07:13.972Z [INFO] [http] GET /favicon.ico
2026-09-07T07:07:19.591Z [INFO] [http] GET /api/v1/cases?sortBy=createdAt&sortDir=desc&page=1&pageSize=20
2026-09-07T07:07:19.597Z [INFO] [http] GET /api/v1/notifications/unread-count
2026-09-07T07:07:19.853Z [INFO] [http] GET /api/v1/notifications/unread-count
2026-09-07T07:07:19.933Z [INFO] [http] GET /api/v1/cases?sortBy=createdAt&sortDir=desc&page=1&pageSize=20
2026-09-07T07:07:20.965Z [INFO] [http] GET /api/v1/notifications/unread-count
2026-09-07T07:07:21.281Z [INFO] [http] GET /api/v1/estates
2026-09-07T07:07:21.367Z [INFO] [http] GET /api/v1/notifications/unread-count
2026-09-07T07:07:21.613Z [INFO] [http] GET /api/v1/estates
2026-09-07T07:07:22.234Z [INFO] [notification] EMAIL_QUEUE template=notif_reminder recipient=cwcsup@***
2026-09-07T07:07:22.236Z [INFO] [slaReminder] SLA_SCAN cases=1 respRemind=1 respEsc=0 closureRemind=0 closureEsc=0 surveyExpired=0
2026-09-07T07:07:51.272Z [INFO] [http] GET /api/v1/notifications/unread-count
2026-09-07T07:08:20.963Z [INFO] [http] GET /api/v1/notifications/unread-count
2026-09-07T07:08:22.239Z [INFO] [slaReminder] SLA_SCAN cases=1 respRemind=0 respEsc=0 closureRemind=0 closureEsc=0 surveyExpired=0
2026-09-07T07:08:51.278Z [INFO] [http] GET /api/v1/notifications/unread-count
2026-09-07T07:09:20.970Z [INFO] [http] GET /api/v1/notifications/unread-count
2026-09-07T07:09:22.247Z [INFO] [slaReminder] SLA_SCAN cases=1 respRemind=0 respEsc=0 closureRemind=0 closureEsc=0 surveyExpired=0
2026-09-07T07:09:51.273Z [INFO] [http] GET /api/v1/notifications/unread-count
2026-09-07T07:10:20.958Z [INFO] [http] GET /api/v1/notifications/unread-count
2026-09-07T07:10:22.262Z [INFO] [slaReminder] SLA_SCAN cases=1 respRemind=0 respEsc=0 closureRemind=0 closureEsc=0 surveyExpired=0
2026-09-07T07:10:51.263Z [INFO] [http] GET /api/v1/notifications/unread-count
2026-09-07T07:11:20.958Z [INFO] [http] GET /api/v1/notifications/unread-count
2026-09-07T07:11:22.274Z [INFO] [slaReminder] SLA_SCAN cases=1 respRemind=0 respEsc=0 closureRemind=0 closureEsc=0 surveyExpired=0
2026-09-07T07:11:51.281Z [INFO] [http] GET /api/v1/notifications/unread-count
2026-09-07T07:12:15.251Z [INFO] [http] GET /api/v1/notifications/unread-count
2026-09-07T07:12:15.569Z [INFO] [http] GET /api/v1/notifications/unread-count
2026-09-07T07:12:15.574Z [INFO] [http] GET /api/v1/cases?sortBy=createdAt&sortDir=desc&page=1&pageSize=20
2026-09-07T07:12:15.923Z [INFO] [http] GET /api/v1/cases?sortBy=createdAt&sortDir=desc&page=1&pageSize=20
2026-09-07T07:12:22.289Z [INFO] [slaReminder] SLA_SCAN cases=1 respRemind=0 respEsc=0 closureRemind=0 closureEsc=0 surveyExpired=0
2026-09-07T07:12:23.556Z [INFO] [http] GET /api/v1/cases/CRPM%2FSR%2FCWC%2F260907001
2026-09-07T07:12:23.900Z [INFO] [http] GET /api/v1/cases/CRPM%2FSR%2FCWC%2F260907001
2026-09-07T07:12:24.151Z [INFO] [http] GET /api/v1/notifications/unread-count
2026-09-07T07:12:24.355Z [INFO] [http] GET /api/v1/notifications/unread-count
2026-09-07T07:12:28.630Z [INFO] [http] GET /api/v1/cases/CRPM%2FSR%2FCWC%2F260907001/assignees
2026-09-07T07:12:53.097Z [INFO] [http] GET /api/v1/cases/CRPM%2FSR%2FCWC%2F260907001/assignees
2026-09-07T07:12:54.049Z [INFO] [http] GET /api/v1/notifications/unread-count
2026-09-07T07:13:22.300Z [INFO] [slaReminder] SLA_SCAN cases=1 respRemind=0 respEsc=0 closureRemind=0 closureEsc=0 surveyExpired=0
2026-09-07T07:13:24.363Z [INFO] [http] GET /api/v1/notifications/unread-count
2026-09-07T07:13:54.064Z [INFO] [http] GET /api/v1/notifications/unread-count
2026-09-07T07:14:22.313Z [INFO] [slaReminder] SLA_SCAN cases=1 respRemind=0 respEsc=0 closureRemind=0 closureEsc=0 surveyExpired=0
2026-09-07T07:14:24.354Z [INFO] [http] GET /api/v1/notifications/unread-count
2026-09-07T07:14:54.051Z [INFO] [http] GET /api/v1/notifications/unread-count
2026-09-07T07:15:06.874Z [INFO] [http] GET /api/v1/notifications/unread-count
2026-09-07T07:15:06.880Z [INFO] [http] GET /api/v1/cases?sortBy=createdAt&sortDir=desc&page=1&pageSize=20
2026-09-07T07:15:06.897Z [INFO] [http] GET /api/v1/notifications/unread-count
2026-09-07T07:15:07.115Z [INFO] [http] GET /api/v1/cases?sortBy=createdAt&sortDir=desc&page=1&pageSize=20
2026-09-07T07:15:08.488Z [INFO] [http] GET /api/v1/cases/CRPM%2FSR%2FCWC%2F260907001
2026-09-07T07:15:08.806Z [INFO] [http] GET /api/v1/cases/CRPM%2FSR%2FCWC%2F260907001
2026-09-07T07:15:09.073Z [INFO] [http] GET /api/v1/notifications/unread-count
2026-09-07T07:15:09.164Z [INFO] [http] GET /api/v1/notifications/unread-count
2026-09-07T07:15:15.284Z [INFO] [http] GET /api/v1/notifications/unread-count
2026-09-07T07:15:15.596Z [INFO] [http] GET /api/v1/cases?sortBy=createdAt&sortDir=desc&page=1&pageSize=20
2026-09-07T07:15:15.603Z [INFO] [http] GET /api/v1/notifications/unread-count
2026-09-07T07:15:15.930Z [INFO] [http] GET /api/v1/cases?sortBy=createdAt&sortDir=desc&page=1&pageSize=20
2026-09-07T07:15:17.420Z [INFO] [http] GET /api/v1/cases/SMS%2FSR%2FCHNG%2F260904001
2026-09-07T07:15:17.669Z [INFO] [http] GET /api/v1/cases/SMS%2FSR%2FCHNG%2F260904001
2026-09-07T07:15:17.782Z [INFO] [http] GET /api/v1/notifications/unread-count
2026-09-07T07:15:18.115Z [INFO] [http] GET /api/v1/notifications/unread-count
2026-09-07T07:15:21.797Z [INFO] [http] GET /api/v1/notifications/unread-count
2026-09-07T07:15:22.113Z [INFO] [http] GET /api/v1/notifications/unread-count
2026-09-07T07:15:22.115Z [INFO] [http] GET /api/v1/cases?sortBy=createdAt&sortDir=desc&page=1&pageSize=20
2026-09-07T07:15:22.318Z [INFO] [slaReminder] SLA_SCAN cases=1 respRemind=0 respEsc=0 closureRemind=0 closureEsc=0 surveyExpired=0
2026-09-07T07:15:22.436Z [INFO] [http] GET /api/v1/cases?sortBy=createdAt&sortDir=desc&page=1&pageSize=20
2026-09-07T07:15:24.337Z [INFO] [http] GET /api/v1/cases/CRPM%2FSR%2FCWC%2F260907001
2026-09-07T07:15:24.667Z [INFO] [http] GET /api/v1/cases/CRPM%2FSR%2FCWC%2F260907001
2026-09-07T07:15:24.925Z [INFO] [http] GET /api/v1/notifications/unread-count
2026-09-07T07:15:25.030Z [INFO] [http] GET /api/v1/notifications/unread-count
2026-09-07T07:15:31.997Z [INFO] [http] GET /api/v1/cases/CRPM%2FSR%2FCWC%2F260907001/assignees
2026-09-07T07:15:35.824Z [INFO] [http] POST /api/v1/cases/CRPM%2FSR%2FCWC%2F260907001/assign
2026-09-07T07:15:35.830Z [INFO] [notification] EMAIL_QUEUE template=notif_case recipient=cwcsup@***
2026-09-07T07:15:35.831Z [INFO] [caseService] ASSIGN CRPM/SR/CWC/260907001 → 3 by admin
2026-09-07T07:15:36.081Z [INFO] [http] GET /api/v1/cases/CRPM%2FSR%2FCWC%2F260907001
2026-09-07T07:15:49.057Z [INFO] [http] POST /api/v1/cases/CRPM%2FSR%2FCWC%2F260907001/start
2026-09-07T07:15:49.395Z [INFO] [http] GET /api/v1/cases/CRPM%2FSR%2FCWC%2F260907001
2026-09-07T07:15:54.710Z [INFO] [http] GET /api/v1/notifications/unread-count
2026-09-07T07:16:20.348Z [INFO] [http] POST /api/v1/cases/CRPM%2FSR%2FCWC%2F260907001/resolve-request
2026-09-07T07:16:20.357Z [INFO] [notification] EMAIL_QUEUE template=notif_case recipient=ccsup@***
2026-09-07T07:16:20.358Z [INFO] [notification] EMAIL_QUEUE template=notif_case recipient=cwcsup@***
2026-09-07T07:16:20.594Z [INFO] [http] GET /api/v1/cases/CRPM%2FSR%2FCWC%2F260907001
2026-09-07T07:16:22.324Z [INFO] [slaReminder] SLA_SCAN cases=0 respRemind=0 respEsc=0 closureRemind=0 closureEsc=0 surveyExpired=0
2026-09-07T07:16:24.709Z [INFO] [http] GET /api/v1/notifications/unread-count
2026-09-07T07:16:55.565Z [INFO] [http] GET /api/v1/notifications/unread-count
2026-09-07T07:17:22.329Z [INFO] [slaReminder] SLA_SCAN cases=0 respRemind=0 respEsc=0 closureRemind=0 closureEsc=0 surveyExpired=0
2026-09-07T07:17:25.276Z [INFO] [http] GET /api/v1/notifications/unread-count
Restarting 'src/server.js'
Restarting 'src/server.js'
Restarting 'src/server.js'
Restarting 'src/server.js'
2026-09-07T07:17:54.693Z [INFO] [static] serving frontend dist at C:\Users\606610\CodeBuddy\QRCode 客戶意見反饋\frontend\dist
2026-09-07T07:17:54.699Z [INFO] [server] QRCode 客戶意見反饋骨架已啟動 http://localhost:3000/api/v1
2026-09-07T07:17:54.700Z [INFO] [scheduler] SLA 掃描定時器已啟動（每 60000ms）
2026-09-07T07:17:54.700Z [WARN] [scheduler] 週報定時器停用（WEEKLY_REPORT_CHECK_MS 為 0/未設定）
2026-09-07T07:17:54.700Z [INFO] [scheduler] QR 自動到期掃描已啟動（每 60000ms）
Restarting 'src/server.js'
2026-09-07T07:17:59.155Z [INFO] [static] serving frontend dist at C:\Users\606610\CodeBuddy\QRCode 客戶意見反饋\frontend\dist
node:events:496
      throw er; // Unhandled 'error' event
      ^

Error: listen EADDRINUSE: address already in use :::3000
    at Server.setupListenHandle [as _listen2] (node:net:1937:16)
    at listenInCluster (node:net:1994:12)
    at Server.listen (node:net:2099:7)
    at Function.listen (C:\Users\606610\CodeBuddy\QRCode 客戶意見反饋\backend\node_modules\express\lib\application.js:635:24)
    at Object.<anonymous> (C:\Users\606610\CodeBuddy\QRCode 客戶意見反饋\backend\src\server.js:13:5)
    at Module._compile (node:internal/modules/cjs/loader:1554:14)
    at Object..js (node:internal/modules/cjs/loader:1706:10)
    at Module.load (node:internal/modules/cjs/loader:1289:32)
    at Function._load (node:internal/modules/cjs/loader:1108:12)
    at TracingChannel.traceSync (node:diagnostics_channel:322:14)
    at wrapModuleLoad (node:internal/modules/cjs/loader:220:24)
    at Function.executeUserEntryPoint [as runMain] (node:internal/modules/run_main:170:5)
    at node:internal/main/run_main_module:36:49
Emitted 'error' event on Server instance at:
    at emitErrorNT (node:net:1973:8)
    at process.processTicksAndRejections (node:internal/process/task_queues:90:21) {
  code: 'EADDRINUSE',
  errno: -4091,
  syscall: 'listen',
  address: '::',
  port: 3000
}

Node.js v22.14.0
Failed running 'src/server.js'
Restarting 'src/server.js'
Restarting 'src/server.js'
2026-09-07T08:31:42.136Z [INFO] [static] serving frontend dist at C:\Users\606610\CodeBuddy\QRCode 客戶意見反饋\frontend\dist
2026-09-07T08:31:42.142Z [INFO] [server] QRCode 客戶意見反饋骨架已啟動 http://localhost:3000/api/v1
2026-09-07T08:31:42.143Z [INFO] [scheduler] SLA 掃描定時器已啟動（每 60000ms）
2026-09-07T08:31:42.143Z [WARN] [scheduler] 週報定時器停用（WEEKLY_REPORT_CHECK_MS 為 0/未設定）
2026-09-07T08:31:42.143Z [INFO] [scheduler] QR 自動到期掃描已啟動（每 60000ms）
Restarting 'src/server.js'
2026-09-07T08:31:46.935Z [INFO] [static] serving frontend dist at C:\Users\606610\CodeBuddy\QRCode 客戶意見反饋\frontend\dist
node:events:496
      throw er; // Unhandled 'error' event
      ^

Error: listen EADDRINUSE: address already in use :::3000
    at Server.setupListenHandle [as _listen2] (node:net:1937:16)
    at listenInCluster (node:net:1994:12)
    at Server.listen (node:net:2099:7)
    at Function.listen (C:\Users\606610\CodeBuddy\QRCode 客戶意見反饋\backend\node_modules\express\lib\application.js:635:24)
    at Object.<anonymous> (C:\Users\606610\CodeBuddy\QRCode 客戶意見反饋\backend\src\server.js:13:5)
    at Module._compile (node:internal/modules/cjs/loader:1554:14)
    at Object..js (node:internal/modules/cjs/loader:1706:10)
    at Module.load (node:internal/modules/cjs/loader:1289:32)
    at Function._load (node:internal/modules/cjs/loader:1108:12)
    at TracingChannel.traceSync (node:diagnostics_channel:322:14)
    at wrapModuleLoad (node:internal/modules/cjs/loader:220:24)
    at Function.executeUserEntryPoint [as runMain] (node:internal/modules/run_main:170:5)
    at node:internal/main/run_main_module:36:49
Emitted 'error' event on Server instance at:
    at emitErrorNT (node:net:1973:8)
    at process.processTicksAndRejections (node:internal/process/task_queues:90:21) {
  code: 'EADDRINUSE',
  errno: -4091,
  syscall: 'listen',
  address: '::',
  port: 3000
}

Node.js v22.14.0
Failed running 'src/server.js'
