
> qr-feedback-backend@1.0.0 dev
> node --watch src/server.js

2026-09-04T07:57:46.131Z [INFO] [static] serving frontend dist at C:\Users\606610\CodeBuddy\QRCode 客戶意見反饋\frontend\dist
2026-09-04T07:57:46.143Z [INFO] [server] QRCode 客戶意見反饋骨架已啟動 http://localhost:3000/api/v1
2026-09-04T07:57:46.143Z [INFO] [scheduler] SLA 掃描定時器已啟動（每 60000ms）
2026-09-04T07:57:46.143Z [WARN] [scheduler] 週報定時器停用（WEEKLY_REPORT_CHECK_MS 為 0/未設定）
2026-09-04T07:57:52.530Z [INFO] [http] GET /api/v1/notifications/unread-count
2026-09-04T07:58:07.586Z [INFO] [http] POST /api/v1/auth/login
2026-09-04T07:58:07.908Z [INFO] [http] GET /api/v1/users
2026-09-04T07:58:07.925Z [INFO] [http] GET /api/v1/roles
2026-09-04T07:58:07.983Z [INFO] [http] GET /api/v1/audit?action=USER_MANAGE
2026-09-04T07:58:22.763Z [INFO] [http] GET /api/v1/notifications/unread-count
2026-09-04T07:58:46.256Z [INFO] [slaReminder] SLA_SCAN cases=1 respRemind=0 respEsc=0 closureRemind=0 closureEsc=0 surveyExpired=0
2026-09-04T07:58:52.294Z [INFO] [http] GET /api/v1/notifications/unread-count
2026-09-04T07:59:46.240Z [INFO] [slaReminder] SLA_SCAN cases=1 respRemind=0 respEsc=0 closureRemind=0 closureEsc=0 surveyExpired=0
2026-09-04T07:59:53.599Z [INFO] [http] GET /api/v1/notifications/unread-count
2026-09-04T08:00:28.544Z [INFO] [http] POST /api/v1/auth/login
2026-09-04T08:00:28.805Z [INFO] [http] GET /api/v1/me
2026-09-04T08:00:28.901Z [INFO] [http] GET /api/v1/me
2026-09-04T08:00:29.127Z [INFO] [http] GET /api/v1/notifications/unread-count
2026-09-04T08:00:29.365Z [INFO] [http] GET /api/v1/cases?sortBy=createdAt&sortDir=desc&page=1&pageSize=20
2026-09-04T08:00:29.371Z [INFO] [http] GET /api/v1/notifications/unread-count
2026-09-04T08:00:29.442Z [INFO] [http] GET /api/v1/cases?sortBy=createdAt&sortDir=desc&page=1&pageSize=20
2026-09-04T08:00:33.918Z [INFO] [http] GET /api/v1/qr/overview
2026-09-04T08:00:34.240Z [INFO] [http] GET /api/v1/qr/overview
2026-09-04T08:00:34.503Z [INFO] [http] GET /api/v1/qr/7/image?format=png&size=220
2026-09-04T08:00:34.615Z [INFO] [http] GET /api/v1/qr/6/image?format=png&size=220
2026-09-04T08:00:34.631Z [INFO] [http] GET /api/v1/qr/8/image?format=png&size=220
2026-09-04T08:00:34.642Z [INFO] [http] GET /api/v1/qr/2/image?format=png&size=220
2026-09-04T08:00:36.877Z [INFO] [http] GET /api/v1/notifications/unread-count
2026-09-04T08:00:37.198Z [INFO] [http] GET /api/v1/cases?sortBy=createdAt&sortDir=desc&page=1&pageSize=20
2026-09-04T08:00:37.206Z [INFO] [http] GET /api/v1/notifications/unread-count
2026-09-04T08:00:37.521Z [INFO] [http] GET /api/v1/cases?sortBy=createdAt&sortDir=desc&page=1&pageSize=20
2026-09-04T08:00:39.182Z [INFO] [http] GET /api/v1/surveys/stats
2026-09-04T08:00:39.186Z [INFO] [http] GET /api/v1/notifications/unread-count
2026-09-04T08:00:39.448Z [INFO] [http] GET /api/v1/surveys/stats
2026-09-04T08:00:39.497Z [INFO] [http] GET /api/v1/notifications/unread-count
2026-09-04T08:00:44.938Z [INFO] [http] GET /api/v1/notifications?page=1&pageSize=20
2026-09-04T08:00:46.243Z [INFO] [slaReminder] SLA_SCAN cases=1 respRemind=0 respEsc=0 closureRemind=0 closureEsc=0 surveyExpired=0
2026-09-04T08:00:54.454Z [INFO] [http] GET /api/v1/surveys/stats?estate=CWC
2026-09-04T08:00:54.611Z [INFO] [http] GET /api/v1/notifications/unread-count
2026-09-04T08:00:56.451Z [INFO] [http] GET /api/v1/surveys/stats
2026-09-04T08:00:59.338Z [INFO] [http] GET /api/v1/notifications/unread-count
2026-09-04T08:00:59.341Z [INFO] [http] GET /api/v1/cases?sortBy=createdAt&sortDir=desc&page=1&pageSize=20
2026-09-04T08:00:59.586Z [INFO] [http] GET /api/v1/notifications/unread-count
2026-09-04T08:00:59.666Z [INFO] [http] GET /api/v1/cases?sortBy=createdAt&sortDir=desc&page=1&pageSize=20
2026-09-04T08:01:00.669Z [INFO] [http] GET /api/v1/notifications/unread-count
2026-09-04T08:01:00.973Z [INFO] [http] GET /api/v1/dashboard/summary?range=thisMonth
2026-09-04T08:01:00.992Z [INFO] [http] GET /api/v1/dashboard/trend?range=thisMonth
2026-09-04T08:01:00.998Z [INFO] [http] GET /api/v1/dashboard/distribution?range=thisMonth
2026-09-04T08:01:01.003Z [INFO] [http] GET /api/v1/dashboard/handlers?range=thisMonth
2026-09-04T08:01:01.007Z [INFO] [http] GET /api/v1/dashboard/anomalies
2026-09-04T08:01:01.013Z [INFO] [http] GET /api/v1/dashboard/weekly-report/list?limit=20
2026-09-04T08:01:01.297Z [INFO] [http] GET /api/v1/notifications/unread-count
2026-09-04T08:01:01.314Z [INFO] [http] GET /api/v1/dashboard/summary?range=thisMonth
2026-09-04T08:01:01.319Z [INFO] [http] GET /api/v1/dashboard/trend?range=thisMonth
2026-09-04T08:01:01.323Z [INFO] [http] GET /api/v1/dashboard/distribution?range=thisMonth
2026-09-04T08:01:01.329Z [INFO] [http] GET /api/v1/dashboard/handlers?range=thisMonth
2026-09-04T08:01:01.333Z [INFO] [http] GET /api/v1/dashboard/anomalies
2026-09-04T08:01:01.608Z [INFO] [http] GET /api/v1/dashboard/weekly-report/list?limit=20
2026-09-04T08:01:08.511Z [INFO] [http] GET /api/v1/dashboard/summary?range=thisQuarter
2026-09-04T08:01:08.516Z [INFO] [http] GET /api/v1/dashboard/trend?range=thisQuarter
2026-09-04T08:01:08.521Z [INFO] [http] GET /api/v1/dashboard/distribution?range=thisQuarter
2026-09-04T08:01:08.525Z [INFO] [http] GET /api/v1/dashboard/handlers?range=thisQuarter
2026-09-04T08:01:08.529Z [INFO] [http] GET /api/v1/dashboard/anomalies
2026-09-04T08:01:08.533Z [INFO] [http] GET /api/v1/dashboard/weekly-report/list?limit=20
2026-09-04T08:01:09.530Z [INFO] [http] GET /api/v1/dashboard/summary?range=thisYear
2026-09-04T08:01:09.535Z [INFO] [http] GET /api/v1/dashboard/trend?range=thisYear
2026-09-04T08:01:09.540Z [INFO] [http] GET /api/v1/dashboard/distribution?range=thisYear
2026-09-04T08:01:09.544Z [INFO] [http] GET /api/v1/dashboard/handlers?range=thisYear
2026-09-04T08:01:09.548Z [INFO] [http] GET /api/v1/dashboard/anomalies
2026-09-04T08:01:09.552Z [INFO] [http] GET /api/v1/dashboard/weekly-report/list?limit=20
2026-09-04T08:01:10.914Z [INFO] [http] GET /api/v1/dashboard/summary?range=today
2026-09-04T08:01:10.920Z [INFO] [http] GET /api/v1/dashboard/trend?range=today
2026-09-04T08:01:10.925Z [INFO] [http] GET /api/v1/dashboard/distribution?range=today
2026-09-04T08:01:10.929Z [INFO] [http] GET /api/v1/dashboard/handlers?range=today
2026-09-04T08:01:10.934Z [INFO] [http] GET /api/v1/dashboard/anomalies
2026-09-04T08:01:10.938Z [INFO] [http] GET /api/v1/dashboard/weekly-report/list?limit=20
2026-09-04T08:01:12.967Z [INFO] [http] GET /api/v1/notifications/unread-count
2026-09-04T08:01:12.970Z [INFO] [http] GET /api/v1/cases?sortBy=createdAt&sortDir=desc&page=1&pageSize=20
2026-09-04T08:01:13.232Z [INFO] [http] GET /api/v1/notifications/unread-count
2026-09-04T08:01:13.280Z [INFO] [http] GET /api/v1/cases?sortBy=createdAt&sortDir=desc&page=1&pageSize=20
2026-09-04T08:01:16.797Z [INFO] [http] GET /api/v1/config
2026-09-04T08:01:17.110Z [INFO] [http] GET /api/v1/notifications/unread-count
2026-09-04T08:01:17.112Z [INFO] [http] GET /api/v1/config
2026-09-04T08:01:17.422Z [INFO] [http] GET /api/v1/notifications/unread-count
2026-09-04T08:01:46.256Z [INFO] [slaReminder] SLA_SCAN cases=1 respRemind=0 respEsc=0 closureRemind=0 closureEsc=0 surveyExpired=0
2026-09-04T08:01:47.116Z [INFO] [http] GET /api/v1/notifications/unread-count
2026-09-04T08:01:55.607Z [INFO] [http] GET /api/v1/notifications/unread-count
2026-09-04T08:02:16.809Z [INFO] [http] GET /api/v1/notifications/unread-count
2026-09-04T08:02:46.268Z [INFO] [slaReminder] SLA_SCAN cases=1 respRemind=0 respEsc=0 closureRemind=0 closureEsc=0 surveyExpired=0
2026-09-04T08:02:47.113Z [INFO] [http] GET /api/v1/notifications/unread-count
2026-09-04T08:02:56.611Z [INFO] [http] GET /api/v1/notifications/unread-count
2026-09-04T08:03:02.962Z [INFO] [http] GET /api/v1/notifications/unread-count
2026-09-04T08:03:03.265Z [INFO] [http] GET /api/v1/cases?sortBy=createdAt&sortDir=desc&page=1&pageSize=20
2026-09-04T08:03:03.272Z [INFO] [http] GET /api/v1/notifications/unread-count
2026-09-04T08:03:03.592Z [INFO] [http] GET /api/v1/cases?sortBy=createdAt&sortDir=desc&page=1&pageSize=20
2026-09-04T08:03:04.940Z [INFO] [http] GET /api/v1/users?active=1
2026-09-04T08:03:05.244Z [INFO] [http] GET /api/v1/roles
2026-09-04T08:03:05.248Z [INFO] [http] GET /api/v1/notifications/unread-count
2026-09-04T08:03:05.252Z [INFO] [http] GET /api/v1/users?active=1
2026-09-04T08:03:05.569Z [INFO] [http] GET /api/v1/roles
2026-09-04T08:03:05.575Z [INFO] [http] GET /api/v1/notifications/unread-count
2026-09-04T08:03:35.254Z [INFO] [http] GET /api/v1/notifications/unread-count
2026-09-04T08:03:46.282Z [INFO] [slaReminder] SLA_SCAN cases=1 respRemind=0 respEsc=0 closureRemind=0 closureEsc=0 surveyExpired=0
2026-09-04T08:03:47.648Z [INFO] [http] GET /api/v1/notifications/unread-count
2026-09-04T08:03:47.970Z [INFO] [http] GET /api/v1/roles
2026-09-04T08:03:47.975Z [INFO] [http] GET /api/v1/notifications/unread-count
2026-09-04T08:03:48.288Z [INFO] [http] GET /api/v1/roles
2026-09-04T08:03:57.608Z [INFO] [http] GET /api/v1/notifications/unread-count
2026-09-04T08:04:06.953Z [INFO] [http] GET /api/v1/audit?
2026-09-04T08:04:07.258Z [INFO] [http] GET /api/v1/notifications/unread-count
2026-09-04T08:04:07.263Z [INFO] [http] GET /api/v1/audit?
2026-09-04T08:04:07.585Z [INFO] [http] GET /api/v1/notifications/unread-count
2026-09-04T08:04:13.698Z [INFO] [http] GET /api/v1/notifications/unread-count
2026-09-04T08:04:14.023Z [INFO] [http] GET /api/v1/cases?sortBy=createdAt&sortDir=desc&page=1&pageSize=20
2026-09-04T08:04:14.041Z [INFO] [http] GET /api/v1/notifications/unread-count
2026-09-04T08:04:14.458Z [INFO] [http] GET /api/v1/cases?sortBy=createdAt&sortDir=desc&page=1&pageSize=20
2026-09-04T08:04:17.230Z [INFO] [http] GET /api/v1/notifications?page=1&pageSize=20
2026-09-04T08:04:22.957Z [INFO] [http] GET /api/v1/qr/overview
2026-09-04T08:04:23.280Z [INFO] [http] GET /api/v1/qr/overview
2026-09-04T08:04:24.712Z [INFO] [http] GET /api/v1/notifications/unread-count
2026-09-04T08:04:25.013Z [INFO] [http] GET /api/v1/cases?sortBy=createdAt&sortDir=desc&page=1&pageSize=20
2026-09-04T08:04:25.020Z [INFO] [http] GET /api/v1/notifications/unread-count
2026-09-04T08:04:25.329Z [INFO] [http] GET /api/v1/cases?sortBy=createdAt&sortDir=desc&page=1&pageSize=20
2026-09-04T08:04:25.929Z [INFO] [http] GET /api/v1/notifications/unread-count
2026-09-04T08:04:25.931Z [INFO] [http] GET /api/v1/surveys/stats
2026-09-04T08:04:26.174Z [INFO] [http] GET /api/v1/notifications/unread-count
2026-09-04T08:04:26.269Z [INFO] [http] GET /api/v1/surveys/stats
2026-09-04T08:04:33.982Z [INFO] [http] GET /api/v1/surveys/stats?estate=CWC
2026-09-04T08:04:35.616Z [INFO] [http] GET /api/v1/surveys/stats?estate=YPR
2026-09-04T08:04:37.022Z [INFO] [http] GET /api/v1/surveys/stats?estate=CHNG
2026-09-04T08:04:38.798Z [INFO] [http] GET /api/v1/surveys/stats?estate=DAHF
2026-09-04T08:04:39.866Z [INFO] [http] GET /api/v1/notifications/unread-count
2026-09-04T08:04:40.184Z [INFO] [http] GET /api/v1/cases?sortBy=createdAt&sortDir=desc&page=1&pageSize=20
2026-09-04T08:04:40.188Z [INFO] [http] GET /api/v1/notifications/unread-count
2026-09-04T08:04:40.498Z [INFO] [http] GET /api/v1/cases?sortBy=createdAt&sortDir=desc&page=1&pageSize=20
2026-09-04T08:04:42.763Z [INFO] [http] GET /api/v1/notifications/unread-count
2026-09-04T08:04:42.765Z [INFO] [http] GET /api/v1/surveys/stats
2026-09-04T08:04:43.029Z [INFO] [http] GET /api/v1/notifications/unread-count
2026-09-04T08:04:43.073Z [INFO] [http] GET /api/v1/surveys/stats
2026-09-04T08:04:44.665Z [INFO] [http] GET /api/v1/notifications/unread-count
2026-09-04T08:04:44.978Z [INFO] [http] GET /api/v1/cases?sortBy=createdAt&sortDir=desc&page=1&pageSize=20
2026-09-04T08:04:44.982Z [INFO] [http] GET /api/v1/notifications/unread-count
2026-09-04T08:04:45.302Z [INFO] [http] GET /api/v1/cases?sortBy=createdAt&sortDir=desc&page=1&pageSize=20
2026-09-04T08:04:46.028Z [INFO] [http] GET /api/v1/notifications/unread-count
2026-09-04T08:04:46.031Z [INFO] [http] GET /api/v1/dashboard/summary?range=thisMonth
2026-09-04T08:04:46.036Z [INFO] [http] GET /api/v1/dashboard/trend?range=thisMonth
2026-09-04T08:04:46.041Z [INFO] [http] GET /api/v1/dashboard/distribution?range=thisMonth
2026-09-04T08:04:46.046Z [INFO] [http] GET /api/v1/dashboard/handlers?range=thisMonth
2026-09-04T08:04:46.050Z [INFO] [http] GET /api/v1/dashboard/anomalies
2026-09-04T08:04:46.285Z [INFO] [slaReminder] SLA_SCAN cases=1 respRemind=0 respEsc=0 closureRemind=0 closureEsc=0 surveyExpired=0
2026-09-04T08:04:46.353Z [INFO] [http] GET /api/v1/dashboard/weekly-report/list?limit=20
2026-09-04T08:04:46.357Z [INFO] [http] GET /api/v1/notifications/unread-count
2026-09-04T08:04:46.368Z [INFO] [http] GET /api/v1/dashboard/summary?range=thisMonth
2026-09-04T08:04:46.373Z [INFO] [http] GET /api/v1/dashboard/trend?range=thisMonth
2026-09-04T08:04:46.380Z [INFO] [http] GET /api/v1/dashboard/distribution?range=thisMonth
2026-09-04T08:04:46.384Z [INFO] [http] GET /api/v1/dashboard/handlers?range=thisMonth
2026-09-04T08:04:46.678Z [INFO] [http] GET /api/v1/dashboard/anomalies
2026-09-04T08:04:46.682Z [INFO] [http] GET /api/v1/dashboard/weekly-report/list?limit=20
2026-09-04T08:04:58.607Z [INFO] [http] GET /api/v1/notifications/unread-count
2026-09-04T08:05:05.624Z [INFO] [http] GET /api/v1/notifications/unread-count
2026-09-04T08:05:05.626Z [INFO] [http] GET /api/v1/cases?sortBy=createdAt&sortDir=desc&page=1&pageSize=20
2026-09-04T08:05:05.887Z [INFO] [http] GET /api/v1/notifications/unread-count
2026-09-04T08:05:05.952Z [INFO] [http] GET /api/v1/cases?sortBy=createdAt&sortDir=desc&page=1&pageSize=20
2026-09-04T08:05:07.716Z [INFO] [http] GET /api/v1/cases/SMS%2FSR%2FCHNG%2F260904001
2026-09-04T08:05:08.045Z [INFO] [http] GET /api/v1/cases/SMS%2FSR%2FCHNG%2F260904001
2026-09-04T08:05:08.296Z [INFO] [http] GET /api/v1/notifications/unread-count
2026-09-04T08:05:08.452Z [INFO] [http] GET /api/v1/notifications/unread-count
2026-09-04T08:05:09.226Z [INFO] [http] GET /api/v1/cases/SMS%2FSR%2FCHNG%2F260904001/assignees
2026-09-04T08:05:30.645Z [INFO] [http] GET /api/v1/notifications/unread-count
2026-09-04T08:05:30.647Z [INFO] [http] GET /api/v1/cases?sortBy=createdAt&sortDir=desc&page=1&pageSize=20
2026-09-04T08:05:30.894Z [INFO] [http] GET /api/v1/notifications/unread-count
2026-09-04T08:05:30.960Z [INFO] [http] GET /api/v1/cases?sortBy=createdAt&sortDir=desc&page=1&pageSize=20
2026-09-04T08:05:31.784Z [INFO] [http] GET /api/v1/notifications/unread-count
2026-09-04T08:05:32.098Z [INFO] [http] GET /api/v1/users?active=1
2026-09-04T08:05:32.104Z [INFO] [http] GET /api/v1/roles
2026-09-04T08:05:32.109Z [INFO] [http] GET /api/v1/notifications/unread-count
2026-09-04T08:05:32.423Z [INFO] [http] GET /api/v1/users?active=1
2026-09-04T08:05:32.427Z [INFO] [http] GET /api/v1/roles
2026-09-04T08:05:45.255Z [INFO] [http] GET /api/v1/notifications/unread-count
2026-09-04T08:05:45.257Z [INFO] [http] GET /api/v1/cases?sortBy=createdAt&sortDir=desc&page=1&pageSize=20
2026-09-04T08:05:45.512Z [INFO] [http] GET /api/v1/notifications/unread-count
2026-09-04T08:05:45.589Z [INFO] [http] GET /api/v1/cases?sortBy=createdAt&sortDir=desc&page=1&pageSize=20
2026-09-04T08:05:46.296Z [INFO] [slaReminder] SLA_SCAN cases=1 respRemind=0 respEsc=0 closureRemind=0 closureEsc=0 surveyExpired=0
2026-09-04T08:05:52.577Z [INFO] [http] GET /api/v1/qr/overview
2026-09-04T08:05:52.904Z [INFO] [http] GET /api/v1/qr/overview
2026-09-04T08:05:59.609Z [INFO] [http] GET /api/v1/notifications/unread-count
2026-09-04T08:06:46.311Z [INFO] [slaReminder] SLA_SCAN cases=1 respRemind=0 respEsc=0 closureRemind=0 closureEsc=0 surveyExpired=0
2026-09-04T08:07:00.603Z [INFO] [http] GET /api/v1/notifications/unread-count
2026-09-04T08:07:46.322Z [INFO] [slaReminder] SLA_SCAN cases=1 respRemind=0 respEsc=0 closureRemind=0 closureEsc=0 surveyExpired=0
2026-09-04T08:08:00.319Z [INFO] [http] GET /api/v1/notifications/unread-count
2026-09-04T08:08:22.613Z [INFO] [http] GET /api/v1/notifications/unread-count
2026-09-04T08:08:46.332Z [INFO] [slaReminder] SLA_SCAN cases=1 respRemind=0 respEsc=0 closureRemind=0 closureEsc=0 surveyExpired=0
2026-09-04T08:08:52.300Z [INFO] [http] GET /api/v1/notifications/unread-count
2026-09-04T08:09:29.018Z [INFO] [http] GET /api/v1/notifications/unread-count
2026-09-04T08:09:46.338Z [INFO] [slaReminder] SLA_SCAN cases=1 respRemind=0 respEsc=0 closureRemind=0 closureEsc=0 surveyExpired=0
2026-09-04T08:09:52.722Z [INFO] [http] GET /api/v1/notifications/unread-count
2026-09-04T08:10:22.691Z [INFO] [http] GET /api/v1/notifications/unread-count
2026-09-04T08:10:46.349Z [INFO] [slaReminder] SLA_SCAN cases=1 respRemind=0 respEsc=0 closureRemind=0 closureEsc=0 surveyExpired=0
2026-09-04T08:11:06.307Z [INFO] [http] GET /api/v1/notifications/unread-count
2026-09-04T08:11:46.362Z [INFO] [slaReminder] SLA_SCAN cases=1 respRemind=0 respEsc=0 closureRemind=0 closureEsc=0 surveyExpired=0
2026-09-04T08:12:06.625Z [INFO] [http] GET /api/v1/notifications/unread-count
2026-09-04T08:12:22.311Z [INFO] [http] GET /api/v1/notifications/unread-count
2026-09-04T08:12:46.374Z [INFO] [slaReminder] SLA_SCAN cases=1 respRemind=0 respEsc=0 closureRemind=0 closureEsc=0 surveyExpired=0
2026-09-04T08:12:52.609Z [INFO] [http] GET /api/v1/notifications/unread-count
2026-09-04T08:13:22.303Z [INFO] [http] GET /api/v1/notifications/unread-count
2026-09-04T08:13:32.138Z [INFO] [http] GET /api/v1/notifications/unread-count
2026-09-04T08:13:32.140Z [INFO] [http] GET /api/v1/cases?sortBy=createdAt&sortDir=desc&page=1&pageSize=20
2026-09-04T08:13:32.401Z [INFO] [http] GET /api/v1/notifications/unread-count
2026-09-04T08:13:32.465Z [INFO] [http] GET /api/v1/cases?sortBy=createdAt&sortDir=desc&page=1&pageSize=20
2026-09-04T08:13:42.200Z [INFO] [http] GET /api/v1/notifications?page=1&pageSize=20
2026-09-04T08:13:46.375Z [INFO] [slaReminder] SLA_SCAN cases=1 respRemind=0 respEsc=0 closureRemind=0 closureEsc=0 surveyExpired=0
2026-09-04T08:13:48.784Z [INFO] [http] GET /api/v1/notifications/unread-count
2026-09-04T08:13:48.787Z [INFO] [http] GET /api/v1/config
2026-09-04T08:13:49.049Z [INFO] [http] GET /api/v1/notifications/unread-count
2026-09-04T08:13:49.112Z [INFO] [http] GET /api/v1/config
2026-09-04T08:13:50.525Z [INFO] [http] GET /api/v1/notifications/unread-count
2026-09-04T08:13:50.847Z [INFO] [http] GET /api/v1/cases?sortBy=createdAt&sortDir=desc&page=1&pageSize=20
2026-09-04T08:13:50.851Z [INFO] [http] GET /api/v1/notifications/unread-count
2026-09-04T08:13:51.167Z [INFO] [http] GET /api/v1/cases?sortBy=createdAt&sortDir=desc&page=1&pageSize=20
2026-09-04T08:13:54.622Z [INFO] [http] GET /api/v1/notifications/unread-count
2026-09-04T08:13:54.625Z [INFO] [http] GET /api/v1/roles
2026-09-04T08:13:54.630Z [INFO] [http] GET /api/v1/users?active=1
2026-09-04T08:13:54.884Z [INFO] [http] GET /api/v1/notifications/unread-count
2026-09-04T08:13:54.948Z [INFO] [http] GET /api/v1/roles
2026-09-04T08:13:54.952Z [INFO] [http] GET /api/v1/users?active=1
2026-09-04T08:14:08.948Z [INFO] [http] GET /api/v1/notifications/unread-count
2026-09-04T08:14:16.101Z [INFO] [http] GET /api/v1/notifications/unread-count
2026-09-04T08:14:16.409Z [INFO] [http] GET /api/v1/cases?sortBy=createdAt&sortDir=desc&page=1&pageSize=20
2026-09-04T08:14:16.415Z [INFO] [http] GET /api/v1/notifications/unread-count
2026-09-04T08:14:16.729Z [INFO] [http] GET /api/v1/cases?sortBy=createdAt&sortDir=desc&page=1&pageSize=20
2026-09-04T08:14:21.413Z [INFO] [http] GET /api/v1/cases/SMS%2FSR%2FCHNG%2F260904001
2026-09-04T08:14:21.724Z [INFO] [http] GET /api/v1/cases/SMS%2FSR%2FCHNG%2F260904001
2026-09-04T08:14:21.976Z [INFO] [http] GET /api/v1/notifications/unread-count
2026-09-04T08:14:22.071Z [INFO] [http] GET /api/v1/notifications/unread-count
2026-09-04T08:14:22.955Z [INFO] [http] GET /api/v1/cases/SMS%2FSR%2FCHNG%2F260904001/assignees
2026-09-04T08:14:30.695Z [INFO] [http] POST /api/v1/cases/SMS%2FSR%2FCHNG%2F260904001/assign
2026-09-04T08:14:30.701Z [INFO] [notification] EMAIL_QUEUE template=notif_case recipient=chngsup@***
2026-09-04T08:14:30.701Z [INFO] [caseService] ASSIGN SMS/SR/CHNG/260904001 → 5 by admin
2026-09-04T08:14:30.961Z [INFO] [http] GET /api/v1/cases/SMS%2FSR%2FCHNG%2F260904001
2026-09-04T08:14:46.389Z [INFO] [slaReminder] SLA_SCAN cases=1 respRemind=0 respEsc=0 closureRemind=0 closureEsc=0 surveyExpired=0
2026-09-04T08:14:51.497Z [INFO] [http] GET /api/v1/cases/SMS%2FSR%2FCHNG%2F260904001/assignees
2026-09-04T08:14:52.075Z [INFO] [http] GET /api/v1/notifications/unread-count
2026-09-04T08:14:56.786Z [INFO] [http] GET /api/v1/notifications/unread-count
2026-09-04T08:14:57.090Z [INFO] [http] GET /api/v1/cases?sortBy=createdAt&sortDir=desc&page=1&pageSize=20
2026-09-04T08:14:57.097Z [INFO] [http] GET /api/v1/notifications/unread-count
2026-09-04T08:14:57.405Z [INFO] [http] GET /api/v1/cases?sortBy=createdAt&sortDir=desc&page=1&pageSize=20
2026-09-04T08:14:58.845Z [INFO] [http] GET /api/v1/notifications/unread-count
2026-09-04T08:14:58.847Z [INFO] [http] GET /api/v1/roles
2026-09-04T08:14:59.108Z [INFO] [http] GET /api/v1/notifications/unread-count
2026-09-04T08:14:59.156Z [INFO] [http] GET /api/v1/roles
2026-09-04T08:15:06.313Z [INFO] [http] GET /api/v1/notifications/unread-count
2026-09-04T08:15:11.977Z [INFO] [http] GET /api/v1/notifications/unread-count
2026-09-04T08:15:12.292Z [INFO] [http] GET /api/v1/users?active=1
2026-09-04T08:15:12.296Z [INFO] [http] GET /api/v1/roles
2026-09-04T08:15:12.301Z [INFO] [http] GET /api/v1/notifications/unread-count
2026-09-04T08:15:12.619Z [INFO] [http] GET /api/v1/users?active=1
2026-09-04T08:15:12.623Z [INFO] [http] GET /api/v1/roles
2026-09-04T08:15:40.813Z [INFO] [http] POST /api/v1/auth/login
2026-09-04T08:15:46.403Z [INFO] [slaReminder] SLA_SCAN cases=1 respRemind=0 respEsc=0 closureRemind=0 closureEsc=0 surveyExpired=0
2026-09-04T08:16:02.822Z [INFO] [http] POST /api/v1/auth/login
2026-09-04T08:16:03.163Z [INFO] [http] GET /api/v1/me
2026-09-04T08:16:03.415Z [INFO] [http] GET /api/v1/me
2026-09-04T08:16:03.479Z [INFO] [http] GET /api/v1/notifications/unread-count
2026-09-04T08:16:03.558Z [INFO] [http] GET /api/v1/cases?sortBy=createdAt&sortDir=desc&page=1&pageSize=20
2026-09-04T08:16:03.562Z [INFO] [http] GET /api/v1/notifications/unread-count
2026-09-04T08:16:03.793Z [INFO] [http] GET /api/v1/cases?sortBy=createdAt&sortDir=desc&page=1&pageSize=20
2026-09-04T08:16:06.279Z [INFO] [http] GET /api/v1/notifications?page=1&pageSize=20
2026-09-04T08:16:06.655Z [INFO] [http] GET /api/v1/notifications/unread-count
2026-09-04T08:16:10.766Z [INFO] [http] POST /api/v1/notifications/27/read
2026-09-04T08:16:10.770Z [INFO] [http] GET /api/v1/cases/SMS%2FSR%2FCHNG%2F260904001
2026-09-04T08:16:11.034Z [INFO] [http] GET /api/v1/cases/SMS%2FSR%2FCHNG%2F260904001
2026-09-04T08:16:11.095Z [INFO] [http] GET /api/v1/notifications/unread-count
2026-09-04T08:16:11.387Z [INFO] [http] GET /api/v1/notifications/unread-count
2026-09-04T08:16:39.998Z [INFO] [http] GET /api/v1/notifications?page=1&pageSize=20
2026-09-04T08:16:41.397Z [INFO] [http] GET /api/v1/notifications/unread-count
2026-09-04T08:16:46.406Z [INFO] [slaReminder] SLA_SCAN cases=1 respRemind=0 respEsc=0 closureRemind=0 closureEsc=0 surveyExpired=0
2026-09-04T08:17:06.309Z [INFO] [http] GET /api/v1/notifications/unread-count
2026-09-04T08:17:11.089Z [INFO] [http] GET /api/v1/notifications/unread-count
2026-09-04T08:17:40.494Z [INFO] [http] GET /api/v1/notifications/unread-count
2026-09-04T08:17:41.467Z [INFO] [http] GET /api/v1/notifications/unread-count
2026-09-04T08:17:46.415Z [INFO] [slaReminder] SLA_SCAN cases=1 respRemind=0 respEsc=0 closureRemind=0 closureEsc=0 surveyExpired=0
2026-09-04T08:17:52.295Z [INFO] [http] GET /api/v1/notifications/unread-count
2026-09-04T08:18:11.083Z [INFO] [http] GET /api/v1/notifications/unread-count
2026-09-04T08:18:22.615Z [INFO] [http] GET /api/v1/notifications/unread-count
2026-09-04T08:18:41.399Z [INFO] [http] GET /api/v1/notifications/unread-count
2026-09-04T08:18:46.442Z [INFO] [slaReminder] SLA_SCAN cases=1 respRemind=0 respEsc=0 closureRemind=0 closureEsc=0 surveyExpired=0
2026-09-04T08:19:06.940Z [INFO] [http] GET /api/v1/notifications/unread-count
2026-09-04T08:19:11.086Z [INFO] [http] GET /api/v1/notifications/unread-count
2026-09-04T08:19:41.391Z [INFO] [http] GET /api/v1/notifications/unread-count
2026-09-04T08:19:46.452Z [INFO] [slaReminder] SLA_SCAN cases=1 respRemind=0 respEsc=0 closureRemind=0 closureEsc=0 surveyExpired=0
2026-09-04T08:20:06.634Z [INFO] [http] GET /api/v1/notifications/unread-count
2026-09-04T08:20:11.078Z [INFO] [http] GET /api/v1/notifications/unread-count
2026-09-04T08:20:41.391Z [INFO] [http] GET /api/v1/notifications/unread-count
2026-09-04T08:20:46.460Z [INFO] [slaReminder] SLA_SCAN cases=1 respRemind=0 respEsc=0 closureRemind=0 closureEsc=0 surveyExpired=0
2026-09-04T08:20:53.159Z [INFO] [http] GET /api/v1/notifications?page=1&pageSize=20
2026-09-04T08:20:59.937Z [INFO] [http] POST /api/v1/cases/SMS%2FSR%2FCHNG%2F260904001/start
2026-09-04T08:21:00.204Z [INFO] [http] GET /api/v1/cases/SMS%2FSR%2FCHNG%2F260904001
2026-09-04T08:21:06.307Z [INFO] [http] GET /api/v1/notifications/unread-count
2026-09-04T08:21:11.080Z [INFO] [http] GET /api/v1/notifications/unread-count
2026-09-04T08:21:40.990Z [INFO] [http] GET /api/v1/cases/SMS%2FSR%2FCHNG%2F260904001/assignees
2026-09-04T08:21:41.256Z [INFO] [http] GET /api/v1/notifications/unread-count
2026-09-04T08:21:46.465Z [INFO] [slaReminder] SLA_SCAN cases=1 respRemind=0 respEsc=0 closureRemind=0 closureEsc=0 surveyExpired=0
2026-09-04T08:22:06.624Z [INFO] [http] GET /api/v1/notifications/unread-count
2026-09-04T08:22:11.076Z [INFO] [http] GET /api/v1/notifications/unread-count
2026-09-04T08:22:24.306Z [INFO] [http] GET /api/v1/notifications/unread-count
2026-09-04T08:22:24.308Z [INFO] [http] GET /api/v1/cases?sortBy=createdAt&sortDir=desc&page=1&pageSize=20
2026-09-04T08:22:24.571Z [INFO] [http] GET /api/v1/notifications/unread-count
2026-09-04T08:22:24.616Z [INFO] [http] GET /api/v1/cases?sortBy=createdAt&sortDir=desc&page=1&pageSize=20
2026-09-04T08:22:46.481Z [INFO] [slaReminder] SLA_SCAN cases=1 respRemind=0 respEsc=0 closureRemind=0 closureEsc=0 surveyExpired=0
2026-09-04T08:23:06.301Z [INFO] [http] GET /api/v1/notifications/unread-count
2026-09-04T08:23:46.493Z [INFO] [slaReminder] SLA_SCAN cases=1 respRemind=0 respEsc=0 closureRemind=0 closureEsc=0 surveyExpired=0
2026-09-04T08:24:06.730Z [INFO] [http] GET /api/v1/notifications/unread-count
2026-09-04T08:24:46.507Z [INFO] [slaReminder] SLA_SCAN cases=1 respRemind=0 respEsc=0 closureRemind=0 closureEsc=0 surveyExpired=0
2026-09-04T08:25:06.318Z [INFO] [http] GET /api/v1/notifications/unread-count
2026-09-04T08:25:46.512Z [INFO] [slaReminder] SLA_SCAN cases=1 respRemind=0 respEsc=0 closureRemind=0 closureEsc=0 surveyExpired=0
Restarting 'src/server.js'
Restarting 'src/server.js'
Waiting for graceful termination...
Gracefully restarted 'src/server.js'
Restarting 'src/server.js'
Waiting for graceful termination...
Gracefully restarted 'src/server.js'
2026-09-04T08:26:07.528Z [INFO] [static] serving frontend dist at C:\Users\606610\CodeBuddy\QRCode 客戶意見反饋\frontend\dist
2026-09-04T08:26:07.535Z [INFO] [server] QRCode 客戶意見反饋骨架已啟動 http://localhost:3000/api/v1
2026-09-04T08:26:07.535Z [INFO] [scheduler] SLA 掃描定時器已啟動（每 60000ms）
2026-09-04T08:26:07.535Z [WARN] [scheduler] 週報定時器停用（WEEKLY_REPORT_CHECK_MS 為 0/未設定）
2026-09-04T08:26:08.496Z [INFO] [http] GET /api/v1/notifications/unread-count
2026-09-04T08:27:06.296Z [INFO] [http] GET /api/v1/notifications/unread-count
2026-09-04T08:27:07.553Z [INFO] [slaReminder] SLA_SCAN cases=1 respRemind=0 respEsc=0 closureRemind=0 closureEsc=0 surveyExpired=0
2026-09-04T08:28:06.602Z [INFO] [http] GET /api/v1/notifications/unread-count
2026-09-04T08:28:07.567Z [INFO] [slaReminder] SLA_SCAN cases=1 respRemind=0 respEsc=0 closureRemind=0 closureEsc=0 surveyExpired=0
2026-09-04T08:29:07.642Z [INFO] [slaReminder] SLA_SCAN cases=1 respRemind=0 respEsc=0 closureRemind=0 closureEsc=0 surveyExpired=0
2026-09-04T08:29:10.289Z [INFO] [http] GET /api/v1/notifications/unread-count
2026-09-04T08:29:22.328Z [INFO] [http] GET /api/v1/notifications/unread-count
2026-09-04T08:29:52.621Z [INFO] [http] GET /api/v1/notifications/unread-count
2026-09-04T08:30:07.647Z [INFO] [slaReminder] SLA_SCAN cases=1 respRemind=0 respEsc=0 closureRemind=0 closureEsc=0 surveyExpired=0
2026-09-04T08:30:23.128Z [INFO] [http] GET /api/v1/notifications/unread-count
2026-09-04T08:31:06.631Z [INFO] [http] GET /api/v1/notifications/unread-count
2026-09-04T08:31:07.658Z [INFO] [slaReminder] SLA_SCAN cases=1 respRemind=0 respEsc=0 closureRemind=0 closureEsc=0 surveyExpired=0
2026-09-04T08:31:22.267Z [INFO] [http] GET /api/v1/notifications/unread-count
2026-09-04T08:31:52.596Z [INFO] [http] GET /api/v1/notifications/unread-count
2026-09-04T08:32:07.667Z [INFO] [slaReminder] SLA_SCAN cases=1 respRemind=0 respEsc=0 closureRemind=0 closureEsc=0 surveyExpired=0
2026-09-04T08:32:22.291Z [INFO] [http] GET /api/v1/notifications/unread-count
2026-09-04T08:32:52.607Z [INFO] [http] GET /api/v1/notifications/unread-count
2026-09-04T08:33:07.672Z [INFO] [slaReminder] SLA_SCAN cases=1 respRemind=0 respEsc=0 closureRemind=0 closureEsc=0 surveyExpired=0
2026-09-04T08:33:53.613Z [INFO] [http] GET /api/v1/notifications/unread-count
2026-09-04T08:34:07.677Z [INFO] [slaReminder] SLA_SCAN cases=1 respRemind=0 respEsc=0 closureRemind=0 closureEsc=0 surveyExpired=0
2026-09-04T08:34:54.669Z [INFO] [http] GET /api/v1/notifications/unread-count
2026-09-04T08:35:07.693Z [INFO] [slaReminder] SLA_SCAN cases=1 respRemind=0 respEsc=0 closureRemind=0 closureEsc=0 surveyExpired=0
2026-09-04T08:35:55.610Z [INFO] [http] GET /api/v1/notifications/unread-count
2026-09-04T08:36:07.697Z [INFO] [slaReminder] SLA_SCAN cases=1 respRemind=0 respEsc=0 closureRemind=0 closureEsc=0 surveyExpired=0
2026-09-04T08:36:56.608Z [INFO] [http] GET /api/v1/notifications/unread-count
2026-09-04T08:37:07.704Z [INFO] [slaReminder] SLA_SCAN cases=1 respRemind=0 respEsc=0 closureRemind=0 closureEsc=0 surveyExpired=0
2026-09-04T08:37:57.599Z [INFO] [http] GET /api/v1/notifications/unread-count
2026-09-04T08:38:07.718Z [INFO] [slaReminder] SLA_SCAN cases=1 respRemind=0 respEsc=0 closureRemind=0 closureEsc=0 surveyExpired=0
2026-09-04T08:38:58.602Z [INFO] [http] GET /api/v1/notifications/unread-count
2026-09-04T08:39:07.737Z [INFO] [slaReminder] SLA_SCAN cases=1 respRemind=0 respEsc=0 closureRemind=0 closureEsc=0 surveyExpired=0
2026-09-04T08:39:59.619Z [INFO] [http] GET /api/v1/notifications/unread-count
2026-09-04T08:40:07.768Z [INFO] [slaReminder] SLA_SCAN cases=1 respRemind=0 respEsc=0 closureRemind=0 closureEsc=0 surveyExpired=0
2026-09-04T08:41:00.654Z [INFO] [http] GET /api/v1/notifications/unread-count
2026-09-04T08:41:07.770Z [INFO] [slaReminder] SLA_SCAN cases=1 respRemind=0 respEsc=0 closureRemind=0 closureEsc=0 surveyExpired=0
2026-09-04T08:41:54.106Z [INFO] [http] GET /api/v1/notifications/unread-count
2026-09-04T08:42:07.785Z [INFO] [slaReminder] SLA_SCAN cases=1 respRemind=0 respEsc=0 closureRemind=0 closureEsc=0 surveyExpired=0
2026-09-04T08:42:24.299Z [INFO] [http] GET /api/v1/notifications/unread-count
2026-09-04T08:42:52.336Z [INFO] [http] GET /api/v1/notifications/unread-count
2026-09-04T08:43:07.824Z [INFO] [slaReminder] SLA_SCAN cases=1 respRemind=0 respEsc=0 closureRemind=0 closureEsc=0 surveyExpired=0
2026-09-04T08:43:53.627Z [INFO] [http] GET /api/v1/notifications/unread-count
2026-09-04T08:44:07.854Z [INFO] [slaReminder] SLA_SCAN cases=1 respRemind=0 respEsc=0 closureRemind=0 closureEsc=0 surveyExpired=0
2026-09-04T08:44:54.753Z [INFO] [http] GET /api/v1/notifications/unread-count
2026-09-04T08:45:07.879Z [INFO] [slaReminder] SLA_SCAN cases=1 respRemind=0 respEsc=0 closureRemind=0 closureEsc=0 surveyExpired=0
2026-09-04T08:45:55.670Z [INFO] [http] GET /api/v1/notifications/unread-count
2026-09-04T08:46:07.889Z [INFO] [slaReminder] SLA_SCAN cases=1 respRemind=0 respEsc=0 closureRemind=0 closureEsc=0 surveyExpired=0
2026-09-04T08:46:57.783Z [INFO] [http] GET /api/v1/notifications/unread-count
2026-09-04T08:47:07.915Z [INFO] [slaReminder] SLA_SCAN cases=1 respRemind=0 respEsc=0 closureRemind=0 closureEsc=0 surveyExpired=0
2026-09-04T08:47:58.613Z [INFO] [http] GET /api/v1/notifications/unread-count
2026-09-04T08:48:07.918Z [INFO] [slaReminder] SLA_SCAN cases=1 respRemind=0 respEsc=0 closureRemind=0 closureEsc=0 surveyExpired=0
2026-09-04T08:48:59.606Z [INFO] [http] GET /api/v1/notifications/unread-count
2026-09-04T08:49:07.939Z [INFO] [slaReminder] SLA_SCAN cases=1 respRemind=0 respEsc=0 closureRemind=0 closureEsc=0 surveyExpired=0
2026-09-04T08:49:35.600Z [INFO] [http] GET /api/v1/notifications/unread-count
2026-09-04T08:49:52.616Z [INFO] [http] GET /api/v1/notifications/unread-count
2026-09-04T08:50:07.977Z [INFO] [slaReminder] SLA_SCAN cases=1 respRemind=0 respEsc=0 closureRemind=0 closureEsc=0 surveyExpired=0
2026-09-04T08:50:22.344Z [INFO] [http] GET /api/v1/notifications/unread-count
2026-09-04T08:50:55.559Z [INFO] [http] GET /api/v1/notifications/unread-count
2026-09-04T08:51:08.011Z [INFO] [slaReminder] SLA_SCAN cases=1 respRemind=0 respEsc=0 closureRemind=0 closureEsc=0 surveyExpired=0
2026-09-04T08:51:22.300Z [INFO] [http] GET /api/v1/notifications/unread-count
2026-09-04T08:52:06.766Z [INFO] [http] GET /api/v1/notifications/unread-count
2026-09-04T08:52:08.014Z [INFO] [slaReminder] SLA_SCAN cases=1 respRemind=0 respEsc=0 closureRemind=0 closureEsc=0 surveyExpired=0
2026-09-04T08:53:00.100Z [INFO] [http] GET /api/v1/notifications/unread-count
2026-09-04T08:53:08.021Z [INFO] [slaReminder] SLA_SCAN cases=1 respRemind=0 respEsc=0 closureRemind=0 closureEsc=0 surveyExpired=0
2026-09-04T08:53:22.644Z [INFO] [http] GET /api/v1/notifications/unread-count
2026-09-04T08:53:52.298Z [INFO] [http] GET /api/v1/notifications/unread-count
2026-09-04T08:54:08.098Z [INFO] [slaReminder] SLA_SCAN cases=1 respRemind=0 respEsc=0 closureRemind=0 closureEsc=0 surveyExpired=0
2026-09-04T08:54:22.692Z [INFO] [http] GET /api/v1/notifications/unread-count
2026-09-04T08:54:52.244Z [INFO] [http] GET /api/v1/notifications/unread-count
2026-09-04T08:55:08.104Z [INFO] [slaReminder] SLA_SCAN cases=1 respRemind=0 respEsc=0 closureRemind=0 closureEsc=0 surveyExpired=0
2026-09-04T08:55:22.571Z [INFO] [http] GET /api/v1/notifications/unread-count
2026-09-04T08:55:52.256Z [INFO] [http] GET /api/v1/notifications/unread-count
2026-09-04T08:56:08.117Z [INFO] [slaReminder] SLA_SCAN cases=1 respRemind=0 respEsc=0 closureRemind=0 closureEsc=0 surveyExpired=0
2026-09-04T08:56:22.603Z [INFO] [http] GET /api/v1/notifications/unread-count
2026-09-04T08:56:52.736Z [INFO] [http] GET /api/v1/notifications/unread-count
2026-09-04T08:57:08.138Z [INFO] [slaReminder] SLA_SCAN cases=1 respRemind=0 respEsc=0 closureRemind=0 closureEsc=0 surveyExpired=0
2026-09-04T08:57:53.605Z [INFO] [http] GET /api/v1/notifications/unread-count
2026-09-04T08:58:08.148Z [INFO] [slaReminder] SLA_SCAN cases=1 respRemind=0 respEsc=0 closureRemind=0 closureEsc=0 surveyExpired=0
2026-09-04T08:58:54.616Z [INFO] [http] GET /api/v1/notifications/unread-count
2026-09-04T08:59:08.153Z [INFO] [slaReminder] SLA_SCAN cases=1 respRemind=0 respEsc=0 closureRemind=0 closureEsc=0 surveyExpired=0
2026-09-04T08:59:55.627Z [INFO] [http] GET /api/v1/notifications/unread-count
2026-09-04T09:00:08.165Z [INFO] [slaReminder] SLA_SCAN cases=1 respRemind=0 respEsc=0 closureRemind=0 closureEsc=0 surveyExpired=0
2026-09-04T09:00:56.629Z [INFO] [http] GET /api/v1/notifications/unread-count
2026-09-04T09:01:08.173Z [INFO] [slaReminder] SLA_SCAN cases=1 respRemind=0 respEsc=0 closureRemind=0 closureEsc=0 surveyExpired=0
2026-09-04T09:01:57.611Z [INFO] [http] GET /api/v1/notifications/unread-count
2026-09-04T09:02:08.188Z [INFO] [slaReminder] SLA_SCAN cases=1 respRemind=0 respEsc=0 closureRemind=0 closureEsc=0 surveyExpired=0
2026-09-04T09:02:58.871Z [INFO] [http] GET /api/v1/notifications/unread-count
2026-09-04T09:03:08.193Z [INFO] [slaReminder] SLA_SCAN cases=1 respRemind=0 respEsc=0 closureRemind=0 closureEsc=0 surveyExpired=0
2026-09-04T09:03:59.612Z [INFO] [http] GET /api/v1/notifications/unread-count
2026-09-04T09:04:08.195Z [INFO] [slaReminder] SLA_SCAN cases=1 respRemind=0 respEsc=0 closureRemind=0 closureEsc=0 surveyExpired=0
2026-09-04T09:05:00.607Z [INFO] [http] GET /api/v1/notifications/unread-count
2026-09-04T09:05:08.198Z [INFO] [slaReminder] SLA_SCAN cases=1 respRemind=0 respEsc=0 closureRemind=0 closureEsc=0 surveyExpired=0
2026-09-04T09:06:01.602Z [INFO] [http] GET /api/v1/notifications/unread-count
2026-09-04T09:06:08.201Z [INFO] [slaReminder] SLA_SCAN cases=1 respRemind=0 respEsc=0 closureRemind=0 closureEsc=0 surveyExpired=0
2026-09-04T09:07:02.609Z [INFO] [http] GET /api/v1/notifications/unread-count
2026-09-04T09:07:08.203Z [INFO] [slaReminder] SLA_SCAN cases=1 respRemind=0 respEsc=0 closureRemind=0 closureEsc=0 surveyExpired=0
2026-09-04T09:07:36.690Z [INFO] [http] GET /api/v1/notifications/unread-count
2026-09-04T09:07:52.614Z [INFO] [http] GET /api/v1/notifications/unread-count
2026-09-04T09:08:08.216Z [INFO] [slaReminder] SLA_SCAN cases=1 respRemind=0 respEsc=0 closureRemind=0 closureEsc=0 surveyExpired=0
2026-09-04T09:08:22.288Z [INFO] [http] GET /api/v1/notifications/unread-count
2026-09-04T09:08:52.612Z [INFO] [http] GET /api/v1/notifications/unread-count
2026-09-04T09:09:08.222Z [INFO] [slaReminder] SLA_SCAN cases=1 respRemind=0 respEsc=0 closureRemind=0 closureEsc=0 surveyExpired=0
2026-09-04T09:09:22.315Z [INFO] [http] GET /api/v1/notifications/unread-count
2026-09-04T09:10:04.226Z [INFO] [http] GET /api/v1/notifications/unread-count
2026-09-04T09:10:08.223Z [INFO] [slaReminder] SLA_SCAN cases=1 respRemind=0 respEsc=0 closureRemind=0 closureEsc=0 surveyExpired=0
2026-09-04T09:10:22.305Z [INFO] [http] GET /api/v1/notifications/unread-count
2026-09-04T09:10:52.598Z [INFO] [http] GET /api/v1/notifications/unread-count
2026-09-04T09:11:08.229Z [INFO] [slaReminder] SLA_SCAN cases=1 respRemind=0 respEsc=0 closureRemind=0 closureEsc=0 surveyExpired=0
2026-09-04T09:11:22.308Z [INFO] [http] GET /api/v1/notifications/unread-count
2026-09-04T09:11:52.891Z [INFO] [http] GET /api/v1/notifications/unread-count
2026-09-04T09:12:08.241Z [INFO] [slaReminder] SLA_SCAN cases=1 respRemind=0 respEsc=0 closureRemind=0 closureEsc=0 surveyExpired=0
2026-09-04T09:12:22.298Z [INFO] [http] GET /api/v1/notifications/unread-count
2026-09-04T09:13:06.594Z [INFO] [http] GET /api/v1/notifications/unread-count
2026-09-04T09:13:08.254Z [INFO] [slaReminder] SLA_SCAN cases=1 respRemind=0 respEsc=0 closureRemind=0 closureEsc=0 surveyExpired=0
2026-09-04T09:14:06.360Z [INFO] [http] GET /api/v1/notifications/unread-count
2026-09-04T09:14:08.256Z [INFO] [slaReminder] SLA_SCAN cases=1 respRemind=0 respEsc=0 closureRemind=0 closureEsc=0 surveyExpired=0
2026-09-04T09:15:06.641Z [INFO] [http] GET /api/v1/notifications/unread-count
2026-09-04T09:15:08.259Z [INFO] [slaReminder] SLA_SCAN cases=1 respRemind=0 respEsc=0 closureRemind=0 closureEsc=0 surveyExpired=0
2026-09-04T09:15:56.426Z [INFO] [http] GET /api/v1/notifications/unread-count
2026-09-04T09:16:08.263Z [INFO] [slaReminder] SLA_SCAN cases=1 respRemind=0 respEsc=0 closureRemind=0 closureEsc=0 surveyExpired=0
2026-09-04T09:17:08.275Z [INFO] [slaReminder] SLA_SCAN cases=1 respRemind=0 respEsc=0 closureRemind=0 closureEsc=0 surveyExpired=0
2026-09-04T09:18:08.283Z [INFO] [slaReminder] SLA_SCAN cases=1 respRemind=0 respEsc=0 closureRemind=0 closureEsc=0 surveyExpired=0
2026-09-04T09:19:08.298Z [INFO] [slaReminder] SLA_SCAN cases=1 respRemind=0 respEsc=0 closureRemind=0 closureEsc=0 surveyExpired=0
2026-09-04T09:20:08.307Z [INFO] [slaReminder] SLA_SCAN cases=1 respRemind=0 respEsc=0 closureRemind=0 closureEsc=0 surveyExpired=0
2026-09-04T09:21:08.325Z [INFO] [slaReminder] SLA_SCAN cases=1 respRemind=0 respEsc=0 closureRemind=0 closureEsc=0 surveyExpired=0
2026-09-04T09:21:31.436Z [INFO] [http] POST /api/v1/auth/login
2026-09-04T09:21:31.541Z [INFO] [http] GET /api/v1/me
2026-09-04T09:21:31.548Z [INFO] [http] GET /api/v1/me
Restarting 'src/server.js'
Restarting 'src/server.js'
Restarting 'src/server.js'
2026-09-04T09:21:38.497Z [INFO] [static] serving frontend dist at C:\Users\606610\CodeBuddy\QRCode 客戶意見反饋\frontend\dist
node:events:496
      throw er; // Unhandled 'error' event
      ^

Error: listen EADDRINUSE: address already in use :::3000
    at Server.setupListenHandle [as _listen2] (node:net:1937:16)
    at listenInCluster (node:net:1994:12)
    at Server.listen (node:net:2099:7)
    at Function.listen (C:\Users\606610\CodeBuddy\QRCode 客戶意見反饋\backend\node_modules\express\lib\application.js:635:24)
    at Object.<anonymous> (C:\Users\606610\CodeBuddy\QRCode 客戶意見反饋\backend\src\server.js:13:5)
    at Module._compile (node:internal/modules/cjs/loader:1554:14)
    at Object..js (node:internal/modules/cjs/loader:1706:10)
    at Module.load (node:internal/modules/cjs/loader:1289:32)
    at Function._load (node:internal/modules/cjs/loader:1108:12)
    at TracingChannel.traceSync (node:diagnostics_channel:322:14)
    at wrapModuleLoad (node:internal/modules/cjs/loader:220:24)
    at Function.executeUserEntryPoint [as runMain] (node:internal/modules/run_main:170:5)
    at node:internal/main/run_main_module:36:49
Emitted 'error' event on Server instance at:
    at emitErrorNT (node:net:1973:8)
    at process.processTicksAndRejections (node:internal/process/task_queues:90:21) {
  code: 'EADDRINUSE',
  errno: -4091,
  syscall: 'listen',
  address: '::',
  port: 3000
}

Node.js v22.14.0
Failed running 'src/server.js'
Restarting 'src/server.js'
2026-09-04T09:21:40.817Z [INFO] [static] serving frontend dist at C:\Users\606610\CodeBuddy\QRCode 客戶意見反饋\frontend\dist
node:events:496
      throw er; // Unhandled 'error' event
      ^

Error: listen EADDRINUSE: address already in use :::3000
    at Server.setupListenHandle [as _listen2] (node:net:1937:16)
    at listenInCluster (node:net:1994:12)
    at Server.listen (node:net:2099:7)
    at Function.listen (C:\Users\606610\CodeBuddy\QRCode 客戶意見反饋\backend\node_modules\express\lib\application.js:635:24)
    at Object.<anonymous> (C:\Users\606610\CodeBuddy\QRCode 客戶意見反饋\backend\src\server.js:13:5)
    at Module._compile (node:internal/modules/cjs/loader:1554:14)
    at Object..js (node:internal/modules/cjs/loader:1706:10)
    at Module.load (node:internal/modules/cjs/loader:1289:32)
    at Function._load (node:internal/modules/cjs/loader:1108:12)
    at TracingChannel.traceSync (node:diagnostics_channel:322:14)
    at wrapModuleLoad (node:internal/modules/cjs/loader:220:24)
    at Function.executeUserEntryPoint [as runMain] (node:internal/modules/run_main:170:5)
    at node:internal/main/run_main_module:36:49
Emitted 'error' event on Server instance at:
    at emitErrorNT (node:net:1973:8)
    at process.processTicksAndRejections (node:internal/process/task_queues:90:21) {
  code: 'EADDRINUSE',
  errno: -4091,
  syscall: 'listen',
  address: '::',
  port: 3000
}

Node.js v22.14.0
Failed running 'src/server.js'
Restarting 'src/server.js'
Restarting 'src/server.js'
Restarting 'src/server.js'
2026-09-04T09:29:18.952Z [INFO] [static] serving frontend dist at C:\Users\606610\CodeBuddy\QRCode 客戶意見反饋\frontend\dist
2026-09-04T09:29:18.959Z [INFO] [server] QRCode 客戶意見反饋骨架已啟動 http://localhost:3000/api/v1
2026-09-04T09:29:18.959Z [INFO] [scheduler] SLA 掃描定時器已啟動（每 60000ms）
2026-09-04T09:29:18.960Z [WARN] [scheduler] 週報定時器停用（WEEKLY_REPORT_CHECK_MS 為 0/未設定）
2026-09-04T09:29:40.614Z [INFO] [http] GET /api/v1/notifications/unread-count
2026-09-04T09:30:10.341Z [INFO] [http] GET /api/v1/notifications/unread-count
2026-09-04T09:30:18.973Z [INFO] [slaReminder] SLA_SCAN cases=1 respRemind=0 respEsc=0 closureRemind=0 closureEsc=0 surveyExpired=0
2026-09-04T09:30:40.632Z [INFO] [http] GET /api/v1/notifications/unread-count
2026-09-04T09:31:10.313Z [INFO] [http] GET /api/v1/notifications/unread-count
2026-09-04T09:31:18.976Z [INFO] [slaReminder] SLA_SCAN cases=1 respRemind=0 respEsc=0 closureRemind=0 closureEsc=0 surveyExpired=0
2026-09-04T09:31:40.617Z [INFO] [http] GET /api/v1/notifications/unread-count
2026-09-04T09:32:10.303Z [INFO] [http] GET /api/v1/notifications/unread-count
2026-09-04T09:32:18.985Z [INFO] [slaReminder] SLA_SCAN cases=1 respRemind=0 respEsc=0 closureRemind=0 closureEsc=0 surveyExpired=0
2026-09-04T09:32:40.625Z [INFO] [http] GET /api/v1/notifications/unread-count
2026-09-04T09:33:10.322Z [INFO] [http] GET /api/v1/notifications/unread-count
2026-09-04T09:33:18.994Z [INFO] [slaReminder] SLA_SCAN cases=1 respRemind=0 respEsc=0 closureRemind=0 closureEsc=0 surveyExpired=0
Restarting 'src/server.js'
2026-09-04T09:33:41.996Z [INFO] [static] serving frontend dist at C:\Users\606610\CodeBuddy\QRCode 客戶意見反饋\frontend\dist
node:events:496
      throw er; // Unhandled 'error' event
      ^

Error: listen EADDRINUSE: address already in use :::3000
    at Server.setupListenHandle [as _listen2] (node:net:1937:16)
    at listenInCluster (node:net:1994:12)
    at Server.listen (node:net:2099:7)
    at Function.listen (C:\Users\606610\CodeBuddy\QRCode 客戶意見反饋\backend\node_modules\express\lib\application.js:635:24)
    at Object.<anonymous> (C:\Users\606610\CodeBuddy\QRCode 客戶意見反饋\backend\src\server.js:13:5)
    at Module._compile (node:internal/modules/cjs/loader:1554:14)
    at Object..js (node:internal/modules/cjs/loader:1706:10)
    at Module.load (node:internal/modules/cjs/loader:1289:32)
    at Function._load (node:internal/modules/cjs/loader:1108:12)
    at TracingChannel.traceSync (node:diagnostics_channel:322:14)
    at wrapModuleLoad (node:internal/modules/cjs/loader:220:24)
    at Function.executeUserEntryPoint [as runMain] (node:internal/modules/run_main:170:5)
    at node:internal/main/run_main_module:36:49
Emitted 'error' event on Server instance at:
    at emitErrorNT (node:net:1973:8)
    at process.processTicksAndRejections (node:internal/process/task_queues:90:21) {
  code: 'EADDRINUSE',
  errno: -4091,
  syscall: 'listen',
  address: '::',
  port: 3000
}

Node.js v22.14.0
Failed running 'src/server.js'
Restarting 'src/server.js'
Restarting 'src/server.js'
2026-09-05T00:59:45.455Z [INFO] [static] serving frontend dist at C:\Users\606610\CodeBuddy\QRCode 客戶意見反饋\frontend\dist
node:events:496
      throw er; // Unhandled 'error' event
      ^

Error: listen EADDRINUSE: address already in use :::3000
    at Server.setupListenHandle [as _listen2] (node:net:1937:16)
    at listenInCluster (node:net:1994:12)
    at Server.listen (node:net:2099:7)
    at Function.listen (C:\Users\606610\CodeBuddy\QRCode 客戶意見反饋\backend\node_modules\express\lib\application.js:635:24)
    at Object.<anonymous> (C:\Users\606610\CodeBuddy\QRCode 客戶意見反饋\backend\src\server.js:13:5)
    at Module._compile (node:internal/modules/cjs/loader:1554:14)
    at Object..js (node:internal/modules/cjs/loader:1706:10)
    at Module.load (node:internal/modules/cjs/loader:1289:32)
    at Function._load (node:internal/modules/cjs/loader:1108:12)
    at TracingChannel.traceSync (node:diagnostics_channel:322:14)
    at wrapModuleLoad (node:internal/modules/cjs/loader:220:24)
    at Function.executeUserEntryPoint [as runMain] (node:internal/modules/run_main:170:5)
    at node:internal/main/run_main_module:36:49
Emitted 'error' event on Server instance at:
    at emitErrorNT (node:net:1973:8)
    at process.processTicksAndRejections (node:internal/process/task_queues:90:21) {
  code: 'EADDRINUSE',
  errno: -4091,
  syscall: 'listen',
  address: '::',
  port: 3000
}

Node.js v22.14.0
Failed running 'src/server.js'
Restarting 'src/server.js'
2026-09-05T00:59:47.623Z [INFO] [static] serving frontend dist at C:\Users\606610\CodeBuddy\QRCode 客戶意見反饋\frontend\dist
node:events:496
      throw er; // Unhandled 'error' event
      ^

Error: listen EADDRINUSE: address already in use :::3000
    at Server.setupListenHandle [as _listen2] (node:net:1937:16)
    at listenInCluster (node:net:1994:12)
    at Server.listen (node:net:2099:7)
    at Function.listen (C:\Users\606610\CodeBuddy\QRCode 客戶意見反饋\backend\node_modules\express\lib\application.js:635:24)
    at Object.<anonymous> (C:\Users\606610\CodeBuddy\QRCode 客戶意見反饋\backend\src\server.js:13:5)
    at Module._compile (node:internal/modules/cjs/loader:1554:14)
    at Object..js (node:internal/modules/cjs/loader:1706:10)
    at Module.load (node:internal/modules/cjs/loader:1289:32)
    at Function._load (node:internal/modules/cjs/loader:1108:12)
    at TracingChannel.traceSync (node:diagnostics_channel:322:14)
    at wrapModuleLoad (node:internal/modules/cjs/loader:220:24)
    at Function.executeUserEntryPoint [as runMain] (node:internal/modules/run_main:170:5)
    at node:internal/main/run_main_module:36:49
Emitted 'error' event on Server instance at:
    at emitErrorNT (node:net:1973:8)
    at process.processTicksAndRejections (node:internal/process/task_queues:90:21) {
  code: 'EADDRINUSE',
  errno: -4091,
  syscall: 'listen',
  address: '::',
  port: 3000
}

Node.js v22.14.0
Failed running 'src/server.js'
Restarting 'src/server.js'
Restarting 'src/server.js'
Restarting 'src/server.js'
Restarting 'src/server.js'
Restarting 'src/server.js'
2026-09-05T11:31:07.582Z [INFO] [static] serving frontend dist at C:\Users\606610\CodeBuddy\QRCode 客戶意見反饋\frontend\dist
node:events:496
      throw er; // Unhandled 'error' event
      ^

Error: listen EADDRINUSE: address already in use :::3000
    at Server.setupListenHandle [as _listen2] (node:net:1937:16)
    at listenInCluster (node:net:1994:12)
    at Server.listen (node:net:2099:7)
    at Function.listen (C:\Users\606610\CodeBuddy\QRCode 客戶意見反饋\backend\node_modules\express\lib\application.js:635:24)
    at Object.<anonymous> (C:\Users\606610\CodeBuddy\QRCode 客戶意見反饋\backend\src\server.js:13:5)
    at Module._compile (node:internal/modules/cjs/loader:1554:14)
    at Object..js (node:internal/modules/cjs/loader:1706:10)
    at Module.load (node:internal/modules/cjs/loader:1289:32)
    at Function._load (node:internal/modules/cjs/loader:1108:12)
    at TracingChannel.traceSync (node:diagnostics_channel:322:14)
    at wrapModuleLoad (node:internal/modules/cjs/loader:220:24)
    at Function.executeUserEntryPoint [as runMain] (node:internal/modules/run_main:170:5)
    at node:internal/main/run_main_module:36:49
Emitted 'error' event on Server instance at:
    at emitErrorNT (node:net:1973:8)
    at process.processTicksAndRejections (node:internal/process/task_queues:90:21) {
  code: 'EADDRINUSE',
  errno: -4091,
  syscall: 'listen',
  address: '::',
  port: 3000
}

Node.js v22.14.0
Restarting 'src/server.js'
2026-09-05T11:31:12.320Z [INFO] [static] serving frontend dist at C:\Users\606610\CodeBuddy\QRCode 客戶意見反饋\frontend\dist
2026-09-05T11:31:12.326Z [INFO] [server] QRCode 客戶意見反饋骨架已啟動 http://localhost:3000/api/v1
2026-09-05T11:31:12.326Z [INFO] [scheduler] SLA 掃描定時器已啟動（每 60000ms）
2026-09-05T11:31:12.326Z [WARN] [scheduler] 週報定時器停用（WEEKLY_REPORT_CHECK_MS 為 0/未設定）
2026-09-05T11:31:40.533Z [INFO] [http] GET /api/v1/notifications/unread-count
2026-09-05T11:32:10.266Z [INFO] [http] GET /api/v1/notifications/unread-count
2026-09-05T11:32:12.342Z [INFO] [slaReminder] SLA_SCAN cases=1 respRemind=0 respEsc=0 closureRemind=0 closureEsc=0 surveyExpired=0
2026-09-05T11:32:40.566Z [INFO] [http] GET /api/v1/notifications/unread-count
2026-09-05T11:33:10.253Z [INFO] [http] GET /api/v1/notifications/unread-count
2026-09-05T11:33:12.384Z [INFO] [slaReminder] SLA_SCAN cases=1 respRemind=0 respEsc=0 closureRemind=0 closureEsc=0 surveyExpired=0
2026-09-05T11:33:40.674Z [INFO] [http] GET /api/v1/notifications/unread-count
2026-09-05T11:34:10.457Z [INFO] [http] GET /api/v1/notifications/unread-count
2026-09-05T11:34:12.402Z [INFO] [slaReminder] SLA_SCAN cases=1 respRemind=0 respEsc=0 closureRemind=0 closureEsc=0 surveyExpired=0
2026-09-05T11:34:40.629Z [INFO] [http] GET /api/v1/notifications/unread-count
2026-09-05T11:35:10.255Z [INFO] [http] GET /api/v1/notifications/unread-count
2026-09-05T11:35:12.416Z [INFO] [slaReminder] SLA_SCAN cases=1 respRemind=0 respEsc=0 closureRemind=0 closureEsc=0 surveyExpired=0
2026-09-05T11:35:40.565Z [INFO] [http] GET /api/v1/notifications/unread-count
2026-09-05T11:36:10.445Z [INFO] [http] GET /api/v1/notifications/unread-count
2026-09-05T11:36:12.421Z [INFO] [slaReminder] SLA_SCAN cases=1 respRemind=0 respEsc=0 closureRemind=0 closureEsc=0 surveyExpired=0
2026-09-05T11:36:40.707Z [INFO] [http] GET /api/v1/notifications/unread-count
2026-09-05T11:37:10.769Z [INFO] [http] GET /api/v1/notifications/unread-count
2026-09-05T11:37:12.445Z [INFO] [slaReminder] SLA_SCAN cases=1 respRemind=0 respEsc=0 closureRemind=0 closureEsc=0 surveyExpired=0
2026-09-05T11:37:40.349Z [INFO] [http] GET /api/v1/notifications/unread-count
2026-09-05T11:38:10.563Z [INFO] [http] GET /api/v1/notifications/unread-count
2026-09-05T11:38:12.472Z [INFO] [slaReminder] SLA_SCAN cases=1 respRemind=0 respEsc=0 closureRemind=0 closureEsc=0 surveyExpired=0
2026-09-05T11:38:40.268Z [INFO] [http] GET /api/v1/notifications/unread-count
2026-09-05T11:39:10.970Z [INFO] [http] GET /api/v1/notifications/unread-count
2026-09-05T11:39:12.502Z [INFO] [slaReminder] SLA_SCAN cases=1 respRemind=0 respEsc=0 closureRemind=0 closureEsc=0 surveyExpired=0
2026-09-05T11:39:40.822Z [INFO] [http] GET /api/v1/notifications/unread-count
2026-09-05T11:40:10.501Z [INFO] [http] GET /api/v1/notifications/unread-count
2026-09-05T11:40:12.521Z [INFO] [slaReminder] SLA_SCAN cases=1 respRemind=0 respEsc=0 closureRemind=0 closureEsc=0 surveyExpired=0
2026-09-05T11:40:40.651Z [INFO] [http] GET /api/v1/notifications/unread-count
2026-09-05T11:41:10.488Z [INFO] [http] GET /api/v1/notifications/unread-count
2026-09-05T11:41:12.534Z [INFO] [slaReminder] SLA_SCAN cases=1 respRemind=0 respEsc=0 closureRemind=0 closureEsc=0 surveyExpired=0
2026-09-05T11:41:40.566Z [INFO] [http] GET /api/v1/notifications/unread-count
2026-09-05T11:42:10.418Z [INFO] [http] GET /api/v1/notifications/unread-count
2026-09-05T11:42:12.551Z [INFO] [slaReminder] SLA_SCAN cases=1 respRemind=0 respEsc=0 closureRemind=0 closureEsc=0 surveyExpired=0
2026-09-05T11:42:40.882Z [INFO] [http] GET /api/v1/notifications/unread-count
2026-09-05T11:43:10.553Z [INFO] [http] GET /api/v1/notifications/unread-count
2026-09-05T11:43:12.574Z [INFO] [slaReminder] SLA_SCAN cases=1 respRemind=0 respEsc=0 closureRemind=0 closureEsc=0 surveyExpired=0
2026-09-05T11:43:40.243Z [INFO] [http] GET /api/v1/notifications/unread-count
2026-09-05T11:44:10.848Z [INFO] [http] GET /api/v1/notifications/unread-count
2026-09-05T11:44:12.594Z [INFO] [slaReminder] SLA_SCAN cases=1 respRemind=0 respEsc=0 closureRemind=0 closureEsc=0 surveyExpired=0
2026-09-05T11:44:40.687Z [INFO] [http] GET /api/v1/notifications/unread-count
2026-09-05T11:45:11.284Z [INFO] [http] GET /api/v1/notifications/unread-count
2026-09-05T11:45:12.622Z [INFO] [slaReminder] SLA_SCAN cases=1 respRemind=0 respEsc=0 closureRemind=0 closureEsc=0 surveyExpired=0
2026-09-05T11:45:40.666Z [INFO] [http] GET /api/v1/notifications/unread-count
2026-09-05T11:46:10.403Z [INFO] [http] GET /api/v1/notifications/unread-count
2026-09-05T11:46:12.646Z [INFO] [slaReminder] SLA_SCAN cases=1 respRemind=0 respEsc=0 closureRemind=0 closureEsc=0 surveyExpired=0
2026-09-05T11:46:40.555Z [INFO] [http] GET /api/v1/notifications/unread-count
2026-09-05T11:47:10.222Z [INFO] [http] GET /api/v1/notifications/unread-count
2026-09-05T11:47:12.657Z [INFO] [slaReminder] SLA_SCAN cases=1 respRemind=0 respEsc=0 closureRemind=0 closureEsc=0 surveyExpired=0
2026-09-05T11:47:40.607Z [INFO] [http] GET /api/v1/notifications/unread-count
2026-09-05T11:48:10.228Z [INFO] [http] GET /api/v1/notifications/unread-count
2026-09-05T11:48:12.663Z [INFO] [slaReminder] SLA_SCAN cases=1 respRemind=0 respEsc=0 closureRemind=0 closureEsc=0 surveyExpired=0
2026-09-05T11:48:40.559Z [INFO] [http] GET /api/v1/notifications/unread-count
2026-09-05T11:49:10.347Z [INFO] [http] GET /api/v1/notifications/unread-count
2026-09-05T11:49:12.679Z [INFO] [slaReminder] SLA_SCAN cases=1 respRemind=0 respEsc=0 closureRemind=0 closureEsc=0 surveyExpired=0
2026-09-05T11:49:40.819Z [INFO] [http] GET /api/v1/notifications/unread-count
2026-09-05T11:50:10.644Z [INFO] [http] GET /api/v1/notifications/unread-count
2026-09-05T11:50:12.691Z [INFO] [slaReminder] SLA_SCAN cases=1 respRemind=0 respEsc=0 closureRemind=0 closureEsc=0 surveyExpired=0
2026-09-05T11:50:40.717Z [INFO] [http] GET /api/v1/notifications/unread-count
2026-09-05T11:51:10.384Z [INFO] [http] GET /api/v1/notifications/unread-count
2026-09-05T11:51:12.715Z [INFO] [slaReminder] SLA_SCAN cases=1 respRemind=0 respEsc=0 closureRemind=0 closureEsc=0 surveyExpired=0
2026-09-05T11:51:40.692Z [INFO] [http] GET /api/v1/notifications/unread-count
2026-09-05T11:52:10.328Z [INFO] [http] GET /api/v1/notifications/unread-count
2026-09-05T11:52:12.745Z [INFO] [slaReminder] SLA_SCAN cases=1 respRemind=0 respEsc=0 closureRemind=0 closureEsc=0 surveyExpired=0
2026-09-05T11:52:40.681Z [INFO] [http] GET /api/v1/notifications/unread-count
2026-09-05T11:53:10.730Z [INFO] [http] GET /api/v1/notifications/unread-count
2026-09-05T11:53:12.776Z [INFO] [slaReminder] SLA_SCAN cases=1 respRemind=0 respEsc=0 closureRemind=0 closureEsc=0 surveyExpired=0
2026-09-05T11:53:40.335Z [INFO] [http] GET /api/v1/notifications/unread-count
2026-09-05T11:54:10.690Z [INFO] [http] GET /api/v1/notifications/unread-count
2026-09-05T11:54:12.814Z [INFO] [slaReminder] SLA_SCAN cases=1 respRemind=0 respEsc=0 closureRemind=0 closureEsc=0 surveyExpired=0
2026-09-05T11:54:40.633Z [INFO] [http] GET /api/v1/notifications/unread-count
2026-09-05T11:55:10.934Z [INFO] [http] GET /api/v1/notifications/unread-count
2026-09-05T11:55:12.863Z [INFO] [slaReminder] SLA_SCAN cases=1 respRemind=0 respEsc=0 closureRemind=0 closureEsc=0 surveyExpired=0
2026-09-05T11:55:40.692Z [INFO] [http] GET /api/v1/notifications/unread-count
2026-09-05T11:56:11.057Z [INFO] [http] GET /api/v1/notifications/unread-count
2026-09-05T11:56:12.896Z [INFO] [slaReminder] SLA_SCAN cases=1 respRemind=0 respEsc=0 closureRemind=0 closureEsc=0 surveyExpired=0
2026-09-05T11:56:40.763Z [INFO] [http] GET /api/v1/notifications/unread-count
2026-09-05T11:57:10.777Z [INFO] [http] GET /api/v1/notifications/unread-count
2026-09-05T11:57:12.895Z [INFO] [slaReminder] SLA_SCAN cases=1 respRemind=0 respEsc=0 closureRemind=0 closureEsc=0 surveyExpired=0
2026-09-05T11:57:40.778Z [INFO] [http] GET /api/v1/notifications/unread-count
2026-09-05T11:58:10.278Z [INFO] [http] GET /api/v1/notifications/unread-count
2026-09-05T11:58:12.917Z [INFO] [slaReminder] SLA_SCAN cases=1 respRemind=0 respEsc=0 closureRemind=0 closureEsc=0 surveyExpired=0
2026-09-05T11:58:40.651Z [INFO] [http] GET /api/v1/notifications/unread-count
2026-09-05T11:59:10.545Z [INFO] [http] GET /api/v1/notifications/unread-count
2026-09-05T11:59:12.948Z [INFO] [slaReminder] SLA_SCAN cases=1 respRemind=0 respEsc=0 closureRemind=0 closureEsc=0 surveyExpired=0
2026-09-05T11:59:40.683Z [INFO] [http] GET /api/v1/notifications/unread-count
2026-09-05T12:00:10.672Z [INFO] [http] GET /api/v1/notifications/unread-count
2026-09-05T12:00:12.959Z [INFO] [slaReminder] SLA_SCAN cases=1 respRemind=0 respEsc=0 closureRemind=0 closureEsc=0 surveyExpired=0
2026-09-05T12:00:40.555Z [INFO] [http] GET /api/v1/notifications/unread-count
2026-09-05T12:01:10.537Z [INFO] [http] GET /api/v1/notifications/unread-count
2026-09-05T12:01:12.981Z [INFO] [slaReminder] SLA_SCAN cases=1 respRemind=0 respEsc=0 closureRemind=0 closureEsc=0 surveyExpired=0
2026-09-05T12:01:40.545Z [INFO] [http] GET /api/v1/notifications/unread-count
2026-09-05T12:02:10.226Z [INFO] [http] GET /api/v1/notifications/unread-count
2026-09-05T12:02:12.995Z [INFO] [slaReminder] SLA_SCAN cases=1 respRemind=0 respEsc=0 closureRemind=0 closureEsc=0 surveyExpired=0
2026-09-05T12:02:40.564Z [INFO] [http] GET /api/v1/notifications/unread-count
2026-09-05T12:03:10.226Z [INFO] [http] GET /api/v1/notifications/unread-count
2026-09-05T12:03:13.012Z [INFO] [slaReminder] SLA_SCAN cases=1 respRemind=0 respEsc=0 closureRemind=0 closureEsc=0 surveyExpired=0
2026-09-05T12:03:40.554Z [INFO] [http] GET /api/v1/notifications/unread-count
2026-09-05T12:04:10.281Z [INFO] [http] GET /api/v1/notifications/unread-count
2026-09-05T12:04:13.022Z [INFO] [slaReminder] SLA_SCAN cases=1 respRemind=0 respEsc=0 closureRemind=0 closureEsc=0 surveyExpired=0
2026-09-05T12:04:40.568Z [INFO] [http] GET /api/v1/notifications/unread-count
2026-09-05T12:05:10.233Z [INFO] [http] GET /api/v1/notifications/unread-count
2026-09-05T12:05:13.023Z [INFO] [slaReminder] SLA_SCAN cases=1 respRemind=0 respEsc=0 closureRemind=0 closureEsc=0 surveyExpired=0
2026-09-05T12:05:40.551Z [INFO] [http] GET /api/v1/notifications/unread-count
2026-09-05T12:06:10.227Z [INFO] [http] GET /api/v1/notifications/unread-count
2026-09-05T12:06:13.033Z [INFO] [slaReminder] SLA_SCAN cases=1 respRemind=0 respEsc=0 closureRemind=0 closureEsc=0 surveyExpired=0
2026-09-05T12:06:40.545Z [INFO] [http] GET /api/v1/notifications/unread-count
2026-09-05T12:07:10.222Z [INFO] [http] GET /api/v1/notifications/unread-count
2026-09-05T12:07:13.040Z [INFO] [slaReminder] SLA_SCAN cases=1 respRemind=0 respEsc=0 closureRemind=0 closureEsc=0 surveyExpired=0
2026-09-05T12:07:40.528Z [INFO] [http] GET /api/v1/notifications/unread-count
2026-09-05T12:08:10.218Z [INFO] [http] GET /api/v1/notifications/unread-count
2026-09-05T12:08:13.048Z [INFO] [slaReminder] SLA_SCAN cases=1 respRemind=0 respEsc=0 closureRemind=0 closureEsc=0 surveyExpired=0
2026-09-05T12:08:40.558Z [INFO] [http] GET /api/v1/notifications/unread-count
2026-09-05T12:09:10.227Z [INFO] [http] GET /api/v1/notifications/unread-count
2026-09-05T12:09:13.052Z [INFO] [slaReminder] SLA_SCAN cases=1 respRemind=0 respEsc=0 closureRemind=0 closureEsc=0 surveyExpired=0
2026-09-05T12:09:40.566Z [INFO] [http] GET /api/v1/notifications/unread-count
2026-09-05T12:10:10.220Z [INFO] [http] GET /api/v1/notifications/unread-count
2026-09-05T12:10:13.074Z [INFO] [slaReminder] SLA_SCAN cases=1 respRemind=0 respEsc=0 closureRemind=0 closureEsc=0 surveyExpired=0
2026-09-05T12:10:40.545Z [INFO] [http] GET /api/v1/notifications/unread-count
2026-09-05T12:11:10.230Z [INFO] [http] GET /api/v1/notifications/unread-count
2026-09-05T12:11:13.078Z [INFO] [slaReminder] SLA_SCAN cases=1 respRemind=0 respEsc=0 closureRemind=0 closureEsc=0 surveyExpired=0
2026-09-05T12:11:40.537Z [INFO] [http] GET /api/v1/notifications/unread-count
2026-09-05T12:12:10.227Z [INFO] [http] GET /api/v1/notifications/unread-count
2026-09-05T12:12:13.083Z [INFO] [slaReminder] SLA_SCAN cases=1 respRemind=0 respEsc=0 closureRemind=0 closureEsc=0 surveyExpired=0
2026-09-05T12:12:40.754Z [INFO] [http] GET /api/v1/notifications/unread-count
2026-09-05T12:13:10.244Z [INFO] [http] GET /api/v1/notifications/unread-count
2026-09-05T12:13:13.107Z [INFO] [slaReminder] SLA_SCAN cases=1 respRemind=0 respEsc=0 closureRemind=0 closureEsc=0 surveyExpired=0
2026-09-05T12:13:40.531Z [INFO] [http] GET /api/v1/notifications/unread-count
2026-09-05T12:14:10.549Z [INFO] [http] GET /api/v1/notifications/unread-count
2026-09-05T12:14:13.124Z [INFO] [slaReminder] SLA_SCAN cases=1 respRemind=0 respEsc=0 closureRemind=0 closureEsc=0 surveyExpired=0
2026-09-05T12:14:40.547Z [INFO] [http] GET /api/v1/notifications/unread-count
2026-09-05T12:15:10.555Z [INFO] [http] GET /api/v1/notifications/unread-count
2026-09-05T12:15:13.169Z [INFO] [slaReminder] SLA_SCAN cases=1 respRemind=0 respEsc=0 closureRemind=0 closureEsc=0 surveyExpired=0
2026-09-05T12:15:40.235Z [INFO] [http] GET /api/v1/notifications/unread-count
2026-09-05T12:16:10.816Z [INFO] [http] GET /api/v1/notifications/unread-count
2026-09-05T12:16:13.199Z [INFO] [slaReminder] SLA_SCAN cases=1 respRemind=0 respEsc=0 closureRemind=0 closureEsc=0 surveyExpired=0
2026-09-05T12:16:40.233Z [INFO] [http] GET /api/v1/notifications/unread-count
2026-09-05T12:17:10.551Z [INFO] [http] GET /api/v1/notifications/unread-count
2026-09-05T12:17:13.230Z [INFO] [slaReminder] SLA_SCAN cases=1 respRemind=0 respEsc=0 closureRemind=0 closureEsc=0 surveyExpired=0
2026-09-05T12:17:40.242Z [INFO] [http] GET /api/v1/notifications/unread-count
2026-09-05T12:18:10.573Z [INFO] [http] GET /api/v1/notifications/unread-count
2026-09-05T12:18:13.236Z [INFO] [slaReminder] SLA_SCAN cases=1 respRemind=0 respEsc=0 closureRemind=0 closureEsc=0 surveyExpired=0
2026-09-05T12:18:40.362Z [INFO] [http] GET /api/v1/notifications/unread-count
2026-09-05T12:19:10.863Z [INFO] [http] GET /api/v1/notifications/unread-count
2026-09-05T12:19:13.277Z [INFO] [slaReminder] SLA_SCAN cases=1 respRemind=0 respEsc=0 closureRemind=0 closureEsc=0 surveyExpired=0
2026-09-05T12:19:40.333Z [INFO] [http] GET /api/v1/notifications/unread-count
2026-09-05T12:20:11.062Z [INFO] [http] GET /api/v1/notifications/unread-count
2026-09-05T12:20:13.292Z [INFO] [slaReminder] SLA_SCAN cases=1 respRemind=0 respEsc=0 closureRemind=0 closureEsc=0 surveyExpired=0
2026-09-05T12:20:40.470Z [INFO] [http] GET /api/v1/notifications/unread-count
2026-09-05T12:21:10.621Z [INFO] [http] GET /api/v1/notifications/unread-count
2026-09-05T12:21:13.306Z [INFO] [slaReminder] SLA_SCAN cases=1 respRemind=0 respEsc=0 closureRemind=0 closureEsc=0 surveyExpired=0
2026-09-05T12:21:40.233Z [INFO] [http] GET /api/v1/notifications/unread-count
2026-09-05T12:22:10.642Z [INFO] [http] GET /api/v1/notifications/unread-count
2026-09-05T12:22:13.325Z [INFO] [slaReminder] SLA_SCAN cases=1 respRemind=0 respEsc=0 closureRemind=0 closureEsc=0 surveyExpired=0
2026-09-05T12:22:40.238Z [INFO] [http] GET /api/v1/notifications/unread-count
2026-09-05T12:23:10.544Z [INFO] [http] GET /api/v1/notifications/unread-count
2026-09-05T12:23:13.357Z [INFO] [slaReminder] SLA_SCAN cases=1 respRemind=0 respEsc=0 closureRemind=0 closureEsc=0 surveyExpired=0
2026-09-05T12:23:40.229Z [INFO] [http] GET /api/v1/notifications/unread-count
2026-09-05T12:24:10.680Z [INFO] [http] GET /api/v1/notifications/unread-count
2026-09-05T12:24:13.374Z [INFO] [slaReminder] SLA_SCAN cases=1 respRemind=0 respEsc=0 closureRemind=0 closureEsc=0 surveyExpired=0
2026-09-05T12:24:40.304Z [INFO] [http] GET /api/v1/notifications/unread-count
2026-09-05T12:25:10.661Z [INFO] [http] GET /api/v1/notifications/unread-count
2026-09-05T12:25:13.400Z [INFO] [slaReminder] SLA_SCAN cases=1 respRemind=0 respEsc=0 closureRemind=0 closureEsc=0 surveyExpired=0
2026-09-05T12:25:40.232Z [INFO] [http] GET /api/v1/notifications/unread-count
2026-09-05T12:26:10.544Z [INFO] [http] GET /api/v1/notifications/unread-count
2026-09-05T12:26:13.447Z [INFO] [slaReminder] SLA_SCAN cases=1 respRemind=0 respEsc=0 closureRemind=0 closureEsc=0 surveyExpired=0
2026-09-05T12:26:40.236Z [INFO] [http] GET /api/v1/notifications/unread-count
2026-09-05T12:27:10.550Z [INFO] [http] GET /api/v1/notifications/unread-count
2026-09-05T12:27:13.461Z [INFO] [slaReminder] SLA_SCAN cases=1 respRemind=0 respEsc=0 closureRemind=0 closureEsc=0 surveyExpired=0
2026-09-05T12:27:40.229Z [INFO] [http] GET /api/v1/notifications/unread-count
2026-09-05T12:28:10.539Z [INFO] [http] GET /api/v1/notifications/unread-count
2026-09-05T12:28:13.466Z [INFO] [slaReminder] SLA_SCAN cases=1 respRemind=0 respEsc=0 closureRemind=0 closureEsc=0 surveyExpired=0
2026-09-05T12:28:40.244Z [INFO] [http] GET /api/v1/notifications/unread-count
2026-09-05T12:29:10.556Z [INFO] [http] GET /api/v1/notifications/unread-count
2026-09-05T12:29:13.476Z [INFO] [slaReminder] SLA_SCAN cases=1 respRemind=0 respEsc=0 closureRemind=0 closureEsc=0 surveyExpired=0
2026-09-05T12:29:40.479Z [INFO] [http] GET /api/v1/notifications/unread-count
2026-09-05T12:30:10.595Z [INFO] [http] GET /api/v1/notifications/unread-count
2026-09-05T12:30:13.513Z [INFO] [slaReminder] SLA_SCAN cases=1 respRemind=0 respEsc=0 closureRemind=0 closureEsc=0 surveyExpired=0
2026-09-05T12:30:40.362Z [INFO] [http] GET /api/v1/notifications/unread-count
2026-09-05T12:31:10.569Z [INFO] [http] GET /api/v1/notifications/unread-count
2026-09-05T12:31:13.530Z [INFO] [slaReminder] SLA_SCAN cases=1 respRemind=0 respEsc=0 closureRemind=0 closureEsc=0 surveyExpired=0
2026-09-05T12:31:40.237Z [INFO] [http] GET /api/v1/notifications/unread-count
2026-09-05T12:32:10.534Z [INFO] [http] GET /api/v1/notifications/unread-count
2026-09-05T12:32:13.550Z [INFO] [slaReminder] SLA_SCAN cases=1 respRemind=0 respEsc=0 closureRemind=0 closureEsc=0 surveyExpired=0
2026-09-05T12:32:40.233Z [INFO] [http] GET /api/v1/notifications/unread-count
2026-09-05T12:33:10.542Z [INFO] [http] GET /api/v1/notifications/unread-count
2026-09-05T12:33:13.565Z [INFO] [slaReminder] SLA_SCAN cases=1 respRemind=0 respEsc=0 closureRemind=0 closureEsc=0 surveyExpired=0
2026-09-05T12:33:40.226Z [INFO] [http] GET /api/v1/notifications/unread-count
2026-09-05T12:34:10.541Z [INFO] [http] GET /api/v1/notifications/unread-count
2026-09-05T12:34:13.578Z [INFO] [slaReminder] SLA_SCAN cases=1 respRemind=0 respEsc=0 closureRemind=0 closureEsc=0 surveyExpired=0
2026-09-05T12:34:40.224Z [INFO] [http] GET /api/v1/notifications/unread-count
2026-09-05T12:35:10.537Z [INFO] [http] GET /api/v1/notifications/unread-count
2026-09-05T12:35:13.584Z [INFO] [slaReminder] SLA_SCAN cases=1 respRemind=0 respEsc=0 closureRemind=0 closureEsc=0 surveyExpired=0
2026-09-05T12:35:40.259Z [INFO] [http] GET /api/v1/notifications/unread-count
2026-09-05T12:36:10.543Z [INFO] [http] GET /api/v1/notifications/unread-count
2026-09-05T12:36:13.591Z [INFO] [slaReminder] SLA_SCAN cases=1 respRemind=0 respEsc=0 closureRemind=0 closureEsc=0 surveyExpired=0
2026-09-05T12:36:40.229Z [INFO] [http] GET /api/v1/notifications/unread-count
2026-09-05T12:37:10.542Z [INFO] [http] GET /api/v1/notifications/unread-count
2026-09-05T12:37:13.603Z [INFO] [slaReminder] SLA_SCAN cases=1 respRemind=0 respEsc=0 closureRemind=0 closureEsc=0 surveyExpired=0
2026-09-05T12:37:40.241Z [INFO] [http] GET /api/v1/notifications/unread-count
2026-09-05T12:38:10.561Z [INFO] [http] GET /api/v1/notifications/unread-count
2026-09-05T12:38:13.608Z [INFO] [slaReminder] SLA_SCAN cases=1 respRemind=0 respEsc=0 closureRemind=0 closureEsc=0 surveyExpired=0
2026-09-05T12:38:40.355Z [INFO] [http] GET /api/v1/notifications/unread-count
2026-09-05T12:39:10.532Z [INFO] [http] GET /api/v1/notifications/unread-count
2026-09-05T12:39:13.627Z [INFO] [slaReminder] SLA_SCAN cases=1 respRemind=0 respEsc=0 closureRemind=0 closureEsc=0 surveyExpired=0
2026-09-05T12:39:40.375Z [INFO] [http] GET /api/v1/notifications/unread-count
2026-09-05T12:40:10.701Z [INFO] [http] GET /api/v1/notifications/unread-count
2026-09-05T12:40:13.638Z [INFO] [slaReminder] SLA_SCAN cases=1 respRemind=0 respEsc=0 closureRemind=0 closureEsc=0 surveyExpired=0
2026-09-05T12:40:40.229Z [INFO] [http] GET /api/v1/notifications/unread-count
2026-09-05T12:41:10.537Z [INFO] [http] GET /api/v1/notifications/unread-count
2026-09-05T12:41:13.651Z [INFO] [slaReminder] SLA_SCAN cases=1 respRemind=0 respEsc=0 closureRemind=0 closureEsc=0 surveyExpired=0
2026-09-05T12:41:40.258Z [INFO] [http] GET /api/v1/notifications/unread-count
2026-09-05T12:42:10.531Z [INFO] [http] GET /api/v1/notifications/unread-count
2026-09-05T12:42:13.673Z [INFO] [slaReminder] SLA_SCAN cases=1 respRemind=0 respEsc=0 closureRemind=0 closureEsc=0 surveyExpired=0
2026-09-05T12:42:40.233Z [INFO] [http] GET /api/v1/notifications/unread-count
2026-09-05T12:43:10.538Z [INFO] [http] GET /api/v1/notifications/unread-count
2026-09-05T12:43:13.678Z [INFO] [slaReminder] SLA_SCAN cases=1 respRemind=0 respEsc=0 closureRemind=0 closureEsc=0 surveyExpired=0
2026-09-05T12:43:40.448Z [INFO] [http] GET /api/v1/notifications/unread-count
2026-09-05T12:44:10.737Z [INFO] [http] GET /api/v1/notifications/unread-count
2026-09-05T12:44:13.704Z [INFO] [slaReminder] SLA_SCAN cases=1 respRemind=0 respEsc=0 closureRemind=0 closureEsc=0 surveyExpired=0
2026-09-05T12:44:40.233Z [INFO] [http] GET /api/v1/notifications/unread-count
2026-09-05T12:45:11.018Z [INFO] [http] GET /api/v1/notifications/unread-count
2026-09-05T12:45:13.749Z [INFO] [slaReminder] SLA_SCAN cases=1 respRemind=0 respEsc=0 closureRemind=0 closureEsc=0 surveyExpired=0
2026-09-05T12:45:40.677Z [INFO] [http] GET /api/v1/notifications/unread-count
2026-09-05T12:46:10.573Z [INFO] [http] GET /api/v1/notifications/unread-count
2026-09-05T12:46:13.762Z [INFO] [slaReminder] SLA_SCAN cases=1 respRemind=0 respEsc=0 closureRemind=0 closureEsc=0 surveyExpired=0
2026-09-05T12:46:40.224Z [INFO] [http] GET /api/v1/notifications/unread-count
2026-09-05T12:47:10.548Z [INFO] [http] GET /api/v1/notifications/unread-count
2026-09-05T12:47:13.768Z [INFO] [slaReminder] SLA_SCAN cases=1 respRemind=0 respEsc=0 closureRemind=0 closureEsc=0 surveyExpired=0
2026-09-05T12:47:40.698Z [INFO] [http] GET /api/v1/notifications/unread-count
2026-09-05T12:48:10.578Z [INFO] [http] GET /api/v1/notifications/unread-count
2026-09-05T12:48:13.777Z [INFO] [slaReminder] SLA_SCAN cases=1 respRemind=0 respEsc=0 closureRemind=0 closureEsc=0 surveyExpired=0
2026-09-05T12:48:40.546Z [INFO] [http] GET /api/v1/notifications/unread-count
2026-09-05T12:49:10.705Z [INFO] [http] GET /api/v1/notifications/unread-count
2026-09-05T12:49:13.800Z [INFO] [slaReminder] SLA_SCAN cases=1 respRemind=0 respEsc=0 closureRemind=0 closureEsc=0 surveyExpired=0
2026-09-05T12:49:40.918Z [INFO] [http] GET /api/v1/notifications/unread-count
2026-09-05T12:50:10.592Z [INFO] [http] GET /api/v1/notifications/unread-count
2026-09-05T12:50:13.821Z [INFO] [slaReminder] SLA_SCAN cases=1 respRemind=0 respEsc=0 closureRemind=0 closureEsc=0 surveyExpired=0
2026-09-05T12:50:40.533Z [INFO] [http] GET /api/v1/notifications/unread-count
2026-09-05T12:51:10.612Z [INFO] [http] GET /api/v1/notifications/unread-count
2026-09-05T12:51:13.830Z [INFO] [slaReminder] SLA_SCAN cases=1 respRemind=0 respEsc=0 closureRemind=0 closureEsc=0 surveyExpired=0
2026-09-05T12:51:40.228Z [INFO] [http] GET /api/v1/notifications/unread-count
2026-09-05T12:52:10.539Z [INFO] [http] GET /api/v1/notifications/unread-count
2026-09-05T12:52:13.855Z [INFO] [slaReminder] SLA_SCAN cases=1 respRemind=0 respEsc=0 closureRemind=0 closureEsc=0 surveyExpired=0
2026-09-05T12:52:40.231Z [INFO] [http] GET /api/v1/notifications/unread-count
2026-09-05T12:53:10.562Z [INFO] [http] GET /api/v1/notifications/unread-count
2026-09-05T12:53:13.870Z [INFO] [slaReminder] SLA_SCAN cases=1 respRemind=0 respEsc=0 closureRemind=0 closureEsc=0 surveyExpired=0
2026-09-05T12:53:40.225Z [INFO] [http] GET /api/v1/notifications/unread-count
2026-09-05T12:54:10.555Z [INFO] [http] GET /api/v1/notifications/unread-count
2026-09-05T12:54:13.882Z [INFO] [slaReminder] SLA_SCAN cases=1 respRemind=0 respEsc=0 closureRemind=0 closureEsc=0 surveyExpired=0
2026-09-05T12:54:40.297Z [INFO] [http] GET /api/v1/notifications/unread-count
2026-09-05T12:55:10.545Z [INFO] [http] GET /api/v1/notifications/unread-count
2026-09-05T12:55:13.906Z [INFO] [slaReminder] SLA_SCAN cases=1 respRemind=0 respEsc=0 closureRemind=0 closureEsc=0 surveyExpired=0
2026-09-05T12:55:40.455Z [INFO] [http] GET /api/v1/notifications/unread-count
2026-09-05T12:56:10.543Z [INFO] [http] GET /api/v1/notifications/unread-count
2026-09-05T12:56:13.923Z [INFO] [slaReminder] SLA_SCAN cases=1 respRemind=0 respEsc=0 closureRemind=0 closureEsc=0 surveyExpired=0
2026-09-05T12:56:40.220Z [INFO] [http] GET /api/v1/notifications/unread-count
2026-09-05T12:57:10.579Z [INFO] [http] GET /api/v1/notifications/unread-count
2026-09-05T12:57:13.930Z [INFO] [slaReminder] SLA_SCAN cases=1 respRemind=0 respEsc=0 closureRemind=0 closureEsc=0 surveyExpired=0
2026-09-05T12:57:40.229Z [INFO] [http] GET /api/v1/notifications/unread-count
2026-09-05T12:58:10.537Z [INFO] [http] GET /api/v1/notifications/unread-count
2026-09-05T12:58:13.951Z [INFO] [slaReminder] SLA_SCAN cases=1 respRemind=0 respEsc=0 closureRemind=0 closureEsc=0 surveyExpired=0
2026-09-05T12:58:40.228Z [INFO] [http] GET /api/v1/notifications/unread-count
2026-09-05T12:59:10.549Z [INFO] [http] GET /api/v1/notifications/unread-count
2026-09-05T12:59:13.952Z [INFO] [slaReminder] SLA_SCAN cases=1 respRemind=0 respEsc=0 closureRemind=0 closureEsc=0 surveyExpired=0
2026-09-05T12:59:40.220Z [INFO] [http] GET /api/v1/notifications/unread-count
2026-09-05T13:00:10.589Z [INFO] [http] GET /api/v1/notifications/unread-count
2026-09-05T13:00:13.952Z [INFO] [slaReminder] SLA_SCAN cases=1 respRemind=0 respEsc=0 closureRemind=0 closureEsc=0 surveyExpired=0
2026-09-05T13:00:40.234Z [INFO] [http] GET /api/v1/notifications/unread-count
2026-09-05T13:01:10.530Z [INFO] [http] GET /api/v1/notifications/unread-count
2026-09-05T13:01:13.963Z [INFO] [slaReminder] SLA_SCAN cases=1 respRemind=0 respEsc=0 closureRemind=0 closureEsc=0 surveyExpired=0
2026-09-05T13:01:40.236Z [INFO] [http] GET /api/v1/notifications/unread-count
2026-09-05T13:02:10.667Z [INFO] [http] GET /api/v1/notifications/unread-count
2026-09-05T13:02:13.982Z [INFO] [slaReminder] SLA_SCAN cases=1 respRemind=0 respEsc=0 closureRemind=0 closureEsc=0 surveyExpired=0
2026-09-05T13:02:40.260Z [INFO] [http] GET /api/v1/notifications/unread-count
2026-09-05T13:03:10.922Z [INFO] [http] GET /api/v1/notifications/unread-count
2026-09-05T13:03:13.987Z [INFO] [slaReminder] SLA_SCAN cases=1 respRemind=0 respEsc=0 closureRemind=0 closureEsc=0 surveyExpired=0
2026-09-05T13:03:40.251Z [INFO] [http] GET /api/v1/notifications/unread-count
2026-09-05T13:04:10.711Z [INFO] [http] GET /api/v1/notifications/unread-count
2026-09-05T13:04:14.016Z [INFO] [slaReminder] SLA_SCAN cases=1 respRemind=0 respEsc=0 closureRemind=0 closureEsc=0 surveyExpired=0
2026-09-05T13:04:40.559Z [INFO] [http] GET /api/v1/notifications/unread-count
2026-09-05T13:05:10.538Z [INFO] [http] GET /api/v1/notifications/unread-count
2026-09-05T13:05:14.031Z [INFO] [slaReminder] SLA_SCAN cases=1 respRemind=0 respEsc=0 closureRemind=0 closureEsc=0 surveyExpired=0
2026-09-05T13:05:40.236Z [INFO] [http] GET /api/v1/notifications/unread-count
2026-09-05T13:06:10.566Z [INFO] [http] GET /api/v1/notifications/unread-count
2026-09-05T13:06:14.046Z [INFO] [slaReminder] SLA_SCAN cases=1 respRemind=0 respEsc=0 closureRemind=0 closureEsc=0 surveyExpired=0
2026-09-05T13:06:40.220Z [INFO] [http] GET /api/v1/notifications/unread-count
2026-09-05T13:07:10.547Z [INFO] [http] GET /api/v1/notifications/unread-count
2026-09-05T13:07:14.064Z [INFO] [slaReminder] SLA_SCAN cases=1 respRemind=0 respEsc=0 closureRemind=0 closureEsc=0 surveyExpired=0
2026-09-05T13:07:40.251Z [INFO] [http] GET /api/v1/notifications/unread-count
2026-09-05T13:08:10.529Z [INFO] [http] GET /api/v1/notifications/unread-count
2026-09-05T13:08:14.075Z [INFO] [slaReminder] SLA_SCAN cases=1 respRemind=0 respEsc=0 closureRemind=0 closureEsc=0 surveyExpired=0
2026-09-05T13:08:40.227Z [INFO] [http] GET /api/v1/notifications/unread-count
2026-09-05T13:09:10.575Z [INFO] [http] GET /api/v1/notifications/unread-count
2026-09-05T13:09:14.080Z [INFO] [slaReminder] SLA_SCAN cases=1 respRemind=0 respEsc=0 closureRemind=0 closureEsc=0 surveyExpired=0
2026-09-05T13:09:40.228Z [INFO] [http] GET /api/v1/notifications/unread-count
2026-09-05T13:10:10.567Z [INFO] [http] GET /api/v1/notifications/unread-count
2026-09-05T13:10:14.090Z [INFO] [slaReminder] SLA_SCAN cases=1 respRemind=0 respEsc=0 closureRemind=0 closureEsc=0 surveyExpired=0
2026-09-05T13:10:40.221Z [INFO] [http] GET /api/v1/notifications/unread-count
2026-09-05T13:11:10.538Z [INFO] [http] GET /api/v1/notifications/unread-count
2026-09-05T13:11:14.104Z [INFO] [slaReminder] SLA_SCAN cases=1 respRemind=0 respEsc=0 closureRemind=0 closureEsc=0 surveyExpired=0
2026-09-05T13:11:40.240Z [INFO] [http] GET /api/v1/notifications/unread-count
2026-09-05T13:12:10.543Z [INFO] [http] GET /api/v1/notifications/unread-count
2026-09-05T13:12:14.129Z [INFO] [slaReminder] SLA_SCAN cases=1 respRemind=0 respEsc=0 closureRemind=0 closureEsc=0 surveyExpired=0
2026-09-05T13:12:40.222Z [INFO] [http] GET /api/v1/notifications/unread-count
2026-09-05T13:13:10.579Z [INFO] [http] GET /api/v1/notifications/unread-count
2026-09-05T13:13:14.174Z [INFO] [slaReminder] SLA_SCAN cases=1 respRemind=0 respEsc=0 closureRemind=0 closureEsc=0 surveyExpired=0
2026-09-05T13:13:40.221Z [INFO] [http] GET /api/v1/notifications/unread-count
2026-09-05T13:14:10.542Z [INFO] [http] GET /api/v1/notifications/unread-count
2026-09-05T13:14:14.185Z [INFO] [slaReminder] SLA_SCAN cases=1 respRemind=0 respEsc=0 closureRemind=0 closureEsc=0 surveyExpired=0
2026-09-05T13:14:40.224Z [INFO] [http] GET /api/v1/notifications/unread-count
2026-09-05T13:15:10.533Z [INFO] [http] GET /api/v1/notifications/unread-count
2026-09-05T13:15:14.226Z [INFO] [slaReminder] SLA_SCAN cases=1 respRemind=0 respEsc=0 closureRemind=0 closureEsc=0 surveyExpired=0
2026-09-05T13:15:40.550Z [INFO] [http] GET /api/v1/notifications/unread-count
2026-09-05T13:16:10.231Z [INFO] [http] GET /api/v1/notifications/unread-count
2026-09-05T13:16:14.227Z [INFO] [slaReminder] SLA_SCAN cases=1 respRemind=0 respEsc=0 closureRemind=0 closureEsc=0 surveyExpired=0
2026-09-05T13:16:40.763Z [INFO] [http] GET /api/v1/notifications/unread-count
2026-09-05T13:17:10.226Z [INFO] [http] GET /api/v1/notifications/unread-count
2026-09-05T13:17:14.240Z [INFO] [slaReminder] SLA_SCAN cases=1 respRemind=0 respEsc=0 closureRemind=0 closureEsc=0 surveyExpired=0
2026-09-05T13:17:40.533Z [INFO] [http] GET /api/v1/notifications/unread-count
2026-09-05T13:18:10.221Z [INFO] [http] GET /api/v1/notifications/unread-count
2026-09-05T13:18:14.252Z [INFO] [slaReminder] SLA_SCAN cases=1 respRemind=0 respEsc=0 closureRemind=0 closureEsc=0 surveyExpired=0
2026-09-05T13:18:40.542Z [INFO] [http] GET /api/v1/notifications/unread-count
2026-09-05T13:19:10.222Z [INFO] [http] GET /api/v1/notifications/unread-count
2026-09-05T13:19:14.262Z [INFO] [slaReminder] SLA_SCAN cases=1 respRemind=0 respEsc=0 closureRemind=0 closureEsc=0 surveyExpired=0
2026-09-05T13:19:40.535Z [INFO] [http] GET /api/v1/notifications/unread-count
2026-09-05T13:20:10.225Z [INFO] [http] GET /api/v1/notifications/unread-count
2026-09-05T13:20:14.270Z [INFO] [slaReminder] SLA_SCAN cases=1 respRemind=0 respEsc=0 closureRemind=0 closureEsc=0 surveyExpired=0
2026-09-05T13:20:40.528Z [INFO] [http] GET /api/v1/notifications/unread-count
2026-09-05T13:21:10.218Z [INFO] [http] GET /api/v1/notifications/unread-count
2026-09-05T13:21:14.278Z [INFO] [slaReminder] SLA_SCAN cases=1 respRemind=0 respEsc=0 closureRemind=0 closureEsc=0 surveyExpired=0
2026-09-05T13:21:40.541Z [INFO] [http] GET /api/v1/notifications/unread-count
2026-09-05T13:22:10.540Z [INFO] [http] GET /api/v1/notifications/unread-count
2026-09-05T13:22:14.282Z [INFO] [slaReminder] SLA_SCAN cases=1 respRemind=0 respEsc=0 closureRemind=0 closureEsc=0 surveyExpired=0
2026-09-05T13:22:40.532Z [INFO] [http] GET /api/v1/notifications/unread-count
2026-09-05T13:23:10.534Z [INFO] [http] GET /api/v1/notifications/unread-count
2026-09-05T13:23:14.286Z [INFO] [slaReminder] SLA_SCAN cases=1 respRemind=0 respEsc=0 closureRemind=0 closureEsc=0 surveyExpired=0
2026-09-05T13:23:40.223Z [INFO] [http] GET /api/v1/notifications/unread-count
2026-09-05T13:24:10.536Z [INFO] [http] GET /api/v1/notifications/unread-count
2026-09-05T13:24:14.295Z [INFO] [slaReminder] SLA_SCAN cases=1 respRemind=0 respEsc=0 closureRemind=0 closureEsc=0 surveyExpired=0
2026-09-05T13:24:40.527Z [INFO] [http] GET /api/v1/notifications/unread-count
2026-09-05T13:25:10.536Z [INFO] [http] GET /api/v1/notifications/unread-count
2026-09-05T13:25:14.305Z [INFO] [slaReminder] SLA_SCAN cases=1 respRemind=0 respEsc=0 closureRemind=0 closureEsc=0 surveyExpired=0
2026-09-05T13:25:40.527Z [INFO] [http] GET /api/v1/notifications/unread-count
2026-09-05T13:26:10.536Z [INFO] [http] GET /api/v1/notifications/unread-count
2026-09-05T13:26:14.312Z [INFO] [slaReminder] SLA_SCAN cases=1 respRemind=0 respEsc=0 closureRemind=0 closureEsc=0 surveyExpired=0
2026-09-05T13:26:40.527Z [INFO] [http] GET /api/v1/notifications/unread-count
2026-09-05T13:27:10.529Z [INFO] [http] GET /api/v1/notifications/unread-count
2026-09-05T13:27:14.324Z [INFO] [slaReminder] SLA_SCAN cases=1 respRemind=0 respEsc=0 closureRemind=0 closureEsc=0 surveyExpired=0
2026-09-05T13:27:40.219Z [INFO] [http] GET /api/v1/notifications/unread-count
2026-09-05T13:28:10.538Z [INFO] [http] GET /api/v1/notifications/unread-count
2026-09-05T13:28:14.337Z [INFO] [slaReminder] SLA_SCAN cases=1 respRemind=0 respEsc=0 closureRemind=0 closureEsc=0 surveyExpired=0
2026-09-05T13:28:40.538Z [INFO] [http] GET /api/v1/notifications/unread-count
2026-09-05T13:29:10.542Z [INFO] [http] GET /api/v1/notifications/unread-count
2026-09-05T13:29:14.341Z [INFO] [slaReminder] SLA_SCAN cases=1 respRemind=0 respEsc=0 closureRemind=0 closureEsc=0 surveyExpired=0
2026-09-05T13:29:40.532Z [INFO] [http] GET /api/v1/notifications/unread-count
2026-09-05T13:30:10.527Z [INFO] [http] GET /api/v1/notifications/unread-count
2026-09-05T13:30:14.351Z [INFO] [slaReminder] SLA_SCAN cases=1 respRemind=0 respEsc=0 closureRemind=0 closureEsc=0 surveyExpired=0
2026-09-05T13:30:40.531Z [INFO] [http] GET /api/v1/notifications/unread-count
2026-09-05T13:31:10.536Z [INFO] [http] GET /api/v1/notifications/unread-count
2026-09-05T13:31:14.352Z [INFO] [slaReminder] SLA_SCAN cases=1 respRemind=0 respEsc=0 closureRemind=0 closureEsc=0 surveyExpired=0
2026-09-05T13:31:40.228Z [INFO] [http] GET /api/v1/notifications/unread-count
2026-09-05T13:32:10.539Z [INFO] [http] GET /api/v1/notifications/unread-count
2026-09-05T13:32:14.359Z [INFO] [slaReminder] SLA_SCAN cases=1 respRemind=0 respEsc=0 closureRemind=0 closureEsc=0 surveyExpired=0
2026-09-05T13:32:40.228Z [INFO] [http] GET /api/v1/notifications/unread-count
2026-09-05T13:33:10.539Z [INFO] [http] GET /api/v1/notifications/unread-count
2026-09-05T13:33:14.374Z [INFO] [slaReminder] SLA_SCAN cases=1 respRemind=0 respEsc=0 closureRemind=0 closureEsc=0 surveyExpired=0
2026-09-05T13:33:40.541Z [INFO] [http] GET /api/v1/notifications/unread-count
2026-09-05T13:34:10.551Z [INFO] [http] GET /api/v1/notifications/unread-count
2026-09-05T13:34:14.377Z [INFO] [slaReminder] SLA_SCAN cases=1 respRemind=0 respEsc=0 closureRemind=0 closureEsc=0 surveyExpired=0
2026-09-05T13:34:40.538Z [INFO] [http] GET /api/v1/notifications/unread-count
2026-09-05T13:35:10.530Z [INFO] [http] GET /api/v1/notifications/unread-count
2026-09-05T13:35:14.385Z [INFO] [slaReminder] SLA_SCAN cases=1 respRemind=0 respEsc=0 closureRemind=0 closureEsc=0 surveyExpired=0
2026-09-05T13:35:40.525Z [INFO] [http] GET /api/v1/notifications/unread-count
2026-09-05T13:36:10.227Z [INFO] [http] GET /api/v1/notifications/unread-count
2026-09-05T13:36:14.388Z [INFO] [slaReminder] SLA_SCAN cases=1 respRemind=0 respEsc=0 closureRemind=0 closureEsc=0 surveyExpired=0
2026-09-05T13:36:40.531Z [INFO] [http] GET /api/v1/notifications/unread-count
2026-09-05T13:37:10.540Z [INFO] [http] GET /api/v1/notifications/unread-count
2026-09-05T13:37:14.387Z [INFO] [slaReminder] SLA_SCAN cases=1 respRemind=0 respEsc=0 closureRemind=0 closureEsc=0 surveyExpired=0
2026-09-05T13:37:40.530Z [INFO] [http] GET /api/v1/notifications/unread-count
2026-09-05T13:38:10.540Z [INFO] [http] GET /api/v1/notifications/unread-count
2026-09-05T13:38:14.396Z [INFO] [slaReminder] SLA_SCAN cases=1 respRemind=0 respEsc=0 closureRemind=0 closureEsc=0 surveyExpired=0
2026-09-05T13:38:40.533Z [INFO] [http] GET /api/v1/notifications/unread-count
2026-09-05T13:39:10.526Z [INFO] [http] GET /api/v1/notifications/unread-count
2026-09-05T13:39:14.397Z [INFO] [slaReminder] SLA_SCAN cases=1 respRemind=0 respEsc=0 closureRemind=0 closureEsc=0 surveyExpired=0
2026-09-05T13:39:40.526Z [INFO] [http] GET /api/v1/notifications/unread-count
2026-09-05T13:40:10.527Z [INFO] [http] GET /api/v1/notifications/unread-count
2026-09-05T13:40:14.406Z [INFO] [slaReminder] SLA_SCAN cases=1 respRemind=0 respEsc=0 closureRemind=0 closureEsc=0 surveyExpired=0
2026-09-05T13:40:40.528Z [INFO] [http] GET /api/v1/notifications/unread-count
2026-09-05T13:41:10.526Z [INFO] [http] GET /api/v1/notifications/unread-count
2026-09-05T13:41:14.416Z [INFO] [slaReminder] SLA_SCAN cases=1 respRemind=0 respEsc=0 closureRemind=0 closureEsc=0 surveyExpired=0
2026-09-05T13:41:40.526Z [INFO] [http] GET /api/v1/notifications/unread-count
2026-09-05T13:42:10.530Z [INFO] [http] GET /api/v1/notifications/unread-count
2026-09-05T13:42:14.424Z [INFO] [slaReminder] SLA_SCAN cases=1 respRemind=0 respEsc=0 closureRemind=0 closureEsc=0 surveyExpired=0
2026-09-05T13:42:40.526Z [INFO] [http] GET /api/v1/notifications/unread-count
2026-09-05T13:43:10.531Z [INFO] [http] GET /api/v1/notifications/unread-count
2026-09-05T13:43:14.437Z [INFO] [slaReminder] SLA_SCAN cases=1 respRemind=0 respEsc=0 closureRemind=0 closureEsc=0 surveyExpired=0
2026-09-05T13:43:40.543Z [INFO] [http] GET /api/v1/notifications/unread-count
2026-09-05T13:44:10.543Z [INFO] [http] GET /api/v1/notifications/unread-count
2026-09-05T13:44:14.445Z [INFO] [slaReminder] SLA_SCAN cases=1 respRemind=0 respEsc=0 closureRemind=0 closureEsc=0 surveyExpired=0
2026-09-05T13:44:40.525Z [INFO] [http] GET /api/v1/notifications/unread-count
2026-09-05T13:45:10.215Z [INFO] [http] GET /api/v1/notifications/unread-count
2026-09-05T13:45:14.454Z [INFO] [slaReminder] SLA_SCAN cases=1 respRemind=0 respEsc=0 closureRemind=0 closureEsc=0 surveyExpired=0
2026-09-05T13:45:40.527Z [INFO] [http] GET /api/v1/notifications/unread-count
2026-09-05T13:46:10.531Z [INFO] [http] GET /api/v1/notifications/unread-count
2026-09-05T13:46:14.467Z [INFO] [slaReminder] SLA_SCAN cases=1 respRemind=0 respEsc=0 closureRemind=0 closureEsc=0 surveyExpired=0
2026-09-05T13:46:40.528Z [INFO] [http] GET /api/v1/notifications/unread-count
2026-09-05T13:47:10.220Z [INFO] [http] GET /api/v1/notifications/unread-count
2026-09-05T13:47:14.471Z [INFO] [slaReminder] SLA_SCAN cases=1 respRemind=0 respEsc=0 closureRemind=0 closureEsc=0 surveyExpired=0
2026-09-05T13:47:40.536Z [INFO] [http] GET /api/v1/notifications/unread-count
2026-09-05T13:48:10.220Z [INFO] [http] GET /api/v1/notifications/unread-count
2026-09-05T13:48:14.484Z [INFO] [slaReminder] SLA_SCAN cases=1 respRemind=0 respEsc=0 closureRemind=0 closureEsc=0 surveyExpired=0
2026-09-05T13:48:40.535Z [INFO] [http] GET /api/v1/notifications/unread-count
2026-09-05T13:49:10.244Z [INFO] [http] GET /api/v1/notifications/unread-count
2026-09-05T13:49:14.497Z [INFO] [slaReminder] SLA_SCAN cases=1 respRemind=0 respEsc=0 closureRemind=0 closureEsc=0 surveyExpired=0
2026-09-05T13:49:40.528Z [INFO] [http] GET /api/v1/notifications/unread-count
2026-09-05T13:50:10.224Z [INFO] [http] GET /api/v1/notifications/unread-count
2026-09-05T13:50:14.499Z [INFO] [slaReminder] SLA_SCAN cases=1 respRemind=0 respEsc=0 closureRemind=0 closureEsc=0 surveyExpired=0
2026-09-05T13:50:40.535Z [INFO] [http] GET /api/v1/notifications/unread-count
2026-09-05T13:51:10.222Z [INFO] [http] GET /api/v1/notifications/unread-count
2026-09-05T13:51:14.512Z [INFO] [slaReminder] SLA_SCAN cases=1 respRemind=0 respEsc=0 closureRemind=0 closureEsc=0 surveyExpired=0
2026-09-05T13:51:40.527Z [INFO] [http] GET /api/v1/notifications/unread-count
2026-09-05T13:52:10.220Z [INFO] [http] GET /api/v1/notifications/unread-count
2026-09-05T13:52:14.527Z [INFO] [slaReminder] SLA_SCAN cases=1 respRemind=0 respEsc=0 closureRemind=0 closureEsc=0 surveyExpired=0
2026-09-05T13:52:40.531Z [INFO] [http] GET /api/v1/notifications/unread-count
2026-09-05T13:53:10.218Z [INFO] [http] GET /api/v1/notifications/unread-count
2026-09-05T13:53:14.528Z [INFO] [slaReminder] SLA_SCAN cases=1 respRemind=0 respEsc=0 closureRemind=0 closureEsc=0 surveyExpired=0
2026-09-05T13:53:40.532Z [INFO] [http] GET /api/v1/notifications/unread-count
2026-09-05T13:54:10.270Z [INFO] [http] GET /api/v1/notifications/unread-count
2026-09-05T13:54:14.543Z [INFO] [slaReminder] SLA_SCAN cases=1 respRemind=0 respEsc=0 closureRemind=0 closureEsc=0 surveyExpired=0
2026-09-05T13:54:40.541Z [INFO] [http] GET /api/v1/notifications/unread-count
2026-09-05T13:55:10.215Z [INFO] [http] GET /api/v1/notifications/unread-count
2026-09-05T13:55:14.554Z [INFO] [slaReminder] SLA_SCAN cases=1 respRemind=0 respEsc=0 closureRemind=0 closureEsc=0 surveyExpired=0
2026-09-05T13:55:40.536Z [INFO] [http] GET /api/v1/notifications/unread-count
2026-09-05T13:56:10.214Z [INFO] [http] GET /api/v1/notifications/unread-count
2026-09-05T13:56:14.557Z [INFO] [slaReminder] SLA_SCAN cases=1 respRemind=0 respEsc=0 closureRemind=0 closureEsc=0 surveyExpired=0
2026-09-05T13:56:40.531Z [INFO] [http] GET /api/v1/notifications/unread-count
2026-09-05T13:57:10.227Z [INFO] [http] GET /api/v1/notifications/unread-count
2026-09-05T13:57:14.560Z [INFO] [slaReminder] SLA_SCAN cases=1 respRemind=0 respEsc=0 closureRemind=0 closureEsc=0 surveyExpired=0
2026-09-05T13:57:40.525Z [INFO] [http] GET /api/v1/notifications/unread-count
2026-09-05T13:58:10.229Z [INFO] [http] GET /api/v1/notifications/unread-count
2026-09-05T13:58:14.569Z [INFO] [slaReminder] SLA_SCAN cases=1 respRemind=0 respEsc=0 closureRemind=0 closureEsc=0 surveyExpired=0
2026-09-05T13:58:40.533Z [INFO] [http] GET /api/v1/notifications/unread-count
2026-09-05T13:59:10.245Z [INFO] [http] GET /api/v1/notifications/unread-count
2026-09-05T13:59:14.579Z [INFO] [slaReminder] SLA_SCAN cases=1 respRemind=0 respEsc=0 closureRemind=0 closureEsc=0 surveyExpired=0
2026-09-05T13:59:40.538Z [INFO] [http] GET /api/v1/notifications/unread-count
2026-09-05T14:00:10.218Z [INFO] [http] GET /api/v1/notifications/unread-count
2026-09-05T14:00:14.582Z [INFO] [slaReminder] SLA_SCAN cases=1 respRemind=0 respEsc=0 closureRemind=0 closureEsc=0 surveyExpired=0
2026-09-05T14:00:40.534Z [INFO] [http] GET /api/v1/notifications/unread-count
2026-09-05T14:01:10.222Z [INFO] [http] GET /api/v1/notifications/unread-count
2026-09-05T14:01:14.584Z [INFO] [slaReminder] SLA_SCAN cases=1 respRemind=0 respEsc=0 closureRemind=0 closureEsc=0 surveyExpired=0
2026-09-05T14:01:40.532Z [INFO] [http] GET /api/v1/notifications/unread-count
2026-09-05T14:02:10.216Z [INFO] [http] GET /api/v1/notifications/unread-count
2026-09-05T14:02:14.585Z [INFO] [slaReminder] SLA_SCAN cases=1 respRemind=0 respEsc=0 closureRemind=0 closureEsc=0 surveyExpired=0
2026-09-05T14:02:40.528Z [INFO] [http] GET /api/v1/notifications/unread-count
2026-09-05T14:03:10.218Z [INFO] [http] GET /api/v1/notifications/unread-count
2026-09-05T14:03:14.589Z [INFO] [slaReminder] SLA_SCAN cases=1 respRemind=0 respEsc=0 closureRemind=0 closureEsc=0 surveyExpired=0
2026-09-05T14:03:40.526Z [INFO] [http] GET /api/v1/notifications/unread-count
2026-09-05T14:04:10.247Z [INFO] [http] GET /api/v1/notifications/unread-count
2026-09-05T14:04:14.601Z [INFO] [slaReminder] SLA_SCAN cases=1 respRemind=0 respEsc=0 closureRemind=0 closureEsc=0 surveyExpired=0
2026-09-05T14:04:40.524Z [INFO] [http] GET /api/v1/notifications/unread-count
2026-09-05T14:05:10.216Z [INFO] [http] GET /api/v1/notifications/unread-count
2026-09-05T14:05:14.615Z [INFO] [slaReminder] SLA_SCAN cases=1 respRemind=0 respEsc=0 closureRemind=0 closureEsc=0 surveyExpired=0
2026-09-05T14:05:40.542Z [INFO] [http] GET /api/v1/notifications/unread-count
2026-09-05T14:06:10.221Z [INFO] [http] GET /api/v1/notifications/unread-count
2026-09-05T14:06:14.621Z [INFO] [slaReminder] SLA_SCAN cases=1 respRemind=0 respEsc=0 closureRemind=0 closureEsc=0 surveyExpired=0
2026-09-05T14:06:40.529Z [INFO] [http] GET /api/v1/notifications/unread-count
2026-09-05T14:07:10.216Z [INFO] [http] GET /api/v1/notifications/unread-count
2026-09-05T14:07:14.627Z [INFO] [slaReminder] SLA_SCAN cases=1 respRemind=0 respEsc=0 closureRemind=0 closureEsc=0 surveyExpired=0
2026-09-05T14:07:40.537Z [INFO] [http] GET /api/v1/notifications/unread-count
2026-09-05T14:08:10.223Z [INFO] [http] GET /api/v1/notifications/unread-count
2026-09-05T14:08:14.637Z [INFO] [slaReminder] SLA_SCAN cases=1 respRemind=0 respEsc=0 closureRemind=0 closureEsc=0 surveyExpired=0
2026-09-05T14:08:40.538Z [INFO] [http] GET /api/v1/notifications/unread-count
2026-09-05T14:09:10.260Z [INFO] [http] GET /api/v1/notifications/unread-count
2026-09-05T14:09:14.647Z [INFO] [slaReminder] SLA_SCAN cases=1 respRemind=0 respEsc=0 closureRemind=0 closureEsc=0 surveyExpired=0
2026-09-05T14:09:40.540Z [INFO] [http] GET /api/v1/notifications/unread-count
2026-09-05T14:10:10.218Z [INFO] [http] GET /api/v1/notifications/unread-count
2026-09-05T14:10:14.652Z [INFO] [slaReminder] SLA_SCAN cases=1 respRemind=0 respEsc=0 closureRemind=0 closureEsc=0 surveyExpired=0
2026-09-05T14:10:40.533Z [INFO] [http] GET /api/v1/notifications/unread-count
2026-09-05T14:11:10.220Z [INFO] [http] GET /api/v1/notifications/unread-count
2026-09-05T14:11:14.661Z [INFO] [slaReminder] SLA_SCAN cases=1 respRemind=0 respEsc=0 closureRemind=0 closureEsc=0 surveyExpired=0
2026-09-05T14:11:40.527Z [INFO] [http] GET /api/v1/notifications/unread-count
2026-09-05T14:12:10.219Z [INFO] [http] GET /api/v1/notifications/unread-count
2026-09-05T14:12:14.667Z [INFO] [slaReminder] SLA_SCAN cases=1 respRemind=0 respEsc=0 closureRemind=0 closureEsc=0 surveyExpired=0
2026-09-05T14:12:40.539Z [INFO] [http] GET /api/v1/notifications/unread-count
2026-09-05T14:13:10.217Z [INFO] [http] GET /api/v1/notifications/unread-count
2026-09-05T14:13:14.668Z [INFO] [slaReminder] SLA_SCAN cases=1 respRemind=0 respEsc=0 closureRemind=0 closureEsc=0 surveyExpired=0
2026-09-05T14:13:40.524Z [INFO] [http] GET /api/v1/notifications/unread-count
2026-09-05T14:14:10.530Z [INFO] [http] GET /api/v1/notifications/unread-count
2026-09-05T14:14:14.674Z [INFO] [slaReminder] SLA_SCAN cases=1 respRemind=0 respEsc=0 closureRemind=0 closureEsc=0 surveyExpired=0
2026-09-05T14:14:40.525Z [INFO] [http] GET /api/v1/notifications/unread-count
2026-09-05T14:15:10.218Z [INFO] [http] GET /api/v1/notifications/unread-count
2026-09-05T14:15:14.682Z [INFO] [slaReminder] SLA_SCAN cases=1 respRemind=0 respEsc=0 closureRemind=0 closureEsc=0 surveyExpired=0
2026-09-05T14:15:40.535Z [INFO] [http] GET /api/v1/notifications/unread-count
2026-09-05T14:16:10.226Z [INFO] [http] GET /api/v1/notifications/unread-count
2026-09-05T14:16:14.682Z [INFO] [slaReminder] SLA_SCAN cases=1 respRemind=0 respEsc=0 closureRemind=0 closureEsc=0 surveyExpired=0
2026-09-05T14:16:40.531Z [INFO] [http] GET /api/v1/notifications/unread-count
2026-09-05T14:17:10.226Z [INFO] [http] GET /api/v1/notifications/unread-count
2026-09-05T14:17:14.696Z [INFO] [slaReminder] SLA_SCAN cases=1 respRemind=0 respEsc=0 closureRemind=0 closureEsc=0 surveyExpired=0
2026-09-05T14:17:40.529Z [INFO] [http] GET /api/v1/notifications/unread-count
2026-09-05T14:18:10.218Z [INFO] [http] GET /api/v1/notifications/unread-count
2026-09-05T14:18:14.703Z [INFO] [slaReminder] SLA_SCAN cases=1 respRemind=0 respEsc=0 closureRemind=0 closureEsc=0 surveyExpired=0
2026-09-05T14:18:40.527Z [INFO] [http] GET /api/v1/notifications/unread-count
2026-09-05T14:19:10.527Z [INFO] [http] GET /api/v1/notifications/unread-count
2026-09-05T14:19:14.708Z [INFO] [slaReminder] SLA_SCAN cases=1 respRemind=0 respEsc=0 closureRemind=0 closureEsc=0 surveyExpired=0
2026-09-05T14:19:40.538Z [INFO] [http] GET /api/v1/notifications/unread-count
2026-09-05T14:20:10.531Z [INFO] [http] GET /api/v1/notifications/unread-count
2026-09-05T14:20:14.723Z [INFO] [slaReminder] SLA_SCAN cases=1 respRemind=0 respEsc=0 closureRemind=0 closureEsc=0 surveyExpired=0
2026-09-05T14:20:40.227Z [INFO] [http] GET /api/v1/notifications/unread-count
2026-09-05T14:21:10.541Z [INFO] [http] GET /api/v1/notifications/unread-count
2026-09-05T14:21:14.728Z [INFO] [slaReminder] SLA_SCAN cases=1 respRemind=0 respEsc=0 closureRemind=0 closureEsc=0 surveyExpired=0
2026-09-05T14:21:40.218Z [INFO] [http] GET /api/v1/notifications/unread-count
2026-09-05T14:22:10.529Z [INFO] [http] GET /api/v1/notifications/unread-count
2026-09-05T14:22:14.736Z [INFO] [slaReminder] SLA_SCAN cases=1 respRemind=0 respEsc=0 closureRemind=0 closureEsc=0 surveyExpired=0
2026-09-05T14:22:40.224Z [INFO] [http] GET /api/v1/notifications/unread-count
2026-09-05T14:23:10.535Z [INFO] [http] GET /api/v1/notifications/unread-count
2026-09-05T14:23:14.742Z [INFO] [slaReminder] SLA_SCAN cases=1 respRemind=0 respEsc=0 closureRemind=0 closureEsc=0 surveyExpired=0
2026-09-05T14:23:40.216Z [INFO] [http] GET /api/v1/notifications/unread-count
2026-09-05T14:24:10.539Z [INFO] [http] GET /api/v1/notifications/unread-count
2026-09-05T14:24:14.754Z [INFO] [slaReminder] SLA_SCAN cases=1 respRemind=0 respEsc=0 closureRemind=0 closureEsc=0 surveyExpired=0
2026-09-05T14:24:40.520Z [INFO] [http] GET /api/v1/notifications/unread-count
2026-09-05T14:25:10.224Z [INFO] [http] GET /api/v1/notifications/unread-count
2026-09-05T14:25:14.757Z [INFO] [slaReminder] SLA_SCAN cases=1 respRemind=0 respEsc=0 closureRemind=0 closureEsc=0 surveyExpired=0
2026-09-05T14:25:40.542Z [INFO] [http] GET /api/v1/notifications/unread-count
2026-09-05T14:26:10.224Z [INFO] [http] GET /api/v1/notifications/unread-count
2026-09-05T14:26:14.766Z [INFO] [slaReminder] SLA_SCAN cases=1 respRemind=0 respEsc=0 closureRemind=0 closureEsc=0 surveyExpired=0
2026-09-05T14:26:40.533Z [INFO] [http] GET /api/v1/notifications/unread-count
2026-09-05T14:27:10.216Z [INFO] [http] GET /api/v1/notifications/unread-count
2026-09-05T14:27:14.779Z [INFO] [slaReminder] SLA_SCAN cases=1 respRemind=0 respEsc=0 closureRemind=0 closureEsc=0 surveyExpired=0
2026-09-05T14:27:40.538Z [INFO] [http] GET /api/v1/notifications/unread-count
2026-09-05T14:28:10.222Z [INFO] [http] GET /api/v1/notifications/unread-count
2026-09-05T14:28:14.784Z [INFO] [slaReminder] SLA_SCAN cases=1 respRemind=0 respEsc=0 closureRemind=0 closureEsc=0 surveyExpired=0
2026-09-05T14:28:40.529Z [INFO] [http] GET /api/v1/notifications/unread-count
2026-09-05T14:29:10.523Z [INFO] [http] GET /api/v1/notifications/unread-count
2026-09-05T14:29:14.783Z [INFO] [slaReminder] SLA_SCAN cases=1 respRemind=0 respEsc=0 closureRemind=0 closureEsc=0 surveyExpired=0
2026-09-05T14:29:40.531Z [INFO] [http] GET /api/v1/notifications/unread-count
2026-09-05T14:30:10.531Z [INFO] [http] GET /api/v1/notifications/unread-count
2026-09-05T14:30:14.796Z [INFO] [slaReminder] SLA_SCAN cases=1 respRemind=0 respEsc=0 closureRemind=0 closureEsc=0 surveyExpired=0
2026-09-05T14:30:40.217Z [INFO] [http] GET /api/v1/notifications/unread-count
2026-09-05T14:31:10.536Z [INFO] [http] GET /api/v1/notifications/unread-count
2026-09-05T14:31:14.807Z [INFO] [slaReminder] SLA_SCAN cases=1 respRemind=0 respEsc=0 closureRemind=0 closureEsc=0 surveyExpired=0
2026-09-05T14:31:40.212Z [INFO] [http] GET /api/v1/notifications/unread-count
2026-09-05T14:32:10.527Z [INFO] [http] GET /api/v1/notifications/unread-count
2026-09-05T14:32:14.817Z [INFO] [slaReminder] SLA_SCAN cases=1 respRemind=0 respEsc=0 closureRemind=0 closureEsc=0 surveyExpired=0
2026-09-05T14:32:40.226Z [INFO] [http] GET /api/v1/notifications/unread-count
2026-09-05T14:33:10.527Z [INFO] [http] GET /api/v1/notifications/unread-count
2026-09-05T14:33:14.820Z [INFO] [slaReminder] SLA_SCAN cases=1 respRemind=0 respEsc=0 closureRemind=0 closureEsc=0 surveyExpired=0
2026-09-05T14:33:40.232Z [INFO] [http] GET /api/v1/notifications/unread-count
2026-09-05T14:34:10.523Z [INFO] [http] GET /api/v1/notifications/unread-count
2026-09-05T14:34:14.829Z [INFO] [slaReminder] SLA_SCAN cases=1 respRemind=0 respEsc=0 closureRemind=0 closureEsc=0 surveyExpired=0
2026-09-05T14:34:40.535Z [INFO] [http] GET /api/v1/notifications/unread-count
2026-09-05T14:35:10.525Z [INFO] [http] GET /api/v1/notifications/unread-count
2026-09-05T14:35:14.841Z [INFO] [slaReminder] SLA_SCAN cases=1 respRemind=0 respEsc=0 closureRemind=0 closureEsc=0 surveyExpired=0
2026-09-05T14:35:40.526Z [INFO] [http] GET /api/v1/notifications/unread-count
2026-09-05T14:36:10.527Z [INFO] [http] GET /api/v1/notifications/unread-count
2026-09-05T14:36:14.845Z [INFO] [slaReminder] SLA_SCAN cases=1 respRemind=0 respEsc=0 closureRemind=0 closureEsc=0 surveyExpired=0
2026-09-05T14:36:40.554Z [INFO] [http] GET /api/v1/notifications/unread-count
2026-09-05T14:37:10.212Z [INFO] [http] GET /api/v1/notifications/unread-count
2026-09-05T14:37:14.858Z [INFO] [slaReminder] SLA_SCAN cases=1 respRemind=0 respEsc=0 closureRemind=0 closureEsc=0 surveyExpired=0
2026-09-05T14:37:40.539Z [INFO] [http] GET /api/v1/notifications/unread-count
2026-09-05T14:38:10.216Z [INFO] [http] GET /api/v1/notifications/unread-count
2026-09-05T14:38:14.872Z [INFO] [slaReminder] SLA_SCAN cases=1 respRemind=0 respEsc=0 closureRemind=0 closureEsc=0 surveyExpired=0
2026-09-05T14:38:40.539Z [INFO] [http] GET /api/v1/notifications/unread-count
2026-09-05T14:39:10.230Z [INFO] [http] GET /api/v1/notifications/unread-count
2026-09-05T14:39:14.886Z [INFO] [slaReminder] SLA_SCAN cases=1 respRemind=0 respEsc=0 closureRemind=0 closureEsc=0 surveyExpired=0
2026-09-05T14:39:40.533Z [INFO] [http] GET /api/v1/notifications/unread-count
2026-09-05T14:40:10.532Z [INFO] [http] GET /api/v1/notifications/unread-count
2026-09-05T14:40:14.893Z [INFO] [slaReminder] SLA_SCAN cases=1 respRemind=0 respEsc=0 closureRemind=0 closureEsc=0 surveyExpired=0
2026-09-05T14:40:40.214Z [INFO] [http] GET /api/v1/notifications/unread-count
2026-09-05T14:41:10.534Z [INFO] [http] GET /api/v1/notifications/unread-count
2026-09-05T14:41:14.895Z [INFO] [slaReminder] SLA_SCAN cases=1 respRemind=0 respEsc=0 closureRemind=0 closureEsc=0 surveyExpired=0
2026-09-05T14:41:40.255Z [INFO] [http] GET /api/v1/notifications/unread-count
2026-09-05T14:42:10.537Z [INFO] [http] GET /api/v1/notifications/unread-count
2026-09-05T14:42:14.907Z [INFO] [slaReminder] SLA_SCAN cases=1 respRemind=0 respEsc=0 closureRemind=0 closureEsc=0 surveyExpired=0
2026-09-05T14:42:40.217Z [INFO] [http] GET /api/v1/notifications/unread-count
2026-09-05T14:43:10.533Z [INFO] [http] GET /api/v1/notifications/unread-count
2026-09-05T14:43:14.922Z [INFO] [slaReminder] SLA_SCAN cases=1 respRemind=0 respEsc=0 closureRemind=0 closureEsc=0 surveyExpired=0
2026-09-05T14:43:40.216Z [INFO] [http] GET /api/v1/notifications/unread-count
2026-09-05T14:44:10.521Z [INFO] [http] GET /api/v1/notifications/unread-count
2026-09-05T14:44:14.928Z [INFO] [slaReminder] SLA_SCAN cases=1 respRemind=0 respEsc=0 closureRemind=0 closureEsc=0 surveyExpired=0
2026-09-05T14:44:40.527Z [INFO] [http] GET /api/v1/notifications/unread-count
2026-09-05T14:45:10.530Z [INFO] [http] GET /api/v1/notifications/unread-count
2026-09-05T14:45:14.928Z [INFO] [slaReminder] SLA_SCAN cases=1 respRemind=0 respEsc=0 closureRemind=0 closureEsc=0 surveyExpired=0
2026-09-05T14:45:40.526Z [INFO] [http] GET /api/v1/notifications/unread-count
2026-09-05T14:46:10.217Z [INFO] [http] GET /api/v1/notifications/unread-count
2026-09-05T14:46:14.934Z [INFO] [slaReminder] SLA_SCAN cases=1 respRemind=0 respEsc=0 closureRemind=0 closureEsc=0 surveyExpired=0
2026-09-05T14:46:40.523Z [INFO] [http] GET /api/v1/notifications/unread-count
2026-09-05T14:47:10.227Z [INFO] [http] GET /api/v1/notifications/unread-count
2026-09-05T14:47:14.948Z [INFO] [slaReminder] SLA_SCAN cases=1 respRemind=0 respEsc=0 closureRemind=0 closureEsc=0 surveyExpired=0
2026-09-05T14:47:40.519Z [INFO] [http] GET /api/v1/notifications/unread-count
2026-09-05T14:48:10.225Z [INFO] [http] GET /api/v1/notifications/unread-count
2026-09-05T14:48:14.963Z [INFO] [slaReminder] SLA_SCAN cases=1 respRemind=0 respEsc=0 closureRemind=0 closureEsc=0 surveyExpired=0
2026-09-05T14:48:40.529Z [INFO] [http] GET /api/v1/notifications/unread-count
2026-09-05T14:49:10.233Z [INFO] [http] GET /api/v1/notifications/unread-count
2026-09-05T14:49:14.964Z [INFO] [slaReminder] SLA_SCAN cases=1 respRemind=0 respEsc=0 closureRemind=0 closureEsc=0 surveyExpired=0
2026-09-05T14:49:40.521Z [INFO] [http] GET /api/v1/notifications/unread-count
2026-09-05T14:50:10.218Z [INFO] [http] GET /api/v1/notifications/unread-count
2026-09-05T14:50:14.973Z [INFO] [slaReminder] SLA_SCAN cases=1 respRemind=0 respEsc=0 closureRemind=0 closureEsc=0 surveyExpired=0
2026-09-05T14:50:40.527Z [INFO] [http] GET /api/v1/notifications/unread-count
2026-09-05T14:51:10.218Z [INFO] [http] GET /api/v1/notifications/unread-count
2026-09-05T14:51:14.985Z [INFO] [slaReminder] SLA_SCAN cases=1 respRemind=0 respEsc=0 closureRemind=0 closureEsc=0 surveyExpired=0
2026-09-05T14:51:40.525Z [INFO] [http] GET /api/v1/notifications/unread-count
2026-09-05T14:52:10.218Z [INFO] [http] GET /api/v1/notifications/unread-count
2026-09-05T14:52:14.992Z [INFO] [slaReminder] SLA_SCAN cases=1 respRemind=0 respEsc=0 closureRemind=0 closureEsc=0 surveyExpired=0
2026-09-05T14:52:40.525Z [INFO] [http] GET /api/v1/notifications/unread-count
2026-09-05T14:53:10.233Z [INFO] [http] GET /api/v1/notifications/unread-count
2026-09-05T14:53:15.001Z [INFO] [slaReminder] SLA_SCAN cases=1 respRemind=0 respEsc=0 closureRemind=0 closureEsc=0 surveyExpired=0
2026-09-05T14:53:40.527Z [INFO] [http] GET /api/v1/notifications/unread-count
2026-09-05T14:54:10.224Z [INFO] [http] GET /api/v1/notifications/unread-count
2026-09-05T14:54:15.013Z [INFO] [slaReminder] SLA_SCAN cases=1 respRemind=0 respEsc=0 closureRemind=0 closureEsc=0 surveyExpired=0
2026-09-05T14:54:40.528Z [INFO] [http] GET /api/v1/notifications/unread-count
2026-09-05T14:55:10.228Z [INFO] [http] GET /api/v1/notifications/unread-count
2026-09-05T14:55:15.018Z [INFO] [slaReminder] SLA_SCAN cases=1 respRemind=0 respEsc=0 closureRemind=0 closureEsc=0 surveyExpired=0
2026-09-05T14:55:40.534Z [INFO] [http] GET /api/v1/notifications/unread-count
2026-09-05T14:56:10.528Z [INFO] [http] GET /api/v1/notifications/unread-count
2026-09-05T14:56:15.025Z [INFO] [slaReminder] SLA_SCAN cases=1 respRemind=0 respEsc=0 closureRemind=0 closureEsc=0 surveyExpired=0
2026-09-05T14:56:40.216Z [INFO] [http] GET /api/v1/notifications/unread-count
2026-09-05T14:57:10.539Z [INFO] [http] GET /api/v1/notifications/unread-count
2026-09-05T14:57:15.030Z [INFO] [slaReminder] SLA_SCAN cases=1 respRemind=0 respEsc=0 closureRemind=0 closureEsc=0 surveyExpired=0
2026-09-05T14:57:40.217Z [INFO] [http] GET /api/v1/notifications/unread-count
2026-09-05T14:58:10.528Z [INFO] [http] GET /api/v1/notifications/unread-count
2026-09-05T14:58:15.041Z [INFO] [slaReminder] SLA_SCAN cases=1 respRemind=0 respEsc=0 closureRemind=0 closureEsc=0 surveyExpired=0
2026-09-05T14:58:40.221Z [INFO] [http] GET /api/v1/notifications/unread-count
2026-09-05T14:59:10.565Z [INFO] [http] GET /api/v1/notifications/unread-count
2026-09-05T14:59:15.042Z [INFO] [slaReminder] SLA_SCAN cases=1 respRemind=0 respEsc=0 closureRemind=0 closureEsc=0 surveyExpired=0
2026-09-05T14:59:40.523Z [INFO] [http] GET /api/v1/notifications/unread-count
2026-09-05T15:00:10.533Z [INFO] [http] GET /api/v1/notifications/unread-count
2026-09-05T15:00:15.049Z [INFO] [slaReminder] SLA_SCAN cases=1 respRemind=0 respEsc=0 closureRemind=0 closureEsc=0 surveyExpired=0
2026-09-05T15:00:40.226Z [INFO] [http] GET /api/v1/notifications/unread-count
2026-09-05T15:01:10.526Z [INFO] [http] GET /api/v1/notifications/unread-count
2026-09-05T15:01:15.056Z [INFO] [slaReminder] SLA_SCAN cases=1 respRemind=0 respEsc=0 closureRemind=0 closureEsc=0 surveyExpired=0
2026-09-05T15:01:40.213Z [INFO] [http] GET /api/v1/notifications/unread-count
2026-09-05T15:02:10.527Z [INFO] [http] GET /api/v1/notifications/unread-count
2026-09-05T15:02:15.071Z [INFO] [slaReminder] SLA_SCAN cases=1 respRemind=0 respEsc=0 closureRemind=0 closureEsc=0 surveyExpired=0
2026-09-05T15:02:40.217Z [INFO] [http] GET /api/v1/notifications/unread-count
2026-09-05T15:03:10.533Z [INFO] [http] GET /api/v1/notifications/unread-count
2026-09-05T15:03:15.087Z [INFO] [slaReminder] SLA_SCAN cases=1 respRemind=0 respEsc=0 closureRemind=0 closureEsc=0 surveyExpired=0
2026-09-05T15:03:40.219Z [INFO] [http] GET /api/v1/notifications/unread-count
2026-09-05T15:04:10.553Z [INFO] [http] GET /api/v1/notifications/unread-count
2026-09-05T15:04:15.093Z [INFO] [slaReminder] SLA_SCAN cases=1 respRemind=0 respEsc=0 closureRemind=0 closureEsc=0 surveyExpired=0
2026-09-05T15:04:40.539Z [INFO] [http] GET /api/v1/notifications/unread-count
2026-09-05T15:05:10.544Z [INFO] [http] GET /api/v1/notifications/unread-count
2026-09-05T15:05:15.109Z [INFO] [slaReminder] SLA_SCAN cases=1 respRemind=0 respEsc=0 closureRemind=0 closureEsc=0 surveyExpired=0
2026-09-05T15:05:40.537Z [INFO] [http] GET /api/v1/notifications/unread-count
2026-09-05T15:06:10.530Z [INFO] [http] GET /api/v1/notifications/unread-count
2026-09-05T15:06:15.121Z [INFO] [slaReminder] SLA_SCAN cases=1 respRemind=0 respEsc=0 closureRemind=0 closureEsc=0 surveyExpired=0
2026-09-05T15:06:40.532Z [INFO] [http] GET /api/v1/notifications/unread-count
2026-09-05T15:07:10.220Z [INFO] [http] GET /api/v1/notifications/unread-count
2026-09-05T15:07:15.129Z [INFO] [slaReminder] SLA_SCAN cases=1 respRemind=0 respEsc=0 closureRemind=0 closureEsc=0 surveyExpired=0
2026-09-05T15:07:40.530Z [INFO] [http] GET /api/v1/notifications/unread-count
2026-09-05T15:08:10.223Z [INFO] [http] GET /api/v1/notifications/unread-count
2026-09-05T15:08:15.142Z [INFO] [slaReminder] SLA_SCAN cases=1 respRemind=0 respEsc=0 closureRemind=0 closureEsc=0 surveyExpired=0
2026-09-05T15:08:40.523Z [INFO] [http] GET /api/v1/notifications/unread-count
2026-09-05T15:09:10.224Z [INFO] [http] GET /api/v1/notifications/unread-count
2026-09-05T15:09:15.155Z [INFO] [slaReminder] SLA_SCAN cases=1 respRemind=0 respEsc=0 closureRemind=0 closureEsc=0 surveyExpired=0
2026-09-05T15:09:40.530Z [INFO] [http] GET /api/v1/notifications/unread-count
2026-09-05T15:10:10.525Z [INFO] [http] GET /api/v1/notifications/unread-count
2026-09-05T15:10:15.172Z [INFO] [slaReminder] SLA_SCAN cases=1 respRemind=0 respEsc=0 closureRemind=0 closureEsc=0 surveyExpired=0
2026-09-05T15:10:40.213Z [INFO] [http] GET /api/v1/notifications/unread-count
2026-09-05T15:11:10.533Z [INFO] [http] GET /api/v1/notifications/unread-count
2026-09-05T15:11:15.173Z [INFO] [slaReminder] SLA_SCAN cases=1 respRemind=0 respEsc=0 closureRemind=0 closureEsc=0 surveyExpired=0
2026-09-05T15:11:40.222Z [INFO] [http] GET /api/v1/notifications/unread-count
2026-09-05T15:12:10.526Z [INFO] [http] GET /api/v1/notifications/unread-count
2026-09-05T15:12:15.185Z [INFO] [slaReminder] SLA_SCAN cases=1 respRemind=0 respEsc=0 closureRemind=0 closureEsc=0 surveyExpired=0
2026-09-05T15:12:40.224Z [INFO] [http] GET /api/v1/notifications/unread-count
2026-09-05T15:13:10.535Z [INFO] [http] GET /api/v1/notifications/unread-count
2026-09-05T15:13:15.197Z [INFO] [slaReminder] SLA_SCAN cases=1 respRemind=0 respEsc=0 closureRemind=0 closureEsc=0 surveyExpired=0
2026-09-05T15:13:40.215Z [INFO] [http] GET /api/v1/notifications/unread-count
2026-09-05T15:14:10.557Z [INFO] [http] GET /api/v1/notifications/unread-count
2026-09-05T15:14:15.199Z [INFO] [slaReminder] SLA_SCAN cases=1 respRemind=0 respEsc=0 closureRemind=0 closureEsc=0 surveyExpired=0
2026-09-05T15:14:40.536Z [INFO] [http] GET /api/v1/notifications/unread-count
2026-09-05T15:15:10.525Z [INFO] [http] GET /api/v1/notifications/unread-count
2026-09-05T15:15:15.208Z [INFO] [slaReminder] SLA_SCAN cases=1 respRemind=0 respEsc=0 closureRemind=0 closureEsc=0 surveyExpired=0
2026-09-05T15:15:40.526Z [INFO] [http] GET /api/v1/notifications/unread-count
2026-09-05T15:16:10.532Z [INFO] [http] GET /api/v1/notifications/unread-count
2026-09-05T15:16:15.222Z [INFO] [slaReminder] SLA_SCAN cases=1 respRemind=0 respEsc=0 closureRemind=0 closureEsc=0 surveyExpired=0
2026-09-05T15:16:40.525Z [INFO] [http] GET /api/v1/notifications/unread-count
2026-09-05T15:17:10.528Z [INFO] [http] GET /api/v1/notifications/unread-count
2026-09-05T15:17:15.229Z [INFO] [slaReminder] SLA_SCAN cases=1 respRemind=0 respEsc=0 closureRemind=0 closureEsc=0 surveyExpired=0
2026-09-05T15:17:40.221Z [INFO] [http] GET /api/v1/notifications/unread-count
2026-09-05T15:18:10.526Z [INFO] [http] GET /api/v1/notifications/unread-count
2026-09-05T15:18:15.239Z [INFO] [slaReminder] SLA_SCAN cases=1 respRemind=0 respEsc=0 closureRemind=0 closureEsc=0 surveyExpired=0
2026-09-05T15:18:40.224Z [INFO] [http] GET /api/v1/notifications/unread-count
2026-09-05T15:19:10.531Z [INFO] [http] GET /api/v1/notifications/unread-count
2026-09-05T15:19:15.243Z [INFO] [slaReminder] SLA_SCAN cases=1 respRemind=0 respEsc=0 closureRemind=0 closureEsc=0 surveyExpired=0
2026-09-05T15:19:40.538Z [INFO] [http] GET /api/v1/notifications/unread-count
2026-09-05T15:20:10.521Z [INFO] [http] GET /api/v1/notifications/unread-count
2026-09-05T15:20:15.255Z [INFO] [slaReminder] SLA_SCAN cases=1 respRemind=0 respEsc=0 closureRemind=0 closureEsc=0 surveyExpired=0
2026-09-05T15:20:40.212Z [INFO] [http] GET /api/v1/notifications/unread-count
2026-09-05T15:21:10.526Z [INFO] [http] GET /api/v1/notifications/unread-count
2026-09-05T15:21:15.260Z [INFO] [slaReminder] SLA_SCAN cases=1 respRemind=0 respEsc=0 closureRemind=0 closureEsc=0 surveyExpired=0
2026-09-05T15:21:40.524Z [INFO] [http] GET /api/v1/notifications/unread-count
2026-09-05T15:22:10.224Z [INFO] [http] GET /api/v1/notifications/unread-count
2026-09-05T15:22:15.262Z [INFO] [slaReminder] SLA_SCAN cases=1 respRemind=0 respEsc=0 closureRemind=0 closureEsc=0 surveyExpired=0
2026-09-05T15:22:40.536Z [INFO] [http] GET /api/v1/notifications/unread-count
2026-09-05T15:23:10.217Z [INFO] [http] GET /api/v1/notifications/unread-count
2026-09-05T15:23:15.268Z [INFO] [slaReminder] SLA_SCAN cases=1 respRemind=0 respEsc=0 closureRemind=0 closureEsc=0 surveyExpired=0
2026-09-05T15:23:40.524Z [INFO] [http] GET /api/v1/notifications/unread-count
2026-09-05T15:24:10.562Z [INFO] [http] GET /api/v1/notifications/unread-count
2026-09-05T15:24:15.281Z [INFO] [slaReminder] SLA_SCAN cases=1 respRemind=0 respEsc=0 closureRemind=0 closureEsc=0 surveyExpired=0
2026-09-05T15:24:40.528Z [INFO] [http] GET /api/v1/notifications/unread-count
2026-09-05T15:25:10.531Z [INFO] [http] GET /api/v1/notifications/unread-count
2026-09-05T15:25:15.283Z [INFO] [slaReminder] SLA_SCAN cases=1 respRemind=0 respEsc=0 closureRemind=0 closureEsc=0 surveyExpired=0
2026-09-05T15:25:40.526Z [INFO] [http] GET /api/v1/notifications/unread-count
2026-09-05T15:26:10.532Z [INFO] [http] GET /api/v1/notifications/unread-count
2026-09-05T15:26:15.297Z [INFO] [slaReminder] SLA_SCAN cases=1 respRemind=0 respEsc=0 closureRemind=0 closureEsc=0 surveyExpired=0
2026-09-05T15:26:40.530Z [INFO] [http] GET /api/v1/notifications/unread-count
2026-09-05T15:27:10.529Z [INFO] [http] GET /api/v1/notifications/unread-count
2026-09-05T15:27:15.310Z [INFO] [slaReminder] SLA_SCAN cases=1 respRemind=0 respEsc=0 closureRemind=0 closureEsc=0 surveyExpired=0
2026-09-05T15:27:40.529Z [INFO] [http] GET /api/v1/notifications/unread-count
2026-09-05T15:28:10.536Z [INFO] [http] GET /api/v1/notifications/unread-count
2026-09-05T15:28:15.312Z [INFO] [slaReminder] SLA_SCAN cases=1 respRemind=0 respEsc=0 closureRemind=0 closureEsc=0 surveyExpired=0
2026-09-05T15:28:40.523Z [INFO] [http] GET /api/v1/notifications/unread-count
2026-09-05T15:29:10.529Z [INFO] [http] GET /api/v1/notifications/unread-count
2026-09-05T15:29:15.329Z [INFO] [slaReminder] SLA_SCAN cases=1 respRemind=0 respEsc=0 closureRemind=0 closureEsc=0 surveyExpired=0
2026-09-05T15:29:40.528Z [INFO] [http] GET /api/v1/notifications/unread-count
2026-09-05T15:30:10.527Z [INFO] [http] GET /api/v1/notifications/unread-count
2026-09-05T15:30:15.341Z [INFO] [slaReminder] SLA_SCAN cases=1 respRemind=0 respEsc=0 closureRemind=0 closureEsc=0 surveyExpired=0
2026-09-05T15:30:40.213Z [INFO] [http] GET /api/v1/notifications/unread-count
2026-09-05T15:31:10.523Z [INFO] [http] GET /api/v1/notifications/unread-count
2026-09-05T15:31:15.353Z [INFO] [slaReminder] SLA_SCAN cases=1 respRemind=0 respEsc=0 closureRemind=0 closureEsc=0 surveyExpired=0
2026-09-05T15:31:40.222Z [INFO] [http] GET /api/v1/notifications/unread-count
2026-09-05T15:32:10.532Z [INFO] [http] GET /api/v1/notifications/unread-count
2026-09-05T15:32:15.360Z [INFO] [slaReminder] SLA_SCAN cases=1 respRemind=0 respEsc=0 closureRemind=0 closureEsc=0 surveyExpired=0
2026-09-05T15:32:40.213Z [INFO] [http] GET /api/v1/notifications/unread-count
2026-09-05T15:33:10.534Z [INFO] [http] GET /api/v1/notifications/unread-count
2026-09-05T15:33:15.376Z [INFO] [slaReminder] SLA_SCAN cases=1 respRemind=0 respEsc=0 closureRemind=0 closureEsc=0 surveyExpired=0
2026-09-05T15:33:40.225Z [INFO] [http] GET /api/v1/notifications/unread-count
2026-09-05T15:34:10.531Z [INFO] [http] GET /api/v1/notifications/unread-count
2026-09-05T15:34:15.382Z [INFO] [slaReminder] SLA_SCAN cases=1 respRemind=0 respEsc=0 closureRemind=0 closureEsc=0 surveyExpired=0
2026-09-05T15:34:40.518Z [INFO] [http] GET /api/v1/notifications/unread-count
2026-09-05T15:35:10.524Z [INFO] [http] GET /api/v1/notifications/unread-count
2026-09-05T15:35:15.395Z [INFO] [slaReminder] SLA_SCAN cases=1 respRemind=0 respEsc=0 closureRemind=0 closureEsc=0 surveyExpired=0
2026-09-05T15:35:40.524Z [INFO] [http] GET /api/v1/notifications/unread-count
2026-09-05T15:36:10.530Z [INFO] [http] GET /api/v1/notifications/unread-count
2026-09-05T15:36:15.403Z [INFO] [slaReminder] SLA_SCAN cases=1 respRemind=0 respEsc=0 closureRemind=0 closureEsc=0 surveyExpired=0
2026-09-05T15:36:40.220Z [INFO] [http] GET /api/v1/notifications/unread-count
2026-09-05T15:37:10.539Z [INFO] [http] GET /api/v1/notifications/unread-count
2026-09-05T15:37:15.418Z [INFO] [slaReminder] SLA_SCAN cases=1 respRemind=0 respEsc=0 closureRemind=0 closureEsc=0 surveyExpired=0
2026-09-05T15:37:40.223Z [INFO] [http] GET /api/v1/notifications/unread-count
2026-09-05T15:38:10.534Z [INFO] [http] GET /api/v1/notifications/unread-count
2026-09-05T15:38:15.424Z [INFO] [slaReminder] SLA_SCAN cases=1 respRemind=0 respEsc=0 closureRemind=0 closureEsc=0 surveyExpired=0
2026-09-05T15:38:40.216Z [INFO] [http] GET /api/v1/notifications/unread-count
2026-09-05T15:39:10.553Z [INFO] [http] GET /api/v1/notifications/unread-count
2026-09-05T15:39:15.427Z [INFO] [slaReminder] SLA_SCAN cases=1 respRemind=0 respEsc=0 closureRemind=0 closureEsc=0 surveyExpired=0
2026-09-05T15:39:40.537Z [INFO] [http] GET /api/v1/notifications/unread-count
2026-09-05T15:40:10.521Z [INFO] [http] GET /api/v1/notifications/unread-count
2026-09-05T15:40:15.431Z [INFO] [slaReminder] SLA_SCAN cases=1 respRemind=0 respEsc=0 closureRemind=0 closureEsc=0 surveyExpired=0
2026-09-05T15:40:40.224Z [INFO] [http] GET /api/v1/notifications/unread-count
2026-09-05T15:41:10.530Z [INFO] [http] GET /api/v1/notifications/unread-count
2026-09-05T15:41:15.441Z [INFO] [slaReminder] SLA_SCAN cases=1 respRemind=0 respEsc=0 closureRemind=0 closureEsc=0 surveyExpired=0
2026-09-05T15:41:40.214Z [INFO] [http] GET /api/v1/notifications/unread-count
2026-09-05T15:42:10.524Z [INFO] [http] GET /api/v1/notifications/unread-count
2026-09-05T15:42:15.450Z [INFO] [slaReminder] SLA_SCAN cases=1 respRemind=0 respEsc=0 closureRemind=0 closureEsc=0 surveyExpired=0
2026-09-05T15:42:40.219Z [INFO] [http] GET /api/v1/notifications/unread-count
2026-09-05T15:43:10.524Z [INFO] [http] GET /api/v1/notifications/unread-count
2026-09-05T15:43:15.452Z [INFO] [slaReminder] SLA_SCAN cases=1 respRemind=0 respEsc=0 closureRemind=0 closureEsc=0 surveyExpired=0
2026-09-05T15:43:40.216Z [INFO] [http] GET /api/v1/notifications/unread-count
2026-09-05T15:44:10.541Z [INFO] [http] GET /api/v1/notifications/unread-count
2026-09-05T15:44:15.459Z [INFO] [slaReminder] SLA_SCAN cases=1 respRemind=0 respEsc=0 closureRemind=0 closureEsc=0 surveyExpired=0
2026-09-05T15:44:40.528Z [INFO] [http] GET /api/v1/notifications/unread-count
2026-09-05T15:45:10.538Z [INFO] [http] GET /api/v1/notifications/unread-count
2026-09-05T15:45:15.468Z [INFO] [slaReminder] SLA_SCAN cases=1 respRemind=0 respEsc=0 closureRemind=0 closureEsc=0 surveyExpired=0
2026-09-05T15:45:40.537Z [INFO] [http] GET /api/v1/notifications/unread-count
2026-09-05T15:46:10.213Z [INFO] [http] GET /api/v1/notifications/unread-count
2026-09-05T15:46:15.485Z [INFO] [slaReminder] SLA_SCAN cases=1 respRemind=0 respEsc=0 closureRemind=0 closureEsc=0 surveyExpired=0
2026-09-05T15:46:40.529Z [INFO] [http] GET /api/v1/notifications/unread-count
2026-09-05T15:47:10.215Z [INFO] [http] GET /api/v1/notifications/unread-count
2026-09-05T15:47:15.496Z [INFO] [slaReminder] SLA_SCAN cases=1 respRemind=0 respEsc=0 closureRemind=0 closureEsc=0 surveyExpired=0
2026-09-05T15:47:40.522Z [INFO] [http] GET /api/v1/notifications/unread-count
2026-09-05T15:48:10.222Z [INFO] [http] GET /api/v1/notifications/unread-count
2026-09-05T15:48:15.509Z [INFO] [slaReminder] SLA_SCAN cases=1 respRemind=0 respEsc=0 closureRemind=0 closureEsc=0 surveyExpired=0
2026-09-05T15:48:40.525Z [INFO] [http] GET /api/v1/notifications/unread-count
2026-09-05T15:49:10.219Z [INFO] [http] GET /api/v1/notifications/unread-count
2026-09-05T15:49:15.523Z [INFO] [slaReminder] SLA_SCAN cases=1 respRemind=0 respEsc=0 closureRemind=0 closureEsc=0 surveyExpired=0
2026-09-05T15:49:40.535Z [INFO] [http] GET /api/v1/notifications/unread-count
2026-09-05T15:50:10.220Z [INFO] [http] GET /api/v1/notifications/unread-count
2026-09-05T15:50:15.535Z [INFO] [slaReminder] SLA_SCAN cases=1 respRemind=0 respEsc=0 closureRemind=0 closureEsc=0 surveyExpired=0
2026-09-05T15:50:40.531Z [INFO] [http] GET /api/v1/notifications/unread-count
2026-09-05T15:51:10.222Z [INFO] [http] GET /api/v1/notifications/unread-count
2026-09-05T15:51:15.549Z [INFO] [slaReminder] SLA_SCAN cases=1 respRemind=0 respEsc=0 closureRemind=0 closureEsc=0 surveyExpired=0
2026-09-05T15:51:40.533Z [INFO] [http] GET /api/v1/notifications/unread-count
2026-09-05T15:52:10.227Z [INFO] [http] GET /api/v1/notifications/unread-count
2026-09-05T15:52:15.554Z [INFO] [slaReminder] SLA_SCAN cases=1 respRemind=0 respEsc=0 closureRemind=0 closureEsc=0 surveyExpired=0
2026-09-05T15:52:40.520Z [INFO] [http] GET /api/v1/notifications/unread-count
2026-09-05T15:53:10.220Z [INFO] [http] GET /api/v1/notifications/unread-count
2026-09-05T15:53:15.555Z [INFO] [slaReminder] SLA_SCAN cases=1 respRemind=0 respEsc=0 closureRemind=0 closureEsc=0 surveyExpired=0
2026-09-05T15:53:40.533Z [INFO] [http] GET /api/v1/notifications/unread-count
2026-09-05T15:54:10.231Z [INFO] [http] GET /api/v1/notifications/unread-count
2026-09-05T15:54:15.571Z [INFO] [slaReminder] SLA_SCAN cases=1 respRemind=0 respEsc=0 closureRemind=0 closureEsc=0 surveyExpired=0
2026-09-05T15:54:40.528Z [INFO] [http] GET /api/v1/notifications/unread-count
2026-09-05T15:55:10.212Z [INFO] [http] GET /api/v1/notifications/unread-count
2026-09-05T15:55:15.574Z [INFO] [slaReminder] SLA_SCAN cases=1 respRemind=0 respEsc=0 closureRemind=0 closureEsc=0 surveyExpired=0
2026-09-05T15:55:40.534Z [INFO] [http] GET /api/v1/notifications/unread-count
2026-09-05T15:56:10.211Z [INFO] [http] GET /api/v1/notifications/unread-count
2026-09-05T15:56:15.582Z [INFO] [slaReminder] SLA_SCAN cases=1 respRemind=0 respEsc=0 closureRemind=0 closureEsc=0 surveyExpired=0
2026-09-05T15:56:40.528Z [INFO] [http] GET /api/v1/notifications/unread-count
2026-09-05T15:57:10.214Z [INFO] [http] GET /api/v1/notifications/unread-count
2026-09-05T15:57:15.584Z [INFO] [slaReminder] SLA_SCAN cases=1 respRemind=0 respEsc=0 closureRemind=0 closureEsc=0 surveyExpired=0
2026-09-05T15:57:40.537Z [INFO] [http] GET /api/v1/notifications/unread-count
2026-09-05T15:58:10.220Z [INFO] [http] GET /api/v1/notifications/unread-count
2026-09-05T15:58:15.595Z [INFO] [slaReminder] SLA_SCAN cases=1 respRemind=0 respEsc=0 closureRemind=0 closureEsc=0 surveyExpired=0
2026-09-05T15:58:40.522Z [INFO] [http] GET /api/v1/notifications/unread-count
2026-09-05T15:59:10.224Z [INFO] [http] GET /api/v1/notifications/unread-count
2026-09-05T15:59:15.610Z [INFO] [slaReminder] SLA_SCAN cases=1 respRemind=0 respEsc=0 closureRemind=0 closureEsc=0 surveyExpired=0
2026-09-05T15:59:40.532Z [INFO] [http] GET /api/v1/notifications/unread-count
2026-09-05T16:00:10.221Z [INFO] [http] GET /api/v1/notifications/unread-count
2026-09-05T16:00:15.612Z [INFO] [slaReminder] SLA_SCAN cases=1 respRemind=0 respEsc=0 closureRemind=0 closureEsc=0 surveyExpired=0
2026-09-05T16:00:40.534Z [INFO] [http] GET /api/v1/notifications/unread-count
2026-09-05T16:01:10.223Z [INFO] [http] GET /api/v1/notifications/unread-count
2026-09-05T16:01:15.621Z [INFO] [slaReminder] SLA_SCAN cases=1 respRemind=0 respEsc=0 closureRemind=0 closureEsc=0 surveyExpired=0
2026-09-05T16:01:40.526Z [INFO] [http] GET /api/v1/notifications/unread-count
2026-09-05T16:02:10.217Z [INFO] [http] GET /api/v1/notifications/unread-count
2026-09-05T16:02:15.631Z [INFO] [slaReminder] SLA_SCAN cases=1 respRemind=0 respEsc=0 closureRemind=0 closureEsc=0 surveyExpired=0
2026-09-05T16:02:40.526Z [INFO] [http] GET /api/v1/notifications/unread-count
2026-09-05T16:03:10.216Z [INFO] [http] GET /api/v1/notifications/unread-count
2026-09-05T16:03:15.643Z [INFO] [slaReminder] SLA_SCAN cases=1 respRemind=0 respEsc=0 closureRemind=0 closureEsc=0 surveyExpired=0
2026-09-05T16:03:40.526Z [INFO] [http] GET /api/v1/notifications/unread-count
2026-09-05T16:04:10.542Z [INFO] [http] GET /api/v1/notifications/unread-count
2026-09-05T16:04:15.659Z [INFO] [slaReminder] SLA_SCAN cases=1 respRemind=0 respEsc=0 closureRemind=0 closureEsc=0 surveyExpired=0
2026-09-05T16:04:40.520Z [INFO] [http] GET /api/v1/notifications/unread-count
2026-09-05T16:05:10.521Z [INFO] [http] GET /api/v1/notifications/unread-count
2026-09-05T16:05:15.683Z [INFO] [slaReminder] SLA_SCAN cases=1 respRemind=0 respEsc=0 closureRemind=0 closureEsc=0 surveyExpired=0
2026-09-05T16:05:40.523Z [INFO] [http] GET /api/v1/notifications/unread-count
2026-09-05T16:06:10.529Z [INFO] [http] GET /api/v1/notifications/unread-count
2026-09-05T16:06:15.697Z [INFO] [slaReminder] SLA_SCAN cases=1 respRemind=0 respEsc=0 closureRemind=0 closureEsc=0 surveyExpired=0
2026-09-05T16:06:40.526Z [INFO] [http] GET /api/v1/notifications/unread-count
2026-09-05T16:07:10.223Z [INFO] [http] GET /api/v1/notifications/unread-count
2026-09-05T16:07:15.705Z [INFO] [slaReminder] SLA_SCAN cases=1 respRemind=0 respEsc=0 closureRemind=0 closureEsc=0 surveyExpired=0
2026-09-05T16:07:40.525Z [INFO] [http] GET /api/v1/notifications/unread-count
2026-09-05T16:08:10.226Z [INFO] [http] GET /api/v1/notifications/unread-count
2026-09-05T16:08:15.715Z [INFO] [slaReminder] SLA_SCAN cases=1 respRemind=0 respEsc=0 closureRemind=0 closureEsc=0 surveyExpired=0
2026-09-05T16:08:40.528Z [INFO] [http] GET /api/v1/notifications/unread-count
2026-09-05T16:09:10.211Z [INFO] [http] GET /api/v1/notifications/unread-count
2026-09-05T16:09:15.717Z [INFO] [slaReminder] SLA_SCAN cases=1 respRemind=0 respEsc=0 closureRemind=0 closureEsc=0 surveyExpired=0
2026-09-05T16:09:40.524Z [INFO] [http] GET /api/v1/notifications/unread-count
2026-09-05T16:10:10.530Z [INFO] [http] GET /api/v1/notifications/unread-count
2026-09-05T16:10:15.725Z [INFO] [slaReminder] SLA_SCAN cases=1 respRemind=0 respEsc=0 closureRemind=0 closureEsc=0 surveyExpired=0
2026-09-05T16:10:40.212Z [INFO] [http] GET /api/v1/notifications/unread-count
2026-09-05T16:11:10.528Z [INFO] [http] GET /api/v1/notifications/unread-count
2026-09-05T16:11:15.741Z [INFO] [slaReminder] SLA_SCAN cases=1 respRemind=0 respEsc=0 closureRemind=0 closureEsc=0 surveyExpired=0
2026-09-05T16:11:40.523Z [INFO] [http] GET /api/v1/notifications/unread-count
2026-09-05T16:12:10.525Z [INFO] [http] GET /api/v1/notifications/unread-count
2026-09-05T16:12:15.755Z [INFO] [slaReminder] SLA_SCAN cases=1 respRemind=0 respEsc=0 closureRemind=0 closureEsc=0 surveyExpired=0
2026-09-05T16:12:40.521Z [INFO] [http] GET /api/v1/notifications/unread-count
2026-09-05T16:13:10.532Z [INFO] [http] GET /api/v1/notifications/unread-count
2026-09-05T16:13:15.761Z [INFO] [slaReminder] SLA_SCAN cases=1 respRemind=0 respEsc=0 closureRemind=0 closureEsc=0 surveyExpired=0
2026-09-05T16:13:40.520Z [INFO] [http] GET /api/v1/notifications/unread-count
2026-09-05T16:14:10.529Z [INFO] [http] GET /api/v1/notifications/unread-count
2026-09-05T16:14:15.771Z [INFO] [slaReminder] SLA_SCAN cases=1 respRemind=0 respEsc=0 closureRemind=0 closureEsc=0 surveyExpired=0
2026-09-05T16:14:40.530Z [INFO] [http] GET /api/v1/notifications/unread-count
2026-09-05T16:15:10.525Z [INFO] [http] GET /api/v1/notifications/unread-count
2026-09-05T16:15:15.781Z [INFO] [slaReminder] SLA_SCAN cases=1 respRemind=0 respEsc=0 closureRemind=0 closureEsc=0 surveyExpired=0
2026-09-05T16:15:40.530Z [INFO] [http] GET /api/v1/notifications/unread-count
2026-09-05T16:16:10.527Z [INFO] [http] GET /api/v1/notifications/unread-count
2026-09-05T16:16:15.784Z [INFO] [slaReminder] SLA_SCAN cases=1 respRemind=0 respEsc=0 closureRemind=0 closureEsc=0 surveyExpired=0
2026-09-05T16:16:40.522Z [INFO] [http] GET /api/v1/notifications/unread-count
2026-09-05T16:17:10.531Z [INFO] [http] GET /api/v1/notifications/unread-count
2026-09-05T16:17:15.796Z [INFO] [slaReminder] SLA_SCAN cases=1 respRemind=0 respEsc=0 closureRemind=0 closureEsc=0 surveyExpired=0
2026-09-05T16:17:40.522Z [INFO] [http] GET /api/v1/notifications/unread-count
2026-09-05T16:18:10.524Z [INFO] [http] GET /api/v1/notifications/unread-count
2026-09-05T16:18:15.806Z [INFO] [slaReminder] SLA_SCAN cases=1 respRemind=0 respEsc=0 closureRemind=0 closureEsc=0 surveyExpired=0
2026-09-05T16:18:40.520Z [INFO] [http] GET /api/v1/notifications/unread-count
2026-09-05T16:19:10.525Z [INFO] [http] GET /api/v1/notifications/unread-count
2026-09-05T16:19:15.816Z [INFO] [slaReminder] SLA_SCAN cases=1 respRemind=0 respEsc=0 closureRemind=0 closureEsc=0 surveyExpired=0
2026-09-05T16:19:40.530Z [INFO] [http] GET /api/v1/notifications/unread-count
2026-09-05T16:20:10.222Z [INFO] [http] GET /api/v1/notifications/unread-count
2026-09-05T16:20:15.820Z [INFO] [slaReminder] SLA_SCAN cases=1 respRemind=0 respEsc=0 closureRemind=0 closureEsc=0 surveyExpired=0
2026-09-05T16:20:40.520Z [INFO] [http] GET /api/v1/notifications/unread-count
2026-09-05T16:21:10.209Z [INFO] [http] GET /api/v1/notifications/unread-count
2026-09-05T16:21:15.828Z [INFO] [slaReminder] SLA_SCAN cases=1 respRemind=0 respEsc=0 closureRemind=0 closureEsc=0 surveyExpired=0
2026-09-05T16:21:40.525Z [INFO] [http] GET /api/v1/notifications/unread-count
2026-09-05T16:22:10.217Z [INFO] [http] GET /api/v1/notifications/unread-count
2026-09-05T16:22:15.841Z [INFO] [slaReminder] SLA_SCAN cases=1 respRemind=0 respEsc=0 closureRemind=0 closureEsc=0 surveyExpired=0
2026-09-05T16:22:40.532Z [INFO] [http] GET /api/v1/notifications/unread-count
2026-09-05T16:23:10.218Z [INFO] [http] GET /api/v1/notifications/unread-count
2026-09-05T16:23:15.850Z [INFO] [slaReminder] SLA_SCAN cases=1 respRemind=0 respEsc=0 closureRemind=0 closureEsc=0 surveyExpired=0
2026-09-05T16:23:40.531Z [INFO] [http] GET /api/v1/notifications/unread-count
2026-09-05T16:24:10.216Z [INFO] [http] GET /api/v1/notifications/unread-count
2026-09-05T16:24:15.854Z [INFO] [slaReminder] SLA_SCAN cases=1 respRemind=0 respEsc=0 closureRemind=0 closureEsc=0 surveyExpired=0
2026-09-05T16:24:40.532Z [INFO] [http] GET /api/v1/notifications/unread-count
2026-09-05T16:25:10.225Z [INFO] [http] GET /api/v1/notifications/unread-count
2026-09-05T16:25:15.865Z [INFO] [slaReminder] SLA_SCAN cases=1 respRemind=0 respEsc=0 closureRemind=0 closureEsc=0 surveyExpired=0
2026-09-05T16:25:40.527Z [INFO] [http] GET /api/v1/notifications/unread-count
2026-09-05T16:26:10.527Z [INFO] [http] GET /api/v1/notifications/unread-count
2026-09-05T16:26:15.870Z [INFO] [slaReminder] SLA_SCAN cases=1 respRemind=0 respEsc=0 closureRemind=0 closureEsc=0 surveyExpired=0
2026-09-05T16:26:40.215Z [INFO] [http] GET /api/v1/notifications/unread-count
2026-09-05T16:27:10.533Z [INFO] [http] GET /api/v1/notifications/unread-count
2026-09-05T16:27:15.873Z [INFO] [slaReminder] SLA_SCAN cases=1 respRemind=0 respEsc=0 closureRemind=0 closureEsc=0 surveyExpired=0
2026-09-05T16:27:40.215Z [INFO] [http] GET /api/v1/notifications/unread-count
2026-09-05T16:28:10.533Z [INFO] [http] GET /api/v1/notifications/unread-count
2026-09-05T16:28:15.883Z [INFO] [slaReminder] SLA_SCAN cases=1 respRemind=0 respEsc=0 closureRemind=0 closureEsc=0 surveyExpired=0
2026-09-05T16:28:40.211Z [INFO] [http] GET /api/v1/notifications/unread-count
2026-09-05T16:29:10.532Z [INFO] [http] GET /api/v1/notifications/unread-count
2026-09-05T16:29:15.895Z [INFO] [slaReminder] SLA_SCAN cases=1 respRemind=0 respEsc=0 closureRemind=0 closureEsc=0 surveyExpired=0
2026-09-05T16:29:40.525Z [INFO] [http] GET /api/v1/notifications/unread-count
2026-09-05T16:30:10.529Z [INFO] [http] GET /api/v1/notifications/unread-count
2026-09-05T16:30:15.899Z [INFO] [slaReminder] SLA_SCAN cases=1 respRemind=0 respEsc=0 closureRemind=0 closureEsc=0 surveyExpired=0
2026-09-05T16:30:40.218Z [INFO] [http] GET /api/v1/notifications/unread-count
2026-09-05T16:31:10.525Z [INFO] [http] GET /api/v1/notifications/unread-count
2026-09-05T16:31:15.899Z [INFO] [slaReminder] SLA_SCAN cases=1 respRemind=0 respEsc=0 closureRemind=0 closureEsc=0 surveyExpired=0
2026-09-05T16:31:40.211Z [INFO] [http] GET /api/v1/notifications/unread-count
2026-09-05T16:32:10.534Z [INFO] [http] GET /api/v1/notifications/unread-count
2026-09-05T16:32:15.913Z [INFO] [slaReminder] SLA_SCAN cases=1 respRemind=0 respEsc=0 closureRemind=0 closureEsc=0 surveyExpired=0
2026-09-05T16:32:40.216Z [INFO] [http] GET /api/v1/notifications/unread-count
2026-09-05T16:33:10.524Z [INFO] [http] GET /api/v1/notifications/unread-count
2026-09-05T16:33:15.931Z [INFO] [slaReminder] SLA_SCAN cases=1 respRemind=0 respEsc=0 closureRemind=0 closureEsc=0 surveyExpired=0
2026-09-05T16:33:40.214Z [INFO] [http] GET /api/v1/notifications/unread-count
2026-09-05T16:34:10.577Z [INFO] [http] GET /api/v1/notifications/unread-count
2026-09-05T16:34:15.931Z [INFO] [slaReminder] SLA_SCAN cases=1 respRemind=0 respEsc=0 closureRemind=0 closureEsc=0 surveyExpired=0
2026-09-05T16:34:40.529Z [INFO] [http] GET /api/v1/notifications/unread-count
2026-09-05T16:35:10.518Z [INFO] [http] GET /api/v1/notifications/unread-count
2026-09-05T16:35:15.950Z [INFO] [slaReminder] SLA_SCAN cases=1 respRemind=0 respEsc=0 closureRemind=0 closureEsc=0 surveyExpired=0
2026-09-05T16:35:40.519Z [INFO] [http] GET /api/v1/notifications/unread-count
2026-09-05T16:36:10.217Z [INFO] [http] GET /api/v1/notifications/unread-count
2026-09-05T16:36:15.951Z [INFO] [slaReminder] SLA_SCAN cases=1 respRemind=0 respEsc=0 closureRemind=0 closureEsc=0 surveyExpired=0
2026-09-05T16:36:40.521Z [INFO] [http] GET /api/v1/notifications/unread-count
2026-09-05T16:37:10.211Z [INFO] [http] GET /api/v1/notifications/unread-count
2026-09-05T16:37:15.959Z [INFO] [slaReminder] SLA_SCAN cases=1 respRemind=0 respEsc=0 closureRemind=0 closureEsc=0 surveyExpired=0
2026-09-05T16:37:40.528Z [INFO] [http] GET /api/v1/notifications/unread-count
2026-09-05T16:38:10.220Z [INFO] [http] GET /api/v1/notifications/unread-count
2026-09-05T16:38:15.969Z [INFO] [slaReminder] SLA_SCAN cases=1 respRemind=0 respEsc=0 closureRemind=0 closureEsc=0 surveyExpired=0
2026-09-05T16:38:40.527Z [INFO] [http] GET /api/v1/notifications/unread-count
2026-09-05T16:39:10.528Z [INFO] [http] GET /api/v1/notifications/unread-count
2026-09-05T16:39:15.970Z [INFO] [slaReminder] SLA_SCAN cases=1 respRemind=0 respEsc=0 closureRemind=0 closureEsc=0 surveyExpired=0
2026-09-05T16:39:40.226Z [INFO] [http] GET /api/v1/notifications/unread-count
2026-09-05T16:40:10.514Z [INFO] [http] GET /api/v1/notifications/unread-count
2026-09-05T16:40:15.981Z [INFO] [slaReminder] SLA_SCAN cases=1 respRemind=0 respEsc=0 closureRemind=0 closureEsc=0 surveyExpired=0
2026-09-05T16:40:40.212Z [INFO] [http] GET /api/v1/notifications/unread-count
2026-09-05T16:41:10.534Z [INFO] [http] GET /api/v1/notifications/unread-count
2026-09-05T16:41:15.993Z [INFO] [slaReminder] SLA_SCAN cases=1 respRemind=0 respEsc=0 closureRemind=0 closureEsc=0 surveyExpired=0
2026-09-05T16:41:40.218Z [INFO] [http] GET /api/v1/notifications/unread-count
2026-09-05T16:42:10.521Z [INFO] [http] GET /api/v1/notifications/unread-count
2026-09-05T16:42:15.998Z [INFO] [slaReminder] SLA_SCAN cases=1 respRemind=0 respEsc=0 closureRemind=0 closureEsc=0 surveyExpired=0
2026-09-05T16:42:40.215Z [INFO] [http] GET /api/v1/notifications/unread-count
2026-09-05T16:43:10.529Z [INFO] [http] GET /api/v1/notifications/unread-count
2026-09-05T16:43:16.012Z [INFO] [slaReminder] SLA_SCAN cases=1 respRemind=0 respEsc=0 closureRemind=0 closureEsc=0 surveyExpired=0
2026-09-05T16:43:40.218Z [INFO] [http] GET /api/v1/notifications/unread-count
2026-09-05T16:44:10.521Z [INFO] [http] GET /api/v1/notifications/unread-count
2026-09-05T16:44:16.034Z [INFO] [slaReminder] SLA_SCAN cases=1 respRemind=0 respEsc=0 closureRemind=0 closureEsc=0 surveyExpired=0
2026-09-05T16:44:40.529Z [INFO] [http] GET /api/v1/notifications/unread-count
2026-09-05T16:45:10.524Z [INFO] [http] GET /api/v1/notifications/unread-count
2026-09-05T16:45:16.041Z [INFO] [slaReminder] SLA_SCAN cases=1 respRemind=0 respEsc=0 closureRemind=0 closureEsc=0 surveyExpired=0
2026-09-05T16:45:40.527Z [INFO] [http] GET /api/v1/notifications/unread-count
2026-09-05T16:46:10.526Z [INFO] [http] GET /api/v1/notifications/unread-count
2026-09-05T16:46:16.055Z [INFO] [slaReminder] SLA_SCAN cases=1 respRemind=0 respEsc=0 closureRemind=0 closureEsc=0 surveyExpired=0
2026-09-05T16:46:40.521Z [INFO] [http] GET /api/v1/notifications/unread-count
2026-09-05T16:47:10.537Z [INFO] [http] GET /api/v1/notifications/unread-count
2026-09-05T16:47:16.072Z [INFO] [slaReminder] SLA_SCAN cases=1 respRemind=0 respEsc=0 closureRemind=0 closureEsc=0 surveyExpired=0
2026-09-05T16:47:40.526Z [INFO] [http] GET /api/v1/notifications/unread-count
2026-09-05T16:48:10.529Z [INFO] [http] GET /api/v1/notifications/unread-count
2026-09-05T16:48:16.079Z [INFO] [slaReminder] SLA_SCAN cases=1 respRemind=0 respEsc=0 closureRemind=0 closureEsc=0 surveyExpired=0
2026-09-05T16:48:40.525Z [INFO] [http] GET /api/v1/notifications/unread-count
2026-09-05T16:49:10.533Z [INFO] [http] GET /api/v1/notifications/unread-count
2026-09-05T16:49:16.095Z [INFO] [slaReminder] SLA_SCAN cases=1 respRemind=0 respEsc=0 closureRemind=0 closureEsc=0 surveyExpired=0
2026-09-05T16:49:40.516Z [INFO] [http] GET /api/v1/notifications/unread-count
2026-09-05T16:50:10.527Z [INFO] [http] GET /api/v1/notifications/unread-count
2026-09-05T16:50:16.104Z [INFO] [slaReminder] SLA_SCAN cases=1 respRemind=0 respEsc=0 closureRemind=0 closureEsc=0 surveyExpired=0
2026-09-05T16:50:40.212Z [INFO] [http] GET /api/v1/notifications/unread-count
2026-09-05T16:51:10.529Z [INFO] [http] GET /api/v1/notifications/unread-count
2026-09-05T16:51:16.111Z [INFO] [slaReminder] SLA_SCAN cases=1 respRemind=0 respEsc=0 closureRemind=0 closureEsc=0 surveyExpired=0
2026-09-05T16:51:40.526Z [INFO] [http] GET /api/v1/notifications/unread-count
2026-09-05T16:52:10.525Z [INFO] [http] GET /api/v1/notifications/unread-count
2026-09-05T16:52:16.112Z [INFO] [slaReminder] SLA_SCAN cases=1 respRemind=0 respEsc=0 closureRemind=0 closureEsc=0 surveyExpired=0
2026-09-05T16:52:40.215Z [INFO] [http] GET /api/v1/notifications/unread-count
2026-09-05T16:53:10.521Z [INFO] [http] GET /api/v1/notifications/unread-count
2026-09-05T16:53:16.122Z [INFO] [slaReminder] SLA_SCAN cases=1 respRemind=0 respEsc=0 closureRemind=0 closureEsc=0 surveyExpired=0
2026-09-05T16:53:40.531Z [INFO] [http] GET /api/v1/notifications/unread-count
2026-09-05T16:54:10.526Z [INFO] [http] GET /api/v1/notifications/unread-count
2026-09-05T16:54:16.135Z [INFO] [slaReminder] SLA_SCAN cases=1 respRemind=0 respEsc=0 closureRemind=0 closureEsc=0 surveyExpired=0
2026-09-05T16:54:40.519Z [INFO] [http] GET /api/v1/notifications/unread-count
2026-09-05T16:55:10.523Z [INFO] [http] GET /api/v1/notifications/unread-count
2026-09-05T16:55:16.149Z [INFO] [slaReminder] SLA_SCAN cases=1 respRemind=0 respEsc=0 closureRemind=0 closureEsc=0 surveyExpired=0
2026-09-05T16:55:40.525Z [INFO] [http] GET /api/v1/notifications/unread-count
2026-09-05T16:56:10.522Z [INFO] [http] GET /api/v1/notifications/unread-count
2026-09-05T16:56:16.157Z [INFO] [slaReminder] SLA_SCAN cases=1 respRemind=0 respEsc=0 closureRemind=0 closureEsc=0 surveyExpired=0
2026-09-05T16:56:40.528Z [INFO] [http] GET /api/v1/notifications/unread-count
2026-09-05T16:57:10.529Z [INFO] [http] GET /api/v1/notifications/unread-count
2026-09-05T16:57:16.168Z [INFO] [slaReminder] SLA_SCAN cases=1 respRemind=0 respEsc=0 closureRemind=0 closureEsc=0 surveyExpired=0
2026-09-05T16:57:40.519Z [INFO] [http] GET /api/v1/notifications/unread-count
2026-09-05T16:58:10.523Z [INFO] [http] GET /api/v1/notifications/unread-count
2026-09-05T16:58:16.170Z [INFO] [slaReminder] SLA_SCAN cases=1 respRemind=0 respEsc=0 closureRemind=0 closureEsc=0 surveyExpired=0
2026-09-05T16:58:40.530Z [INFO] [http] GET /api/v1/notifications/unread-count
2026-09-05T16:59:10.537Z [INFO] [http] GET /api/v1/notifications/unread-count
2026-09-05T16:59:16.184Z [INFO] [slaReminder] SLA_SCAN cases=1 respRemind=0 respEsc=0 closureRemind=0 closureEsc=0 surveyExpired=0
2026-09-05T16:59:40.528Z [INFO] [http] GET /api/v1/notifications/unread-count
2026-09-05T17:00:10.216Z [INFO] [http] GET /api/v1/notifications/unread-count
2026-09-05T17:00:16.200Z [INFO] [slaReminder] SLA_SCAN cases=1 respRemind=0 respEsc=0 closureRemind=0 closureEsc=0 surveyExpired=0
2026-09-05T17:00:40.530Z [INFO] [http] GET /api/v1/notifications/unread-count
2026-09-05T17:01:10.223Z [INFO] [http] GET /api/v1/notifications/unread-count
2026-09-05T17:01:16.207Z [INFO] [slaReminder] SLA_SCAN cases=1 respRemind=0 respEsc=0 closureRemind=0 closureEsc=0 surveyExpired=0
2026-09-05T17:01:40.519Z [INFO] [http] GET /api/v1/notifications/unread-count
2026-09-05T17:02:10.215Z [INFO] [http] GET /api/v1/notifications/unread-count
2026-09-05T17:02:16.219Z [INFO] [slaReminder] SLA_SCAN cases=1 respRemind=0 respEsc=0 closureRemind=0 closureEsc=0 surveyExpired=0
2026-09-05T17:02:40.666Z [INFO] [http] GET /api/v1/notifications/unread-count
2026-09-05T17:03:10.221Z [INFO] [http] GET /api/v1/notifications/unread-count
2026-09-05T17:03:16.222Z [INFO] [slaReminder] SLA_SCAN cases=1 respRemind=0 respEsc=0 closureRemind=0 closureEsc=0 surveyExpired=0
2026-09-05T17:03:40.526Z [INFO] [http] GET /api/v1/notifications/unread-count
2026-09-05T17:04:10.563Z [INFO] [http] GET /api/v1/notifications/unread-count
2026-09-05T17:04:16.233Z [INFO] [slaReminder] SLA_SCAN cases=1 respRemind=0 respEsc=0 closureRemind=0 closureEsc=0 surveyExpired=0
2026-09-05T17:04:40.530Z [INFO] [http] GET /api/v1/notifications/unread-count
2026-09-05T17:05:10.525Z [INFO] [http] GET /api/v1/notifications/unread-count
2026-09-05T17:05:16.246Z [INFO] [slaReminder] SLA_SCAN cases=1 respRemind=0 respEsc=0 closureRemind=0 closureEsc=0 surveyExpired=0
2026-09-05T17:05:40.525Z [INFO] [http] GET /api/v1/notifications/unread-count
2026-09-05T17:06:10.521Z [INFO] [http] GET /api/v1/notifications/unread-count
2026-09-05T17:06:16.258Z [INFO] [slaReminder] SLA_SCAN cases=1 respRemind=0 respEsc=0 closureRemind=0 closureEsc=0 surveyExpired=0
2026-09-05T17:06:40.215Z [INFO] [http] GET /api/v1/notifications/unread-count
2026-09-05T17:07:10.530Z [INFO] [http] GET /api/v1/notifications/unread-count
2026-09-05T17:07:16.272Z [INFO] [slaReminder] SLA_SCAN cases=1 respRemind=0 respEsc=0 closureRemind=0 closureEsc=0 surveyExpired=0
2026-09-05T17:07:40.225Z [INFO] [http] GET /api/v1/notifications/unread-count
2026-09-05T17:08:10.530Z [INFO] [http] GET /api/v1/notifications/unread-count
2026-09-05T17:08:16.282Z [INFO] [slaReminder] SLA_SCAN cases=1 respRemind=0 respEsc=0 closureRemind=0 closureEsc=0 surveyExpired=0
2026-09-05T17:08:40.208Z [INFO] [http] GET /api/v1/notifications/unread-count
2026-09-05T17:09:10.545Z [INFO] [http] GET /api/v1/notifications/unread-count
2026-09-05T17:09:16.287Z [INFO] [slaReminder] SLA_SCAN cases=1 respRemind=0 respEsc=0 closureRemind=0 closureEsc=0 surveyExpired=0
2026-09-05T17:09:40.529Z [INFO] [http] GET /api/v1/notifications/unread-count
2026-09-05T17:10:10.214Z [INFO] [http] GET /api/v1/notifications/unread-count
2026-09-05T17:10:16.291Z [INFO] [slaReminder] SLA_SCAN cases=1 respRemind=0 respEsc=0 closureRemind=0 closureEsc=0 surveyExpired=0
2026-09-05T17:10:40.522Z [INFO] [http] GET /api/v1/notifications/unread-count
2026-09-05T17:11:10.227Z [INFO] [http] GET /api/v1/notifications/unread-count
2026-09-05T17:11:16.297Z [INFO] [slaReminder] SLA_SCAN cases=1 respRemind=0 respEsc=0 closureRemind=0 closureEsc=0 surveyExpired=0
2026-09-05T17:11:40.530Z [INFO] [http] GET /api/v1/notifications/unread-count
2026-09-05T17:12:10.223Z [INFO] [http] GET /api/v1/notifications/unread-count
2026-09-05T17:12:16.309Z [INFO] [slaReminder] SLA_SCAN cases=1 respRemind=0 respEsc=0 closureRemind=0 closureEsc=0 surveyExpired=0
2026-09-05T17:12:40.521Z [INFO] [http] GET /api/v1/notifications/unread-count
2026-09-05T17:13:10.220Z [INFO] [http] GET /api/v1/notifications/unread-count
2026-09-05T17:13:16.323Z [INFO] [slaReminder] SLA_SCAN cases=1 respRemind=0 respEsc=0 closureRemind=0 closureEsc=0 surveyExpired=0
2026-09-05T17:13:40.520Z [INFO] [http] GET /api/v1/notifications/unread-count
2026-09-05T17:14:10.239Z [INFO] [http] GET /api/v1/notifications/unread-count
2026-09-05T17:14:16.330Z [INFO] [slaReminder] SLA_SCAN cases=1 respRemind=0 respEsc=0 closureRemind=0 closureEsc=0 surveyExpired=0
2026-09-05T17:14:40.526Z [INFO] [http] GET /api/v1/notifications/unread-count
2026-09-05T17:15:10.530Z [INFO] [http] GET /api/v1/notifications/unread-count
2026-09-05T17:15:16.343Z [INFO] [slaReminder] SLA_SCAN cases=1 respRemind=0 respEsc=0 closureRemind=0 closureEsc=0 surveyExpired=0
2026-09-05T17:15:40.518Z [INFO] [http] GET /api/v1/notifications/unread-count
2026-09-05T17:16:10.220Z [INFO] [http] GET /api/v1/notifications/unread-count
2026-09-05T17:16:16.347Z [INFO] [slaReminder] SLA_SCAN cases=1 respRemind=0 respEsc=0 closureRemind=0 closureEsc=0 surveyExpired=0
2026-09-05T17:16:40.523Z [INFO] [http] GET /api/v1/notifications/unread-count
2026-09-05T17:17:10.211Z [INFO] [http] GET /api/v1/notifications/unread-count
2026-09-05T17:17:16.349Z [INFO] [slaReminder] SLA_SCAN cases=1 respRemind=0 respEsc=0 closureRemind=0 closureEsc=0 surveyExpired=0
2026-09-05T17:17:40.520Z [INFO] [http] GET /api/v1/notifications/unread-count
2026-09-05T17:18:10.522Z [INFO] [http] GET /api/v1/notifications/unread-count
2026-09-05T17:18:16.356Z [INFO] [slaReminder] SLA_SCAN cases=1 respRemind=0 respEsc=0 closureRemind=0 closureEsc=0 surveyExpired=0
2026-09-05T17:18:40.535Z [INFO] [http] GET /api/v1/notifications/unread-count
2026-09-05T17:19:10.564Z [INFO] [http] GET /api/v1/notifications/unread-count
2026-09-05T17:19:16.359Z [INFO] [slaReminder] SLA_SCAN cases=1 respRemind=0 respEsc=0 closureRemind=0 closureEsc=0 surveyExpired=0
2026-09-05T17:19:40.538Z [INFO] [http] GET /api/v1/notifications/unread-count
2026-09-05T17:20:10.528Z [INFO] [http] GET /api/v1/notifications/unread-count
2026-09-05T17:20:16.370Z [INFO] [slaReminder] SLA_SCAN cases=1 respRemind=0 respEsc=0 closureRemind=0 closureEsc=0 surveyExpired=0
2026-09-05T17:20:40.220Z [INFO] [http] GET /api/v1/notifications/unread-count
2026-09-05T17:21:10.525Z [INFO] [http] GET /api/v1/notifications/unread-count
2026-09-05T17:21:16.382Z [INFO] [slaReminder] SLA_SCAN cases=1 respRemind=0 respEsc=0 closureRemind=0 closureEsc=0 surveyExpired=0
2026-09-05T17:21:40.217Z [INFO] [http] GET /api/v1/notifications/unread-count
2026-09-05T17:22:10.524Z [INFO] [http] GET /api/v1/notifications/unread-count
2026-09-05T17:22:16.396Z [INFO] [slaReminder] SLA_SCAN cases=1 respRemind=0 respEsc=0 closureRemind=0 closureEsc=0 surveyExpired=0
2026-09-05T17:22:40.214Z [INFO] [http] GET /api/v1/notifications/unread-count
2026-09-05T17:23:10.518Z [INFO] [http] GET /api/v1/notifications/unread-count
2026-09-05T17:23:16.401Z [INFO] [slaReminder] SLA_SCAN cases=1 respRemind=0 respEsc=0 closureRemind=0 closureEsc=0 surveyExpired=0
2026-09-05T17:23:40.217Z [INFO] [http] GET /api/v1/notifications/unread-count
2026-09-05T17:24:10.526Z [INFO] [http] GET /api/v1/notifications/unread-count
2026-09-05T17:24:16.414Z [INFO] [slaReminder] SLA_SCAN cases=1 respRemind=0 respEsc=0 closureRemind=0 closureEsc=0 surveyExpired=0
2026-09-05T17:24:40.226Z [INFO] [http] GET /api/v1/notifications/unread-count
2026-09-05T17:25:10.519Z [INFO] [http] GET /api/v1/notifications/unread-count
2026-09-05T17:25:16.417Z [INFO] [slaReminder] SLA_SCAN cases=1 respRemind=0 respEsc=0 closureRemind=0 closureEsc=0 surveyExpired=0
2026-09-05T17:25:40.217Z [INFO] [http] GET /api/v1/notifications/unread-count
2026-09-05T17:26:10.528Z [INFO] [http] GET /api/v1/notifications/unread-count
2026-09-05T17:26:16.430Z [INFO] [slaReminder] SLA_SCAN cases=1 respRemind=0 respEsc=0 closureRemind=0 closureEsc=0 surveyExpired=0
2026-09-05T17:26:40.221Z [INFO] [http] GET /api/v1/notifications/unread-count
2026-09-05T17:27:10.526Z [INFO] [http] GET /api/v1/notifications/unread-count
2026-09-05T17:27:16.433Z [INFO] [slaReminder] SLA_SCAN cases=1 respRemind=0 respEsc=0 closureRemind=0 closureEsc=0 surveyExpired=0
2026-09-05T17:27:40.221Z [INFO] [http] GET /api/v1/notifications/unread-count
2026-09-05T17:28:10.526Z [INFO] [http] GET /api/v1/notifications/unread-count
2026-09-05T17:28:16.441Z [INFO] [slaReminder] SLA_SCAN cases=1 respRemind=0 respEsc=0 closureRemind=0 closureEsc=0 surveyExpired=0
2026-09-05T17:28:40.220Z [INFO] [http] GET /api/v1/notifications/unread-count
2026-09-05T17:29:10.545Z [INFO] [http] GET /api/v1/notifications/unread-count
2026-09-05T17:29:16.448Z [INFO] [slaReminder] SLA_SCAN cases=1 respRemind=0 respEsc=0 closureRemind=0 closureEsc=0 surveyExpired=0
2026-09-05T17:29:40.217Z [INFO] [http] GET /api/v1/notifications/unread-count
2026-09-05T17:30:10.517Z [INFO] [http] GET /api/v1/notifications/unread-count
2026-09-05T17:30:16.450Z [INFO] [slaReminder] SLA_SCAN cases=1 respRemind=0 respEsc=0 closureRemind=0 closureEsc=0 surveyExpired=0
2026-09-05T17:30:40.210Z [INFO] [http] GET /api/v1/notifications/unread-count
2026-09-05T17:31:10.525Z [INFO] [http] GET /api/v1/notifications/unread-count
2026-09-05T17:31:16.451Z [INFO] [slaReminder] SLA_SCAN cases=1 respRemind=0 respEsc=0 closureRemind=0 closureEsc=0 surveyExpired=0
2026-09-05T17:31:40.212Z [INFO] [http] GET /api/v1/notifications/unread-count
2026-09-05T17:32:10.519Z [INFO] [http] GET /api/v1/notifications/unread-count
2026-09-05T17:32:16.456Z [INFO] [slaReminder] SLA_SCAN cases=1 respRemind=0 respEsc=0 closureRemind=0 closureEsc=0 surveyExpired=0
2026-09-05T17:32:40.220Z [INFO] [http] GET /api/v1/notifications/unread-count
2026-09-05T17:33:10.523Z [INFO] [http] GET /api/v1/notifications/unread-count
2026-09-05T17:33:16.472Z [INFO] [slaReminder] SLA_SCAN cases=1 respRemind=0 respEsc=0 closureRemind=0 closureEsc=0 surveyExpired=0
2026-09-05T17:33:40.214Z [INFO] [http] GET /api/v1/notifications/unread-count
2026-09-05T17:34:10.528Z [INFO] [http] GET /api/v1/notifications/unread-count
2026-09-05T17:34:16.487Z [INFO] [slaReminder] SLA_SCAN cases=1 respRemind=0 respEsc=0 closureRemind=0 closureEsc=0 surveyExpired=0
2026-09-05T17:34:40.212Z [INFO] [http] GET /api/v1/notifications/unread-count
2026-09-05T17:35:10.518Z [INFO] [http] GET /api/v1/notifications/unread-count
2026-09-05T17:35:16.490Z [INFO] [slaReminder] SLA_SCAN cases=1 respRemind=0 respEsc=0 closureRemind=0 closureEsc=0 surveyExpired=0
2026-09-05T17:35:40.208Z [INFO] [http] GET /api/v1/notifications/unread-count
2026-09-05T17:36:10.518Z [INFO] [http] GET /api/v1/notifications/unread-count
2026-09-05T17:36:16.493Z [INFO] [slaReminder] SLA_SCAN cases=1 respRemind=0 respEsc=0 closureRemind=0 closureEsc=0 surveyExpired=0
2026-09-05T17:36:40.222Z [INFO] [http] GET /api/v1/notifications/unread-count
2026-09-05T17:37:10.527Z [INFO] [http] GET /api/v1/notifications/unread-count
2026-09-05T17:37:16.500Z [INFO] [slaReminder] SLA_SCAN cases=1 respRemind=0 respEsc=0 closureRemind=0 closureEsc=0 surveyExpired=0
2026-09-05T17:37:40.207Z [INFO] [http] GET /api/v1/notifications/unread-count
2026-09-05T17:38:10.526Z [INFO] [http] GET /api/v1/notifications/unread-count
2026-09-05T17:38:16.514Z [INFO] [slaReminder] SLA_SCAN cases=1 respRemind=0 respEsc=0 closureRemind=0 closureEsc=0 surveyExpired=0
2026-09-05T17:38:40.218Z [INFO] [http] GET /api/v1/notifications/unread-count
2026-09-05T17:39:10.517Z [INFO] [http] GET /api/v1/notifications/unread-count
2026-09-05T17:39:16.522Z [INFO] [slaReminder] SLA_SCAN cases=1 respRemind=0 respEsc=0 closureRemind=0 closureEsc=0 surveyExpired=0
2026-09-05T17:39:40.218Z [INFO] [http] GET /api/v1/notifications/unread-count
2026-09-05T17:40:10.516Z [INFO] [http] GET /api/v1/notifications/unread-count
2026-09-05T17:40:16.526Z [INFO] [slaReminder] SLA_SCAN cases=1 respRemind=0 respEsc=0 closureRemind=0 closureEsc=0 surveyExpired=0
2026-09-05T17:40:40.216Z [INFO] [http] GET /api/v1/notifications/unread-count
2026-09-05T17:41:10.532Z [INFO] [http] GET /api/v1/notifications/unread-count
2026-09-05T17:41:16.542Z [INFO] [slaReminder] SLA_SCAN cases=1 respRemind=0 respEsc=0 closureRemind=0 closureEsc=0 surveyExpired=0
2026-09-05T17:41:40.210Z [INFO] [http] GET /api/v1/notifications/unread-count
2026-09-05T17:42:10.524Z [INFO] [http] GET /api/v1/notifications/unread-count
2026-09-05T17:42:16.545Z [INFO] [slaReminder] SLA_SCAN cases=1 respRemind=0 respEsc=0 closureRemind=0 closureEsc=0 surveyExpired=0
2026-09-05T17:42:40.208Z [INFO] [http] GET /api/v1/notifications/unread-count
2026-09-05T17:43:10.528Z [INFO] [http] GET /api/v1/notifications/unread-count
2026-09-05T17:43:16.548Z [INFO] [slaReminder] SLA_SCAN cases=1 respRemind=0 respEsc=0 closureRemind=0 closureEsc=0 surveyExpired=0
2026-09-05T17:43:40.204Z [INFO] [http] GET /api/v1/notifications/unread-count
2026-09-05T17:44:10.581Z [INFO] [http] GET /api/v1/notifications/unread-count
2026-09-05T17:44:16.558Z [INFO] [slaReminder] SLA_SCAN cases=1 respRemind=0 respEsc=0 closureRemind=0 closureEsc=0 surveyExpired=0
2026-09-05T17:44:40.208Z [INFO] [http] GET /api/v1/notifications/unread-count
2026-09-05T17:45:10.529Z [INFO] [http] GET /api/v1/notifications/unread-count
2026-09-05T17:45:16.558Z [INFO] [slaReminder] SLA_SCAN cases=1 respRemind=0 respEsc=0 closureRemind=0 closureEsc=0 surveyExpired=0
2026-09-05T17:45:40.206Z [INFO] [http] GET /api/v1/notifications/unread-count
2026-09-05T17:46:10.524Z [INFO] [http] GET /api/v1/notifications/unread-count
2026-09-05T17:46:16.560Z [INFO] [slaReminder] SLA_SCAN cases=1 respRemind=0 respEsc=0 closureRemind=0 closureEsc=0 surveyExpired=0
2026-09-05T17:46:40.205Z [INFO] [http] GET /api/v1/notifications/unread-count
2026-09-05T17:47:10.524Z [INFO] [http] GET /api/v1/notifications/unread-count
2026-09-05T17:47:16.573Z [INFO] [slaReminder] SLA_SCAN cases=1 respRemind=0 respEsc=0 closureRemind=0 closureEsc=0 surveyExpired=0
2026-09-05T17:47:40.206Z [INFO] [http] GET /api/v1/notifications/unread-count
2026-09-05T17:48:10.526Z [INFO] [http] GET /api/v1/notifications/unread-count
2026-09-05T17:48:16.571Z [INFO] [slaReminder] SLA_SCAN cases=1 respRemind=0 respEsc=0 closureRemind=0 closureEsc=0 surveyExpired=0
2026-09-05T17:48:40.217Z [INFO] [http] GET /api/v1/notifications/unread-count
2026-09-05T17:49:10.531Z [INFO] [http] GET /api/v1/notifications/unread-count
2026-09-05T17:49:16.578Z [INFO] [slaReminder] SLA_SCAN cases=1 respRemind=0 respEsc=0 closureRemind=0 closureEsc=0 surveyExpired=0
2026-09-05T17:49:40.202Z [INFO] [http] GET /api/v1/notifications/unread-count
2026-09-05T17:50:10.523Z [INFO] [http] GET /api/v1/notifications/unread-count
2026-09-05T17:50:16.590Z [INFO] [slaReminder] SLA_SCAN cases=1 respRemind=0 respEsc=0 closureRemind=0 closureEsc=0 surveyExpired=0
2026-09-05T17:50:40.213Z [INFO] [http] GET /api/v1/notifications/unread-count
2026-09-05T17:51:10.524Z [INFO] [http] GET /api/v1/notifications/unread-count
2026-09-05T17:51:16.593Z [INFO] [slaReminder] SLA_SCAN cases=1 respRemind=0 respEsc=0 closureRemind=0 closureEsc=0 surveyExpired=0
2026-09-05T17:51:40.202Z [INFO] [http] GET /api/v1/notifications/unread-count
2026-09-05T17:52:10.519Z [INFO] [http] GET /api/v1/notifications/unread-count
2026-09-05T17:52:16.596Z [INFO] [slaReminder] SLA_SCAN cases=1 respRemind=0 respEsc=0 closureRemind=0 closureEsc=0 surveyExpired=0
2026-09-05T17:52:40.207Z [INFO] [http] GET /api/v1/notifications/unread-count
2026-09-05T17:53:10.520Z [INFO] [http] GET /api/v1/notifications/unread-count
2026-09-05T17:53:16.608Z [INFO] [slaReminder] SLA_SCAN cases=1 respRemind=0 respEsc=0 closureRemind=0 closureEsc=0 surveyExpired=0
2026-09-05T17:53:40.203Z [INFO] [http] GET /api/v1/notifications/unread-count
2026-09-05T17:54:10.529Z [INFO] [http] GET /api/v1/notifications/unread-count
2026-09-05T17:54:16.613Z [INFO] [slaReminder] SLA_SCAN cases=1 respRemind=0 respEsc=0 closureRemind=0 closureEsc=0 surveyExpired=0
2026-09-05T17:54:40.210Z [INFO] [http] GET /api/v1/notifications/unread-count
2026-09-05T17:55:10.519Z [INFO] [http] GET /api/v1/notifications/unread-count
2026-09-05T17:55:16.628Z [INFO] [slaReminder] SLA_SCAN cases=1 respRemind=0 respEsc=0 closureRemind=0 closureEsc=0 surveyExpired=0
2026-09-05T17:55:40.202Z [INFO] [http] GET /api/v1/notifications/unread-count
2026-09-05T17:56:10.516Z [INFO] [http] GET /api/v1/notifications/unread-count
2026-09-05T17:56:16.632Z [INFO] [slaReminder] SLA_SCAN cases=1 respRemind=0 respEsc=0 closureRemind=0 closureEsc=0 surveyExpired=0
2026-09-05T17:56:40.200Z [INFO] [http] GET /api/v1/notifications/unread-count
2026-09-05T17:57:10.525Z [INFO] [http] GET /api/v1/notifications/unread-count
2026-09-05T17:57:16.647Z [INFO] [slaReminder] SLA_SCAN cases=1 respRemind=0 respEsc=0 closureRemind=0 closureEsc=0 surveyExpired=0
2026-09-05T17:57:40.205Z [INFO] [http] GET /api/v1/notifications/unread-count
2026-09-05T17:58:10.512Z [INFO] [http] GET /api/v1/notifications/unread-count
2026-09-05T17:58:16.658Z [INFO] [slaReminder] SLA_SCAN cases=1 respRemind=0 respEsc=0 closureRemind=0 closureEsc=0 surveyExpired=0
2026-09-05T17:58:40.205Z [INFO] [http] GET /api/v1/notifications/unread-count
2026-09-05T17:59:10.531Z [INFO] [http] GET /api/v1/notifications/unread-count
2026-09-05T17:59:16.659Z [INFO] [slaReminder] SLA_SCAN cases=1 respRemind=0 respEsc=0 closureRemind=0 closureEsc=0 surveyExpired=0
2026-09-05T17:59:40.208Z [INFO] [http] GET /api/v1/notifications/unread-count
2026-09-05T18:00:10.523Z [INFO] [http] GET /api/v1/notifications/unread-count
2026-09-05T18:00:16.660Z [INFO] [slaReminder] SLA_SCAN cases=1 respRemind=0 respEsc=0 closureRemind=0 closureEsc=0 surveyExpired=0
2026-09-05T18:00:40.201Z [INFO] [http] GET /api/v1/notifications/unread-count
2026-09-05T18:01:10.517Z [INFO] [http] GET /api/v1/notifications/unread-count
2026-09-05T18:01:16.666Z [INFO] [slaReminder] SLA_SCAN cases=1 respRemind=0 respEsc=0 closureRemind=0 closureEsc=0 surveyExpired=0
2026-09-05T18:01:40.208Z [INFO] [http] GET /api/v1/notifications/unread-count
2026-09-05T18:02:10.511Z [INFO] [http] GET /api/v1/notifications/unread-count
2026-09-05T18:02:16.681Z [INFO] [slaReminder] SLA_SCAN cases=1 respRemind=0 respEsc=0 closureRemind=0 closureEsc=0 surveyExpired=0
2026-09-05T18:02:40.217Z [INFO] [http] GET /api/v1/notifications/unread-count
2026-09-05T18:03:10.523Z [INFO] [http] GET /api/v1/notifications/unread-count
2026-09-05T18:03:16.685Z [INFO] [slaReminder] SLA_SCAN cases=1 respRemind=0 respEsc=0 closureRemind=0 closureEsc=0 surveyExpired=0
2026-09-05T18:03:40.208Z [INFO] [http] GET /api/v1/notifications/unread-count
2026-09-05T18:04:10.581Z [INFO] [http] GET /api/v1/notifications/unread-count
2026-09-05T18:04:16.686Z [INFO] [slaReminder] SLA_SCAN cases=1 respRemind=0 respEsc=0 closureRemind=0 closureEsc=0 surveyExpired=0
2026-09-05T18:04:40.507Z [INFO] [http] GET /api/v1/notifications/unread-count
2026-09-05T18:05:10.517Z [INFO] [http] GET /api/v1/notifications/unread-count
2026-09-05T18:05:16.697Z [INFO] [slaReminder] SLA_SCAN cases=1 respRemind=0 respEsc=0 closureRemind=0 closureEsc=0 surveyExpired=0
2026-09-05T18:05:40.516Z [INFO] [http] GET /api/v1/notifications/unread-count
2026-09-05T18:06:10.516Z [INFO] [http] GET /api/v1/notifications/unread-count
2026-09-05T18:06:16.709Z [INFO] [slaReminder] SLA_SCAN cases=1 respRemind=0 respEsc=0 closureRemind=0 closureEsc=0 surveyExpired=0
2026-09-05T18:06:40.198Z [INFO] [http] GET /api/v1/notifications/unread-count
2026-09-05T18:07:10.510Z [INFO] [http] GET /api/v1/notifications/unread-count
2026-09-05T18:07:16.713Z [INFO] [slaReminder] SLA_SCAN cases=1 respRemind=0 respEsc=0 closureRemind=0 closureEsc=0 surveyExpired=0
2026-09-05T18:07:40.211Z [INFO] [http] GET /api/v1/notifications/unread-count
2026-09-05T18:08:10.519Z [INFO] [http] GET /api/v1/notifications/unread-count
2026-09-05T18:08:16.725Z [INFO] [slaReminder] SLA_SCAN cases=1 respRemind=0 respEsc=0 closureRemind=0 closureEsc=0 surveyExpired=0
2026-09-05T18:08:40.206Z [INFO] [http] GET /api/v1/notifications/unread-count
2026-09-05T18:09:10.548Z [INFO] [http] GET /api/v1/notifications/unread-count
2026-09-05T18:09:16.724Z [INFO] [slaReminder] SLA_SCAN cases=1 respRemind=0 respEsc=0 closureRemind=0 closureEsc=0 surveyExpired=0
2026-09-05T18:09:40.512Z [INFO] [http] GET /api/v1/notifications/unread-count
2026-09-05T18:10:10.507Z [INFO] [http] GET /api/v1/notifications/unread-count
2026-09-05T18:10:16.729Z [INFO] [slaReminder] SLA_SCAN cases=1 respRemind=0 respEsc=0 closureRemind=0 closureEsc=0 surveyExpired=0
2026-09-05T18:10:40.517Z [INFO] [http] GET /api/v1/notifications/unread-count
2026-09-05T18:11:10.194Z [INFO] [http] GET /api/v1/notifications/unread-count
2026-09-05T18:11:16.735Z [INFO] [slaReminder] SLA_SCAN cases=1 respRemind=0 respEsc=0 closureRemind=0 closureEsc=0 surveyExpired=0
2026-09-05T18:11:40.518Z [INFO] [http] GET /api/v1/notifications/unread-count
2026-09-05T18:12:10.199Z [INFO] [http] GET /api/v1/notifications/unread-count
2026-09-05T18:12:16.741Z [INFO] [slaReminder] SLA_SCAN cases=1 respRemind=0 respEsc=0 closureRemind=0 closureEsc=0 surveyExpired=0
2026-09-05T18:12:40.505Z [INFO] [http] GET /api/v1/notifications/unread-count
2026-09-05T18:13:10.508Z [INFO] [http] GET /api/v1/notifications/unread-count
2026-09-05T18:13:16.752Z [INFO] [slaReminder] SLA_SCAN cases=1 respRemind=0 respEsc=0 closureRemind=0 closureEsc=0 surveyExpired=0
2026-09-05T18:13:40.509Z [INFO] [http] GET /api/v1/notifications/unread-count
2026-09-05T18:14:10.511Z [INFO] [http] GET /api/v1/notifications/unread-count
2026-09-05T18:14:16.764Z [INFO] [slaReminder] SLA_SCAN cases=1 respRemind=0 respEsc=0 closureRemind=0 closureEsc=0 surveyExpired=0
2026-09-05T18:14:40.509Z [INFO] [http] GET /api/v1/notifications/unread-count
2026-09-05T18:15:10.514Z [INFO] [http] GET /api/v1/notifications/unread-count
2026-09-05T18:15:16.776Z [INFO] [slaReminder] SLA_SCAN cases=1 respRemind=0 respEsc=0 closureRemind=0 closureEsc=0 surveyExpired=0
2026-09-05T18:15:40.518Z [INFO] [http] GET /api/v1/notifications/unread-count
2026-09-05T18:16:10.511Z [INFO] [http] GET /api/v1/notifications/unread-count
2026-09-05T18:16:16.782Z [INFO] [slaReminder] SLA_SCAN cases=1 respRemind=0 respEsc=0 closureRemind=0 closureEsc=0 surveyExpired=0
2026-09-05T18:16:40.503Z [INFO] [http] GET /api/v1/notifications/unread-count
2026-09-05T18:17:10.513Z [INFO] [http] GET /api/v1/notifications/unread-count
2026-09-05T18:17:16.785Z [INFO] [slaReminder] SLA_SCAN cases=1 respRemind=0 respEsc=0 closureRemind=0 closureEsc=0 surveyExpired=0
2026-09-05T18:17:40.510Z [INFO] [http] GET /api/v1/notifications/unread-count
2026-09-05T18:18:10.505Z [INFO] [http] GET /api/v1/notifications/unread-count
2026-09-05T18:18:16.798Z [INFO] [slaReminder] SLA_SCAN cases=1 respRemind=0 respEsc=0 closureRemind=0 closureEsc=0 surveyExpired=0
2026-09-05T18:18:40.506Z [INFO] [http] GET /api/v1/notifications/unread-count
2026-09-05T18:19:10.506Z [INFO] [http] GET /api/v1/notifications/unread-count
2026-09-05T18:19:16.802Z [INFO] [slaReminder] SLA_SCAN cases=1 respRemind=0 respEsc=0 closureRemind=0 closureEsc=0 surveyExpired=0
2026-09-05T18:19:40.508Z [INFO] [http] GET /api/v1/notifications/unread-count
2026-09-05T18:20:10.514Z [INFO] [http] GET /api/v1/notifications/unread-count
2026-09-05T18:20:16.804Z [INFO] [slaReminder] SLA_SCAN cases=1 respRemind=0 respEsc=0 closureRemind=0 closureEsc=0 surveyExpired=0
2026-09-05T18:20:40.511Z [INFO] [http] GET /api/v1/notifications/unread-count
2026-09-05T18:21:10.499Z [INFO] [http] GET /api/v1/notifications/unread-count
2026-09-05T18:21:16.816Z [INFO] [slaReminder] SLA_SCAN cases=1 respRemind=0 respEsc=0 closureRemind=0 closureEsc=0 surveyExpired=0
2026-09-05T18:21:40.194Z [INFO] [http] GET /api/v1/notifications/unread-count
2026-09-05T18:22:10.510Z [INFO] [http] GET /api/v1/notifications/unread-count
2026-09-05T18:22:16.832Z [INFO] [slaReminder] SLA_SCAN cases=1 respRemind=0 respEsc=0 closureRemind=0 closureEsc=0 surveyExpired=0
2026-09-05T18:22:40.203Z [INFO] [http] GET /api/v1/notifications/unread-count
2026-09-05T18:23:10.513Z [INFO] [http] GET /api/v1/notifications/unread-count
2026-09-05T18:23:16.835Z [INFO] [slaReminder] SLA_SCAN cases=1 respRemind=0 respEsc=0 closureRemind=0 closureEsc=0 surveyExpired=0
2026-09-05T18:23:40.202Z [INFO] [http] GET /api/v1/notifications/unread-count
2026-09-05T18:24:10.538Z [INFO] [http] GET /api/v1/notifications/unread-count
2026-09-05T18:24:16.835Z [INFO] [slaReminder] SLA_SCAN cases=1 respRemind=0 respEsc=0 closureRemind=0 closureEsc=0 surveyExpired=0
2026-09-05T18:24:40.507Z [INFO] [http] GET /api/v1/notifications/unread-count
2026-09-05T18:25:10.198Z [INFO] [http] GET /api/v1/notifications/unread-count
2026-09-05T18:25:16.843Z [INFO] [slaReminder] SLA_SCAN cases=1 respRemind=0 respEsc=0 closureRemind=0 closureEsc=0 surveyExpired=0
2026-09-05T18:25:40.506Z [INFO] [http] GET /api/v1/notifications/unread-count
2026-09-05T18:26:10.507Z [INFO] [http] GET /api/v1/notifications/unread-count
2026-09-05T18:26:16.848Z [INFO] [slaReminder] SLA_SCAN cases=1 respRemind=0 respEsc=0 closureRemind=0 closureEsc=0 surveyExpired=0
2026-09-05T18:26:40.503Z [INFO] [http] GET /api/v1/notifications/unread-count
2026-09-05T18:27:10.504Z [INFO] [http] GET /api/v1/notifications/unread-count
2026-09-05T18:27:16.849Z [INFO] [slaReminder] SLA_SCAN cases=1 respRemind=0 respEsc=0 closureRemind=0 closureEsc=0 surveyExpired=0
2026-09-05T18:27:40.191Z [INFO] [http] GET /api/v1/notifications/unread-count
2026-09-05T18:28:10.503Z [INFO] [http] GET /api/v1/notifications/unread-count
2026-09-05T18:28:16.853Z [INFO] [slaReminder] SLA_SCAN cases=1 respRemind=0 respEsc=0 closureRemind=0 closureEsc=0 surveyExpired=0
2026-09-05T18:28:40.503Z [INFO] [http] GET /api/v1/notifications/unread-count
2026-09-05T18:29:10.505Z [INFO] [http] GET /api/v1/notifications/unread-count
2026-09-05T18:29:16.864Z [INFO] [slaReminder] SLA_SCAN cases=1 respRemind=0 respEsc=0 closureRemind=0 closureEsc=0 surveyExpired=0
2026-09-05T18:29:40.502Z [INFO] [http] GET /api/v1/notifications/unread-count
2026-09-05T18:30:10.497Z [INFO] [http] GET /api/v1/notifications/unread-count
2026-09-05T18:30:16.877Z [INFO] [slaReminder] SLA_SCAN cases=1 respRemind=0 respEsc=0 closureRemind=0 closureEsc=0 surveyExpired=0
2026-09-05T18:30:40.203Z [INFO] [http] GET /api/v1/notifications/unread-count
2026-09-05T18:31:10.505Z [INFO] [http] GET /api/v1/notifications/unread-count
2026-09-05T18:31:16.879Z [INFO] [slaReminder] SLA_SCAN cases=1 respRemind=0 respEsc=0 closureRemind=0 closureEsc=0 surveyExpired=0
2026-09-05T18:31:40.201Z [INFO] [http] GET /api/v1/notifications/unread-count
2026-09-05T18:32:10.512Z [INFO] [http] GET /api/v1/notifications/unread-count
2026-09-05T18:32:16.882Z [INFO] [slaReminder] SLA_SCAN cases=1 respRemind=0 respEsc=0 closureRemind=0 closureEsc=0 surveyExpired=0
2026-09-05T18:32:40.195Z [INFO] [http] GET /api/v1/notifications/unread-count
2026-09-05T18:33:10.499Z [INFO] [http] GET /api/v1/notifications/unread-count
2026-09-05T18:33:16.886Z [INFO] [slaReminder] SLA_SCAN cases=1 respRemind=0 respEsc=0 closureRemind=0 closureEsc=0 surveyExpired=0
2026-09-05T18:33:40.507Z [INFO] [http] GET /api/v1/notifications/unread-count
2026-09-05T18:34:10.519Z [INFO] [http] GET /api/v1/notifications/unread-count
2026-09-05T18:34:16.891Z [INFO] [slaReminder] SLA_SCAN cases=1 respRemind=0 respEsc=0 closureRemind=0 closureEsc=0 surveyExpired=0
2026-09-05T18:34:40.510Z [INFO] [http] GET /api/v1/notifications/unread-count
2026-09-05T18:35:10.503Z [INFO] [http] GET /api/v1/notifications/unread-count
2026-09-05T18:35:16.907Z [INFO] [slaReminder] SLA_SCAN cases=1 respRemind=0 respEsc=0 closureRemind=0 closureEsc=0 surveyExpired=0
2026-09-05T18:35:40.507Z [INFO] [http] GET /api/v1/notifications/unread-count
2026-09-05T18:36:10.507Z [INFO] [http] GET /api/v1/notifications/unread-count
2026-09-05T18:36:16.909Z [INFO] [slaReminder] SLA_SCAN cases=1 respRemind=0 respEsc=0 closureRemind=0 closureEsc=0 surveyExpired=0
2026-09-05T18:36:40.199Z [INFO] [http] GET /api/v1/notifications/unread-count
2026-09-05T18:37:10.500Z [INFO] [http] GET /api/v1/notifications/unread-count
2026-09-05T18:37:16.921Z [INFO] [slaReminder] SLA_SCAN cases=1 respRemind=0 respEsc=0 closureRemind=0 closureEsc=0 surveyExpired=0
2026-09-05T18:37:40.193Z [INFO] [http] GET /api/v1/notifications/unread-count
2026-09-05T18:38:10.495Z [INFO] [http] GET /api/v1/notifications/unread-count
2026-09-05T18:38:16.933Z [INFO] [slaReminder] SLA_SCAN cases=1 respRemind=0 respEsc=0 closureRemind=0 closureEsc=0 surveyExpired=0
2026-09-05T18:38:40.195Z [INFO] [http] GET /api/v1/notifications/unread-count
2026-09-05T18:39:10.564Z [INFO] [http] GET /api/v1/notifications/unread-count
2026-09-05T18:39:16.938Z [INFO] [slaReminder] SLA_SCAN cases=1 respRemind=0 respEsc=0 closureRemind=0 closureEsc=0 surveyExpired=0
2026-09-05T18:39:40.504Z [INFO] [http] GET /api/v1/notifications/unread-count
2026-09-05T18:40:10.496Z [INFO] [http] GET /api/v1/notifications/unread-count
2026-09-05T18:40:16.945Z [INFO] [slaReminder] SLA_SCAN cases=1 respRemind=0 respEsc=0 closureRemind=0 closureEsc=0 surveyExpired=0
2026-09-05T18:40:40.191Z [INFO] [http] GET /api/v1/notifications/unread-count
2026-09-05T18:41:10.493Z [INFO] [http] GET /api/v1/notifications/unread-count
2026-09-05T18:41:16.954Z [INFO] [slaReminder] SLA_SCAN cases=1 respRemind=0 respEsc=0 closureRemind=0 closureEsc=0 surveyExpired=0
2026-09-05T18:41:40.501Z [INFO] [http] GET /api/v1/notifications/unread-count
2026-09-05T18:42:10.189Z [INFO] [http] GET /api/v1/notifications/unread-count
2026-09-05T18:42:16.968Z [INFO] [slaReminder] SLA_SCAN cases=1 respRemind=0 respEsc=0 closureRemind=0 closureEsc=0 surveyExpired=0
2026-09-05T18:42:40.496Z [INFO] [http] GET /api/v1/notifications/unread-count
2026-09-05T18:43:10.192Z [INFO] [http] GET /api/v1/notifications/unread-count
2026-09-05T18:43:16.973Z [INFO] [slaReminder] SLA_SCAN cases=1 respRemind=0 respEsc=0 closureRemind=0 closureEsc=0 surveyExpired=0
2026-09-05T18:43:40.497Z [INFO] [http] GET /api/v1/notifications/unread-count
2026-09-05T18:44:10.535Z [INFO] [http] GET /api/v1/notifications/unread-count
2026-09-05T18:44:16.976Z [INFO] [slaReminder] SLA_SCAN cases=1 respRemind=0 respEsc=0 closureRemind=0 closureEsc=0 surveyExpired=0
2026-09-05T18:44:40.188Z [INFO] [http] GET /api/v1/notifications/unread-count
2026-09-05T18:45:10.494Z [INFO] [http] GET /api/v1/notifications/unread-count
2026-09-05T18:45:16.990Z [INFO] [slaReminder] SLA_SCAN cases=1 respRemind=0 respEsc=0 closureRemind=0 closureEsc=0 surveyExpired=0
2026-09-05T18:45:40.198Z [INFO] [http] GET /api/v1/notifications/unread-count
2026-09-05T18:46:10.508Z [INFO] [http] GET /api/v1/notifications/unread-count
2026-09-05T18:46:16.999Z [INFO] [slaReminder] SLA_SCAN cases=1 respRemind=0 respEsc=0 closureRemind=0 closureEsc=0 surveyExpired=0
2026-09-05T18:46:40.182Z [INFO] [http] GET /api/v1/notifications/unread-count
2026-09-05T18:47:10.498Z [INFO] [http] GET /api/v1/notifications/unread-count
2026-09-05T18:47:17.007Z [INFO] [slaReminder] SLA_SCAN cases=1 respRemind=0 respEsc=0 closureRemind=0 closureEsc=0 surveyExpired=0
2026-09-05T18:47:40.185Z [INFO] [http] GET /api/v1/notifications/unread-count
2026-09-05T18:48:10.503Z [INFO] [http] GET /api/v1/notifications/unread-count
2026-09-05T18:48:17.018Z [INFO] [slaReminder] SLA_SCAN cases=1 respRemind=0 respEsc=0 closureRemind=0 closureEsc=0 surveyExpired=0
2026-09-05T18:48:40.191Z [INFO] [http] GET /api/v1/notifications/unread-count
2026-09-05T18:49:10.492Z [INFO] [http] GET /api/v1/notifications/unread-count
2026-09-05T18:49:17.019Z [INFO] [slaReminder] SLA_SCAN cases=1 respRemind=0 respEsc=0 closureRemind=0 closureEsc=0 surveyExpired=0
2026-09-05T18:49:40.189Z [INFO] [http] GET /api/v1/notifications/unread-count
2026-09-05T18:50:10.493Z [INFO] [http] GET /api/v1/notifications/unread-count
2026-09-05T18:50:17.032Z [INFO] [slaReminder] SLA_SCAN cases=1 respRemind=0 respEsc=0 closureRemind=0 closureEsc=0 surveyExpired=0
2026-09-05T18:50:40.190Z [INFO] [http] GET /api/v1/notifications/unread-count
2026-09-05T18:51:10.499Z [INFO] [http] GET /api/v1/notifications/unread-count
2026-09-05T18:51:17.040Z [INFO] [slaReminder] SLA_SCAN cases=1 respRemind=0 respEsc=0 closureRemind=0 closureEsc=0 surveyExpired=0
2026-09-05T18:51:40.183Z [INFO] [http] GET /api/v1/notifications/unread-count
2026-09-05T18:52:10.498Z [INFO] [http] GET /api/v1/notifications/unread-count
2026-09-05T18:52:17.049Z [INFO] [slaReminder] SLA_SCAN cases=1 respRemind=0 respEsc=0 closureRemind=0 closureEsc=0 surveyExpired=0
2026-09-05T18:52:40.196Z [INFO] [http] GET /api/v1/notifications/unread-count
2026-09-05T18:53:10.496Z [INFO] [http] GET /api/v1/notifications/unread-count
2026-09-05T18:53:17.055Z [INFO] [slaReminder] SLA_SCAN cases=1 respRemind=0 respEsc=0 closureRemind=0 closureEsc=0 surveyExpired=0
2026-09-05T18:53:40.191Z [INFO] [http] GET /api/v1/notifications/unread-count
2026-09-05T18:54:10.530Z [INFO] [http] GET /api/v1/notifications/unread-count
2026-09-05T18:54:17.063Z [INFO] [slaReminder] SLA_SCAN cases=1 respRemind=0 respEsc=0 closureRemind=0 closureEsc=0 surveyExpired=0
2026-09-05T18:54:40.191Z [INFO] [http] GET /api/v1/notifications/unread-count
2026-09-05T18:55:10.499Z [INFO] [http] GET /api/v1/notifications/unread-count
2026-09-05T18:55:17.064Z [INFO] [slaReminder] SLA_SCAN cases=1 respRemind=0 respEsc=0 closureRemind=0 closureEsc=0 surveyExpired=0
2026-09-05T18:55:40.179Z [INFO] [http] GET /api/v1/notifications/unread-count
2026-09-05T18:56:10.498Z [INFO] [http] GET /api/v1/notifications/unread-count
2026-09-05T18:56:17.069Z [INFO] [slaReminder] SLA_SCAN cases=1 respRemind=0 respEsc=0 closureRemind=0 closureEsc=0 surveyExpired=0
2026-09-05T18:56:40.190Z [INFO] [http] GET /api/v1/notifications/unread-count
2026-09-05T18:57:10.490Z [INFO] [http] GET /api/v1/notifications/unread-count
2026-09-05T18:57:17.073Z [INFO] [slaReminder] SLA_SCAN cases=1 respRemind=0 respEsc=0 closureRemind=0 closureEsc=0 surveyExpired=0
2026-09-05T18:57:40.192Z [INFO] [http] GET /api/v1/notifications/unread-count
2026-09-05T18:58:10.492Z [INFO] [http] GET /api/v1/notifications/unread-count
2026-09-05T18:58:17.081Z [INFO] [slaReminder] SLA_SCAN cases=1 respRemind=0 respEsc=0 closureRemind=0 closureEsc=0 surveyExpired=0
2026-09-05T18:58:40.189Z [INFO] [http] GET /api/v1/notifications/unread-count
2026-09-05T18:59:10.548Z [INFO] [http] GET /api/v1/notifications/unread-count
2026-09-05T18:59:17.095Z [INFO] [slaReminder] SLA_SCAN cases=1 respRemind=0 respEsc=0 closureRemind=0 closureEsc=0 surveyExpired=0
2026-09-05T18:59:40.184Z [INFO] [http] GET /api/v1/notifications/unread-count
2026-09-05T19:00:10.503Z [INFO] [http] GET /api/v1/notifications/unread-count
2026-09-05T19:00:17.102Z [INFO] [slaReminder] SLA_SCAN cases=1 respRemind=0 respEsc=0 closureRemind=0 closureEsc=0 surveyExpired=0
2026-09-05T19:00:40.178Z [INFO] [http] GET /api/v1/notifications/unread-count
2026-09-05T19:01:10.499Z [INFO] [http] GET /api/v1/notifications/unread-count
2026-09-05T19:01:17.111Z [INFO] [slaReminder] SLA_SCAN cases=1 respRemind=0 respEsc=0 closureRemind=0 closureEsc=0 surveyExpired=0
2026-09-05T19:01:40.188Z [INFO] [http] GET /api/v1/notifications/unread-count
2026-09-05T19:02:10.502Z [INFO] [http] GET /api/v1/notifications/unread-count
2026-09-05T19:02:17.121Z [INFO] [slaReminder] SLA_SCAN cases=1 respRemind=0 respEsc=0 closureRemind=0 closureEsc=0 surveyExpired=0
2026-09-05T19:02:40.188Z [INFO] [http] GET /api/v1/notifications/unread-count
2026-09-05T19:03:10.498Z [INFO] [http] GET /api/v1/notifications/unread-count
2026-09-05T19:03:17.123Z [INFO] [slaReminder] SLA_SCAN cases=1 respRemind=0 respEsc=0 closureRemind=0 closureEsc=0 surveyExpired=0
2026-09-05T19:03:40.185Z [INFO] [http] GET /api/v1/notifications/unread-count
2026-09-05T19:04:10.516Z [INFO] [http] GET /api/v1/notifications/unread-count
2026-09-05T19:04:17.133Z [INFO] [slaReminder] SLA_SCAN cases=1 respRemind=0 respEsc=0 closureRemind=0 closureEsc=0 surveyExpired=0
2026-09-05T19:04:40.490Z [INFO] [http] GET /api/v1/notifications/unread-count
2026-09-05T19:05:10.484Z [INFO] [http] GET /api/v1/notifications/unread-count
2026-09-05T19:05:17.143Z [INFO] [slaReminder] SLA_SCAN cases=1 respRemind=0 respEsc=0 closureRemind=0 closureEsc=0 surveyExpired=0
2026-09-05T19:05:40.491Z [INFO] [http] GET /api/v1/notifications/unread-count
2026-09-05T19:06:10.490Z [INFO] [http] GET /api/v1/notifications/unread-count
2026-09-05T19:06:17.156Z [INFO] [slaReminder] SLA_SCAN cases=1 respRemind=0 respEsc=0 closureRemind=0 closureEsc=0 surveyExpired=0
2026-09-05T19:06:40.181Z [INFO] [http] GET /api/v1/notifications/unread-count
2026-09-05T19:07:10.493Z [INFO] [http] GET /api/v1/notifications/unread-count
2026-09-05T19:07:17.174Z [INFO] [slaReminder] SLA_SCAN cases=1 respRemind=0 respEsc=0 closureRemind=0 closureEsc=0 surveyExpired=0
2026-09-05T19:07:40.185Z [INFO] [http] GET /api/v1/notifications/unread-count
2026-09-05T19:08:10.486Z [INFO] [http] GET /api/v1/notifications/unread-count
2026-09-05T19:08:17.183Z [INFO] [slaReminder] SLA_SCAN cases=1 respRemind=0 respEsc=0 closureRemind=0 closureEsc=0 surveyExpired=0
2026-09-05T19:08:40.176Z [INFO] [http] GET /api/v1/notifications/unread-count
2026-09-05T19:09:10.505Z [INFO] [http] GET /api/v1/notifications/unread-count
2026-09-05T19:09:17.185Z [INFO] [slaReminder] SLA_SCAN cases=1 respRemind=0 respEsc=0 closureRemind=0 closureEsc=0 surveyExpired=0
2026-09-05T19:09:40.495Z [INFO] [http] GET /api/v1/notifications/unread-count
2026-09-05T19:10:10.496Z [INFO] [http] GET /api/v1/notifications/unread-count
2026-09-05T19:10:17.194Z [INFO] [slaReminder] SLA_SCAN cases=1 respRemind=0 respEsc=0 closureRemind=0 closureEsc=0 surveyExpired=0
2026-09-05T19:10:40.187Z [INFO] [http] GET /api/v1/notifications/unread-count
2026-09-05T19:11:10.494Z [INFO] [http] GET /api/v1/notifications/unread-count
2026-09-05T19:11:17.205Z [INFO] [slaReminder] SLA_SCAN cases=1 respRemind=0 respEsc=0 closureRemind=0 closureEsc=0 surveyExpired=0
2026-09-05T19:11:40.179Z [INFO] [http] GET /api/v1/notifications/unread-count
2026-09-05T19:12:10.497Z [INFO] [http] GET /api/v1/notifications/unread-count
2026-09-05T19:12:17.212Z [INFO] [slaReminder] SLA_SCAN cases=1 respRemind=0 respEsc=0 closureRemind=0 closureEsc=0 surveyExpired=0
2026-09-05T19:12:40.183Z [INFO] [http] GET /api/v1/notifications/unread-count
2026-09-05T19:13:10.495Z [INFO] [http] GET /api/v1/notifications/unread-count
2026-09-05T19:13:17.227Z [INFO] [slaReminder] SLA_SCAN cases=1 respRemind=0 respEsc=0 closureRemind=0 closureEsc=0 surveyExpired=0
2026-09-05T19:13:40.181Z [INFO] [http] GET /api/v1/notifications/unread-count
2026-09-05T19:14:10.501Z [INFO] [http] GET /api/v1/notifications/unread-count
2026-09-05T19:14:17.230Z [INFO] [slaReminder] SLA_SCAN cases=1 respRemind=0 respEsc=0 closureRemind=0 closureEsc=0 surveyExpired=0
2026-09-05T19:14:40.488Z [INFO] [http] GET /api/v1/notifications/unread-count
2026-09-05T19:15:10.498Z [INFO] [http] GET /api/v1/notifications/unread-count
2026-09-05T19:15:17.247Z [INFO] [slaReminder] SLA_SCAN cases=1 respRemind=0 respEsc=0 closureRemind=0 closureEsc=0 surveyExpired=0
2026-09-05T19:15:40.499Z [INFO] [http] GET /api/v1/notifications/unread-count
2026-09-05T19:16:10.489Z [INFO] [http] GET /api/v1/notifications/unread-count
2026-09-05T19:16:17.251Z [INFO] [slaReminder] SLA_SCAN cases=1 respRemind=0 respEsc=0 closureRemind=0 closureEsc=0 surveyExpired=0
2026-09-05T19:16:40.174Z [INFO] [http] GET /api/v1/notifications/unread-count
2026-09-05T19:17:10.486Z [INFO] [http] GET /api/v1/notifications/unread-count
2026-09-05T19:17:17.258Z [INFO] [slaReminder] SLA_SCAN cases=1 respRemind=0 respEsc=0 closureRemind=0 closureEsc=0 surveyExpired=0
2026-09-05T19:17:40.486Z [INFO] [http] GET /api/v1/notifications/unread-count
2026-09-05T19:18:10.500Z [INFO] [http] GET /api/v1/notifications/unread-count
2026-09-05T19:18:17.260Z [INFO] [slaReminder] SLA_SCAN cases=1 respRemind=0 respEsc=0 closureRemind=0 closureEsc=0 surveyExpired=0
2026-09-05T19:18:40.483Z [INFO] [http] GET /api/v1/notifications/unread-count
2026-09-05T19:19:10.487Z [INFO] [http] GET /api/v1/notifications/unread-count
2026-09-05T19:19:17.276Z [INFO] [slaReminder] SLA_SCAN cases=1 respRemind=0 respEsc=0 closureRemind=0 closureEsc=0 surveyExpired=0
2026-09-05T19:19:40.490Z [INFO] [http] GET /api/v1/notifications/unread-count
2026-09-05T19:20:10.488Z [INFO] [http] GET /api/v1/notifications/unread-count
2026-09-05T19:20:17.276Z [INFO] [slaReminder] SLA_SCAN cases=1 respRemind=0 respEsc=0 closureRemind=0 closureEsc=0 surveyExpired=0
2026-09-05T19:20:40.186Z [INFO] [http] GET /api/v1/notifications/unread-count
2026-09-05T19:21:10.489Z [INFO] [http] GET /api/v1/notifications/unread-count
2026-09-05T19:21:17.289Z [INFO] [slaReminder] SLA_SCAN cases=1 respRemind=0 respEsc=0 closureRemind=0 closureEsc=0 surveyExpired=0
2026-09-05T19:21:40.485Z [INFO] [http] GET /api/v1/notifications/unread-count
2026-09-05T19:22:10.183Z [INFO] [http] GET /api/v1/notifications/unread-count
2026-09-05T19:22:17.292Z [INFO] [slaReminder] SLA_SCAN cases=1 respRemind=0 respEsc=0 closureRemind=0 closureEsc=0 surveyExpired=0
2026-09-05T19:22:40.488Z [INFO] [http] GET /api/v1/notifications/unread-count
2026-09-05T19:23:10.183Z [INFO] [http] GET /api/v1/notifications/unread-count
2026-09-05T19:23:17.304Z [INFO] [slaReminder] SLA_SCAN cases=1 respRemind=0 respEsc=0 closureRemind=0 closureEsc=0 surveyExpired=0
2026-09-05T19:23:40.494Z [INFO] [http] GET /api/v1/notifications/unread-count
2026-09-05T19:24:10.172Z [INFO] [http] GET /api/v1/notifications/unread-count
2026-09-05T19:24:17.344Z [INFO] [slaReminder] SLA_SCAN cases=1 respRemind=0 respEsc=0 closureRemind=0 closureEsc=0 surveyExpired=0
2026-09-05T19:24:40.491Z [INFO] [http] GET /api/v1/notifications/unread-count
2026-09-05T19:25:10.173Z [INFO] [http] GET /api/v1/notifications/unread-count
2026-09-05T19:25:17.350Z [INFO] [slaReminder] SLA_SCAN cases=1 respRemind=0 respEsc=0 closureRemind=0 closureEsc=0 surveyExpired=0
2026-09-05T19:25:40.486Z [INFO] [http] GET /api/v1/notifications/unread-count
2026-09-05T19:26:10.174Z [INFO] [http] GET /api/v1/notifications/unread-count
2026-09-05T19:26:17.365Z [INFO] [slaReminder] SLA_SCAN cases=1 respRemind=0 respEsc=0 closureRemind=0 closureEsc=0 surveyExpired=0
2026-09-05T19:26:40.484Z [INFO] [http] GET /api/v1/notifications/unread-count
2026-09-05T19:27:10.178Z [INFO] [http] GET /api/v1/notifications/unread-count
2026-09-05T19:27:17.375Z [INFO] [slaReminder] SLA_SCAN cases=1 respRemind=0 respEsc=0 closureRemind=0 closureEsc=0 surveyExpired=0
2026-09-05T19:27:40.483Z [INFO] [http] GET /api/v1/notifications/unread-count
2026-09-05T19:28:10.177Z [INFO] [http] GET /api/v1/notifications/unread-count
2026-09-05T19:28:17.385Z [INFO] [slaReminder] SLA_SCAN cases=1 respRemind=0 respEsc=0 closureRemind=0 closureEsc=0 surveyExpired=0
2026-09-05T19:28:40.484Z [INFO] [http] GET /api/v1/notifications/unread-count
2026-09-05T19:29:10.174Z [INFO] [http] GET /api/v1/notifications/unread-count
2026-09-05T19:29:17.395Z [INFO] [slaReminder] SLA_SCAN cases=1 respRemind=0 respEsc=0 closureRemind=0 closureEsc=0 surveyExpired=0
2026-09-05T19:29:40.497Z [INFO] [http] GET /api/v1/notifications/unread-count
2026-09-05T19:30:10.172Z [INFO] [http] GET /api/v1/notifications/unread-count
2026-09-05T19:30:17.398Z [INFO] [slaReminder] SLA_SCAN cases=1 respRemind=0 respEsc=0 closureRemind=0 closureEsc=0 surveyExpired=0
2026-09-05T19:30:40.485Z [INFO] [http] GET /api/v1/notifications/unread-count
2026-09-05T19:31:10.183Z [INFO] [http] GET /api/v1/notifications/unread-count
2026-09-05T19:31:17.408Z [INFO] [slaReminder] SLA_SCAN cases=1 respRemind=0 respEsc=0 closureRemind=0 closureEsc=0 surveyExpired=0
2026-09-05T19:31:40.486Z [INFO] [http] GET /api/v1/notifications/unread-count
2026-09-05T19:32:10.183Z [INFO] [http] GET /api/v1/notifications/unread-count
2026-09-05T19:32:17.417Z [INFO] [slaReminder] SLA_SCAN cases=1 respRemind=0 respEsc=0 closureRemind=0 closureEsc=0 surveyExpired=0
2026-09-05T19:32:40.495Z [INFO] [http] GET /api/v1/notifications/unread-count
2026-09-05T19:33:10.174Z [INFO] [http] GET /api/v1/notifications/unread-count
2026-09-05T19:33:17.421Z [INFO] [slaReminder] SLA_SCAN cases=1 respRemind=0 respEsc=0 closureRemind=0 closureEsc=0 surveyExpired=0
2026-09-05T19:33:40.482Z [INFO] [http] GET /api/v1/notifications/unread-count
2026-09-05T19:34:10.183Z [INFO] [http] GET /api/v1/notifications/unread-count
2026-09-05T19:34:17.437Z [INFO] [slaReminder] SLA_SCAN cases=1 respRemind=0 respEsc=0 closureRemind=0 closureEsc=0 surveyExpired=0
2026-09-05T19:34:40.480Z [INFO] [http] GET /api/v1/notifications/unread-count
2026-09-05T19:35:10.172Z [INFO] [http] GET /api/v1/notifications/unread-count
2026-09-05T19:35:17.453Z [INFO] [slaReminder] SLA_SCAN cases=1 respRemind=0 respEsc=0 closureRemind=0 closureEsc=0 surveyExpired=0
2026-09-05T19:35:40.481Z [INFO] [http] GET /api/v1/notifications/unread-count
2026-09-05T19:36:10.177Z [INFO] [http] GET /api/v1/notifications/unread-count
2026-09-05T19:36:17.464Z [INFO] [slaReminder] SLA_SCAN cases=1 respRemind=0 respEsc=0 closureRemind=0 closureEsc=0 surveyExpired=0
2026-09-05T19:36:40.484Z [INFO] [http] GET /api/v1/notifications/unread-count
2026-09-05T19:37:10.481Z [INFO] [http] GET /api/v1/notifications/unread-count
2026-09-05T19:37:17.473Z [INFO] [slaReminder] SLA_SCAN cases=1 respRemind=0 respEsc=0 closureRemind=0 closureEsc=0 surveyExpired=0
2026-09-05T19:37:40.212Z [INFO] [http] GET /api/v1/notifications/unread-count
2026-09-05T19:38:10.488Z [INFO] [http] GET /api/v1/notifications/unread-count
2026-09-05T19:38:17.483Z [INFO] [slaReminder] SLA_SCAN cases=1 respRemind=0 respEsc=0 closureRemind=0 closureEsc=0 surveyExpired=0
2026-09-05T19:38:40.185Z [INFO] [http] GET /api/v1/notifications/unread-count
2026-09-05T19:39:10.490Z [INFO] [http] GET /api/v1/notifications/unread-count
2026-09-05T19:39:17.493Z [INFO] [slaReminder] SLA_SCAN cases=1 respRemind=0 respEsc=0 closureRemind=0 closureEsc=0 surveyExpired=0
2026-09-05T19:39:40.480Z [INFO] [http] GET /api/v1/notifications/unread-count
2026-09-05T19:40:10.476Z [INFO] [http] GET /api/v1/notifications/unread-count
2026-09-05T19:40:17.496Z [INFO] [slaReminder] SLA_SCAN cases=1 respRemind=0 respEsc=0 closureRemind=0 closureEsc=0 surveyExpired=0
2026-09-05T19:40:40.489Z [INFO] [http] GET /api/v1/notifications/unread-count
2026-09-05T19:41:10.490Z [INFO] [http] GET /api/v1/notifications/unread-count
2026-09-05T19:41:17.503Z [INFO] [slaReminder] SLA_SCAN cases=1 respRemind=0 respEsc=0 closureRemind=0 closureEsc=0 surveyExpired=0
2026-09-05T19:41:40.486Z [INFO] [http] GET /api/v1/notifications/unread-count
2026-09-05T19:42:10.491Z [INFO] [http] GET /api/v1/notifications/unread-count
2026-09-05T19:42:17.518Z [INFO] [slaReminder] SLA_SCAN cases=1 respRemind=0 respEsc=0 closureRemind=0 closureEsc=0 surveyExpired=0
2026-09-05T19:42:40.491Z [INFO] [http] GET /api/v1/notifications/unread-count
2026-09-05T19:43:10.491Z [INFO] [http] GET /api/v1/notifications/unread-count
2026-09-05T19:43:17.529Z [INFO] [slaReminder] SLA_SCAN cases=1 respRemind=0 respEsc=0 closureRemind=0 closureEsc=0 surveyExpired=0
2026-09-05T19:43:40.499Z [INFO] [http] GET /api/v1/notifications/unread-count
2026-09-05T19:44:10.525Z [INFO] [http] GET /api/v1/notifications/unread-count
2026-09-05T19:44:17.544Z [INFO] [slaReminder] SLA_SCAN cases=1 respRemind=0 respEsc=0 closureRemind=0 closureEsc=0 surveyExpired=0
2026-09-05T19:44:40.178Z [INFO] [http] GET /api/v1/notifications/unread-count
2026-09-05T19:45:10.484Z [INFO] [http] GET /api/v1/notifications/unread-count
2026-09-05T19:45:17.549Z [INFO] [slaReminder] SLA_SCAN cases=1 respRemind=0 respEsc=0 closureRemind=0 closureEsc=0 surveyExpired=0
2026-09-05T19:45:40.487Z [INFO] [http] GET /api/v1/notifications/unread-count
2026-09-05T19:46:10.174Z [INFO] [http] GET /api/v1/notifications/unread-count
2026-09-05T19:46:17.571Z [INFO] [slaReminder] SLA_SCAN cases=1 respRemind=0 respEsc=0 closureRemind=0 closureEsc=0 surveyExpired=0
2026-09-05T19:46:40.493Z [INFO] [http] GET /api/v1/notifications/unread-count
2026-09-05T19:47:10.170Z [INFO] [http] GET /api/v1/notifications/unread-count
2026-09-05T19:47:17.573Z [INFO] [slaReminder] SLA_SCAN cases=1 respRemind=0 respEsc=0 closureRemind=0 closureEsc=0 surveyExpired=0
2026-09-05T19:47:40.496Z [INFO] [http] GET /api/v1/notifications/unread-count
2026-09-05T19:48:10.176Z [INFO] [http] GET /api/v1/notifications/unread-count
2026-09-05T19:48:17.583Z [INFO] [slaReminder] SLA_SCAN cases=1 respRemind=0 respEsc=0 closureRemind=0 closureEsc=0 surveyExpired=0
2026-09-05T19:48:40.478Z [INFO] [http] GET /api/v1/notifications/unread-count
2026-09-05T19:49:10.493Z [INFO] [http] GET /api/v1/notifications/unread-count
2026-09-05T19:49:17.600Z [INFO] [slaReminder] SLA_SCAN cases=1 respRemind=0 respEsc=0 closureRemind=0 closureEsc=0 surveyExpired=0
2026-09-05T19:49:40.484Z [INFO] [http] GET /api/v1/notifications/unread-count
2026-09-05T19:50:10.481Z [INFO] [http] GET /api/v1/notifications/unread-count
2026-09-05T19:50:17.611Z [INFO] [slaReminder] SLA_SCAN cases=1 respRemind=0 respEsc=0 closureRemind=0 closureEsc=0 surveyExpired=0
2026-09-05T19:50:40.178Z [INFO] [http] GET /api/v1/notifications/unread-count
2026-09-05T19:51:10.492Z [INFO] [http] GET /api/v1/notifications/unread-count
2026-09-05T19:51:17.625Z [INFO] [slaReminder] SLA_SCAN cases=1 respRemind=0 respEsc=0 closureRemind=0 closureEsc=0 surveyExpired=0
2026-09-05T19:51:40.167Z [INFO] [http] GET /api/v1/notifications/unread-count
2026-09-05T19:52:10.483Z [INFO] [http] GET /api/v1/notifications/unread-count
2026-09-05T19:52:17.640Z [INFO] [slaReminder] SLA_SCAN cases=1 respRemind=0 respEsc=0 closureRemind=0 closureEsc=0 surveyExpired=0
2026-09-05T19:52:40.175Z [INFO] [http] GET /api/v1/notifications/unread-count
2026-09-05T19:53:10.489Z [INFO] [http] GET /api/v1/notifications/unread-count
2026-09-05T19:53:17.652Z [INFO] [slaReminder] SLA_SCAN cases=1 respRemind=0 respEsc=0 closureRemind=0 closureEsc=0 surveyExpired=0
2026-09-05T19:53:40.179Z [INFO] [http] GET /api/v1/notifications/unread-count
2026-09-05T19:54:10.486Z [INFO] [http] GET /api/v1/notifications/unread-count
2026-09-05T19:54:17.664Z [INFO] [slaReminder] SLA_SCAN cases=1 respRemind=0 respEsc=0 closureRemind=0 closureEsc=0 surveyExpired=0
2026-09-05T19:54:40.169Z [INFO] [http] GET /api/v1/notifications/unread-count
2026-09-05T19:55:10.488Z [INFO] [http] GET /api/v1/notifications/unread-count
2026-09-05T19:55:17.677Z [INFO] [slaReminder] SLA_SCAN cases=1 respRemind=0 respEsc=0 closureRemind=0 closureEsc=0 surveyExpired=0
2026-09-05T19:55:40.175Z [INFO] [http] GET /api/v1/notifications/unread-count
2026-09-05T19:56:10.482Z [INFO] [http] GET /api/v1/notifications/unread-count
2026-09-05T19:56:17.676Z [INFO] [slaReminder] SLA_SCAN cases=1 respRemind=0 respEsc=0 closureRemind=0 closureEsc=0 surveyExpired=0
2026-09-05T19:56:40.171Z [INFO] [http] GET /api/v1/notifications/unread-count
2026-09-05T19:57:10.473Z [INFO] [http] GET /api/v1/notifications/unread-count
2026-09-05T19:57:17.684Z [INFO] [slaReminder] SLA_SCAN cases=1 respRemind=0 respEsc=0 closureRemind=0 closureEsc=0 surveyExpired=0
2026-09-05T19:57:40.173Z [INFO] [http] GET /api/v1/notifications/unread-count
2026-09-05T19:58:10.476Z [INFO] [http] GET /api/v1/notifications/unread-count
2026-09-05T19:58:17.699Z [INFO] [slaReminder] SLA_SCAN cases=1 respRemind=0 respEsc=0 closureRemind=0 closureEsc=0 surveyExpired=0
2026-09-05T19:58:40.168Z [INFO] [http] GET /api/v1/notifications/unread-count
2026-09-05T19:59:10.488Z [INFO] [http] GET /api/v1/notifications/unread-count
2026-09-05T19:59:17.711Z [INFO] [slaReminder] SLA_SCAN cases=1 respRemind=0 respEsc=0 closureRemind=0 closureEsc=0 surveyExpired=0
2026-09-05T19:59:40.165Z [INFO] [http] GET /api/v1/notifications/unread-count
2026-09-05T20:00:10.486Z [INFO] [http] GET /api/v1/notifications/unread-count
2026-09-05T20:00:17.718Z [INFO] [slaReminder] SLA_SCAN cases=1 respRemind=0 respEsc=0 closureRemind=0 closureEsc=0 surveyExpired=0
2026-09-05T20:00:40.179Z [INFO] [http] GET /api/v1/notifications/unread-count
2026-09-05T20:01:10.483Z [INFO] [http] GET /api/v1/notifications/unread-count
2026-09-05T20:01:17.726Z [INFO] [slaReminder] SLA_SCAN cases=1 respRemind=0 respEsc=0 closureRemind=0 closureEsc=0 surveyExpired=0
2026-09-05T20:01:40.170Z [INFO] [http] GET /api/v1/notifications/unread-count
2026-09-05T20:02:10.477Z [INFO] [http] GET /api/v1/notifications/unread-count
2026-09-05T20:02:17.730Z [INFO] [slaReminder] SLA_SCAN cases=1 respRemind=0 respEsc=0 closureRemind=0 closureEsc=0 surveyExpired=0
2026-09-05T20:02:40.173Z [INFO] [http] GET /api/v1/notifications/unread-count
2026-09-05T20:03:10.480Z [INFO] [http] GET /api/v1/notifications/unread-count
2026-09-05T20:03:17.736Z [INFO] [slaReminder] SLA_SCAN cases=1 respRemind=0 respEsc=0 closureRemind=0 closureEsc=0 surveyExpired=0
2026-09-05T20:03:40.178Z [INFO] [http] GET /api/v1/notifications/unread-count
2026-09-05T20:04:10.525Z [INFO] [http] GET /api/v1/notifications/unread-count
2026-09-05T20:04:17.749Z [INFO] [slaReminder] SLA_SCAN cases=1 respRemind=0 respEsc=0 closureRemind=0 closureEsc=0 surveyExpired=0
2026-09-05T20:04:40.174Z [INFO] [http] GET /api/v1/notifications/unread-count
2026-09-05T20:05:10.479Z [INFO] [http] GET /api/v1/notifications/unread-count
2026-09-05T20:05:17.756Z [INFO] [slaReminder] SLA_SCAN cases=1 respRemind=0 respEsc=0 closureRemind=0 closureEsc=0 surveyExpired=0
2026-09-05T20:05:40.167Z [INFO] [http] GET /api/v1/notifications/unread-count
2026-09-05T20:06:10.478Z [INFO] [http] GET /api/v1/notifications/unread-count
2026-09-05T20:06:17.772Z [INFO] [slaReminder] SLA_SCAN cases=1 respRemind=0 respEsc=0 closureRemind=0 closureEsc=0 surveyExpired=0
2026-09-05T20:06:40.169Z [INFO] [http] GET /api/v1/notifications/unread-count
2026-09-05T20:07:10.485Z [INFO] [http] GET /api/v1/notifications/unread-count
2026-09-05T20:07:17.778Z [INFO] [slaReminder] SLA_SCAN cases=1 respRemind=0 respEsc=0 closureRemind=0 closureEsc=0 surveyExpired=0
2026-09-05T20:07:40.165Z [INFO] [http] GET /api/v1/notifications/unread-count
2026-09-05T20:08:10.476Z [INFO] [http] GET /api/v1/notifications/unread-count
2026-09-05T20:08:17.785Z [INFO] [slaReminder] SLA_SCAN cases=1 respRemind=0 respEsc=0 closureRemind=0 closureEsc=0 surveyExpired=0
2026-09-05T20:08:40.166Z [INFO] [http] GET /api/v1/notifications/unread-count
2026-09-05T20:09:10.478Z [INFO] [http] GET /api/v1/notifications/unread-count
2026-09-05T20:09:17.792Z [INFO] [slaReminder] SLA_SCAN cases=1 respRemind=0 respEsc=0 closureRemind=0 closureEsc=0 surveyExpired=0
2026-09-05T20:09:40.174Z [INFO] [http] GET /api/v1/notifications/unread-count
2026-09-05T20:10:10.475Z [INFO] [http] GET /api/v1/notifications/unread-count
2026-09-05T20:10:17.796Z [INFO] [slaReminder] SLA_SCAN cases=1 respRemind=0 respEsc=0 closureRemind=0 closureEsc=0 surveyExpired=0
2026-09-05T20:10:40.176Z [INFO] [http] GET /api/v1/notifications/unread-count
2026-09-05T20:11:10.481Z [INFO] [http] GET /api/v1/notifications/unread-count
2026-09-05T20:11:17.806Z [INFO] [slaReminder] SLA_SCAN cases=1 respRemind=0 respEsc=0 closureRemind=0 closureEsc=0 surveyExpired=0
2026-09-05T20:11:40.167Z [INFO] [http] GET /api/v1/notifications/unread-count
2026-09-05T20:12:10.480Z [INFO] [http] GET /api/v1/notifications/unread-count
2026-09-05T20:12:17.814Z [INFO] [slaReminder] SLA_SCAN cases=1 respRemind=0 respEsc=0 closureRemind=0 closureEsc=0 surveyExpired=0
2026-09-05T20:12:40.171Z [INFO] [http] GET /api/v1/notifications/unread-count
2026-09-05T20:13:10.481Z [INFO] [http] GET /api/v1/notifications/unread-count
2026-09-05T20:13:17.818Z [INFO] [slaReminder] SLA_SCAN cases=1 respRemind=0 respEsc=0 closureRemind=0 closureEsc=0 surveyExpired=0
2026-09-05T20:13:40.172Z [INFO] [http] GET /api/v1/notifications/unread-count
2026-09-05T20:14:10.488Z [INFO] [http] GET /api/v1/notifications/unread-count
2026-09-05T20:14:17.825Z [INFO] [slaReminder] SLA_SCAN cases=1 respRemind=0 respEsc=0 closureRemind=0 closureEsc=0 surveyExpired=0
2026-09-05T20:14:40.166Z [INFO] [http] GET /api/v1/notifications/unread-count
2026-09-05T20:15:10.475Z [INFO] [http] GET /api/v1/notifications/unread-count
2026-09-05T20:15:17.833Z [INFO] [slaReminder] SLA_SCAN cases=1 respRemind=0 respEsc=0 closureRemind=0 closureEsc=0 surveyExpired=0
2026-09-05T20:15:40.171Z [INFO] [http] GET /api/v1/notifications/unread-count
2026-09-05T20:16:10.472Z [INFO] [http] GET /api/v1/notifications/unread-count
2026-09-05T20:16:17.856Z [INFO] [slaReminder] SLA_SCAN cases=1 respRemind=0 respEsc=0 closureRemind=0 closureEsc=0 surveyExpired=0
2026-09-05T20:16:40.167Z [INFO] [http] GET /api/v1/notifications/unread-count
2026-09-05T20:17:10.489Z [INFO] [http] GET /api/v1/notifications/unread-count
2026-09-05T20:17:17.859Z [INFO] [slaReminder] SLA_SCAN cases=1 respRemind=0 respEsc=0 closureRemind=0 closureEsc=0 surveyExpired=0
2026-09-05T20:17:40.175Z [INFO] [http] GET /api/v1/notifications/unread-count
2026-09-05T20:18:10.483Z [INFO] [http] GET /api/v1/notifications/unread-count
2026-09-05T20:18:17.873Z [INFO] [slaReminder] SLA_SCAN cases=1 respRemind=0 respEsc=0 closureRemind=0 closureEsc=0 surveyExpired=0
2026-09-05T20:18:40.177Z [INFO] [http] GET /api/v1/notifications/unread-count
2026-09-05T20:19:10.486Z [INFO] [http] GET /api/v1/notifications/unread-count
2026-09-05T20:19:17.889Z [INFO] [slaReminder] SLA_SCAN cases=1 respRemind=0 respEsc=0 closureRemind=0 closureEsc=0 surveyExpired=0
2026-09-05T20:19:40.482Z [INFO] [http] GET /api/v1/notifications/unread-count
2026-09-05T20:20:10.476Z [INFO] [http] GET /api/v1/notifications/unread-count
2026-09-05T20:20:17.899Z [INFO] [slaReminder] SLA_SCAN cases=1 respRemind=0 respEsc=0 closureRemind=0 closureEsc=0 surveyExpired=0
2026-09-05T20:20:40.172Z [INFO] [http] GET /api/v1/notifications/unread-count
2026-09-05T20:21:10.477Z [INFO] [http] GET /api/v1/notifications/unread-count
2026-09-05T20:21:17.902Z [INFO] [slaReminder] SLA_SCAN cases=1 respRemind=0 respEsc=0 closureRemind=0 closureEsc=0 surveyExpired=0
2026-09-05T20:21:40.166Z [INFO] [http] GET /api/v1/notifications/unread-count
2026-09-05T20:22:10.485Z [INFO] [http] GET /api/v1/notifications/unread-count
2026-09-05T20:22:17.909Z [INFO] [slaReminder] SLA_SCAN cases=1 respRemind=0 respEsc=0 closureRemind=0 closureEsc=0 surveyExpired=0
2026-09-05T20:22:40.170Z [INFO] [http] GET /api/v1/notifications/unread-count
2026-09-05T20:23:10.484Z [INFO] [http] GET /api/v1/notifications/unread-count
2026-09-05T20:23:17.914Z [INFO] [slaReminder] SLA_SCAN cases=1 respRemind=0 respEsc=0 closureRemind=0 closureEsc=0 surveyExpired=0
2026-09-05T20:23:40.163Z [INFO] [http] GET /api/v1/notifications/unread-count
2026-09-05T20:24:10.479Z [INFO] [http] GET /api/v1/notifications/unread-count
2026-09-05T20:24:17.925Z [INFO] [slaReminder] SLA_SCAN cases=1 respRemind=0 respEsc=0 closureRemind=0 closureEsc=0 surveyExpired=0
2026-09-05T20:24:40.165Z [INFO] [http] GET /api/v1/notifications/unread-count
2026-09-05T20:25:10.471Z [INFO] [http] GET /api/v1/notifications/unread-count
2026-09-05T20:25:17.937Z [INFO] [slaReminder] SLA_SCAN cases=1 respRemind=0 respEsc=0 closureRemind=0 closureEsc=0 surveyExpired=0
2026-09-05T20:25:40.169Z [INFO] [http] GET /api/v1/notifications/unread-count
2026-09-05T20:26:10.478Z [INFO] [http] GET /api/v1/notifications/unread-count
2026-09-05T20:26:17.949Z [INFO] [slaReminder] SLA_SCAN cases=1 respRemind=0 respEsc=0 closureRemind=0 closureEsc=0 surveyExpired=0
2026-09-05T20:26:40.165Z [INFO] [http] GET /api/v1/notifications/unread-count
2026-09-05T20:27:10.471Z [INFO] [http] GET /api/v1/notifications/unread-count
2026-09-05T20:27:17.950Z [INFO] [slaReminder] SLA_SCAN cases=1 respRemind=0 respEsc=0 closureRemind=0 closureEsc=0 surveyExpired=0
2026-09-05T20:27:40.163Z [INFO] [http] GET /api/v1/notifications/unread-count
2026-09-05T20:28:10.481Z [INFO] [http] GET /api/v1/notifications/unread-count
2026-09-05T20:28:17.954Z [INFO] [slaReminder] SLA_SCAN cases=1 respRemind=0 respEsc=0 closureRemind=0 closureEsc=0 surveyExpired=0
2026-09-05T20:28:40.172Z [INFO] [http] GET /api/v1/notifications/unread-count
2026-09-05T20:29:10.504Z [INFO] [http] GET /api/v1/notifications/unread-count
2026-09-05T20:29:17.957Z [INFO] [slaReminder] SLA_SCAN cases=1 respRemind=0 respEsc=0 closureRemind=0 closureEsc=0 surveyExpired=0
2026-09-05T20:29:40.493Z [INFO] [http] GET /api/v1/notifications/unread-count
2026-09-05T20:30:10.468Z [INFO] [http] GET /api/v1/notifications/unread-count
2026-09-05T20:30:17.965Z [INFO] [slaReminder] SLA_SCAN cases=1 respRemind=0 respEsc=0 closureRemind=0 closureEsc=0 surveyExpired=0
2026-09-05T20:30:40.169Z [INFO] [http] GET /api/v1/notifications/unread-count
2026-09-05T20:31:10.476Z [INFO] [http] GET /api/v1/notifications/unread-count
2026-09-05T20:31:17.975Z [INFO] [slaReminder] SLA_SCAN cases=1 respRemind=0 respEsc=0 closureRemind=0 closureEsc=0 surveyExpired=0
2026-09-05T20:31:40.162Z [INFO] [http] GET /api/v1/notifications/unread-count
2026-09-05T20:32:10.483Z [INFO] [http] GET /api/v1/notifications/unread-count
2026-09-05T20:32:17.986Z [INFO] [slaReminder] SLA_SCAN cases=1 respRemind=0 respEsc=0 closureRemind=0 closureEsc=0 surveyExpired=0
2026-09-05T20:32:40.173Z [INFO] [http] GET /api/v1/notifications/unread-count
2026-09-05T20:33:10.469Z [INFO] [http] GET /api/v1/notifications/unread-count
2026-09-05T20:33:17.995Z [INFO] [slaReminder] SLA_SCAN cases=1 respRemind=0 respEsc=0 closureRemind=0 closureEsc=0 surveyExpired=0
2026-09-05T20:33:40.168Z [INFO] [http] GET /api/v1/notifications/unread-count
2026-09-05T20:34:10.605Z [INFO] [http] GET /api/v1/notifications/unread-count
2026-09-05T20:34:18.012Z [INFO] [slaReminder] SLA_SCAN cases=1 respRemind=0 respEsc=0 closureRemind=0 closureEsc=0 surveyExpired=0
2026-09-05T20:34:40.481Z [INFO] [http] GET /api/v1/notifications/unread-count
2026-09-05T20:35:10.165Z [INFO] [http] GET /api/v1/notifications/unread-count
2026-09-05T20:35:18.017Z [INFO] [slaReminder] SLA_SCAN cases=1 respRemind=0 respEsc=0 closureRemind=0 closureEsc=0 surveyExpired=0
2026-09-05T20:35:40.482Z [INFO] [http] GET /api/v1/notifications/unread-count
2026-09-05T20:36:10.171Z [INFO] [http] GET /api/v1/notifications/unread-count
2026-09-05T20:36:18.021Z [INFO] [slaReminder] SLA_SCAN cases=1 respRemind=0 respEsc=0 closureRemind=0 closureEsc=0 surveyExpired=0
2026-09-05T20:36:40.471Z [INFO] [http] GET /api/v1/notifications/unread-count
2026-09-05T20:37:10.174Z [INFO] [http] GET /api/v1/notifications/unread-count
2026-09-05T20:37:18.024Z [INFO] [slaReminder] SLA_SCAN cases=1 respRemind=0 respEsc=0 closureRemind=0 closureEsc=0 surveyExpired=0
2026-09-05T20:37:40.476Z [INFO] [http] GET /api/v1/notifications/unread-count
2026-09-05T20:38:10.173Z [INFO] [http] GET /api/v1/notifications/unread-count
2026-09-05T20:38:18.029Z [INFO] [slaReminder] SLA_SCAN cases=1 respRemind=0 respEsc=0 closureRemind=0 closureEsc=0 surveyExpired=0
2026-09-05T20:38:40.482Z [INFO] [http] GET /api/v1/notifications/unread-count
2026-09-05T20:39:10.171Z [INFO] [http] GET /api/v1/notifications/unread-count
2026-09-05T20:39:18.043Z [INFO] [slaReminder] SLA_SCAN cases=1 respRemind=0 respEsc=0 closureRemind=0 closureEsc=0 surveyExpired=0
2026-09-05T20:39:40.470Z [INFO] [http] GET /api/v1/notifications/unread-count
2026-09-05T20:40:10.171Z [INFO] [http] GET /api/v1/notifications/unread-count
2026-09-05T20:40:18.050Z [INFO] [slaReminder] SLA_SCAN cases=1 respRemind=0 respEsc=0 closureRemind=0 closureEsc=0 surveyExpired=0
2026-09-05T20:40:40.471Z [INFO] [http] GET /api/v1/notifications/unread-count
2026-09-05T20:41:10.163Z [INFO] [http] GET /api/v1/notifications/unread-count
2026-09-05T20:41:18.058Z [INFO] [slaReminder] SLA_SCAN cases=1 respRemind=0 respEsc=0 closureRemind=0 closureEsc=0 surveyExpired=0
2026-09-05T20:41:40.486Z [INFO] [http] GET /api/v1/notifications/unread-count
2026-09-05T20:42:10.163Z [INFO] [http] GET /api/v1/notifications/unread-count
2026-09-05T20:42:18.064Z [INFO] [slaReminder] SLA_SCAN cases=1 respRemind=0 respEsc=0 closureRemind=0 closureEsc=0 surveyExpired=0
2026-09-05T20:42:40.469Z [INFO] [http] GET /api/v1/notifications/unread-count
2026-09-05T20:43:10.162Z [INFO] [http] GET /api/v1/notifications/unread-count
2026-09-05T20:43:18.077Z [INFO] [slaReminder] SLA_SCAN cases=1 respRemind=0 respEsc=0 closureRemind=0 closureEsc=0 surveyExpired=0
2026-09-05T20:43:40.476Z [INFO] [http] GET /api/v1/notifications/unread-count
2026-09-05T20:44:10.186Z [INFO] [http] GET /api/v1/notifications/unread-count
2026-09-05T20:44:18.088Z [INFO] [slaReminder] SLA_SCAN cases=1 respRemind=0 respEsc=0 closureRemind=0 closureEsc=0 surveyExpired=0
2026-09-05T20:44:40.468Z [INFO] [http] GET /api/v1/notifications/unread-count
2026-09-05T20:45:10.173Z [INFO] [http] GET /api/v1/notifications/unread-count
2026-09-05T20:45:18.100Z [INFO] [slaReminder] SLA_SCAN cases=1 respRemind=0 respEsc=0 closureRemind=0 closureEsc=0 surveyExpired=0
2026-09-05T20:45:40.483Z [INFO] [http] GET /api/v1/notifications/unread-count
2026-09-05T20:46:10.478Z [INFO] [http] GET /api/v1/notifications/unread-count
2026-09-05T20:46:18.100Z [INFO] [slaReminder] SLA_SCAN cases=1 respRemind=0 respEsc=0 closureRemind=0 closureEsc=0 surveyExpired=0
2026-09-05T20:46:40.171Z [INFO] [http] GET /api/v1/notifications/unread-count
2026-09-05T20:47:10.468Z [INFO] [http] GET /api/v1/notifications/unread-count
2026-09-05T20:47:18.115Z [INFO] [slaReminder] SLA_SCAN cases=1 respRemind=0 respEsc=0 closureRemind=0 closureEsc=0 surveyExpired=0
2026-09-05T20:47:40.172Z [INFO] [http] GET /api/v1/notifications/unread-count
2026-09-05T20:48:10.479Z [INFO] [http] GET /api/v1/notifications/unread-count
2026-09-05T20:48:18.127Z [INFO] [slaReminder] SLA_SCAN cases=1 respRemind=0 respEsc=0 closureRemind=0 closureEsc=0 surveyExpired=0
2026-09-05T20:48:40.166Z [INFO] [http] GET /api/v1/notifications/unread-count
2026-09-05T20:49:10.483Z [INFO] [http] GET /api/v1/notifications/unread-count
2026-09-05T20:49:18.131Z [INFO] [slaReminder] SLA_SCAN cases=1 respRemind=0 respEsc=0 closureRemind=0 closureEsc=0 surveyExpired=0
2026-09-05T20:49:40.172Z [INFO] [http] GET /api/v1/notifications/unread-count
2026-09-05T20:50:10.479Z [INFO] [http] GET /api/v1/notifications/unread-count
2026-09-05T20:50:18.144Z [INFO] [slaReminder] SLA_SCAN cases=1 respRemind=0 respEsc=0 closureRemind=0 closureEsc=0 surveyExpired=0
2026-09-05T20:50:40.165Z [INFO] [http] GET /api/v1/notifications/unread-count
2026-09-05T20:51:10.467Z [INFO] [http] GET /api/v1/notifications/unread-count
2026-09-05T20:51:18.156Z [INFO] [slaReminder] SLA_SCAN cases=1 respRemind=0 respEsc=0 closureRemind=0 closureEsc=0 surveyExpired=0
2026-09-05T20:51:40.164Z [INFO] [http] GET /api/v1/notifications/unread-count
2026-09-05T20:52:10.493Z [INFO] [http] GET /api/v1/notifications/unread-count
2026-09-05T20:52:18.167Z [INFO] [slaReminder] SLA_SCAN cases=1 respRemind=0 respEsc=0 closureRemind=0 closureEsc=0 surveyExpired=0
2026-09-05T20:52:40.163Z [INFO] [http] GET /api/v1/notifications/unread-count
2026-09-05T20:53:10.474Z [INFO] [http] GET /api/v1/notifications/unread-count
2026-09-05T20:53:18.171Z [INFO] [slaReminder] SLA_SCAN cases=1 respRemind=0 respEsc=0 closureRemind=0 closureEsc=0 surveyExpired=0
2026-09-05T20:53:40.158Z [INFO] [http] GET /api/v1/notifications/unread-count
2026-09-05T20:54:10.483Z [INFO] [http] GET /api/v1/notifications/unread-count
2026-09-05T20:54:18.182Z [INFO] [slaReminder] SLA_SCAN cases=1 respRemind=0 respEsc=0 closureRemind=0 closureEsc=0 surveyExpired=0
2026-09-05T20:54:40.169Z [INFO] [http] GET /api/v1/notifications/unread-count
2026-09-05T20:55:10.478Z [INFO] [http] GET /api/v1/notifications/unread-count
2026-09-05T20:55:18.193Z [INFO] [slaReminder] SLA_SCAN cases=1 respRemind=0 respEsc=0 closureRemind=0 closureEsc=0 surveyExpired=0
2026-09-05T20:55:40.162Z [INFO] [http] GET /api/v1/notifications/unread-count
2026-09-05T20:56:10.478Z [INFO] [http] GET /api/v1/notifications/unread-count
2026-09-05T20:56:18.196Z [INFO] [slaReminder] SLA_SCAN cases=1 respRemind=0 respEsc=0 closureRemind=0 closureEsc=0 surveyExpired=0
2026-09-05T20:56:40.168Z [INFO] [http] GET /api/v1/notifications/unread-count
2026-09-05T20:57:10.475Z [INFO] [http] GET /api/v1/notifications/unread-count
2026-09-05T20:57:18.200Z [INFO] [slaReminder] SLA_SCAN cases=1 respRemind=0 respEsc=0 closureRemind=0 closureEsc=0 surveyExpired=0
2026-09-05T20:57:40.159Z [INFO] [http] GET /api/v1/notifications/unread-count
2026-09-05T20:58:10.467Z [INFO] [http] GET /api/v1/notifications/unread-count
2026-09-05T20:58:18.214Z [INFO] [slaReminder] SLA_SCAN cases=1 respRemind=0 respEsc=0 closureRemind=0 closureEsc=0 surveyExpired=0
2026-09-05T20:58:40.156Z [INFO] [http] GET /api/v1/notifications/unread-count
2026-09-05T20:59:10.488Z [INFO] [http] GET /api/v1/notifications/unread-count
2026-09-05T20:59:18.223Z [INFO] [slaReminder] SLA_SCAN cases=1 respRemind=0 respEsc=0 closureRemind=0 closureEsc=0 surveyExpired=0
2026-09-05T20:59:40.469Z [INFO] [http] GET /api/v1/notifications/unread-count
2026-09-05T21:00:10.479Z [INFO] [http] GET /api/v1/notifications/unread-count
2026-09-05T21:00:18.231Z [INFO] [slaReminder] SLA_SCAN cases=1 respRemind=0 respEsc=0 closureRemind=0 closureEsc=0 surveyExpired=0
2026-09-05T21:00:40.161Z [INFO] [http] GET /api/v1/notifications/unread-count
2026-09-05T21:01:10.467Z [INFO] [http] GET /api/v1/notifications/unread-count
2026-09-05T21:01:18.238Z [INFO] [slaReminder] SLA_SCAN cases=1 respRemind=0 respEsc=0 closureRemind=0 closureEsc=0 surveyExpired=0
2026-09-05T21:01:40.157Z [INFO] [http] GET /api/v1/notifications/unread-count
2026-09-05T21:02:10.474Z [INFO] [http] GET /api/v1/notifications/unread-count
2026-09-05T21:02:18.243Z [INFO] [slaReminder] SLA_SCAN cases=1 respRemind=0 respEsc=0 closureRemind=0 closureEsc=0 surveyExpired=0
2026-09-05T21:02:40.166Z [INFO] [http] GET /api/v1/notifications/unread-count
2026-09-05T21:03:10.471Z [INFO] [http] GET /api/v1/notifications/unread-count
2026-09-05T21:03:18.247Z [INFO] [slaReminder] SLA_SCAN cases=1 respRemind=0 respEsc=0 closureRemind=0 closureEsc=0 surveyExpired=0
2026-09-05T21:03:40.166Z [INFO] [http] GET /api/v1/notifications/unread-count
2026-09-05T21:04:10.482Z [INFO] [http] GET /api/v1/notifications/unread-count
2026-09-05T21:04:18.262Z [INFO] [slaReminder] SLA_SCAN cases=1 respRemind=0 respEsc=0 closureRemind=0 closureEsc=0 surveyExpired=0
2026-09-05T21:04:40.169Z [INFO] [http] GET /api/v1/notifications/unread-count
2026-09-05T21:05:10.471Z [INFO] [http] GET /api/v1/notifications/unread-count
2026-09-05T21:05:18.263Z [INFO] [slaReminder] SLA_SCAN cases=1 respRemind=0 respEsc=0 closureRemind=0 closureEsc=0 surveyExpired=0
2026-09-05T21:05:40.162Z [INFO] [http] GET /api/v1/notifications/unread-count
2026-09-05T21:06:10.470Z [INFO] [http] GET /api/v1/notifications/unread-count
2026-09-05T21:06:18.277Z [INFO] [slaReminder] SLA_SCAN cases=1 respRemind=0 respEsc=0 closureRemind=0 closureEsc=0 surveyExpired=0
2026-09-05T21:06:40.166Z [INFO] [http] GET /api/v1/notifications/unread-count
2026-09-05T21:07:10.469Z [INFO] [http] GET /api/v1/notifications/unread-count
2026-09-05T21:07:18.290Z [INFO] [slaReminder] SLA_SCAN cases=1 respRemind=0 respEsc=0 closureRemind=0 closureEsc=0 surveyExpired=0
2026-09-05T21:07:40.170Z [INFO] [http] GET /api/v1/notifications/unread-count
2026-09-05T21:08:10.477Z [INFO] [http] GET /api/v1/notifications/unread-count
2026-09-05T21:08:18.296Z [INFO] [slaReminder] SLA_SCAN cases=1 respRemind=0 respEsc=0 closureRemind=0 closureEsc=0 surveyExpired=0
2026-09-05T21:08:40.164Z [INFO] [http] GET /api/v1/notifications/unread-count
2026-09-05T21:09:10.472Z [INFO] [http] GET /api/v1/notifications/unread-count
2026-09-05T21:09:18.309Z [INFO] [slaReminder] SLA_SCAN cases=1 respRemind=0 respEsc=0 closureRemind=0 closureEsc=0 surveyExpired=0
2026-09-05T21:09:40.156Z [INFO] [http] GET /api/v1/notifications/unread-count
2026-09-05T21:10:10.478Z [INFO] [http] GET /api/v1/notifications/unread-count
2026-09-05T21:10:18.314Z [INFO] [slaReminder] SLA_SCAN cases=1 respRemind=0 respEsc=0 closureRemind=0 closureEsc=0 surveyExpired=0
2026-09-05T21:10:40.166Z [INFO] [http] GET /api/v1/notifications/unread-count
2026-09-05T21:11:10.475Z [INFO] [http] GET /api/v1/notifications/unread-count
2026-09-05T21:11:18.328Z [INFO] [slaReminder] SLA_SCAN cases=1 respRemind=0 respEsc=0 closureRemind=0 closureEsc=0 surveyExpired=0
2026-09-05T21:11:40.167Z [INFO] [http] GET /api/v1/notifications/unread-count
2026-09-05T21:12:10.475Z [INFO] [http] GET /api/v1/notifications/unread-count
2026-09-05T21:12:18.329Z [INFO] [slaReminder] SLA_SCAN cases=1 respRemind=0 respEsc=0 closureRemind=0 closureEsc=0 surveyExpired=0
2026-09-05T21:12:40.165Z [INFO] [http] GET /api/v1/notifications/unread-count
2026-09-05T21:13:10.462Z [INFO] [http] GET /api/v1/notifications/unread-count
2026-09-05T21:13:18.342Z [INFO] [slaReminder] SLA_SCAN cases=1 respRemind=0 respEsc=0 closureRemind=0 closureEsc=0 surveyExpired=0
2026-09-05T21:13:40.170Z [INFO] [http] GET /api/v1/notifications/unread-count
2026-09-05T21:14:10.476Z [INFO] [http] GET /api/v1/notifications/unread-count
2026-09-05T21:14:18.348Z [INFO] [slaReminder] SLA_SCAN cases=1 respRemind=0 respEsc=0 closureRemind=0 closureEsc=0 surveyExpired=0
2026-09-05T21:14:40.465Z [INFO] [http] GET /api/v1/notifications/unread-count
2026-09-05T21:15:10.473Z [INFO] [http] GET /api/v1/notifications/unread-count
2026-09-05T21:15:18.351Z [INFO] [slaReminder] SLA_SCAN cases=1 respRemind=0 respEsc=0 closureRemind=0 closureEsc=0 surveyExpired=0
2026-09-05T21:15:40.474Z [INFO] [http] GET /api/v1/notifications/unread-count
2026-09-05T21:16:10.472Z [INFO] [http] GET /api/v1/notifications/unread-count
2026-09-05T21:16:18.357Z [INFO] [slaReminder] SLA_SCAN cases=1 respRemind=0 respEsc=0 closureRemind=0 closureEsc=0 surveyExpired=0
2026-09-05T21:16:40.467Z [INFO] [http] GET /api/v1/notifications/unread-count
2026-09-05T21:17:10.469Z [INFO] [http] GET /api/v1/notifications/unread-count
2026-09-05T21:17:18.360Z [INFO] [slaReminder] SLA_SCAN cases=1 respRemind=0 respEsc=0 closureRemind=0 closureEsc=0 surveyExpired=0
2026-09-05T21:17:40.473Z [INFO] [http] GET /api/v1/notifications/unread-count
2026-09-05T21:18:10.470Z [INFO] [http] GET /api/v1/notifications/unread-count
2026-09-05T21:18:18.363Z [INFO] [slaReminder] SLA_SCAN cases=1 respRemind=0 respEsc=0 closureRemind=0 closureEsc=0 surveyExpired=0
2026-09-05T21:18:40.480Z [INFO] [http] GET /api/v1/notifications/unread-count
2026-09-05T21:19:10.474Z [INFO] [http] GET /api/v1/notifications/unread-count
2026-09-05T21:19:18.366Z [INFO] [slaReminder] SLA_SCAN cases=1 respRemind=0 respEsc=0 closureRemind=0 closureEsc=0 surveyExpired=0
2026-09-05T21:19:40.472Z [INFO] [http] GET /api/v1/notifications/unread-count
2026-09-05T21:20:10.478Z [INFO] [http] GET /api/v1/notifications/unread-count
2026-09-05T21:20:18.370Z [INFO] [slaReminder] SLA_SCAN cases=1 respRemind=0 respEsc=0 closureRemind=0 closureEsc=0 surveyExpired=0
2026-09-05T21:20:40.483Z [INFO] [http] GET /api/v1/notifications/unread-count
2026-09-05T21:21:10.477Z [INFO] [http] GET /api/v1/notifications/unread-count
2026-09-05T21:21:18.370Z [INFO] [slaReminder] SLA_SCAN cases=1 respRemind=0 respEsc=0 closureRemind=0 closureEsc=0 surveyExpired=0
2026-09-05T21:21:40.466Z [INFO] [http] GET /api/v1/notifications/unread-count
2026-09-05T21:22:10.470Z [INFO] [http] GET /api/v1/notifications/unread-count
2026-09-05T21:22:18.373Z [INFO] [slaReminder] SLA_SCAN cases=1 respRemind=0 respEsc=0 closureRemind=0 closureEsc=0 surveyExpired=0
2026-09-05T21:22:40.469Z [INFO] [http] GET /api/v1/notifications/unread-count
2026-09-05T21:23:10.473Z [INFO] [http] GET /api/v1/notifications/unread-count
2026-09-05T21:23:18.388Z [INFO] [slaReminder] SLA_SCAN cases=1 respRemind=0 respEsc=0 closureRemind=0 closureEsc=0 surveyExpired=0
2026-09-05T21:23:40.163Z [INFO] [http] GET /api/v1/notifications/unread-count
2026-09-05T21:24:10.475Z [INFO] [http] GET /api/v1/notifications/unread-count
2026-09-05T21:24:18.400Z [INFO] [slaReminder] SLA_SCAN cases=1 respRemind=0 respEsc=0 closureRemind=0 closureEsc=0 surveyExpired=0
2026-09-05T21:24:40.481Z [INFO] [http] GET /api/v1/notifications/unread-count
2026-09-05T21:25:10.473Z [INFO] [http] GET /api/v1/notifications/unread-count
2026-09-05T21:25:18.409Z [INFO] [slaReminder] SLA_SCAN cases=1 respRemind=0 respEsc=0 closureRemind=0 closureEsc=0 surveyExpired=0
2026-09-05T21:25:40.477Z [INFO] [http] GET /api/v1/notifications/unread-count
2026-09-05T21:26:10.469Z [INFO] [http] GET /api/v1/notifications/unread-count
2026-09-05T21:26:18.423Z [INFO] [slaReminder] SLA_SCAN cases=1 respRemind=0 respEsc=0 closureRemind=0 closureEsc=0 surveyExpired=0
2026-09-05T21:26:40.468Z [INFO] [http] GET /api/v1/notifications/unread-count
2026-09-05T21:27:10.483Z [INFO] [http] GET /api/v1/notifications/unread-count
2026-09-05T21:27:18.439Z [INFO] [slaReminder] SLA_SCAN cases=1 respRemind=0 respEsc=0 closureRemind=0 closureEsc=0 surveyExpired=0
2026-09-05T21:27:40.477Z [INFO] [http] GET /api/v1/notifications/unread-count
2026-09-05T21:28:10.468Z [INFO] [http] GET /api/v1/notifications/unread-count
2026-09-05T21:28:18.445Z [INFO] [slaReminder] SLA_SCAN cases=1 respRemind=0 respEsc=0 closureRemind=0 closureEsc=0 surveyExpired=0
2026-09-05T21:28:40.475Z [INFO] [http] GET /api/v1/notifications/unread-count
2026-09-05T21:29:10.474Z [INFO] [http] GET /api/v1/notifications/unread-count
2026-09-05T21:29:18.457Z [INFO] [slaReminder] SLA_SCAN cases=1 respRemind=0 respEsc=0 closureRemind=0 closureEsc=0 surveyExpired=0
2026-09-05T21:29:40.486Z [INFO] [http] GET /api/v1/notifications/unread-count
2026-09-05T21:30:10.466Z [INFO] [http] GET /api/v1/notifications/unread-count
2026-09-05T21:30:18.470Z [INFO] [slaReminder] SLA_SCAN cases=1 respRemind=0 respEsc=0 closureRemind=0 closureEsc=0 surveyExpired=0
2026-09-05T21:30:40.467Z [INFO] [http] GET /api/v1/notifications/unread-count
2026-09-05T21:31:10.475Z [INFO] [http] GET /api/v1/notifications/unread-count
2026-09-05T21:31:18.480Z [INFO] [slaReminder] SLA_SCAN cases=1 respRemind=0 respEsc=0 closureRemind=0 closureEsc=0 surveyExpired=0
2026-09-05T21:31:40.474Z [INFO] [http] GET /api/v1/notifications/unread-count
2026-09-05T21:32:10.473Z [INFO] [http] GET /api/v1/notifications/unread-count
2026-09-05T21:32:18.483Z [INFO] [slaReminder] SLA_SCAN cases=1 respRemind=0 respEsc=0 closureRemind=0 closureEsc=0 surveyExpired=0
2026-09-05T21:32:40.478Z [INFO] [http] GET /api/v1/notifications/unread-count
2026-09-05T21:33:10.465Z [INFO] [http] GET /api/v1/notifications/unread-count
2026-09-05T21:33:18.493Z [INFO] [slaReminder] SLA_SCAN cases=1 respRemind=0 respEsc=0 closureRemind=0 closureEsc=0 surveyExpired=0
2026-09-05T21:33:40.475Z [INFO] [http] GET /api/v1/notifications/unread-count
2026-09-05T21:34:10.464Z [INFO] [http] GET /api/v1/notifications/unread-count
2026-09-05T21:34:18.505Z [INFO] [slaReminder] SLA_SCAN cases=1 respRemind=0 respEsc=0 closureRemind=0 closureEsc=0 surveyExpired=0
2026-09-05T21:34:40.474Z [INFO] [http] GET /api/v1/notifications/unread-count
2026-09-05T21:35:10.472Z [INFO] [http] GET /api/v1/notifications/unread-count
2026-09-05T21:35:18.514Z [INFO] [slaReminder] SLA_SCAN cases=1 respRemind=0 respEsc=0 closureRemind=0 closureEsc=0 surveyExpired=0
2026-09-05T21:35:40.467Z [INFO] [http] GET /api/v1/notifications/unread-count
2026-09-05T21:36:10.468Z [INFO] [http] GET /api/v1/notifications/unread-count
2026-09-05T21:36:18.526Z [INFO] [slaReminder] SLA_SCAN cases=1 respRemind=0 respEsc=0 closureRemind=0 closureEsc=0 surveyExpired=0
2026-09-05T21:36:40.470Z [INFO] [http] GET /api/v1/notifications/unread-count
2026-09-05T21:37:10.164Z [INFO] [http] GET /api/v1/notifications/unread-count
2026-09-05T21:37:18.530Z [INFO] [slaReminder] SLA_SCAN cases=1 respRemind=0 respEsc=0 closureRemind=0 closureEsc=0 surveyExpired=0
2026-09-05T21:37:40.473Z [INFO] [http] GET /api/v1/notifications/unread-count
2026-09-05T21:38:10.161Z [INFO] [http] GET /api/v1/notifications/unread-count
2026-09-05T21:38:18.531Z [INFO] [slaReminder] SLA_SCAN cases=1 respRemind=0 respEsc=0 closureRemind=0 closureEsc=0 surveyExpired=0
2026-09-05T21:38:40.468Z [INFO] [http] GET /api/v1/notifications/unread-count
2026-09-05T21:39:10.484Z [INFO] [http] GET /api/v1/notifications/unread-count
2026-09-05T21:39:18.541Z [INFO] [slaReminder] SLA_SCAN cases=1 respRemind=0 respEsc=0 closureRemind=0 closureEsc=0 surveyExpired=0
2026-09-05T21:39:40.471Z [INFO] [http] GET /api/v1/notifications/unread-count
2026-09-05T21:40:10.471Z [INFO] [http] GET /api/v1/notifications/unread-count
2026-09-05T21:40:18.544Z [INFO] [slaReminder] SLA_SCAN cases=1 respRemind=0 respEsc=0 closureRemind=0 closureEsc=0 surveyExpired=0
2026-09-05T21:40:40.475Z [INFO] [http] GET /api/v1/notifications/unread-count
2026-09-05T21:41:10.471Z [INFO] [http] GET /api/v1/notifications/unread-count
2026-09-05T21:41:18.557Z [INFO] [slaReminder] SLA_SCAN cases=1 respRemind=0 respEsc=0 closureRemind=0 closureEsc=0 surveyExpired=0
2026-09-05T21:41:40.474Z [INFO] [http] GET /api/v1/notifications/unread-count
2026-09-05T21:42:10.477Z [INFO] [http] GET /api/v1/notifications/unread-count
2026-09-05T21:42:18.562Z [INFO] [slaReminder] SLA_SCAN cases=1 respRemind=0 respEsc=0 closureRemind=0 closureEsc=0 surveyExpired=0
2026-09-05T21:42:40.479Z [INFO] [http] GET /api/v1/notifications/unread-count
2026-09-05T21:43:10.459Z [INFO] [http] GET /api/v1/notifications/unread-count
2026-09-05T21:43:18.572Z [INFO] [slaReminder] SLA_SCAN cases=1 respRemind=0 respEsc=0 closureRemind=0 closureEsc=0 surveyExpired=0
2026-09-05T21:43:40.464Z [INFO] [http] GET /api/v1/notifications/unread-count
2026-09-05T21:44:10.490Z [INFO] [http] GET /api/v1/notifications/unread-count
2026-09-05T21:44:18.574Z [INFO] [slaReminder] SLA_SCAN cases=1 respRemind=0 respEsc=0 closureRemind=0 closureEsc=0 surveyExpired=0
2026-09-05T21:44:40.463Z [INFO] [http] GET /api/v1/notifications/unread-count
2026-09-05T21:45:10.172Z [INFO] [http] GET /api/v1/notifications/unread-count
2026-09-05T21:45:18.582Z [INFO] [slaReminder] SLA_SCAN cases=1 respRemind=0 respEsc=0 closureRemind=0 closureEsc=0 surveyExpired=0
2026-09-05T21:45:40.468Z [INFO] [http] GET /api/v1/notifications/unread-count
2026-09-05T21:46:10.153Z [INFO] [http] GET /api/v1/notifications/unread-count
2026-09-05T21:46:18.594Z [INFO] [slaReminder] SLA_SCAN cases=1 respRemind=0 respEsc=0 closureRemind=0 closureEsc=0 surveyExpired=0
2026-09-05T21:46:40.481Z [INFO] [http] GET /api/v1/notifications/unread-count
2026-09-05T21:47:10.170Z [INFO] [http] GET /api/v1/notifications/unread-count
2026-09-05T21:47:18.603Z [INFO] [slaReminder] SLA_SCAN cases=1 respRemind=0 respEsc=0 closureRemind=0 closureEsc=0 surveyExpired=0
2026-09-05T21:47:40.470Z [INFO] [http] GET /api/v1/notifications/unread-count
2026-09-05T21:48:10.162Z [INFO] [http] GET /api/v1/notifications/unread-count
2026-09-05T21:48:18.616Z [INFO] [slaReminder] SLA_SCAN cases=1 respRemind=0 respEsc=0 closureRemind=0 closureEsc=0 surveyExpired=0
2026-09-05T21:48:40.463Z [INFO] [http] GET /api/v1/notifications/unread-count
2026-09-05T21:49:10.514Z [INFO] [http] GET /api/v1/notifications/unread-count
2026-09-05T21:49:18.632Z [INFO] [slaReminder] SLA_SCAN cases=1 respRemind=0 respEsc=0 closureRemind=0 closureEsc=0 surveyExpired=0
2026-09-05T21:49:40.462Z [INFO] [http] GET /api/v1/notifications/unread-count
2026-09-05T21:50:10.559Z [INFO] [http] GET /api/v1/notifications/unread-count
2026-09-05T21:50:18.637Z [INFO] [slaReminder] SLA_SCAN cases=1 respRemind=0 respEsc=0 closureRemind=0 closureEsc=0 surveyExpired=0
2026-09-05T21:50:40.151Z [INFO] [http] GET /api/v1/notifications/unread-count
2026-09-05T21:51:10.471Z [INFO] [http] GET /api/v1/notifications/unread-count
2026-09-05T21:51:18.641Z [INFO] [slaReminder] SLA_SCAN cases=1 respRemind=0 respEsc=0 closureRemind=0 closureEsc=0 surveyExpired=0
2026-09-05T21:51:40.158Z [INFO] [http] GET /api/v1/notifications/unread-count
2026-09-05T21:52:10.469Z [INFO] [http] GET /api/v1/notifications/unread-count
2026-09-05T21:52:18.649Z [INFO] [slaReminder] SLA_SCAN cases=1 respRemind=0 respEsc=0 closureRemind=0 closureEsc=0 surveyExpired=0
2026-09-05T21:52:40.164Z [INFO] [http] GET /api/v1/notifications/unread-count
2026-09-05T21:53:10.473Z [INFO] [http] GET /api/v1/notifications/unread-count
2026-09-05T21:53:18.655Z [INFO] [slaReminder] SLA_SCAN cases=1 respRemind=0 respEsc=0 closureRemind=0 closureEsc=0 surveyExpired=0
2026-09-05T21:53:40.156Z [INFO] [http] GET /api/v1/notifications/unread-count
2026-09-05T21:54:10.484Z [INFO] [http] GET /api/v1/notifications/unread-count
2026-09-05T21:54:18.656Z [INFO] [slaReminder] SLA_SCAN cases=1 respRemind=0 respEsc=0 closureRemind=0 closureEsc=0 surveyExpired=0
2026-09-05T21:54:40.165Z [INFO] [http] GET /api/v1/notifications/unread-count
2026-09-05T21:55:10.474Z [INFO] [http] GET /api/v1/notifications/unread-count
2026-09-05T21:55:18.663Z [INFO] [slaReminder] SLA_SCAN cases=1 respRemind=0 respEsc=0 closureRemind=0 closureEsc=0 surveyExpired=0
2026-09-05T21:55:40.161Z [INFO] [http] GET /api/v1/notifications/unread-count
2026-09-05T21:56:10.465Z [INFO] [http] GET /api/v1/notifications/unread-count
2026-09-05T21:56:18.673Z [INFO] [slaReminder] SLA_SCAN cases=1 respRemind=0 respEsc=0 closureRemind=0 closureEsc=0 surveyExpired=0
2026-09-05T21:56:40.156Z [INFO] [http] GET /api/v1/notifications/unread-count
2026-09-05T21:57:10.466Z [INFO] [http] GET /api/v1/notifications/unread-count
2026-09-05T21:57:18.682Z [INFO] [slaReminder] SLA_SCAN cases=1 respRemind=0 respEsc=0 closureRemind=0 closureEsc=0 surveyExpired=0
2026-09-05T21:57:40.155Z [INFO] [http] GET /api/v1/notifications/unread-count
2026-09-05T21:58:10.460Z [INFO] [http] GET /api/v1/notifications/unread-count
2026-09-05T21:58:18.695Z [INFO] [slaReminder] SLA_SCAN cases=1 respRemind=0 respEsc=0 closureRemind=0 closureEsc=0 surveyExpired=0
2026-09-05T21:58:40.156Z [INFO] [http] GET /api/v1/notifications/unread-count
2026-09-05T21:59:10.476Z [INFO] [http] GET /api/v1/notifications/unread-count
2026-09-05T21:59:18.708Z [INFO] [slaReminder] SLA_SCAN cases=1 respRemind=0 respEsc=0 closureRemind=0 closureEsc=0 surveyExpired=0
2026-09-05T21:59:40.468Z [INFO] [http] GET /api/v1/notifications/unread-count
2026-09-05T22:00:10.474Z [INFO] [http] GET /api/v1/notifications/unread-count
2026-09-05T22:00:18.714Z [INFO] [slaReminder] SLA_SCAN cases=1 respRemind=0 respEsc=0 closureRemind=0 closureEsc=0 surveyExpired=0
2026-09-05T22:00:40.470Z [INFO] [http] GET /api/v1/notifications/unread-count
2026-09-05T22:01:10.462Z [INFO] [http] GET /api/v1/notifications/unread-count
2026-09-05T22:01:18.725Z [INFO] [slaReminder] SLA_SCAN cases=1 respRemind=0 respEsc=0 closureRemind=0 closureEsc=0 surveyExpired=0
2026-09-05T22:01:40.471Z [INFO] [http] GET /api/v1/notifications/unread-count
2026-09-05T22:02:10.471Z [INFO] [http] GET /api/v1/notifications/unread-count
2026-09-05T22:02:18.740Z [INFO] [slaReminder] SLA_SCAN cases=1 respRemind=0 respEsc=0 closureRemind=0 closureEsc=0 surveyExpired=0
2026-09-05T22:02:40.479Z [INFO] [http] GET /api/v1/notifications/unread-count
2026-09-05T22:03:10.468Z [INFO] [http] GET /api/v1/notifications/unread-count
2026-09-05T22:03:18.749Z [INFO] [slaReminder] SLA_SCAN cases=1 respRemind=0 respEsc=0 closureRemind=0 closureEsc=0 surveyExpired=0
2026-09-05T22:03:40.472Z [INFO] [http] GET /api/v1/notifications/unread-count
2026-09-05T22:04:10.463Z [INFO] [http] GET /api/v1/notifications/unread-count
2026-09-05T22:04:18.765Z [INFO] [slaReminder] SLA_SCAN cases=1 respRemind=0 respEsc=0 closureRemind=0 closureEsc=0 surveyExpired=0
2026-09-05T22:04:40.471Z [INFO] [http] GET /api/v1/notifications/unread-count
2026-09-05T22:05:10.462Z [INFO] [http] GET /api/v1/notifications/unread-count
2026-09-05T22:05:18.775Z [INFO] [slaReminder] SLA_SCAN cases=1 respRemind=0 respEsc=0 closureRemind=0 closureEsc=0 surveyExpired=0
2026-09-05T22:05:40.464Z [INFO] [http] GET /api/v1/notifications/unread-count
2026-09-05T22:06:10.475Z [INFO] [http] GET /api/v1/notifications/unread-count
2026-09-05T22:06:18.781Z [INFO] [slaReminder] SLA_SCAN cases=1 respRemind=0 respEsc=0 closureRemind=0 closureEsc=0 surveyExpired=0
2026-09-05T22:06:40.471Z [INFO] [http] GET /api/v1/notifications/unread-count
2026-09-05T22:07:10.484Z [INFO] [http] GET /api/v1/notifications/unread-count
2026-09-05T22:07:18.791Z [INFO] [slaReminder] SLA_SCAN cases=1 respRemind=0 respEsc=0 closureRemind=0 closureEsc=0 surveyExpired=0
2026-09-05T22:07:40.157Z [INFO] [http] GET /api/v1/notifications/unread-count
2026-09-05T22:08:10.466Z [INFO] [http] GET /api/v1/notifications/unread-count
2026-09-05T22:08:18.799Z [INFO] [slaReminder] SLA_SCAN cases=1 respRemind=0 respEsc=0 closureRemind=0 closureEsc=0 surveyExpired=0
2026-09-05T22:08:40.162Z [INFO] [http] GET /api/v1/notifications/unread-count
2026-09-05T22:09:10.478Z [INFO] [http] GET /api/v1/notifications/unread-count
2026-09-05T22:09:18.804Z [INFO] [slaReminder] SLA_SCAN cases=1 respRemind=0 respEsc=0 closureRemind=0 closureEsc=0 surveyExpired=0
2026-09-05T22:09:40.457Z [INFO] [http] GET /api/v1/notifications/unread-count
2026-09-05T22:10:10.473Z [INFO] [http] GET /api/v1/notifications/unread-count
2026-09-05T22:10:18.818Z [INFO] [slaReminder] SLA_SCAN cases=1 respRemind=0 respEsc=0 closureRemind=0 closureEsc=0 surveyExpired=0
2026-09-05T22:10:40.463Z [INFO] [http] GET /api/v1/notifications/unread-count
2026-09-05T22:11:10.460Z [INFO] [http] GET /api/v1/notifications/unread-count
2026-09-05T22:11:18.819Z [INFO] [slaReminder] SLA_SCAN cases=1 respRemind=0 respEsc=0 closureRemind=0 closureEsc=0 surveyExpired=0
2026-09-05T22:11:40.472Z [INFO] [http] GET /api/v1/notifications/unread-count
2026-09-05T22:12:10.465Z [INFO] [http] GET /api/v1/notifications/unread-count
2026-09-05T22:12:18.829Z [INFO] [slaReminder] SLA_SCAN cases=1 respRemind=0 respEsc=0 closureRemind=0 closureEsc=0 surveyExpired=0
2026-09-05T22:12:40.470Z [INFO] [http] GET /api/v1/notifications/unread-count
2026-09-05T22:13:10.468Z [INFO] [http] GET /api/v1/notifications/unread-count
2026-09-05T22:13:18.833Z [INFO] [slaReminder] SLA_SCAN cases=1 respRemind=0 respEsc=0 closureRemind=0 closureEsc=0 surveyExpired=0
2026-09-05T22:13:40.473Z [INFO] [http] GET /api/v1/notifications/unread-count
2026-09-05T22:14:10.464Z [INFO] [http] GET /api/v1/notifications/unread-count
2026-09-05T22:14:18.837Z [INFO] [slaReminder] SLA_SCAN cases=1 respRemind=0 respEsc=0 closureRemind=0 closureEsc=0 surveyExpired=0
2026-09-05T22:14:40.466Z [INFO] [http] GET /api/v1/notifications/unread-count
2026-09-05T22:15:10.487Z [INFO] [http] GET /api/v1/notifications/unread-count
2026-09-05T22:15:18.843Z [INFO] [slaReminder] SLA_SCAN cases=1 respRemind=0 respEsc=0 closureRemind=0 closureEsc=0 surveyExpired=0
2026-09-05T22:15:40.475Z [INFO] [http] GET /api/v1/notifications/unread-count
2026-09-05T22:16:10.465Z [INFO] [http] GET /api/v1/notifications/unread-count
2026-09-05T22:16:18.851Z [INFO] [slaReminder] SLA_SCAN cases=1 respRemind=0 respEsc=0 closureRemind=0 closureEsc=0 surveyExpired=0
2026-09-05T22:16:40.459Z [INFO] [http] GET /api/v1/notifications/unread-count
2026-09-05T22:17:10.471Z [INFO] [http] GET /api/v1/notifications/unread-count
2026-09-05T22:17:18.854Z [INFO] [slaReminder] SLA_SCAN cases=1 respRemind=0 respEsc=0 closureRemind=0 closureEsc=0 surveyExpired=0
2026-09-05T22:17:40.476Z [INFO] [http] GET /api/v1/notifications/unread-count
2026-09-05T22:18:10.463Z [INFO] [http] GET /api/v1/notifications/unread-count
2026-09-05T22:18:18.865Z [INFO] [slaReminder] SLA_SCAN cases=1 respRemind=0 respEsc=0 closureRemind=0 closureEsc=0 surveyExpired=0
2026-09-05T22:18:40.456Z [INFO] [http] GET /api/v1/notifications/unread-count
2026-09-05T22:19:10.458Z [INFO] [http] GET /api/v1/notifications/unread-count
2026-09-05T22:19:18.872Z [INFO] [slaReminder] SLA_SCAN cases=1 respRemind=0 respEsc=0 closureRemind=0 closureEsc=0 surveyExpired=0
2026-09-05T22:19:40.472Z [INFO] [http] GET /api/v1/notifications/unread-count
2026-09-05T22:20:10.472Z [INFO] [http] GET /api/v1/notifications/unread-count
2026-09-05T22:20:18.886Z [INFO] [slaReminder] SLA_SCAN cases=1 respRemind=0 respEsc=0 closureRemind=0 closureEsc=0 surveyExpired=0
2026-09-05T22:20:40.466Z [INFO] [http] GET /api/v1/notifications/unread-count
2026-09-05T22:21:10.465Z [INFO] [http] GET /api/v1/notifications/unread-count
2026-09-05T22:21:18.893Z [INFO] [slaReminder] SLA_SCAN cases=1 respRemind=0 respEsc=0 closureRemind=0 closureEsc=0 surveyExpired=0
2026-09-05T22:21:40.470Z [INFO] [http] GET /api/v1/notifications/unread-count
2026-09-05T22:22:10.462Z [INFO] [http] GET /api/v1/notifications/unread-count
2026-09-05T22:22:18.906Z [INFO] [slaReminder] SLA_SCAN cases=1 respRemind=0 respEsc=0 closureRemind=0 closureEsc=0 surveyExpired=0
2026-09-05T22:22:40.157Z [INFO] [http] GET /api/v1/notifications/unread-count
2026-09-05T22:23:10.462Z [INFO] [http] GET /api/v1/notifications/unread-count
2026-09-05T22:23:18.910Z [INFO] [slaReminder] SLA_SCAN cases=1 respRemind=0 respEsc=0 closureRemind=0 closureEsc=0 surveyExpired=0
2026-09-05T22:23:40.149Z [INFO] [http] GET /api/v1/notifications/unread-count
2026-09-05T22:24:10.509Z [INFO] [http] GET /api/v1/notifications/unread-count
2026-09-05T22:24:18.916Z [INFO] [slaReminder] SLA_SCAN cases=1 respRemind=0 respEsc=0 closureRemind=0 closureEsc=0 surveyExpired=0
2026-09-05T22:24:40.160Z [INFO] [http] GET /api/v1/notifications/unread-count
2026-09-05T22:25:10.465Z [INFO] [http] GET /api/v1/notifications/unread-count
2026-09-05T22:25:18.922Z [INFO] [slaReminder] SLA_SCAN cases=1 respRemind=0 respEsc=0 closureRemind=0 closureEsc=0 surveyExpired=0
2026-09-05T22:25:40.149Z [INFO] [http] GET /api/v1/notifications/unread-count
2026-09-05T22:26:10.474Z [INFO] [http] GET /api/v1/notifications/unread-count
2026-09-05T22:26:18.931Z [INFO] [slaReminder] SLA_SCAN cases=1 respRemind=0 respEsc=0 closureRemind=0 closureEsc=0 surveyExpired=0
2026-09-05T22:26:40.157Z [INFO] [http] GET /api/v1/notifications/unread-count
2026-09-05T22:27:10.469Z [INFO] [http] GET /api/v1/notifications/unread-count
2026-09-05T22:27:18.946Z [INFO] [slaReminder] SLA_SCAN cases=1 respRemind=0 respEsc=0 closureRemind=0 closureEsc=0 surveyExpired=0
2026-09-05T22:27:40.156Z [INFO] [http] GET /api/v1/notifications/unread-count
2026-09-05T22:28:10.460Z [INFO] [http] GET /api/v1/notifications/unread-count
2026-09-05T22:28:18.961Z [INFO] [slaReminder] SLA_SCAN cases=1 respRemind=0 respEsc=0 closureRemind=0 closureEsc=0 surveyExpired=0
2026-09-05T22:28:40.161Z [INFO] [http] GET /api/v1/notifications/unread-count
2026-09-05T22:29:10.468Z [INFO] [http] GET /api/v1/notifications/unread-count
2026-09-05T22:29:18.976Z [INFO] [slaReminder] SLA_SCAN cases=1 respRemind=0 respEsc=0 closureRemind=0 closureEsc=0 surveyExpired=0
2026-09-05T22:29:40.478Z [INFO] [http] GET /api/v1/notifications/unread-count
2026-09-05T22:30:10.468Z [INFO] [http] GET /api/v1/notifications/unread-count
2026-09-05T22:30:18.988Z [INFO] [slaReminder] SLA_SCAN cases=1 respRemind=0 respEsc=0 closureRemind=0 closureEsc=0 surveyExpired=0
2026-09-05T22:30:40.148Z [INFO] [http] GET /api/v1/notifications/unread-count
2026-09-05T22:31:10.467Z [INFO] [http] GET /api/v1/notifications/unread-count
2026-09-05T22:31:18.998Z [INFO] [slaReminder] SLA_SCAN cases=1 respRemind=0 respEsc=0 closureRemind=0 closureEsc=0 surveyExpired=0
2026-09-05T22:31:40.471Z [INFO] [http] GET /api/v1/notifications/unread-count
2026-09-05T22:32:10.462Z [INFO] [http] GET /api/v1/notifications/unread-count
2026-09-05T22:32:18.998Z [INFO] [slaReminder] SLA_SCAN cases=1 respRemind=0 respEsc=0 closureRemind=0 closureEsc=0 surveyExpired=0
2026-09-05T22:32:40.160Z [INFO] [http] GET /api/v1/notifications/unread-count
2026-09-05T22:33:10.469Z [INFO] [http] GET /api/v1/notifications/unread-count
2026-09-05T22:33:19.014Z [INFO] [slaReminder] SLA_SCAN cases=1 respRemind=0 respEsc=0 closureRemind=0 closureEsc=0 surveyExpired=0
2026-09-05T22:33:40.462Z [INFO] [http] GET /api/v1/notifications/unread-count
2026-09-05T22:34:10.461Z [INFO] [http] GET /api/v1/notifications/unread-count
2026-09-05T22:34:19.026Z [INFO] [slaReminder] SLA_SCAN cases=1 respRemind=0 respEsc=0 closureRemind=0 closureEsc=0 surveyExpired=0
2026-09-05T22:34:40.456Z [INFO] [http] GET /api/v1/notifications/unread-count
2026-09-05T22:35:10.465Z [INFO] [http] GET /api/v1/notifications/unread-count
2026-09-05T22:35:19.039Z [INFO] [slaReminder] SLA_SCAN cases=1 respRemind=0 respEsc=0 closureRemind=0 closureEsc=0 surveyExpired=0
2026-09-05T22:35:40.461Z [INFO] [http] GET /api/v1/notifications/unread-count
2026-09-05T22:36:10.466Z [INFO] [http] GET /api/v1/notifications/unread-count
2026-09-05T22:36:19.041Z [INFO] [slaReminder] SLA_SCAN cases=1 respRemind=0 respEsc=0 closureRemind=0 closureEsc=0 surveyExpired=0
2026-09-05T22:36:40.462Z [INFO] [http] GET /api/v1/notifications/unread-count
2026-09-05T22:37:10.467Z [INFO] [http] GET /api/v1/notifications/unread-count
2026-09-05T22:37:19.049Z [INFO] [slaReminder] SLA_SCAN cases=1 respRemind=0 respEsc=0 closureRemind=0 closureEsc=0 surveyExpired=0
2026-09-05T22:37:40.474Z [INFO] [http] GET /api/v1/notifications/unread-count
2026-09-05T22:38:10.470Z [INFO] [http] GET /api/v1/notifications/unread-count
2026-09-05T22:38:19.057Z [INFO] [slaReminder] SLA_SCAN cases=1 respRemind=0 respEsc=0 closureRemind=0 closureEsc=0 surveyExpired=0
2026-09-05T22:38:40.461Z [INFO] [http] GET /api/v1/notifications/unread-count
2026-09-05T22:39:10.460Z [INFO] [http] GET /api/v1/notifications/unread-count
2026-09-05T22:39:19.072Z [INFO] [slaReminder] SLA_SCAN cases=1 respRemind=0 respEsc=0 closureRemind=0 closureEsc=0 surveyExpired=0
2026-09-05T22:39:40.461Z [INFO] [http] GET /api/v1/notifications/unread-count
2026-09-05T22:40:10.458Z [INFO] [http] GET /api/v1/notifications/unread-count
2026-09-05T22:40:19.087Z [INFO] [slaReminder] SLA_SCAN cases=1 respRemind=0 respEsc=0 closureRemind=0 closureEsc=0 surveyExpired=0
2026-09-05T22:40:40.461Z [INFO] [http] GET /api/v1/notifications/unread-count
2026-09-05T22:41:10.461Z [INFO] [http] GET /api/v1/notifications/unread-count
2026-09-05T22:41:19.101Z [INFO] [slaReminder] SLA_SCAN cases=1 respRemind=0 respEsc=0 closureRemind=0 closureEsc=0 surveyExpired=0
2026-09-05T22:41:40.467Z [INFO] [http] GET /api/v1/notifications/unread-count
2026-09-05T22:42:10.466Z [INFO] [http] GET /api/v1/notifications/unread-count
2026-09-05T22:42:19.113Z [INFO] [slaReminder] SLA_SCAN cases=1 respRemind=0 respEsc=0 closureRemind=0 closureEsc=0 surveyExpired=0
2026-09-05T22:42:40.464Z [INFO] [http] GET /api/v1/notifications/unread-count
2026-09-05T22:43:10.466Z [INFO] [http] GET /api/v1/notifications/unread-count
2026-09-05T22:43:19.117Z [INFO] [slaReminder] SLA_SCAN cases=1 respRemind=0 respEsc=0 closureRemind=0 closureEsc=0 surveyExpired=0
2026-09-05T22:43:40.464Z [INFO] [http] GET /api/v1/notifications/unread-count
2026-09-05T22:44:10.496Z [INFO] [http] GET /api/v1/notifications/unread-count
2026-09-05T22:44:19.125Z [INFO] [slaReminder] SLA_SCAN cases=1 respRemind=0 respEsc=0 closureRemind=0 closureEsc=0 surveyExpired=0
2026-09-05T22:44:40.464Z [INFO] [http] GET /api/v1/notifications/unread-count
2026-09-05T22:45:10.147Z [INFO] [http] GET /api/v1/notifications/unread-count
2026-09-05T22:45:19.133Z [INFO] [slaReminder] SLA_SCAN cases=1 respRemind=0 respEsc=0 closureRemind=0 closureEsc=0 surveyExpired=0
2026-09-05T22:45:40.469Z [INFO] [http] GET /api/v1/notifications/unread-count
2026-09-05T22:46:10.157Z [INFO] [http] GET /api/v1/notifications/unread-count
2026-09-05T22:46:19.145Z [INFO] [slaReminder] SLA_SCAN cases=1 respRemind=0 respEsc=0 closureRemind=0 closureEsc=0 surveyExpired=0
2026-09-05T22:46:40.463Z [INFO] [http] GET /api/v1/notifications/unread-count
2026-09-05T22:47:10.148Z [INFO] [http] GET /api/v1/notifications/unread-count
2026-09-05T22:47:19.152Z [INFO] [slaReminder] SLA_SCAN cases=1 respRemind=0 respEsc=0 closureRemind=0 closureEsc=0 surveyExpired=0
2026-09-05T22:47:40.466Z [INFO] [http] GET /api/v1/notifications/unread-count
2026-09-05T22:48:10.150Z [INFO] [http] GET /api/v1/notifications/unread-count
2026-09-05T22:48:19.156Z [INFO] [slaReminder] SLA_SCAN cases=1 respRemind=0 respEsc=0 closureRemind=0 closureEsc=0 surveyExpired=0
2026-09-05T22:48:40.467Z [INFO] [http] GET /api/v1/notifications/unread-count
2026-09-05T22:49:10.458Z [INFO] [http] GET /api/v1/notifications/unread-count
2026-09-05T22:49:19.162Z [INFO] [slaReminder] SLA_SCAN cases=1 respRemind=0 respEsc=0 closureRemind=0 closureEsc=0 surveyExpired=0
2026-09-05T22:49:40.461Z [INFO] [http] GET /api/v1/notifications/unread-count
2026-09-05T22:50:10.470Z [INFO] [http] GET /api/v1/notifications/unread-count
2026-09-05T22:50:19.165Z [INFO] [slaReminder] SLA_SCAN cases=1 respRemind=0 respEsc=0 closureRemind=0 closureEsc=0 surveyExpired=0
2026-09-05T22:50:40.464Z [INFO] [http] GET /api/v1/notifications/unread-count
2026-09-05T22:51:10.459Z [INFO] [http] GET /api/v1/notifications/unread-count
2026-09-05T22:51:19.167Z [INFO] [slaReminder] SLA_SCAN cases=1 respRemind=0 respEsc=0 closureRemind=0 closureEsc=0 surveyExpired=0
2026-09-05T22:51:40.464Z [INFO] [http] GET /api/v1/notifications/unread-count
2026-09-05T22:52:10.468Z [INFO] [http] GET /api/v1/notifications/unread-count
2026-09-05T22:52:19.182Z [INFO] [slaReminder] SLA_SCAN cases=1 respRemind=0 respEsc=0 closureRemind=0 closureEsc=0 surveyExpired=0
2026-09-05T22:52:40.462Z [INFO] [http] GET /api/v1/notifications/unread-count
2026-09-05T22:53:10.473Z [INFO] [http] GET /api/v1/notifications/unread-count
2026-09-05T22:53:19.195Z [INFO] [slaReminder] SLA_SCAN cases=1 respRemind=0 respEsc=0 closureRemind=0 closureEsc=0 surveyExpired=0
2026-09-05T22:53:40.468Z [INFO] [http] GET /api/v1/notifications/unread-count
2026-09-05T22:54:10.470Z [INFO] [http] GET /api/v1/notifications/unread-count
2026-09-05T22:54:19.198Z [INFO] [slaReminder] SLA_SCAN cases=1 respRemind=0 respEsc=0 closureRemind=0 closureEsc=0 surveyExpired=0
2026-09-05T22:54:40.472Z [INFO] [http] GET /api/v1/notifications/unread-count
2026-09-05T22:55:10.465Z [INFO] [http] GET /api/v1/notifications/unread-count
2026-09-05T22:55:19.207Z [INFO] [slaReminder] SLA_SCAN cases=1 respRemind=0 respEsc=0 closureRemind=0 closureEsc=0 surveyExpired=0
2026-09-05T22:55:40.465Z [INFO] [http] GET /api/v1/notifications/unread-count
2026-09-05T22:56:10.473Z [INFO] [http] GET /api/v1/notifications/unread-count
2026-09-05T22:56:19.219Z [INFO] [slaReminder] SLA_SCAN cases=1 respRemind=0 respEsc=0 closureRemind=0 closureEsc=0 surveyExpired=0
2026-09-05T22:56:40.454Z [INFO] [http] GET /api/v1/notifications/unread-count
2026-09-05T22:57:10.151Z [INFO] [http] GET /api/v1/notifications/unread-count
2026-09-05T22:57:19.220Z [INFO] [slaReminder] SLA_SCAN cases=1 respRemind=0 respEsc=0 closureRemind=0 closureEsc=0 surveyExpired=0
2026-09-05T22:57:40.463Z [INFO] [http] GET /api/v1/notifications/unread-count
2026-09-05T22:58:10.467Z [INFO] [http] GET /api/v1/notifications/unread-count
2026-09-05T22:58:19.234Z [INFO] [slaReminder] SLA_SCAN cases=1 respRemind=0 respEsc=0 closureRemind=0 closureEsc=0 surveyExpired=0
2026-09-05T22:58:40.159Z [INFO] [http] GET /api/v1/notifications/unread-count
2026-09-05T22:59:10.458Z [INFO] [http] GET /api/v1/notifications/unread-count
2026-09-05T22:59:19.238Z [INFO] [slaReminder] SLA_SCAN cases=1 respRemind=0 respEsc=0 closureRemind=0 closureEsc=0 surveyExpired=0
2026-09-05T22:59:40.455Z [INFO] [http] GET /api/v1/notifications/unread-count
2026-09-05T23:00:10.470Z [INFO] [http] GET /api/v1/notifications/unread-count
2026-09-05T23:00:19.243Z [INFO] [slaReminder] SLA_SCAN cases=1 respRemind=0 respEsc=0 closureRemind=0 closureEsc=0 surveyExpired=0
2026-09-05T23:00:40.463Z [INFO] [http] GET /api/v1/notifications/unread-count
2026-09-05T23:01:10.151Z [INFO] [http] GET /api/v1/notifications/unread-count
2026-09-05T23:01:19.258Z [INFO] [slaReminder] SLA_SCAN cases=1 respRemind=0 respEsc=0 closureRemind=0 closureEsc=0 surveyExpired=0
2026-09-05T23:01:40.461Z [INFO] [http] GET /api/v1/notifications/unread-count
2026-09-05T23:02:10.144Z [INFO] [http] GET /api/v1/notifications/unread-count
2026-09-05T23:02:19.262Z [INFO] [slaReminder] SLA_SCAN cases=1 respRemind=0 respEsc=0 closureRemind=0 closureEsc=0 surveyExpired=0
2026-09-05T23:02:40.460Z [INFO] [http] GET /api/v1/notifications/unread-count
2026-09-05T23:03:10.156Z [INFO] [http] GET /api/v1/notifications/unread-count
2026-09-05T23:03:19.263Z [INFO] [slaReminder] SLA_SCAN cases=1 respRemind=0 respEsc=0 closureRemind=0 closureEsc=0 surveyExpired=0
2026-09-05T23:03:40.459Z [INFO] [http] GET /api/v1/notifications/unread-count
2026-09-05T23:04:10.159Z [INFO] [http] GET /api/v1/notifications/unread-count
2026-09-05T23:04:19.272Z [INFO] [slaReminder] SLA_SCAN cases=1 respRemind=0 respEsc=0 closureRemind=0 closureEsc=0 surveyExpired=0
2026-09-05T23:04:40.470Z [INFO] [http] GET /api/v1/notifications/unread-count
2026-09-05T23:05:10.458Z [INFO] [http] GET /api/v1/notifications/unread-count
2026-09-05T23:05:19.277Z [INFO] [slaReminder] SLA_SCAN cases=1 respRemind=0 respEsc=0 closureRemind=0 closureEsc=0 surveyExpired=0
2026-09-05T23:05:40.466Z [INFO] [http] GET /api/v1/notifications/unread-count
2026-09-05T23:06:10.157Z [INFO] [http] GET /api/v1/notifications/unread-count
2026-09-05T23:06:19.292Z [INFO] [slaReminder] SLA_SCAN cases=1 respRemind=0 respEsc=0 closureRemind=0 closureEsc=0 surveyExpired=0
2026-09-05T23:06:40.455Z [INFO] [http] GET /api/v1/notifications/unread-count
2026-09-05T23:07:10.144Z [INFO] [http] GET /api/v1/notifications/unread-count
2026-09-05T23:07:19.303Z [INFO] [slaReminder] SLA_SCAN cases=1 respRemind=0 respEsc=0 closureRemind=0 closureEsc=0 surveyExpired=0
2026-09-05T23:07:40.537Z [INFO] [http] GET /api/v1/notifications/unread-count
2026-09-05T23:08:10.154Z [INFO] [http] GET /api/v1/notifications/unread-count
2026-09-05T23:08:19.314Z [INFO] [slaReminder] SLA_SCAN cases=1 respRemind=0 respEsc=0 closureRemind=0 closureEsc=0 surveyExpired=0
2026-09-05T23:08:40.469Z [INFO] [http] GET /api/v1/notifications/unread-count
2026-09-05T23:09:10.174Z [INFO] [http] GET /api/v1/notifications/unread-count
2026-09-05T23:09:19.327Z [INFO] [slaReminder] SLA_SCAN cases=1 respRemind=0 respEsc=0 closureRemind=0 closureEsc=0 surveyExpired=0
2026-09-05T23:09:40.461Z [INFO] [http] GET /api/v1/notifications/unread-count
2026-09-05T23:10:10.154Z [INFO] [http] GET /api/v1/notifications/unread-count
2026-09-05T23:10:19.344Z [INFO] [slaReminder] SLA_SCAN cases=1 respRemind=0 respEsc=0 closureRemind=0 closureEsc=0 surveyExpired=0
2026-09-05T23:10:40.465Z [INFO] [http] GET /api/v1/notifications/unread-count
2026-09-05T23:11:10.162Z [INFO] [http] GET /api/v1/notifications/unread-count
2026-09-05T23:11:19.349Z [INFO] [slaReminder] SLA_SCAN cases=1 respRemind=0 respEsc=0 closureRemind=0 closureEsc=0 surveyExpired=0
2026-09-05T23:11:40.457Z [INFO] [http] GET /api/v1/notifications/unread-count
2026-09-05T23:12:10.144Z [INFO] [http] GET /api/v1/notifications/unread-count
2026-09-05T23:12:19.354Z [INFO] [slaReminder] SLA_SCAN cases=1 respRemind=0 respEsc=0 closureRemind=0 closureEsc=0 surveyExpired=0
2026-09-05T23:12:40.465Z [INFO] [http] GET /api/v1/notifications/unread-count
2026-09-05T23:13:10.148Z [INFO] [http] GET /api/v1/notifications/unread-count
2026-09-05T23:13:19.369Z [INFO] [slaReminder] SLA_SCAN cases=1 respRemind=0 respEsc=0 closureRemind=0 closureEsc=0 surveyExpired=0
2026-09-05T23:13:40.467Z [INFO] [http] GET /api/v1/notifications/unread-count
2026-09-05T23:14:10.455Z [INFO] [http] GET /api/v1/notifications/unread-count
2026-09-05T23:14:19.381Z [INFO] [slaReminder] SLA_SCAN cases=1 respRemind=0 respEsc=0 closureRemind=0 closureEsc=0 surveyExpired=0
2026-09-05T23:14:40.456Z [INFO] [http] GET /api/v1/notifications/unread-count
2026-09-05T23:15:10.456Z [INFO] [http] GET /api/v1/notifications/unread-count
2026-09-05T23:15:19.392Z [INFO] [slaReminder] SLA_SCAN cases=1 respRemind=0 respEsc=0 closureRemind=0 closureEsc=0 surveyExpired=0
2026-09-05T23:15:40.455Z [INFO] [http] GET /api/v1/notifications/unread-count
2026-09-05T23:16:10.457Z [INFO] [http] GET /api/v1/notifications/unread-count
2026-09-05T23:16:19.393Z [INFO] [slaReminder] SLA_SCAN cases=1 respRemind=0 respEsc=0 closureRemind=0 closureEsc=0 surveyExpired=0
2026-09-05T23:16:40.156Z [INFO] [http] GET /api/v1/notifications/unread-count
2026-09-05T23:17:10.461Z [INFO] [http] GET /api/v1/notifications/unread-count
2026-09-05T23:17:19.403Z [INFO] [slaReminder] SLA_SCAN cases=1 respRemind=0 respEsc=0 closureRemind=0 closureEsc=0 surveyExpired=0
2026-09-05T23:17:40.145Z [INFO] [http] GET /api/v1/notifications/unread-count
2026-09-05T23:18:10.454Z [INFO] [http] GET /api/v1/notifications/unread-count
2026-09-05T23:18:19.415Z [INFO] [slaReminder] SLA_SCAN cases=1 respRemind=0 respEsc=0 closureRemind=0 closureEsc=0 surveyExpired=0
2026-09-05T23:18:40.152Z [INFO] [http] GET /api/v1/notifications/unread-count
2026-09-05T23:19:10.461Z [INFO] [http] GET /api/v1/notifications/unread-count
2026-09-05T23:19:19.427Z [INFO] [slaReminder] SLA_SCAN cases=1 respRemind=0 respEsc=0 closureRemind=0 closureEsc=0 surveyExpired=0
2026-09-05T23:19:40.455Z [INFO] [http] GET /api/v1/notifications/unread-count
2026-09-05T23:20:10.457Z [INFO] [http] GET /api/v1/notifications/unread-count
2026-09-05T23:20:19.437Z [INFO] [slaReminder] SLA_SCAN cases=1 respRemind=0 respEsc=0 closureRemind=0 closureEsc=0 surveyExpired=0
2026-09-05T23:20:40.472Z [INFO] [http] GET /api/v1/notifications/unread-count
2026-09-05T23:21:10.453Z [INFO] [http] GET /api/v1/notifications/unread-count
2026-09-05T23:21:19.446Z [INFO] [slaReminder] SLA_SCAN cases=1 respRemind=0 respEsc=0 closureRemind=0 closureEsc=0 surveyExpired=0
2026-09-05T23:21:40.463Z [INFO] [http] GET /api/v1/notifications/unread-count
2026-09-05T23:22:10.454Z [INFO] [http] GET /api/v1/notifications/unread-count
2026-09-05T23:22:19.461Z [INFO] [slaReminder] SLA_SCAN cases=1 respRemind=0 respEsc=0 closureRemind=0 closureEsc=0 surveyExpired=0
2026-09-05T23:22:40.467Z [INFO] [http] GET /api/v1/notifications/unread-count
2026-09-05T23:23:10.472Z [INFO] [http] GET /api/v1/notifications/unread-count
2026-09-05T23:23:19.467Z [INFO] [slaReminder] SLA_SCAN cases=1 respRemind=0 respEsc=0 closureRemind=0 closureEsc=0 surveyExpired=0
2026-09-05T23:23:40.459Z [INFO] [http] GET /api/v1/notifications/unread-count
2026-09-05T23:24:10.462Z [INFO] [http] GET /api/v1/notifications/unread-count
2026-09-05T23:24:19.478Z [INFO] [slaReminder] SLA_SCAN cases=1 respRemind=0 respEsc=0 closureRemind=0 closureEsc=0 surveyExpired=0
2026-09-05T23:24:40.458Z [INFO] [http] GET /api/v1/notifications/unread-count
2026-09-05T23:25:10.463Z [INFO] [http] GET /api/v1/notifications/unread-count
2026-09-05T23:25:19.491Z [INFO] [slaReminder] SLA_SCAN cases=1 respRemind=0 respEsc=0 closureRemind=0 closureEsc=0 surveyExpired=0
2026-09-05T23:25:40.493Z [INFO] [http] GET /api/v1/notifications/unread-count
2026-09-05T23:26:10.457Z [INFO] [http] GET /api/v1/notifications/unread-count
2026-09-05T23:26:19.497Z [INFO] [slaReminder] SLA_SCAN cases=1 respRemind=0 respEsc=0 closureRemind=0 closureEsc=0 surveyExpired=0
2026-09-05T23:26:40.145Z [INFO] [http] GET /api/v1/notifications/unread-count
2026-09-05T23:27:10.457Z [INFO] [http] GET /api/v1/notifications/unread-count
2026-09-05T23:27:19.508Z [INFO] [slaReminder] SLA_SCAN cases=1 respRemind=0 respEsc=0 closureRemind=0 closureEsc=0 surveyExpired=0
2026-09-05T23:27:40.158Z [INFO] [http] GET /api/v1/notifications/unread-count
2026-09-05T23:28:10.456Z [INFO] [http] GET /api/v1/notifications/unread-count
2026-09-05T23:28:19.512Z [INFO] [slaReminder] SLA_SCAN cases=1 respRemind=0 respEsc=0 closureRemind=0 closureEsc=0 surveyExpired=0
2026-09-05T23:28:40.146Z [INFO] [http] GET /api/v1/notifications/unread-count
2026-09-05T23:29:10.481Z [INFO] [http] GET /api/v1/notifications/unread-count
2026-09-05T23:29:19.527Z [INFO] [slaReminder] SLA_SCAN cases=1 respRemind=0 respEsc=0 closureRemind=0 closureEsc=0 surveyExpired=0
2026-09-05T23:29:40.462Z [INFO] [http] GET /api/v1/notifications/unread-count
2026-09-05T23:30:10.150Z [INFO] [http] GET /api/v1/notifications/unread-count
2026-09-05T23:30:19.539Z [INFO] [slaReminder] SLA_SCAN cases=1 respRemind=0 respEsc=0 closureRemind=0 closureEsc=0 surveyExpired=0
2026-09-05T23:30:40.461Z [INFO] [http] GET /api/v1/notifications/unread-count
2026-09-05T23:31:10.152Z [INFO] [http] GET /api/v1/notifications/unread-count
2026-09-05T23:31:19.545Z [INFO] [slaReminder] SLA_SCAN cases=1 respRemind=0 respEsc=0 closureRemind=0 closureEsc=0 surveyExpired=0
2026-09-05T23:31:40.454Z [INFO] [http] GET /api/v1/notifications/unread-count
2026-09-05T23:32:10.153Z [INFO] [http] GET /api/v1/notifications/unread-count
2026-09-05T23:32:19.550Z [INFO] [slaReminder] SLA_SCAN cases=1 respRemind=0 respEsc=0 closureRemind=0 closureEsc=0 surveyExpired=0
2026-09-05T23:32:40.456Z [INFO] [http] GET /api/v1/notifications/unread-count
2026-09-05T23:33:10.150Z [INFO] [http] GET /api/v1/notifications/unread-count
2026-09-05T23:33:19.552Z [INFO] [slaReminder] SLA_SCAN cases=1 respRemind=0 respEsc=0 closureRemind=0 closureEsc=0 surveyExpired=0
2026-09-05T23:33:40.452Z [INFO] [http] GET /api/v1/notifications/unread-count
2026-09-05T23:34:10.473Z [INFO] [http] GET /api/v1/notifications/unread-count
2026-09-05T23:34:19.556Z [INFO] [slaReminder] SLA_SCAN cases=1 respRemind=0 respEsc=0 closureRemind=0 closureEsc=0 surveyExpired=0
2026-09-05T23:34:40.453Z [INFO] [http] GET /api/v1/notifications/unread-count
2026-09-05T23:35:10.465Z [INFO] [http] GET /api/v1/notifications/unread-count
2026-09-05T23:35:19.570Z [INFO] [slaReminder] SLA_SCAN cases=1 respRemind=0 respEsc=0 closureRemind=0 closureEsc=0 surveyExpired=0
2026-09-05T23:35:40.454Z [INFO] [http] GET /api/v1/notifications/unread-count
2026-09-05T23:36:10.462Z [INFO] [http] GET /api/v1/notifications/unread-count
2026-09-05T23:36:19.577Z [INFO] [slaReminder] SLA_SCAN cases=1 respRemind=0 respEsc=0 closureRemind=0 closureEsc=0 surveyExpired=0
2026-09-05T23:36:40.460Z [INFO] [http] GET /api/v1/notifications/unread-count
2026-09-05T23:37:10.457Z [INFO] [http] GET /api/v1/notifications/unread-count
2026-09-05T23:37:19.590Z [INFO] [slaReminder] SLA_SCAN cases=1 respRemind=0 respEsc=0 closureRemind=0 closureEsc=0 surveyExpired=0
2026-09-05T23:37:40.457Z [INFO] [http] GET /api/v1/notifications/unread-count
2026-09-05T23:38:10.155Z [INFO] [http] GET /api/v1/notifications/unread-count
2026-09-05T23:38:19.601Z [INFO] [slaReminder] SLA_SCAN cases=1 respRemind=0 respEsc=0 closureRemind=0 closureEsc=0 surveyExpired=0
2026-09-05T23:38:40.455Z [INFO] [http] GET /api/v1/notifications/unread-count
2026-09-05T23:39:10.147Z [INFO] [http] GET /api/v1/notifications/unread-count
2026-09-05T23:39:19.604Z [INFO] [slaReminder] SLA_SCAN cases=1 respRemind=0 respEsc=0 closureRemind=0 closureEsc=0 surveyExpired=0
2026-09-05T23:39:40.465Z [INFO] [http] GET /api/v1/notifications/unread-count
2026-09-05T23:40:10.156Z [INFO] [http] GET /api/v1/notifications/unread-count
2026-09-05T23:40:19.620Z [INFO] [slaReminder] SLA_SCAN cases=1 respRemind=0 respEsc=0 closureRemind=0 closureEsc=0 surveyExpired=0
2026-09-05T23:40:40.457Z [INFO] [http] GET /api/v1/notifications/unread-count
2026-09-05T23:41:10.155Z [INFO] [http] GET /api/v1/notifications/unread-count
2026-09-05T23:41:19.620Z [INFO] [slaReminder] SLA_SCAN cases=1 respRemind=0 respEsc=0 closureRemind=0 closureEsc=0 surveyExpired=0
2026-09-05T23:41:40.460Z [INFO] [http] GET /api/v1/notifications/unread-count
2026-09-05T23:42:10.153Z [INFO] [http] GET /api/v1/notifications/unread-count
2026-09-05T23:42:19.636Z [INFO] [slaReminder] SLA_SCAN cases=1 respRemind=0 respEsc=0 closureRemind=0 closureEsc=0 surveyExpired=0
2026-09-05T23:42:40.452Z [INFO] [http] GET /api/v1/notifications/unread-count
2026-09-05T23:43:10.150Z [INFO] [http] GET /api/v1/notifications/unread-count
2026-09-05T23:43:19.642Z [INFO] [slaReminder] SLA_SCAN cases=1 respRemind=0 respEsc=0 closureRemind=0 closureEsc=0 surveyExpired=0
2026-09-05T23:43:40.460Z [INFO] [http] GET /api/v1/notifications/unread-count
2026-09-05T23:44:10.163Z [INFO] [http] GET /api/v1/notifications/unread-count
2026-09-05T23:44:19.655Z [INFO] [slaReminder] SLA_SCAN cases=1 respRemind=0 respEsc=0 closureRemind=0 closureEsc=0 surveyExpired=0
2026-09-05T23:44:40.452Z [INFO] [http] GET /api/v1/notifications/unread-count
2026-09-05T23:45:10.154Z [INFO] [http] GET /api/v1/notifications/unread-count
2026-09-05T23:45:19.657Z [INFO] [slaReminder] SLA_SCAN cases=1 respRemind=0 respEsc=0 closureRemind=0 closureEsc=0 surveyExpired=0
2026-09-05T23:45:40.459Z [INFO] [http] GET /api/v1/notifications/unread-count
2026-09-05T23:46:10.150Z [INFO] [http] GET /api/v1/notifications/unread-count
2026-09-05T23:46:19.668Z [INFO] [slaReminder] SLA_SCAN cases=1 respRemind=0 respEsc=0 closureRemind=0 closureEsc=0 surveyExpired=0
2026-09-05T23:46:40.464Z [INFO] [http] GET /api/v1/notifications/unread-count
2026-09-05T23:47:10.145Z [INFO] [http] GET /api/v1/notifications/unread-count
2026-09-05T23:47:19.680Z [INFO] [slaReminder] SLA_SCAN cases=1 respRemind=0 respEsc=0 closureRemind=0 closureEsc=0 surveyExpired=0
2026-09-05T23:47:40.464Z [INFO] [http] GET /api/v1/notifications/unread-count
2026-09-05T23:48:10.156Z [INFO] [http] GET /api/v1/notifications/unread-count
2026-09-05T23:48:19.699Z [INFO] [slaReminder] SLA_SCAN cases=1 respRemind=0 respEsc=0 closureRemind=0 closureEsc=0 surveyExpired=0
2026-09-05T23:48:40.460Z [INFO] [http] GET /api/v1/notifications/unread-count
2026-09-05T23:49:10.145Z [INFO] [http] GET /api/v1/notifications/unread-count
2026-09-05T23:49:19.701Z [INFO] [slaReminder] SLA_SCAN cases=1 respRemind=0 respEsc=0 closureRemind=0 closureEsc=0 surveyExpired=0
2026-09-05T23:49:40.467Z [INFO] [http] GET /api/v1/notifications/unread-count
2026-09-05T23:50:10.150Z [INFO] [http] GET /api/v1/notifications/unread-count
2026-09-05T23:50:19.712Z [INFO] [slaReminder] SLA_SCAN cases=1 respRemind=0 respEsc=0 closureRemind=0 closureEsc=0 surveyExpired=0
2026-09-05T23:50:40.461Z [INFO] [http] GET /api/v1/notifications/unread-count
2026-09-05T23:51:10.157Z [INFO] [http] GET /api/v1/notifications/unread-count
2026-09-05T23:51:19.729Z [INFO] [slaReminder] SLA_SCAN cases=1 respRemind=0 respEsc=0 closureRemind=0 closureEsc=0 surveyExpired=0
2026-09-05T23:51:40.453Z [INFO] [http] GET /api/v1/notifications/unread-count
2026-09-05T23:52:10.463Z [INFO] [http] GET /api/v1/notifications/unread-count
2026-09-05T23:52:19.727Z [INFO] [slaReminder] SLA_SCAN cases=1 respRemind=0 respEsc=0 closureRemind=0 closureEsc=0 surveyExpired=0
2026-09-05T23:52:40.454Z [INFO] [http] GET /api/v1/notifications/unread-count
2026-09-05T23:53:10.459Z [INFO] [http] GET /api/v1/notifications/unread-count
2026-09-05T23:53:19.730Z [INFO] [slaReminder] SLA_SCAN cases=1 respRemind=0 respEsc=0 closureRemind=0 closureEsc=0 surveyExpired=0
2026-09-05T23:53:40.451Z [INFO] [http] GET /api/v1/notifications/unread-count
2026-09-05T23:54:10.488Z [INFO] [http] GET /api/v1/notifications/unread-count
2026-09-05T23:54:19.738Z [INFO] [slaReminder] SLA_SCAN cases=1 respRemind=0 respEsc=0 closureRemind=0 closureEsc=0 surveyExpired=0
2026-09-05T23:54:40.468Z [INFO] [http] GET /api/v1/notifications/unread-count
2026-09-05T23:55:10.465Z [INFO] [http] GET /api/v1/notifications/unread-count
2026-09-05T23:55:19.746Z [INFO] [slaReminder] SLA_SCAN cases=1 respRemind=0 respEsc=0 closureRemind=0 closureEsc=0 surveyExpired=0
2026-09-05T23:55:40.456Z [INFO] [http] GET /api/v1/notifications/unread-count
2026-09-05T23:56:10.462Z [INFO] [http] GET /api/v1/notifications/unread-count
2026-09-05T23:56:19.746Z [INFO] [slaReminder] SLA_SCAN cases=1 respRemind=0 respEsc=0 closureRemind=0 closureEsc=0 surveyExpired=0
2026-09-05T23:56:40.465Z [INFO] [http] GET /api/v1/notifications/unread-count
2026-09-05T23:57:10.464Z [INFO] [http] GET /api/v1/notifications/unread-count
2026-09-05T23:57:19.754Z [INFO] [slaReminder] SLA_SCAN cases=1 respRemind=0 respEsc=0 closureRemind=0 closureEsc=0 surveyExpired=0
2026-09-05T23:57:40.465Z [INFO] [http] GET /api/v1/notifications/unread-count
2026-09-05T23:58:10.457Z [INFO] [http] GET /api/v1/notifications/unread-count
2026-09-05T23:58:19.756Z [INFO] [slaReminder] SLA_SCAN cases=1 respRemind=0 respEsc=0 closureRemind=0 closureEsc=0 surveyExpired=0
2026-09-05T23:58:40.459Z [INFO] [http] GET /api/v1/notifications/unread-count
2026-09-05T23:59:10.454Z [INFO] [http] GET /api/v1/notifications/unread-count
2026-09-05T23:59:19.770Z [INFO] [slaReminder] SLA_SCAN cases=1 respRemind=0 respEsc=0 closureRemind=0 closureEsc=0 surveyExpired=0
2026-09-05T23:59:40.459Z [INFO] [http] GET /api/v1/notifications/unread-count
2026-09-06T00:00:10.463Z [INFO] [http] GET /api/v1/notifications/unread-count
2026-09-06T00:00:19.772Z [INFO] [slaReminder] SLA_SCAN cases=1 respRemind=0 respEsc=0 closureRemind=0 closureEsc=0 surveyExpired=0
2026-09-06T00:00:40.453Z [INFO] [http] GET /api/v1/notifications/unread-count
2026-09-06T00:01:10.452Z [INFO] [http] GET /api/v1/notifications/unread-count
2026-09-06T00:01:19.787Z [INFO] [slaReminder] SLA_SCAN cases=1 respRemind=0 respEsc=0 closureRemind=0 closureEsc=0 surveyExpired=0
2026-09-06T00:01:40.144Z [INFO] [http] GET /api/v1/notifications/unread-count
2026-09-06T00:02:10.455Z [INFO] [http] GET /api/v1/notifications/unread-count
2026-09-06T00:02:19.802Z [INFO] [slaReminder] SLA_SCAN cases=1 respRemind=0 respEsc=0 closureRemind=0 closureEsc=0 surveyExpired=0
2026-09-06T00:02:40.465Z [INFO] [http] GET /api/v1/notifications/unread-count
2026-09-06T00:03:10.457Z [INFO] [http] GET /api/v1/notifications/unread-count
2026-09-06T00:03:19.811Z [INFO] [slaReminder] SLA_SCAN cases=1 respRemind=0 respEsc=0 closureRemind=0 closureEsc=0 surveyExpired=0
2026-09-06T00:03:40.461Z [INFO] [http] GET /api/v1/notifications/unread-count
2026-09-06T00:04:10.484Z [INFO] [http] GET /api/v1/notifications/unread-count
2026-09-06T00:04:19.825Z [INFO] [slaReminder] SLA_SCAN cases=1 respRemind=0 respEsc=0 closureRemind=0 closureEsc=0 surveyExpired=0
2026-09-06T00:04:40.461Z [INFO] [http] GET /api/v1/notifications/unread-count
2026-09-06T00:05:10.455Z [INFO] [http] GET /api/v1/notifications/unread-count
2026-09-06T00:05:19.827Z [INFO] [slaReminder] SLA_SCAN cases=1 respRemind=0 respEsc=0 closureRemind=0 closureEsc=0 surveyExpired=0
2026-09-06T00:05:40.461Z [INFO] [http] GET /api/v1/notifications/unread-count
2026-09-06T00:06:10.454Z [INFO] [http] GET /api/v1/notifications/unread-count
2026-09-06T00:06:19.831Z [INFO] [slaReminder] SLA_SCAN cases=1 respRemind=0 respEsc=0 closureRemind=0 closureEsc=0 surveyExpired=0
2026-09-06T00:06:40.467Z [INFO] [http] GET /api/v1/notifications/unread-count
2026-09-06T00:07:10.469Z [INFO] [http] GET /api/v1/notifications/unread-count
2026-09-06T00:07:19.839Z [INFO] [slaReminder] SLA_SCAN cases=1 respRemind=0 respEsc=0 closureRemind=0 closureEsc=0 surveyExpired=0
2026-09-06T00:07:40.457Z [INFO] [http] GET /api/v1/notifications/unread-count
2026-09-06T00:08:10.455Z [INFO] [http] GET /api/v1/notifications/unread-count
2026-09-06T00:08:19.842Z [INFO] [slaReminder] SLA_SCAN cases=1 respRemind=0 respEsc=0 closureRemind=0 closureEsc=0 surveyExpired=0
2026-09-06T00:08:40.465Z [INFO] [http] GET /api/v1/notifications/unread-count
2026-09-06T00:09:10.458Z [INFO] [http] GET /api/v1/notifications/unread-count
2026-09-06T00:09:19.859Z [INFO] [slaReminder] SLA_SCAN cases=1 respRemind=0 respEsc=0 closureRemind=0 closureEsc=0 surveyExpired=0
2026-09-06T00:09:40.464Z [INFO] [http] GET /api/v1/notifications/unread-count
2026-09-06T00:10:10.463Z [INFO] [http] GET /api/v1/notifications/unread-count
2026-09-06T00:10:19.873Z [INFO] [slaReminder] SLA_SCAN cases=1 respRemind=0 respEsc=0 closureRemind=0 closureEsc=0 surveyExpired=0
2026-09-06T00:10:40.150Z [INFO] [http] GET /api/v1/notifications/unread-count
2026-09-06T00:11:10.456Z [INFO] [http] GET /api/v1/notifications/unread-count
2026-09-06T00:11:19.877Z [INFO] [slaReminder] SLA_SCAN cases=1 respRemind=0 respEsc=0 closureRemind=0 closureEsc=0 surveyExpired=0
2026-09-06T00:11:40.145Z [INFO] [http] GET /api/v1/notifications/unread-count
2026-09-06T00:12:10.465Z [INFO] [http] GET /api/v1/notifications/unread-count
2026-09-06T00:12:19.892Z [INFO] [slaReminder] SLA_SCAN cases=1 respRemind=0 respEsc=0 closureRemind=0 closureEsc=0 surveyExpired=0
2026-09-06T00:12:40.146Z [INFO] [http] GET /api/v1/notifications/unread-count
2026-09-06T00:13:10.452Z [INFO] [http] GET /api/v1/notifications/unread-count
2026-09-06T00:13:19.895Z [INFO] [slaReminder] SLA_SCAN cases=1 respRemind=0 respEsc=0 closureRemind=0 closureEsc=0 surveyExpired=0
2026-09-06T00:13:40.457Z [INFO] [http] GET /api/v1/notifications/unread-count
2026-09-06T00:14:10.449Z [INFO] [http] GET /api/v1/notifications/unread-count
2026-09-06T00:14:19.913Z [INFO] [slaReminder] SLA_SCAN cases=1 respRemind=0 respEsc=0 closureRemind=0 closureEsc=0 surveyExpired=0
2026-09-06T00:14:40.470Z [INFO] [http] GET /api/v1/notifications/unread-count
2026-09-06T00:15:10.464Z [INFO] [http] GET /api/v1/notifications/unread-count
2026-09-06T00:15:19.920Z [INFO] [slaReminder] SLA_SCAN cases=1 respRemind=0 respEsc=0 closureRemind=0 closureEsc=0 surveyExpired=0
2026-09-06T00:15:40.461Z [INFO] [http] GET /api/v1/notifications/unread-count
2026-09-06T00:16:10.455Z [INFO] [http] GET /api/v1/notifications/unread-count
2026-09-06T00:16:19.920Z [INFO] [slaReminder] SLA_SCAN cases=1 respRemind=0 respEsc=0 closureRemind=0 closureEsc=0 surveyExpired=0
2026-09-06T00:16:40.460Z [INFO] [http] GET /api/v1/notifications/unread-count
2026-09-06T00:17:10.453Z [INFO] [http] GET /api/v1/notifications/unread-count
2026-09-06T00:17:19.926Z [INFO] [slaReminder] SLA_SCAN cases=1 respRemind=0 respEsc=0 closureRemind=0 closureEsc=0 surveyExpired=0
2026-09-06T00:17:40.463Z [INFO] [http] GET /api/v1/notifications/unread-count
2026-09-06T00:18:10.462Z [INFO] [http] GET /api/v1/notifications/unread-count
2026-09-06T00:18:19.935Z [INFO] [slaReminder] SLA_SCAN cases=1 respRemind=0 respEsc=0 closureRemind=0 closureEsc=0 surveyExpired=0
2026-09-06T00:18:40.147Z [INFO] [http] GET /api/v1/notifications/unread-count
2026-09-06T00:19:10.470Z [INFO] [http] GET /api/v1/notifications/unread-count
2026-09-06T00:19:19.942Z [INFO] [slaReminder] SLA_SCAN cases=1 respRemind=0 respEsc=0 closureRemind=0 closureEsc=0 surveyExpired=0
2026-09-06T00:19:40.453Z [INFO] [http] GET /api/v1/notifications/unread-count
2026-09-06T00:20:10.468Z [INFO] [http] GET /api/v1/notifications/unread-count
2026-09-06T00:20:19.947Z [INFO] [slaReminder] SLA_SCAN cases=1 respRemind=0 respEsc=0 closureRemind=0 closureEsc=0 surveyExpired=0
2026-09-06T00:20:40.145Z [INFO] [http] GET /api/v1/notifications/unread-count
2026-09-06T00:21:10.465Z [INFO] [http] GET /api/v1/notifications/unread-count
2026-09-06T00:21:19.952Z [INFO] [slaReminder] SLA_SCAN cases=1 respRemind=0 respEsc=0 closureRemind=0 closureEsc=0 surveyExpired=0
2026-09-06T00:21:40.460Z [INFO] [http] GET /api/v1/notifications/unread-count
2026-09-06T00:22:10.145Z [INFO] [http] GET /api/v1/notifications/unread-count
2026-09-06T00:22:19.967Z [INFO] [slaReminder] SLA_SCAN cases=1 respRemind=0 respEsc=0 closureRemind=0 closureEsc=0 surveyExpired=0
2026-09-06T00:22:40.451Z [INFO] [http] GET /api/v1/notifications/unread-count
2026-09-06T00:23:10.462Z [INFO] [http] GET /api/v1/notifications/unread-count
2026-09-06T00:23:19.970Z [INFO] [slaReminder] SLA_SCAN cases=1 respRemind=0 respEsc=0 closureRemind=0 closureEsc=0 surveyExpired=0
2026-09-06T00:23:40.453Z [INFO] [http] GET /api/v1/notifications/unread-count
2026-09-06T00:24:10.161Z [INFO] [http] GET /api/v1/notifications/unread-count
2026-09-06T00:24:19.987Z [INFO] [slaReminder] SLA_SCAN cases=1 respRemind=0 respEsc=0 closureRemind=0 closureEsc=0 surveyExpired=0
2026-09-06T00:24:40.451Z [INFO] [http] GET /api/v1/notifications/unread-count
2026-09-06T00:25:10.453Z [INFO] [http] GET /api/v1/notifications/unread-count
2026-09-06T00:25:19.997Z [INFO] [slaReminder] SLA_SCAN cases=1 respRemind=0 respEsc=0 closureRemind=0 closureEsc=0 surveyExpired=0
2026-09-06T00:25:40.453Z [INFO] [http] GET /api/v1/notifications/unread-count
2026-09-06T00:26:10.466Z [INFO] [http] GET /api/v1/notifications/unread-count
2026-09-06T00:26:20.006Z [INFO] [slaReminder] SLA_SCAN cases=1 respRemind=0 respEsc=0 closureRemind=0 closureEsc=0 surveyExpired=0
2026-09-06T00:26:40.459Z [INFO] [http] GET /api/v1/notifications/unread-count
2026-09-06T00:27:10.150Z [INFO] [http] GET /api/v1/notifications/unread-count
2026-09-06T00:27:20.021Z [INFO] [slaReminder] SLA_SCAN cases=1 respRemind=0 respEsc=0 closureRemind=0 closureEsc=0 surveyExpired=0
2026-09-06T00:27:40.459Z [INFO] [http] GET /api/v1/notifications/unread-count
2026-09-06T00:28:10.142Z [INFO] [http] GET /api/v1/notifications/unread-count
2026-09-06T00:28:20.029Z [INFO] [slaReminder] SLA_SCAN cases=1 respRemind=0 respEsc=0 closureRemind=0 closureEsc=0 surveyExpired=0
2026-09-06T00:28:40.467Z [INFO] [http] GET /api/v1/notifications/unread-count
2026-09-06T00:29:10.455Z [INFO] [http] GET /api/v1/notifications/unread-count
2026-09-06T00:29:20.043Z [INFO] [slaReminder] SLA_SCAN cases=1 respRemind=0 respEsc=0 closureRemind=0 closureEsc=0 surveyExpired=0
2026-09-06T00:29:40.458Z [INFO] [http] GET /api/v1/notifications/unread-count
2026-09-06T00:30:10.452Z [INFO] [http] GET /api/v1/notifications/unread-count
2026-09-06T00:30:20.055Z [INFO] [slaReminder] SLA_SCAN cases=1 respRemind=0 respEsc=0 closureRemind=0 closureEsc=0 surveyExpired=0
2026-09-06T00:30:40.465Z [INFO] [http] GET /api/v1/notifications/unread-count
2026-09-06T00:31:10.462Z [INFO] [http] GET /api/v1/notifications/unread-count
2026-09-06T00:31:20.069Z [INFO] [slaReminder] SLA_SCAN cases=1 respRemind=0 respEsc=0 closureRemind=0 closureEsc=0 surveyExpired=0
2026-09-06T00:31:40.459Z [INFO] [http] GET /api/v1/notifications/unread-count
2026-09-06T00:32:10.461Z [INFO] [http] GET /api/v1/notifications/unread-count
2026-09-06T00:32:20.080Z [INFO] [slaReminder] SLA_SCAN cases=1 respRemind=0 respEsc=0 closureRemind=0 closureEsc=0 surveyExpired=0
2026-09-06T00:32:40.462Z [INFO] [http] GET /api/v1/notifications/unread-count
2026-09-06T00:33:10.462Z [INFO] [http] GET /api/v1/notifications/unread-count
2026-09-06T00:33:20.094Z [INFO] [slaReminder] SLA_SCAN cases=1 respRemind=0 respEsc=0 closureRemind=0 closureEsc=0 surveyExpired=0
2026-09-06T00:33:40.517Z [INFO] [http] GET /api/v1/notifications/unread-count
2026-09-06T00:34:10.450Z [INFO] [http] GET /api/v1/notifications/unread-count
2026-09-06T00:34:20.100Z [INFO] [slaReminder] SLA_SCAN cases=1 respRemind=0 respEsc=0 closureRemind=0 closureEsc=0 surveyExpired=0
2026-09-06T00:34:40.489Z [INFO] [http] GET /api/v1/notifications/unread-count
2026-09-06T00:35:10.469Z [INFO] [http] GET /api/v1/notifications/unread-count
2026-09-06T00:35:20.115Z [INFO] [slaReminder] SLA_SCAN cases=1 respRemind=0 respEsc=0 closureRemind=0 closureEsc=0 surveyExpired=0
2026-09-06T00:35:40.456Z [INFO] [http] GET /api/v1/notifications/unread-count
2026-09-06T00:36:10.455Z [INFO] [http] GET /api/v1/notifications/unread-count
2026-09-06T00:36:20.117Z [INFO] [slaReminder] SLA_SCAN cases=1 respRemind=0 respEsc=0 closureRemind=0 closureEsc=0 surveyExpired=0
2026-09-06T00:36:40.453Z [INFO] [http] GET /api/v1/notifications/unread-count
2026-09-06T00:37:10.462Z [INFO] [http] GET /api/v1/notifications/unread-count
2026-09-06T00:37:20.123Z [INFO] [slaReminder] SLA_SCAN cases=1 respRemind=0 respEsc=0 closureRemind=0 closureEsc=0 surveyExpired=0
2026-09-06T00:37:40.456Z [INFO] [http] GET /api/v1/notifications/unread-count
2026-09-06T00:38:10.457Z [INFO] [http] GET /api/v1/notifications/unread-count
2026-09-06T00:38:20.127Z [INFO] [slaReminder] SLA_SCAN cases=1 respRemind=0 respEsc=0 closureRemind=0 closureEsc=0 surveyExpired=0
2026-09-06T00:38:40.462Z [INFO] [http] GET /api/v1/notifications/unread-count
2026-09-06T00:39:10.553Z [INFO] [http] GET /api/v1/notifications/unread-count
2026-09-06T00:39:20.134Z [INFO] [slaReminder] SLA_SCAN cases=1 respRemind=0 respEsc=0 closureRemind=0 closureEsc=0 surveyExpired=0
2026-09-06T00:39:40.457Z [INFO] [http] GET /api/v1/notifications/unread-count
2026-09-06T00:40:10.458Z [INFO] [http] GET /api/v1/notifications/unread-count
2026-09-06T00:40:20.147Z [INFO] [slaReminder] SLA_SCAN cases=1 respRemind=0 respEsc=0 closureRemind=0 closureEsc=0 surveyExpired=0
2026-09-06T00:40:40.138Z [INFO] [http] GET /api/v1/notifications/unread-count
2026-09-06T00:41:10.447Z [INFO] [http] GET /api/v1/notifications/unread-count
2026-09-06T00:41:20.155Z [INFO] [slaReminder] SLA_SCAN cases=1 respRemind=0 respEsc=0 closureRemind=0 closureEsc=0 surveyExpired=0
2026-09-06T00:41:40.138Z [INFO] [http] GET /api/v1/notifications/unread-count
2026-09-06T00:42:10.459Z [INFO] [http] GET /api/v1/notifications/unread-count
2026-09-06T00:42:20.155Z [INFO] [slaReminder] SLA_SCAN cases=1 respRemind=0 respEsc=0 closureRemind=0 closureEsc=0 surveyExpired=0
2026-09-06T00:42:40.140Z [INFO] [http] GET /api/v1/notifications/unread-count
2026-09-06T00:43:10.460Z [INFO] [http] GET /api/v1/notifications/unread-count
2026-09-06T00:43:20.167Z [INFO] [slaReminder] SLA_SCAN cases=1 respRemind=0 respEsc=0 closureRemind=0 closureEsc=0 surveyExpired=0
2026-09-06T00:43:40.459Z [INFO] [http] GET /api/v1/notifications/unread-count
2026-09-06T00:44:10.461Z [INFO] [http] GET /api/v1/notifications/unread-count
2026-09-06T00:44:20.176Z [INFO] [slaReminder] SLA_SCAN cases=1 respRemind=0 respEsc=0 closureRemind=0 closureEsc=0 surveyExpired=0
2026-09-06T00:44:40.457Z [INFO] [http] GET /api/v1/notifications/unread-count
2026-09-06T00:45:10.152Z [INFO] [http] GET /api/v1/notifications/unread-count
2026-09-06T00:45:20.189Z [INFO] [slaReminder] SLA_SCAN cases=1 respRemind=0 respEsc=0 closureRemind=0 closureEsc=0 surveyExpired=0
2026-09-06T00:45:40.452Z [INFO] [http] GET /api/v1/notifications/unread-count
2026-09-06T00:46:10.143Z [INFO] [http] GET /api/v1/notifications/unread-count
2026-09-06T00:46:20.196Z [INFO] [slaReminder] SLA_SCAN cases=1 respRemind=0 respEsc=0 closureRemind=0 closureEsc=0 surveyExpired=0
2026-09-06T00:46:40.462Z [INFO] [http] GET /api/v1/notifications/unread-count
2026-09-06T00:47:10.148Z [INFO] [http] GET /api/v1/notifications/unread-count
2026-09-06T00:47:20.198Z [INFO] [slaReminder] SLA_SCAN cases=1 respRemind=0 respEsc=0 closureRemind=0 closureEsc=0 surveyExpired=0
2026-09-06T00:47:40.457Z [INFO] [http] GET /api/v1/notifications/unread-count
2026-09-06T00:48:10.144Z [INFO] [http] GET /api/v1/notifications/unread-count
2026-09-06T00:48:20.202Z [INFO] [slaReminder] SLA_SCAN cases=1 respRemind=0 respEsc=0 closureRemind=0 closureEsc=0 surveyExpired=0
2026-09-06T00:48:40.448Z [INFO] [http] GET /api/v1/notifications/unread-count
2026-09-06T00:49:10.293Z [INFO] [http] GET /api/v1/notifications/unread-count
2026-09-06T00:49:20.206Z [INFO] [slaReminder] SLA_SCAN cases=1 respRemind=0 respEsc=0 closureRemind=0 closureEsc=0 surveyExpired=0
2026-09-06T00:49:40.449Z [INFO] [http] GET /api/v1/notifications/unread-count
2026-09-06T00:50:10.151Z [INFO] [http] GET /api/v1/notifications/unread-count
2026-09-06T00:50:20.217Z [INFO] [slaReminder] SLA_SCAN cases=1 respRemind=0 respEsc=0 closureRemind=0 closureEsc=0 surveyExpired=0
2026-09-06T00:50:40.458Z [INFO] [http] GET /api/v1/notifications/unread-count
2026-09-06T00:51:10.148Z [INFO] [http] GET /api/v1/notifications/unread-count
2026-09-06T00:51:20.232Z [INFO] [slaReminder] SLA_SCAN cases=1 respRemind=0 respEsc=0 closureRemind=0 closureEsc=0 surveyExpired=0
2026-09-06T00:51:40.467Z [INFO] [http] GET /api/v1/notifications/unread-count
2026-09-06T00:52:10.142Z [INFO] [http] GET /api/v1/notifications/unread-count
2026-09-06T00:52:20.232Z [INFO] [slaReminder] SLA_SCAN cases=1 respRemind=0 respEsc=0 closureRemind=0 closureEsc=0 surveyExpired=0
2026-09-06T00:52:40.455Z [INFO] [http] GET /api/v1/notifications/unread-count
2026-09-06T00:53:10.140Z [INFO] [http] GET /api/v1/notifications/unread-count
2026-09-06T00:53:20.233Z [INFO] [slaReminder] SLA_SCAN cases=1 respRemind=0 respEsc=0 closureRemind=0 closureEsc=0 surveyExpired=0
2026-09-06T00:53:40.450Z [INFO] [http] GET /api/v1/notifications/unread-count
2026-09-06T00:54:10.190Z [INFO] [http] GET /api/v1/notifications/unread-count
2026-09-06T00:54:20.237Z [INFO] [slaReminder] SLA_SCAN cases=1 respRemind=0 respEsc=0 closureRemind=0 closureEsc=0 surveyExpired=0
2026-09-06T00:54:40.457Z [INFO] [http] GET /api/v1/notifications/unread-count
2026-09-06T00:55:10.144Z [INFO] [http] GET /api/v1/notifications/unread-count
2026-09-06T00:55:20.249Z [INFO] [slaReminder] SLA_SCAN cases=1 respRemind=0 respEsc=0 closureRemind=0 closureEsc=0 surveyExpired=0
2026-09-06T00:55:40.462Z [INFO] [http] GET /api/v1/notifications/unread-count
2026-09-06T00:56:10.144Z [INFO] [http] GET /api/v1/notifications/unread-count
2026-09-06T00:56:20.252Z [INFO] [slaReminder] SLA_SCAN cases=1 respRemind=0 respEsc=0 closureRemind=0 closureEsc=0 surveyExpired=0
2026-09-06T00:56:40.454Z [INFO] [http] GET /api/v1/notifications/unread-count
2026-09-06T00:57:10.150Z [INFO] [http] GET /api/v1/notifications/unread-count
2026-09-06T00:57:20.256Z [INFO] [slaReminder] SLA_SCAN cases=1 respRemind=0 respEsc=0 closureRemind=0 closureEsc=0 surveyExpired=0
2026-09-06T00:57:40.457Z [INFO] [http] GET /api/v1/notifications/unread-count
2026-09-06T00:58:10.149Z [INFO] [http] GET /api/v1/notifications/unread-count
2026-09-06T00:58:20.265Z [INFO] [slaReminder] SLA_SCAN cases=1 respRemind=0 respEsc=0 closureRemind=0 closureEsc=0 surveyExpired=0
2026-09-06T00:58:40.459Z [INFO] [http] GET /api/v1/notifications/unread-count
Restarting 'src/server.js'
Restarting 'src/server.js'
2026-09-06T00:59:06.478Z [INFO] [static] serving frontend dist at C:\Users\606610\CodeBuddy\QRCode 客戶意見反饋\frontend\dist
2026-09-06T00:59:06.484Z [INFO] [server] QRCode 客戶意見反饋骨架已啟動 http://localhost:3000/api/v1
2026-09-06T00:59:06.484Z [INFO] [scheduler] SLA 掃描定時器已啟動（每 60000ms）
2026-09-06T00:59:06.484Z [WARN] [scheduler] 週報定時器停用（WEEKLY_REPORT_CHECK_MS 為 0/未設定）
Restarting 'src/server.js'
2026-09-06T00:59:08.848Z [INFO] [static] serving frontend dist at C:\Users\606610\CodeBuddy\QRCode 客戶意見反饋\frontend\dist
2026-09-06T00:59:08.853Z [INFO] [server] QRCode 客戶意見反饋骨架已啟動 http://localhost:3000/api/v1
2026-09-06T00:59:08.853Z [INFO] [scheduler] SLA 掃描定時器已啟動（每 60000ms）
2026-09-06T00:59:08.853Z [WARN] [scheduler] 週報定時器停用（WEEKLY_REPORT_CHECK_MS 為 0/未設定）
2026-09-06T00:59:10.465Z [INFO] [http] GET /api/v1/notifications/unread-count
2026-09-06T00:59:40.465Z [INFO] [http] GET /api/v1/notifications/unread-count
2026-09-06T01:00:08.861Z [INFO] [slaReminder] SLA_SCAN cases=1 respRemind=0 respEsc=0 closureRemind=0 closureEsc=0 surveyExpired=0
2026-09-06T01:00:10.453Z [INFO] [http] GET /api/v1/notifications/unread-count
2026-09-06T01:00:40.139Z [INFO] [http] GET /api/v1/notifications/unread-count
2026-09-06T01:01:08.874Z [INFO] [slaReminder] SLA_SCAN cases=1 respRemind=0 respEsc=0 closureRemind=0 closureEsc=0 surveyExpired=0
2026-09-06T01:01:10.450Z [INFO] [http] GET /api/v1/notifications/unread-count
2026-09-06T01:01:40.140Z [INFO] [http] GET /api/v1/notifications/unread-count
2026-09-06T01:02:08.881Z [INFO] [slaReminder] SLA_SCAN cases=1 respRemind=0 respEsc=0 closureRemind=0 closureEsc=0 surveyExpired=0
2026-09-06T01:02:10.463Z [INFO] [http] GET /api/v1/notifications/unread-count
2026-09-06T01:02:40.152Z [INFO] [http] GET /api/v1/notifications/unread-count
2026-09-06T01:03:08.888Z [INFO] [slaReminder] SLA_SCAN cases=1 respRemind=0 respEsc=0 closureRemind=0 closureEsc=0 surveyExpired=0
2026-09-06T01:03:10.460Z [INFO] [http] GET /api/v1/notifications/unread-count
2026-09-06T01:03:40.145Z [INFO] [http] GET /api/v1/notifications/unread-count
2026-09-06T01:04:08.892Z [INFO] [slaReminder] SLA_SCAN cases=1 respRemind=0 respEsc=0 closureRemind=0 closureEsc=0 surveyExpired=0
2026-09-06T01:04:10.490Z [INFO] [http] GET /api/v1/notifications/unread-count
2026-09-06T01:04:40.454Z [INFO] [http] GET /api/v1/notifications/unread-count
2026-09-06T01:05:08.898Z [INFO] [slaReminder] SLA_SCAN cases=1 respRemind=0 respEsc=0 closureRemind=0 closureEsc=0 surveyExpired=0
2026-09-06T01:05:10.455Z [INFO] [http] GET /api/v1/notifications/unread-count
2026-09-06T01:05:40.454Z [INFO] [http] GET /api/v1/notifications/unread-count
2026-09-06T01:06:08.914Z [INFO] [slaReminder] SLA_SCAN cases=1 respRemind=0 respEsc=0 closureRemind=0 closureEsc=0 surveyExpired=0
2026-09-06T01:06:10.147Z [INFO] [http] GET /api/v1/notifications/unread-count
2026-09-06T01:06:40.449Z [INFO] [http] GET /api/v1/notifications/unread-count
2026-09-06T01:07:08.921Z [INFO] [slaReminder] SLA_SCAN cases=1 respRemind=0 respEsc=0 closureRemind=0 closureEsc=0 surveyExpired=0
2026-09-06T01:07:10.138Z [INFO] [http] GET /api/v1/notifications/unread-count
2026-09-06T01:07:40.455Z [INFO] [http] GET /api/v1/notifications/unread-count
2026-09-06T01:08:08.934Z [INFO] [slaReminder] SLA_SCAN cases=1 respRemind=0 respEsc=0 closureRemind=0 closureEsc=0 surveyExpired=0
2026-09-06T01:08:10.446Z [INFO] [http] GET /api/v1/notifications/unread-count
2026-09-06T01:08:40.455Z [INFO] [http] GET /api/v1/notifications/unread-count
2026-09-06T01:09:08.949Z [INFO] [slaReminder] SLA_SCAN cases=1 respRemind=0 respEsc=0 closureRemind=0 closureEsc=0 surveyExpired=0
2026-09-06T01:09:10.468Z [INFO] [http] GET /api/v1/notifications/unread-count
2026-09-06T01:09:40.463Z [INFO] [http] GET /api/v1/notifications/unread-count
2026-09-06T01:10:08.965Z [INFO] [slaReminder] SLA_SCAN cases=1 respRemind=0 respEsc=0 closureRemind=0 closureEsc=0 surveyExpired=0
2026-09-06T01:10:10.450Z [INFO] [http] GET /api/v1/notifications/unread-count
2026-09-06T01:10:40.140Z [INFO] [http] GET /api/v1/notifications/unread-count
2026-09-06T01:11:08.969Z [INFO] [slaReminder] SLA_SCAN cases=1 respRemind=0 respEsc=0 closureRemind=0 closureEsc=0 surveyExpired=0
2026-09-06T01:11:10.454Z [INFO] [http] GET /api/v1/notifications/unread-count
2026-09-06T01:11:40.137Z [INFO] [http] GET /api/v1/notifications/unread-count
2026-09-06T01:12:08.981Z [INFO] [slaReminder] SLA_SCAN cases=1 respRemind=0 respEsc=0 closureRemind=0 closureEsc=0 surveyExpired=0
2026-09-06T01:12:10.453Z [INFO] [http] GET /api/v1/notifications/unread-count
2026-09-06T01:12:40.139Z [INFO] [http] GET /api/v1/notifications/unread-count
2026-09-06T01:13:08.993Z [INFO] [slaReminder] SLA_SCAN cases=1 respRemind=0 respEsc=0 closureRemind=0 closureEsc=0 surveyExpired=0
2026-09-06T01:13:10.458Z [INFO] [http] GET /api/v1/notifications/unread-count
2026-09-06T01:13:40.140Z [INFO] [http] GET /api/v1/notifications/unread-count
2026-09-06T01:14:08.994Z [INFO] [slaReminder] SLA_SCAN cases=1 respRemind=0 respEsc=0 closureRemind=0 closureEsc=0 surveyExpired=0
2026-09-06T01:14:10.482Z [INFO] [http] GET /api/v1/notifications/unread-count
2026-09-06T01:14:40.450Z [INFO] [http] GET /api/v1/notifications/unread-count
2026-09-06T01:15:09.003Z [INFO] [slaReminder] SLA_SCAN cases=1 respRemind=0 respEsc=0 closureRemind=0 closureEsc=0 surveyExpired=0
2026-09-06T01:15:10.455Z [INFO] [http] GET /api/v1/notifications/unread-count
2026-09-06T01:15:40.450Z [INFO] [http] GET /api/v1/notifications/unread-count
2026-09-06T01:16:09.005Z [INFO] [slaReminder] SLA_SCAN cases=1 respRemind=0 respEsc=0 closureRemind=0 closureEsc=0 surveyExpired=0
2026-09-06T01:16:10.456Z [INFO] [http] GET /api/v1/notifications/unread-count
2026-09-06T01:16:40.448Z [INFO] [http] GET /api/v1/notifications/unread-count
2026-09-06T01:17:09.010Z [INFO] [slaReminder] SLA_SCAN cases=1 respRemind=0 respEsc=0 closureRemind=0 closureEsc=0 surveyExpired=0
2026-09-06T01:17:10.457Z [INFO] [http] GET /api/v1/notifications/unread-count
2026-09-06T01:17:40.461Z [INFO] [http] GET /api/v1/notifications/unread-count
2026-09-06T01:18:09.016Z [INFO] [slaReminder] SLA_SCAN cases=1 respRemind=0 respEsc=0 closureRemind=0 closureEsc=0 surveyExpired=0
2026-09-06T01:18:10.454Z [INFO] [http] GET /api/v1/notifications/unread-count
2026-09-06T01:18:40.460Z [INFO] [http] GET /api/v1/notifications/unread-count
2026-09-06T01:19:09.032Z [INFO] [slaReminder] SLA_SCAN cases=1 respRemind=0 respEsc=0 closureRemind=0 closureEsc=0 surveyExpired=0
2026-09-06T01:19:10.461Z [INFO] [http] GET /api/v1/notifications/unread-count
2026-09-06T01:19:40.450Z [INFO] [http] GET /api/v1/notifications/unread-count
2026-09-06T01:20:09.037Z [INFO] [slaReminder] SLA_SCAN cases=1 respRemind=0 respEsc=0 closureRemind=0 closureEsc=0 surveyExpired=0
2026-09-06T01:20:10.447Z [INFO] [http] GET /api/v1/notifications/unread-count
2026-09-06T01:20:40.454Z [INFO] [http] GET /api/v1/notifications/unread-count
2026-09-06T01:21:09.039Z [INFO] [slaReminder] SLA_SCAN cases=1 respRemind=0 respEsc=0 closureRemind=0 closureEsc=0 surveyExpired=0
2026-09-06T01:21:10.149Z [INFO] [http] GET /api/v1/notifications/unread-count
2026-09-06T01:21:40.453Z [INFO] [http] GET /api/v1/notifications/unread-count
2026-09-06T01:22:09.050Z [INFO] [slaReminder] SLA_SCAN cases=1 respRemind=0 respEsc=0 closureRemind=0 closureEsc=0 surveyExpired=0
2026-09-06T01:22:10.148Z [INFO] [http] GET /api/v1/notifications/unread-count
2026-09-06T01:22:40.452Z [INFO] [http] GET /api/v1/notifications/unread-count
2026-09-06T01:23:09.064Z [INFO] [slaReminder] SLA_SCAN cases=1 respRemind=0 respEsc=0 closureRemind=0 closureEsc=0 surveyExpired=0
2026-09-06T01:23:10.146Z [INFO] [http] GET /api/v1/notifications/unread-count
2026-09-06T01:23:40.463Z [INFO] [http] GET /api/v1/notifications/unread-count
2026-09-06T01:24:09.075Z [INFO] [slaReminder] SLA_SCAN cases=1 respRemind=0 respEsc=0 closureRemind=0 closureEsc=0 surveyExpired=0
2026-09-06T01:24:10.525Z [INFO] [http] GET /api/v1/notifications/unread-count
2026-09-06T01:24:40.458Z [INFO] [http] GET /api/v1/notifications/unread-count
2026-09-06T01:25:09.086Z [INFO] [slaReminder] SLA_SCAN cases=1 respRemind=0 respEsc=0 closureRemind=0 closureEsc=0 surveyExpired=0
2026-09-06T01:25:10.150Z [INFO] [http] GET /api/v1/notifications/unread-count
2026-09-06T01:25:40.447Z [INFO] [http] GET /api/v1/notifications/unread-count
2026-09-06T01:26:09.087Z [INFO] [slaReminder] SLA_SCAN cases=1 respRemind=0 respEsc=0 closureRemind=0 closureEsc=0 surveyExpired=0
2026-09-06T01:26:10.465Z [INFO] [http] GET /api/v1/notifications/unread-count
2026-09-06T01:26:40.462Z [INFO] [http] GET /api/v1/notifications/unread-count
2026-09-06T01:27:09.103Z [INFO] [slaReminder] SLA_SCAN cases=1 respRemind=0 respEsc=0 closureRemind=0 closureEsc=0 surveyExpired=0
2026-09-06T01:27:10.453Z [INFO] [http] GET /api/v1/notifications/unread-count
2026-09-06T01:27:40.455Z [INFO] [http] GET /api/v1/notifications/unread-count
2026-09-06T01:28:09.108Z [INFO] [slaReminder] SLA_SCAN cases=1 respRemind=0 respEsc=0 closureRemind=0 closureEsc=0 surveyExpired=0
2026-09-06T01:28:10.461Z [INFO] [http] GET /api/v1/notifications/unread-count
2026-09-06T01:28:40.138Z [INFO] [http] GET /api/v1/notifications/unread-count
2026-09-06T01:29:09.110Z [INFO] [slaReminder] SLA_SCAN cases=1 respRemind=0 respEsc=0 closureRemind=0 closureEsc=0 surveyExpired=0
2026-09-06T01:29:10.451Z [INFO] [http] GET /api/v1/notifications/unread-count
2026-09-06T01:29:40.454Z [INFO] [http] GET /api/v1/notifications/unread-count
2026-09-06T01:30:09.115Z [INFO] [slaReminder] SLA_SCAN cases=1 respRemind=0 respEsc=0 closureRemind=0 closureEsc=0 surveyExpired=0
2026-09-06T01:30:10.453Z [INFO] [http] GET /api/v1/notifications/unread-count
2026-09-06T01:30:40.448Z [INFO] [http] GET /api/v1/notifications/unread-count
2026-09-06T01:31:09.130Z [INFO] [slaReminder] SLA_SCAN cases=1 respRemind=0 respEsc=0 closureRemind=0 closureEsc=0 surveyExpired=0
2026-09-06T01:31:10.457Z [INFO] [http] GET /api/v1/notifications/unread-count
2026-09-06T01:31:40.454Z [INFO] [http] GET /api/v1/notifications/unread-count
2026-09-06T01:32:09.145Z [INFO] [slaReminder] SLA_SCAN cases=1 respRemind=0 respEsc=0 closureRemind=0 closureEsc=0 surveyExpired=0
2026-09-06T01:32:10.454Z [INFO] [http] GET /api/v1/notifications/unread-count
2026-09-06T01:32:40.453Z [INFO] [http] GET /api/v1/notifications/unread-count
2026-09-06T01:33:09.158Z [INFO] [slaReminder] SLA_SCAN cases=1 respRemind=0 respEsc=0 closureRemind=0 closureEsc=0 surveyExpired=0
2026-09-06T01:33:10.451Z [INFO] [http] GET /api/v1/notifications/unread-count
2026-09-06T01:33:40.446Z [INFO] [http] GET /api/v1/notifications/unread-count
2026-09-06T01:34:09.162Z [INFO] [slaReminder] SLA_SCAN cases=1 respRemind=0 respEsc=0 closureRemind=0 closureEsc=0 surveyExpired=0
2026-09-06T01:34:10.470Z [INFO] [http] GET /api/v1/notifications/unread-count
2026-09-06T01:34:40.454Z [INFO] [http] GET /api/v1/notifications/unread-count
2026-09-06T01:35:09.174Z [INFO] [slaReminder] SLA_SCAN cases=1 respRemind=0 respEsc=0 closureRemind=0 closureEsc=0 surveyExpired=0
2026-09-06T01:35:10.457Z [INFO] [http] GET /api/v1/notifications/unread-count
2026-09-06T01:35:40.462Z [INFO] [http] GET /api/v1/notifications/unread-count
2026-09-06T01:36:09.177Z [INFO] [slaReminder] SLA_SCAN cases=1 respRemind=0 respEsc=0 closureRemind=0 closureEsc=0 surveyExpired=0
2026-09-06T01:36:10.454Z [INFO] [http] GET /api/v1/notifications/unread-count
2026-09-06T01:36:40.462Z [INFO] [http] GET /api/v1/notifications/unread-count
2026-09-06T01:37:09.178Z [INFO] [slaReminder] SLA_SCAN cases=1 respRemind=0 respEsc=0 closureRemind=0 closureEsc=0 surveyExpired=0
2026-09-06T01:37:10.449Z [INFO] [http] GET /api/v1/notifications/unread-count
2026-09-06T01:37:40.454Z [INFO] [http] GET /api/v1/notifications/unread-count
2026-09-06T01:38:09.180Z [INFO] [slaReminder] SLA_SCAN cases=1 respRemind=0 respEsc=0 closureRemind=0 closureEsc=0 surveyExpired=0
2026-09-06T01:38:10.454Z [INFO] [http] GET /api/v1/notifications/unread-count
2026-09-06T01:38:40.457Z [INFO] [http] GET /api/v1/notifications/unread-count
2026-09-06T01:39:09.191Z [INFO] [slaReminder] SLA_SCAN cases=1 respRemind=0 respEsc=0 closureRemind=0 closureEsc=0 surveyExpired=0
2026-09-06T01:39:10.470Z [INFO] [http] GET /api/v1/notifications/unread-count
2026-09-06T01:39:40.458Z [INFO] [http] GET /api/v1/notifications/unread-count
2026-09-06T01:40:09.193Z [INFO] [slaReminder] SLA_SCAN cases=1 respRemind=0 respEsc=0 closureRemind=0 closureEsc=0 surveyExpired=0
2026-09-06T01:40:10.145Z [INFO] [http] GET /api/v1/notifications/unread-count
2026-09-06T01:40:40.462Z [INFO] [http] GET /api/v1/notifications/unread-count
2026-09-06T01:41:09.205Z [INFO] [slaReminder] SLA_SCAN cases=1 respRemind=0 respEsc=0 closureRemind=0 closureEsc=0 surveyExpired=0
2026-09-06T01:41:10.146Z [INFO] [http] GET /api/v1/notifications/unread-count
2026-09-06T01:41:40.449Z [INFO] [http] GET /api/v1/notifications/unread-count
2026-09-06T01:42:09.209Z [INFO] [slaReminder] SLA_SCAN cases=1 respRemind=0 respEsc=0 closureRemind=0 closureEsc=0 surveyExpired=0
2026-09-06T01:42:10.447Z [INFO] [http] GET /api/v1/notifications/unread-count
2026-09-06T01:42:40.453Z [INFO] [http] GET /api/v1/notifications/unread-count
2026-09-06T01:43:09.215Z [INFO] [slaReminder] SLA_SCAN cases=1 respRemind=0 respEsc=0 closureRemind=0 closureEsc=0 surveyExpired=0
2026-09-06T01:43:10.451Z [INFO] [http] GET /api/v1/notifications/unread-count
2026-09-06T01:43:40.452Z [INFO] [http] GET /api/v1/notifications/unread-count
2026-09-06T01:44:09.222Z [INFO] [slaReminder] SLA_SCAN cases=1 respRemind=0 respEsc=0 closureRemind=0 closureEsc=0 surveyExpired=0
2026-09-06T01:44:10.473Z [INFO] [http] GET /api/v1/notifications/unread-count
2026-09-06T01:44:40.495Z [INFO] [http] GET /api/v1/notifications/unread-count
2026-09-06T01:45:09.262Z [INFO] [slaReminder] SLA_SCAN cases=1 respRemind=0 respEsc=0 closureRemind=0 closureEsc=0 surveyExpired=0
2026-09-06T01:45:10.159Z [INFO] [http] GET /api/v1/notifications/unread-count
2026-09-06T01:45:40.459Z [INFO] [http] GET /api/v1/notifications/unread-count
2026-09-06T01:46:09.268Z [INFO] [slaReminder] SLA_SCAN cases=1 respRemind=0 respEsc=0 closureRemind=0 closureEsc=0 surveyExpired=0
2026-09-06T01:46:10.460Z [INFO] [http] GET /api/v1/notifications/unread-count
2026-09-06T01:46:40.458Z [INFO] [http] GET /api/v1/notifications/unread-count
2026-09-06T01:47:09.276Z [INFO] [slaReminder] SLA_SCAN cases=1 respRemind=0 respEsc=0 closureRemind=0 closureEsc=0 surveyExpired=0
2026-09-06T01:47:10.456Z [INFO] [http] GET /api/v1/notifications/unread-count
2026-09-06T01:47:40.459Z [INFO] [http] GET /api/v1/notifications/unread-count
2026-09-06T01:48:09.282Z [INFO] [slaReminder] SLA_SCAN cases=1 respRemind=0 respEsc=0 closureRemind=0 closureEsc=0 surveyExpired=0
2026-09-06T01:48:10.145Z [INFO] [http] GET /api/v1/notifications/unread-count
2026-09-06T01:48:40.464Z [INFO] [http] GET /api/v1/notifications/unread-count
2026-09-06T01:49:09.289Z [INFO] [slaReminder] SLA_SCAN cases=1 respRemind=0 respEsc=0 closureRemind=0 closureEsc=0 surveyExpired=0
2026-09-06T01:49:10.152Z [INFO] [http] GET /api/v1/notifications/unread-count
2026-09-06T01:49:40.452Z [INFO] [http] GET /api/v1/notifications/unread-count
2026-09-06T01:50:09.300Z [INFO] [slaReminder] SLA_SCAN cases=1 respRemind=0 respEsc=0 closureRemind=0 closureEsc=0 surveyExpired=0
2026-09-06T01:50:10.462Z [INFO] [http] GET /api/v1/notifications/unread-count
2026-09-06T01:50:40.487Z [INFO] [http] GET /api/v1/notifications/unread-count
2026-09-06T01:51:09.313Z [INFO] [slaReminder] SLA_SCAN cases=1 respRemind=0 respEsc=0 closureRemind=0 closureEsc=0 surveyExpired=0
2026-09-06T01:51:10.149Z [INFO] [http] GET /api/v1/notifications/unread-count
2026-09-06T01:51:40.513Z [INFO] [http] GET /api/v1/notifications/unread-count
2026-09-06T01:52:09.318Z [INFO] [slaReminder] SLA_SCAN cases=1 respRemind=0 respEsc=0 closureRemind=0 closureEsc=0 surveyExpired=0
2026-09-06T01:52:10.149Z [INFO] [http] GET /api/v1/notifications/unread-count
2026-09-06T01:52:40.457Z [INFO] [http] GET /api/v1/notifications/unread-count
2026-09-06T01:53:09.325Z [INFO] [slaReminder] SLA_SCAN cases=1 respRemind=0 respEsc=0 closureRemind=0 closureEsc=0 surveyExpired=0
2026-09-06T01:53:10.137Z [INFO] [http] GET /api/v1/notifications/unread-count
2026-09-06T01:53:40.465Z [INFO] [http] GET /api/v1/notifications/unread-count
2026-09-06T01:54:09.328Z [INFO] [slaReminder] SLA_SCAN cases=1 respRemind=0 respEsc=0 closureRemind=0 closureEsc=0 surveyExpired=0
2026-09-06T01:54:10.140Z [INFO] [http] GET /api/v1/notifications/unread-count
2026-09-06T01:54:40.457Z [INFO] [http] GET /api/v1/notifications/unread-count
2026-09-06T01:55:09.331Z [INFO] [slaReminder] SLA_SCAN cases=1 respRemind=0 respEsc=0 closureRemind=0 closureEsc=0 surveyExpired=0
2026-09-06T01:55:10.148Z [INFO] [http] GET /api/v1/notifications/unread-count
2026-09-06T01:55:40.446Z [INFO] [http] GET /api/v1/notifications/unread-count
2026-09-06T01:56:09.332Z [INFO] [slaReminder] SLA_SCAN cases=1 respRemind=0 respEsc=0 closureRemind=0 closureEsc=0 surveyExpired=0
2026-09-06T01:56:10.142Z [INFO] [http] GET /api/v1/notifications/unread-count
2026-09-06T01:56:40.456Z [INFO] [http] GET /api/v1/notifications/unread-count
2026-09-06T01:57:09.343Z [INFO] [slaReminder] SLA_SCAN cases=1 respRemind=0 respEsc=0 closureRemind=0 closureEsc=0 surveyExpired=0
2026-09-06T01:57:10.139Z [INFO] [http] GET /api/v1/notifications/unread-count
2026-09-06T01:57:40.446Z [INFO] [http] GET /api/v1/notifications/unread-count
2026-09-06T01:58:09.354Z [INFO] [slaReminder] SLA_SCAN cases=1 respRemind=0 respEsc=0 closureRemind=0 closureEsc=0 surveyExpired=0
2026-09-06T01:58:10.141Z [INFO] [http] GET /api/v1/notifications/unread-count
2026-09-06T01:58:40.449Z [INFO] [http] GET /api/v1/notifications/unread-count
2026-09-06T01:59:09.366Z [INFO] [slaReminder] SLA_SCAN cases=1 respRemind=0 respEsc=0 closureRemind=0 closureEsc=0 surveyExpired=0
2026-09-06T01:59:10.148Z [INFO] [http] GET /api/v1/notifications/unread-count
2026-09-06T01:59:40.445Z [INFO] [http] GET /api/v1/notifications/unread-count
2026-09-06T02:00:09.372Z [INFO] [slaReminder] SLA_SCAN cases=1 respRemind=0 respEsc=0 closureRemind=0 closureEsc=0 surveyExpired=0
2026-09-06T02:00:10.140Z [INFO] [http] GET /api/v1/notifications/unread-count
2026-09-06T02:00:40.451Z [INFO] [http] GET /api/v1/notifications/unread-count
2026-09-06T02:01:09.378Z [INFO] [slaReminder] SLA_SCAN cases=1 respRemind=0 respEsc=0 closureRemind=0 closureEsc=0 surveyExpired=0
2026-09-06T02:01:10.139Z [INFO] [http] GET /api/v1/notifications/unread-count
2026-09-06T02:01:40.457Z [INFO] [http] GET /api/v1/notifications/unread-count
2026-09-06T02:02:09.384Z [INFO] [slaReminder] SLA_SCAN cases=1 respRemind=0 respEsc=0 closureRemind=0 closureEsc=0 surveyExpired=0
2026-09-06T02:02:10.135Z [INFO] [http] GET /api/v1/notifications/unread-count
2026-09-06T02:02:40.459Z [INFO] [http] GET /api/v1/notifications/unread-count
2026-09-06T02:03:09.385Z [INFO] [slaReminder] SLA_SCAN cases=1 respRemind=0 respEsc=0 closureRemind=0 closureEsc=0 surveyExpired=0
2026-09-06T02:03:10.146Z [INFO] [http] GET /api/v1/notifications/unread-count
2026-09-06T02:03:40.452Z [INFO] [http] GET /api/v1/notifications/unread-count
2026-09-06T02:04:09.395Z [INFO] [slaReminder] SLA_SCAN cases=1 respRemind=0 respEsc=0 closureRemind=0 closureEsc=0 surveyExpired=0
2026-09-06T02:04:10.145Z [INFO] [http] GET /api/v1/notifications/unread-count
2026-09-06T02:04:40.447Z [INFO] [http] GET /api/v1/notifications/unread-count
2026-09-06T02:05:09.409Z [INFO] [slaReminder] SLA_SCAN cases=1 respRemind=0 respEsc=0 closureRemind=0 closureEsc=0 surveyExpired=0
2026-09-06T02:05:10.146Z [INFO] [http] GET /api/v1/notifications/unread-count
2026-09-06T02:05:40.449Z [INFO] [http] GET /api/v1/notifications/unread-count
2026-09-06T02:06:09.415Z [INFO] [slaReminder] SLA_SCAN cases=1 respRemind=0 respEsc=0 closureRemind=0 closureEsc=0 surveyExpired=0
2026-09-06T02:06:10.137Z [INFO] [http] GET /api/v1/notifications/unread-count
2026-09-06T02:06:40.446Z [INFO] [http] GET /api/v1/notifications/unread-count
2026-09-06T02:07:09.426Z [INFO] [slaReminder] SLA_SCAN cases=1 respRemind=0 respEsc=0 closureRemind=0 closureEsc=0 surveyExpired=0
2026-09-06T02:07:10.151Z [INFO] [http] GET /api/v1/notifications/unread-count
2026-09-06T02:07:40.451Z [INFO] [http] GET /api/v1/notifications/unread-count
2026-09-06T02:08:09.441Z [INFO] [slaReminder] SLA_SCAN cases=1 respRemind=0 respEsc=0 closureRemind=0 closureEsc=0 surveyExpired=0
2026-09-06T02:08:10.150Z [INFO] [http] GET /api/v1/notifications/unread-count
2026-09-06T02:08:40.450Z [INFO] [http] GET /api/v1/notifications/unread-count
2026-09-06T02:09:09.452Z [INFO] [slaReminder] SLA_SCAN cases=1 respRemind=0 respEsc=0 closureRemind=0 closureEsc=0 surveyExpired=0
2026-09-06T02:09:10.142Z [INFO] [http] GET /api/v1/notifications/unread-count
2026-09-06T02:09:40.463Z [INFO] [http] GET /api/v1/notifications/unread-count
2026-09-06T02:10:09.464Z [INFO] [slaReminder] SLA_SCAN cases=1 respRemind=0 respEsc=0 closureRemind=0 closureEsc=0 surveyExpired=0
2026-09-06T02:10:10.135Z [INFO] [http] GET /api/v1/notifications/unread-count
2026-09-06T02:10:40.450Z [INFO] [http] GET /api/v1/notifications/unread-count
2026-09-06T02:11:09.478Z [INFO] [slaReminder] SLA_SCAN cases=1 respRemind=0 respEsc=0 closureRemind=0 closureEsc=0 surveyExpired=0
2026-09-06T02:11:10.136Z [INFO] [http] GET /api/v1/notifications/unread-count
2026-09-06T02:11:40.452Z [INFO] [http] GET /api/v1/notifications/unread-count
2026-09-06T02:12:09.486Z [INFO] [slaReminder] SLA_SCAN cases=1 respRemind=0 respEsc=0 closureRemind=0 closureEsc=0 surveyExpired=0
2026-09-06T02:12:10.145Z [INFO] [http] GET /api/v1/notifications/unread-count
2026-09-06T02:12:40.451Z [INFO] [http] GET /api/v1/notifications/unread-count
2026-09-06T02:13:09.489Z [INFO] [slaReminder] SLA_SCAN cases=1 respRemind=0 respEsc=0 closureRemind=0 closureEsc=0 surveyExpired=0
2026-09-06T02:13:10.147Z [INFO] [http] GET /api/v1/notifications/unread-count
2026-09-06T02:13:40.454Z [INFO] [http] GET /api/v1/notifications/unread-count
2026-09-06T02:14:09.499Z [INFO] [slaReminder] SLA_SCAN cases=1 respRemind=0 respEsc=0 closureRemind=0 closureEsc=0 surveyExpired=0
2026-09-06T02:14:10.151Z [INFO] [http] GET /api/v1/notifications/unread-count
2026-09-06T02:14:40.457Z [INFO] [http] GET /api/v1/notifications/unread-count
2026-09-06T02:15:09.501Z [INFO] [slaReminder] SLA_SCAN cases=1 respRemind=0 respEsc=0 closureRemind=0 closureEsc=0 surveyExpired=0
2026-09-06T02:15:10.143Z [INFO] [http] GET /api/v1/notifications/unread-count
2026-09-06T02:15:40.462Z [INFO] [http] GET /api/v1/notifications/unread-count
2026-09-06T02:16:09.504Z [INFO] [slaReminder] SLA_SCAN cases=1 respRemind=0 respEsc=0 closureRemind=0 closureEsc=0 surveyExpired=0
2026-09-06T02:16:10.138Z [INFO] [http] GET /api/v1/notifications/unread-count
2026-09-06T02:16:40.470Z [INFO] [http] GET /api/v1/notifications/unread-count
2026-09-06T02:17:09.515Z [INFO] [slaReminder] SLA_SCAN cases=1 respRemind=0 respEsc=0 closureRemind=0 closureEsc=0 surveyExpired=0
2026-09-06T02:17:10.451Z [INFO] [http] GET /api/v1/notifications/unread-count
2026-09-06T02:17:40.455Z [INFO] [http] GET /api/v1/notifications/unread-count
2026-09-06T02:18:09.529Z [INFO] [slaReminder] SLA_SCAN cases=1 respRemind=0 respEsc=0 closureRemind=0 closureEsc=0 surveyExpired=0
2026-09-06T02:18:10.450Z [INFO] [http] GET /api/v1/notifications/unread-count
2026-09-06T02:18:40.463Z [INFO] [http] GET /api/v1/notifications/unread-count
2026-09-06T02:19:09.535Z [INFO] [slaReminder] SLA_SCAN cases=1 respRemind=0 respEsc=0 closureRemind=0 closureEsc=0 surveyExpired=0
2026-09-06T02:19:10.450Z [INFO] [http] GET /api/v1/notifications/unread-count
2026-09-06T02:19:40.450Z [INFO] [http] GET /api/v1/notifications/unread-count
2026-09-06T02:20:09.548Z [INFO] [slaReminder] SLA_SCAN cases=1 respRemind=0 respEsc=0 closureRemind=0 closureEsc=0 surveyExpired=0
2026-09-06T02:20:10.451Z [INFO] [http] GET /api/v1/notifications/unread-count
2026-09-06T02:20:40.458Z [INFO] [http] GET /api/v1/notifications/unread-count
2026-09-06T02:21:09.554Z [INFO] [slaReminder] SLA_SCAN cases=1 respRemind=0 respEsc=0 closureRemind=0 closureEsc=0 surveyExpired=0
2026-09-06T02:21:10.450Z [INFO] [http] GET /api/v1/notifications/unread-count
2026-09-06T02:21:40.461Z [INFO] [http] GET /api/v1/notifications/unread-count
2026-09-06T02:22:09.559Z [INFO] [slaReminder] SLA_SCAN cases=1 respRemind=0 respEsc=0 closureRemind=0 closureEsc=0 surveyExpired=0
2026-09-06T02:22:10.451Z [INFO] [http] GET /api/v1/notifications/unread-count
2026-09-06T02:22:40.457Z [INFO] [http] GET /api/v1/notifications/unread-count
2026-09-06T02:23:09.561Z [INFO] [slaReminder] SLA_SCAN cases=1 respRemind=0 respEsc=0 closureRemind=0 closureEsc=0 surveyExpired=0
2026-09-06T02:23:10.578Z [INFO] [http] GET /api/v1/notifications/unread-count
2026-09-06T02:23:40.449Z [INFO] [http] GET /api/v1/notifications/unread-count
2026-09-06T02:24:09.571Z [INFO] [slaReminder] SLA_SCAN cases=1 respRemind=0 respEsc=0 closureRemind=0 closureEsc=0 surveyExpired=0
2026-09-06T02:24:10.455Z [INFO] [http] GET /api/v1/notifications/unread-count
2026-09-06T02:24:40.454Z [INFO] [http] GET /api/v1/notifications/unread-count
2026-09-06T02:25:09.578Z [INFO] [slaReminder] SLA_SCAN cases=1 respRemind=0 respEsc=0 closureRemind=0 closureEsc=0 surveyExpired=0
2026-09-06T02:25:10.444Z [INFO] [http] GET /api/v1/notifications/unread-count
2026-09-06T02:25:40.451Z [INFO] [http] GET /api/v1/notifications/unread-count
2026-09-06T02:26:09.584Z [INFO] [slaReminder] SLA_SCAN cases=1 respRemind=0 respEsc=0 closureRemind=0 closureEsc=0 surveyExpired=0
2026-09-06T02:26:10.446Z [INFO] [http] GET /api/v1/notifications/unread-count
2026-09-06T02:26:40.453Z [INFO] [http] GET /api/v1/notifications/unread-count
2026-09-06T02:27:09.591Z [INFO] [slaReminder] SLA_SCAN cases=1 respRemind=0 respEsc=0 closureRemind=0 closureEsc=0 surveyExpired=0
2026-09-06T02:27:10.457Z [INFO] [http] GET /api/v1/notifications/unread-count
2026-09-06T02:27:40.457Z [INFO] [http] GET /api/v1/notifications/unread-count
2026-09-06T02:28:09.598Z [INFO] [slaReminder] SLA_SCAN cases=1 respRemind=0 respEsc=0 closureRemind=0 closureEsc=0 surveyExpired=0
2026-09-06T02:28:10.459Z [INFO] [http] GET /api/v1/notifications/unread-count
2026-09-06T02:28:40.449Z [INFO] [http] GET /api/v1/notifications/unread-count
2026-09-06T02:29:09.610Z [INFO] [slaReminder] SLA_SCAN cases=1 respRemind=0 respEsc=0 closureRemind=0 closureEsc=0 surveyExpired=0
2026-09-06T02:29:10.450Z [INFO] [http] GET /api/v1/notifications/unread-count
2026-09-06T02:29:40.448Z [INFO] [http] GET /api/v1/notifications/unread-count
2026-09-06T02:30:09.623Z [INFO] [slaReminder] SLA_SCAN cases=1 respRemind=0 respEsc=0 closureRemind=0 closureEsc=0 surveyExpired=0
2026-09-06T02:30:10.451Z [INFO] [http] GET /api/v1/notifications/unread-count
2026-09-06T02:30:40.146Z [INFO] [http] GET /api/v1/notifications/unread-count
2026-09-06T02:31:09.632Z [INFO] [slaReminder] SLA_SCAN cases=1 respRemind=0 respEsc=0 closureRemind=0 closureEsc=0 surveyExpired=0
2026-09-06T02:31:10.463Z [INFO] [http] GET /api/v1/notifications/unread-count
2026-09-06T02:31:40.143Z [INFO] [http] GET /api/v1/notifications/unread-count
2026-09-06T02:32:09.641Z [INFO] [slaReminder] SLA_SCAN cases=1 respRemind=0 respEsc=0 closureRemind=0 closureEsc=0 surveyExpired=0
2026-09-06T02:32:10.451Z [INFO] [http] GET /api/v1/notifications/unread-count
2026-09-06T02:32:40.148Z [INFO] [http] GET /api/v1/notifications/unread-count
2026-09-06T02:33:09.655Z [INFO] [slaReminder] SLA_SCAN cases=1 respRemind=0 respEsc=0 closureRemind=0 closureEsc=0 surveyExpired=0
2026-09-06T02:33:10.455Z [INFO] [http] GET /api/v1/notifications/unread-count
2026-09-06T02:33:40.138Z [INFO] [http] GET /api/v1/notifications/unread-count
2026-09-06T02:34:09.665Z [INFO] [slaReminder] SLA_SCAN cases=1 respRemind=0 respEsc=0 closureRemind=0 closureEsc=0 surveyExpired=0
2026-09-06T02:34:10.441Z [INFO] [http] GET /api/v1/notifications/unread-count
2026-09-06T02:34:40.446Z [INFO] [http] GET /api/v1/notifications/unread-count
2026-09-06T02:35:09.672Z [INFO] [slaReminder] SLA_SCAN cases=1 respRemind=0 respEsc=0 closureRemind=0 closureEsc=0 surveyExpired=0
2026-09-06T02:35:10.143Z [INFO] [http] GET /api/v1/notifications/unread-count
2026-09-06T02:35:40.457Z [INFO] [http] GET /api/v1/notifications/unread-count
2026-09-06T02:36:09.684Z [INFO] [slaReminder] SLA_SCAN cases=1 respRemind=0 respEsc=0 closureRemind=0 closureEsc=0 surveyExpired=0
2026-09-06T02:36:10.135Z [INFO] [http] GET /api/v1/notifications/unread-count
2026-09-06T02:36:40.458Z [INFO] [http] GET /api/v1/notifications/unread-count
2026-09-06T02:37:09.697Z [INFO] [slaReminder] SLA_SCAN cases=1 respRemind=0 respEsc=0 closureRemind=0 closureEsc=0 surveyExpired=0
2026-09-06T02:37:10.139Z [INFO] [http] GET /api/v1/notifications/unread-count
2026-09-06T02:37:40.448Z [INFO] [http] GET /api/v1/notifications/unread-count
2026-09-06T02:38:09.707Z [INFO] [slaReminder] SLA_SCAN cases=1 respRemind=0 respEsc=0 closureRemind=0 closureEsc=0 surveyExpired=0
2026-09-06T02:38:10.143Z [INFO] [http] GET /api/v1/notifications/unread-count
2026-09-06T02:38:40.445Z [INFO] [http] GET /api/v1/notifications/unread-count
2026-09-06T02:39:09.728Z [INFO] [slaReminder] SLA_SCAN cases=1 respRemind=0 respEsc=0 closureRemind=0 closureEsc=0 surveyExpired=0
2026-09-06T02:39:10.445Z [INFO] [http] GET /api/v1/notifications/unread-count
2026-09-06T02:39:40.450Z [INFO] [http] GET /api/v1/notifications/unread-count
2026-09-06T02:40:09.728Z [INFO] [slaReminder] SLA_SCAN cases=1 respRemind=0 respEsc=0 closureRemind=0 closureEsc=0 surveyExpired=0
2026-09-06T02:40:10.447Z [INFO] [http] GET /api/v1/notifications/unread-count
2026-09-06T02:40:40.134Z [INFO] [http] GET /api/v1/notifications/unread-count
2026-09-06T02:41:09.741Z [INFO] [slaReminder] SLA_SCAN cases=1 respRemind=0 respEsc=0 closureRemind=0 closureEsc=0 surveyExpired=0
2026-09-06T02:41:10.453Z [INFO] [http] GET /api/v1/notifications/unread-count
2026-09-06T02:41:40.445Z [INFO] [http] GET /api/v1/notifications/unread-count
2026-09-06T02:42:09.755Z [INFO] [slaReminder] SLA_SCAN cases=1 respRemind=0 respEsc=0 closureRemind=0 closureEsc=0 surveyExpired=0
2026-09-06T02:42:10.447Z [INFO] [http] GET /api/v1/notifications/unread-count
2026-09-06T02:42:40.458Z [INFO] [http] GET /api/v1/notifications/unread-count
2026-09-06T02:43:09.767Z [INFO] [slaReminder] SLA_SCAN cases=1 respRemind=0 respEsc=0 closureRemind=0 closureEsc=0 surveyExpired=0
2026-09-06T02:43:10.445Z [INFO] [http] GET /api/v1/notifications/unread-count
2026-09-06T02:43:40.455Z [INFO] [http] GET /api/v1/notifications/unread-count
2026-09-06T02:44:09.783Z [INFO] [slaReminder] SLA_SCAN cases=1 respRemind=0 respEsc=0 closureRemind=0 closureEsc=0 surveyExpired=0
2026-09-06T02:44:10.449Z [INFO] [http] GET /api/v1/notifications/unread-count
2026-09-06T02:44:40.134Z [INFO] [http] GET /api/v1/notifications/unread-count
2026-09-06T02:45:09.785Z [INFO] [slaReminder] SLA_SCAN cases=1 respRemind=0 respEsc=0 closureRemind=0 closureEsc=0 surveyExpired=0
2026-09-06T02:45:10.450Z [INFO] [http] GET /api/v1/notifications/unread-count
2026-09-06T02:45:40.452Z [INFO] [http] GET /api/v1/notifications/unread-count
2026-09-06T02:46:09.789Z [INFO] [slaReminder] SLA_SCAN cases=1 respRemind=0 respEsc=0 closureRemind=0 closureEsc=0 surveyExpired=0
2026-09-06T02:46:10.150Z [INFO] [http] GET /api/v1/notifications/unread-count
2026-09-06T02:46:40.446Z [INFO] [http] GET /api/v1/notifications/unread-count
2026-09-06T02:47:09.802Z [INFO] [slaReminder] SLA_SCAN cases=1 respRemind=0 respEsc=0 closureRemind=0 closureEsc=0 surveyExpired=0
2026-09-06T02:47:10.148Z [INFO] [http] GET /api/v1/notifications/unread-count
2026-09-06T02:47:40.450Z [INFO] [http] GET /api/v1/notifications/unread-count
2026-09-06T02:48:09.808Z [INFO] [slaReminder] SLA_SCAN cases=1 respRemind=0 respEsc=0 closureRemind=0 closureEsc=0 surveyExpired=0
2026-09-06T02:48:10.149Z [INFO] [http] GET /api/v1/notifications/unread-count
2026-09-06T02:48:40.450Z [INFO] [http] GET /api/v1/notifications/unread-count
2026-09-06T02:49:09.817Z [INFO] [slaReminder] SLA_SCAN cases=1 respRemind=0 respEsc=0 closureRemind=0 closureEsc=0 surveyExpired=0
2026-09-06T02:49:10.459Z [INFO] [http] GET /api/v1/notifications/unread-count
2026-09-06T02:49:40.449Z [INFO] [http] GET /api/v1/notifications/unread-count
2026-09-06T02:50:09.821Z [INFO] [slaReminder] SLA_SCAN cases=1 respRemind=0 respEsc=0 closureRemind=0 closureEsc=0 surveyExpired=0
2026-09-06T02:50:10.454Z [INFO] [http] GET /api/v1/notifications/unread-count
2026-09-06T02:50:40.144Z [INFO] [http] GET /api/v1/notifications/unread-count
2026-09-06T02:51:09.828Z [INFO] [slaReminder] SLA_SCAN cases=1 respRemind=0 respEsc=0 closureRemind=0 closureEsc=0 surveyExpired=0
2026-09-06T02:51:10.467Z [INFO] [http] GET /api/v1/notifications/unread-count
2026-09-06T02:51:40.151Z [INFO] [http] GET /api/v1/notifications/unread-count
2026-09-06T02:52:09.840Z [INFO] [slaReminder] SLA_SCAN cases=1 respRemind=0 respEsc=0 closureRemind=0 closureEsc=0 surveyExpired=0
2026-09-06T02:52:10.457Z [INFO] [http] GET /api/v1/notifications/unread-count
2026-09-06T02:52:40.150Z [INFO] [http] GET /api/v1/notifications/unread-count
2026-09-06T02:53:09.850Z [INFO] [slaReminder] SLA_SCAN cases=1 respRemind=0 respEsc=0 closureRemind=0 closureEsc=0 surveyExpired=0
2026-09-06T02:53:10.458Z [INFO] [http] GET /api/v1/notifications/unread-count
2026-09-06T02:53:40.149Z [INFO] [http] GET /api/v1/notifications/unread-count
2026-09-06T02:54:09.861Z [INFO] [slaReminder] SLA_SCAN cases=1 respRemind=0 respEsc=0 closureRemind=0 closureEsc=0 surveyExpired=0
2026-09-06T02:54:10.497Z [INFO] [http] GET /api/v1/notifications/unread-count
2026-09-06T02:54:40.454Z [INFO] [http] GET /api/v1/notifications/unread-count
2026-09-06T02:55:09.864Z [INFO] [slaReminder] SLA_SCAN cases=1 respRemind=0 respEsc=0 closureRemind=0 closureEsc=0 surveyExpired=0
2026-09-06T02:55:10.147Z [INFO] [http] GET /api/v1/notifications/unread-count
2026-09-06T02:55:40.465Z [INFO] [http] GET /api/v1/notifications/unread-count
2026-09-06T02:56:09.879Z [INFO] [slaReminder] SLA_SCAN cases=1 respRemind=0 respEsc=0 closureRemind=0 closureEsc=0 surveyExpired=0
2026-09-06T02:56:10.149Z [INFO] [http] GET /api/v1/notifications/unread-count
2026-09-06T02:56:40.465Z [INFO] [http] GET /api/v1/notifications/unread-count
2026-09-06T02:57:09.885Z [INFO] [slaReminder] SLA_SCAN cases=1 respRemind=0 respEsc=0 closureRemind=0 closureEsc=0 surveyExpired=0
2026-09-06T02:57:10.147Z [INFO] [http] GET /api/v1/notifications/unread-count
2026-09-06T02:57:40.457Z [INFO] [http] GET /api/v1/notifications/unread-count
2026-09-06T02:58:09.894Z [INFO] [slaReminder] SLA_SCAN cases=1 respRemind=0 respEsc=0 closureRemind=0 closureEsc=0 surveyExpired=0
2026-09-06T02:58:10.156Z [INFO] [http] GET /api/v1/notifications/unread-count
2026-09-06T02:58:40.469Z [INFO] [http] GET /api/v1/notifications/unread-count
2026-09-06T02:59:09.897Z [INFO] [slaReminder] SLA_SCAN cases=1 respRemind=0 respEsc=0 closureRemind=0 closureEsc=0 surveyExpired=0
2026-09-06T02:59:10.163Z [INFO] [http] GET /api/v1/notifications/unread-count
2026-09-06T02:59:40.473Z [INFO] [http] GET /api/v1/notifications/unread-count
2026-09-06T03:00:09.902Z [INFO] [slaReminder] SLA_SCAN cases=1 respRemind=0 respEsc=0 closureRemind=0 closureEsc=0 surveyExpired=0
2026-09-06T03:00:10.465Z [INFO] [http] GET /api/v1/notifications/unread-count
2026-09-06T03:00:40.153Z [INFO] [http] GET /api/v1/notifications/unread-count
2026-09-06T03:01:09.916Z [INFO] [slaReminder] SLA_SCAN cases=1 respRemind=0 respEsc=0 closureRemind=0 closureEsc=0 surveyExpired=0
2026-09-06T03:01:10.471Z [INFO] [http] GET /api/v1/notifications/unread-count
2026-09-06T03:01:40.162Z [INFO] [http] GET /api/v1/notifications/unread-count
2026-09-06T03:02:09.931Z [INFO] [slaReminder] SLA_SCAN cases=1 respRemind=0 respEsc=0 closureRemind=0 closureEsc=0 surveyExpired=0
2026-09-06T03:02:10.473Z [INFO] [http] GET /api/v1/notifications/unread-count
2026-09-06T03:02:40.471Z [INFO] [http] GET /api/v1/notifications/unread-count
2026-09-06T03:03:09.947Z [INFO] [slaReminder] SLA_SCAN cases=1 respRemind=0 respEsc=0 closureRemind=0 closureEsc=0 surveyExpired=0
2026-09-06T03:03:10.471Z [INFO] [http] GET /api/v1/notifications/unread-count
2026-09-06T03:03:40.468Z [INFO] [http] GET /api/v1/notifications/unread-count
2026-09-06T03:04:09.952Z [INFO] [slaReminder] SLA_SCAN cases=1 respRemind=0 respEsc=0 closureRemind=0 closureEsc=0 surveyExpired=0
2026-09-06T03:04:10.462Z [INFO] [http] GET /api/v1/notifications/unread-count
2026-09-06T03:04:40.469Z [INFO] [http] GET /api/v1/notifications/unread-count
2026-09-06T03:05:09.959Z [INFO] [slaReminder] SLA_SCAN cases=1 respRemind=0 respEsc=0 closureRemind=0 closureEsc=0 surveyExpired=0
2026-09-06T03:05:10.469Z [INFO] [http] GET /api/v1/notifications/unread-count
2026-09-06T03:05:40.474Z [INFO] [http] GET /api/v1/notifications/unread-count
2026-09-06T03:06:09.963Z [INFO] [slaReminder] SLA_SCAN cases=1 respRemind=0 respEsc=0 closureRemind=0 closureEsc=0 surveyExpired=0
2026-09-06T03:06:10.156Z [INFO] [http] GET /api/v1/notifications/unread-count
2026-09-06T03:06:40.476Z [INFO] [http] GET /api/v1/notifications/unread-count
2026-09-06T03:07:09.966Z [INFO] [slaReminder] SLA_SCAN cases=1 respRemind=0 respEsc=0 closureRemind=0 closureEsc=0 surveyExpired=0
2026-09-06T03:07:10.155Z [INFO] [http] GET /api/v1/notifications/unread-count
2026-09-06T03:07:40.471Z [INFO] [http] GET /api/v1/notifications/unread-count
2026-09-06T03:08:09.967Z [INFO] [slaReminder] SLA_SCAN cases=1 respRemind=0 respEsc=0 closureRemind=0 closureEsc=0 surveyExpired=0
2026-09-06T03:08:10.171Z [INFO] [http] GET /api/v1/notifications/unread-count
2026-09-06T03:08:40.471Z [INFO] [http] GET /api/v1/notifications/unread-count
2026-09-06T03:09:09.971Z [INFO] [slaReminder] SLA_SCAN cases=1 respRemind=0 respEsc=0 closureRemind=0 closureEsc=0 surveyExpired=0
2026-09-06T03:09:10.469Z [INFO] [http] GET /api/v1/notifications/unread-count
2026-09-06T03:09:40.476Z [INFO] [http] GET /api/v1/notifications/unread-count
2026-09-06T03:10:09.977Z [INFO] [slaReminder] SLA_SCAN cases=1 respRemind=0 respEsc=0 closureRemind=0 closureEsc=0 surveyExpired=0
2026-09-06T03:10:10.170Z [INFO] [http] GET /api/v1/notifications/unread-count
2026-09-06T03:10:40.476Z [INFO] [http] GET /api/v1/notifications/unread-count
2026-09-06T03:11:09.980Z [INFO] [slaReminder] SLA_SCAN cases=1 respRemind=0 respEsc=0 closureRemind=0 closureEsc=0 surveyExpired=0
2026-09-06T03:11:10.477Z [INFO] [http] GET /api/v1/notifications/unread-count
2026-09-06T03:11:40.472Z [INFO] [http] GET /api/v1/notifications/unread-count
2026-09-06T03:12:09.991Z [INFO] [slaReminder] SLA_SCAN cases=1 respRemind=0 respEsc=0 closureRemind=0 closureEsc=0 surveyExpired=0
2026-09-06T03:12:10.482Z [INFO] [http] GET /api/v1/notifications/unread-count
2026-09-06T03:12:40.479Z [INFO] [http] GET /api/v1/notifications/unread-count
2026-09-06T03:13:09.999Z [INFO] [slaReminder] SLA_SCAN cases=1 respRemind=0 respEsc=0 closureRemind=0 closureEsc=0 surveyExpired=0
2026-09-06T03:13:10.484Z [INFO] [http] GET /api/v1/notifications/unread-count
2026-09-06T03:13:40.484Z [INFO] [http] GET /api/v1/notifications/unread-count
2026-09-06T03:14:10.013Z [INFO] [slaReminder] SLA_SCAN cases=1 respRemind=0 respEsc=0 closureRemind=0 closureEsc=0 surveyExpired=0
2026-09-06T03:14:10.476Z [INFO] [http] GET /api/v1/notifications/unread-count
2026-09-06T03:14:40.481Z [INFO] [http] GET /api/v1/notifications/unread-count
2026-09-06T03:15:10.024Z [INFO] [slaReminder] SLA_SCAN cases=1 respRemind=0 respEsc=0 closureRemind=0 closureEsc=0 surveyExpired=0
2026-09-06T03:15:10.166Z [INFO] [http] GET /api/v1/notifications/unread-count
2026-09-06T03:15:40.480Z [INFO] [http] GET /api/v1/notifications/unread-count
2026-09-06T03:16:10.039Z [INFO] [slaReminder] SLA_SCAN cases=1 respRemind=0 respEsc=0 closureRemind=0 closureEsc=0 surveyExpired=0
2026-09-06T03:16:10.477Z [INFO] [http] GET /api/v1/notifications/unread-count
2026-09-06T03:16:40.485Z [INFO] [http] GET /api/v1/notifications/unread-count
2026-09-06T03:17:10.048Z [INFO] [slaReminder] SLA_SCAN cases=1 respRemind=0 respEsc=0 closureRemind=0 closureEsc=0 surveyExpired=0
2026-09-06T03:17:10.481Z [INFO] [http] GET /api/v1/notifications/unread-count
2026-09-06T03:17:40.482Z [INFO] [http] GET /api/v1/notifications/unread-count
2026-09-06T03:18:10.055Z [INFO] [slaReminder] SLA_SCAN cases=1 respRemind=0 respEsc=0 closureRemind=0 closureEsc=0 surveyExpired=0
2026-09-06T03:18:10.479Z [INFO] [http] GET /api/v1/notifications/unread-count
2026-09-06T03:18:40.478Z [INFO] [http] GET /api/v1/notifications/unread-count
2026-09-06T03:19:10.056Z [INFO] [slaReminder] SLA_SCAN cases=1 respRemind=0 respEsc=0 closureRemind=0 closureEsc=0 surveyExpired=0
2026-09-06T03:19:10.476Z [INFO] [http] GET /api/v1/notifications/unread-count
2026-09-06T03:19:40.482Z [INFO] [http] GET /api/v1/notifications/unread-count
2026-09-06T03:20:10.057Z [INFO] [slaReminder] SLA_SCAN cases=1 respRemind=0 respEsc=0 closureRemind=0 closureEsc=0 surveyExpired=0
2026-09-06T03:20:10.478Z [INFO] [http] GET /api/v1/notifications/unread-count
2026-09-06T03:20:40.475Z [INFO] [http] GET /api/v1/notifications/unread-count
2026-09-06T03:21:10.063Z [INFO] [slaReminder] SLA_SCAN cases=1 respRemind=0 respEsc=0 closureRemind=0 closureEsc=0 surveyExpired=0
2026-09-06T03:21:10.486Z [INFO] [http] GET /api/v1/notifications/unread-count
2026-09-06T03:21:40.487Z [INFO] [http] GET /api/v1/notifications/unread-count
2026-09-06T03:22:10.073Z [INFO] [slaReminder] SLA_SCAN cases=1 respRemind=0 respEsc=0 closureRemind=0 closureEsc=0 surveyExpired=0
2026-09-06T03:22:10.169Z [INFO] [http] GET /api/v1/notifications/unread-count
2026-09-06T03:22:40.491Z [INFO] [http] GET /api/v1/notifications/unread-count
2026-09-06T03:23:10.079Z [INFO] [slaReminder] SLA_SCAN cases=1 respRemind=0 respEsc=0 closureRemind=0 closureEsc=0 surveyExpired=0
2026-09-06T03:23:10.174Z [INFO] [http] GET /api/v1/notifications/unread-count
2026-09-06T03:23:40.490Z [INFO] [http] GET /api/v1/notifications/unread-count
2026-09-06T03:24:10.082Z [INFO] [slaReminder] SLA_SCAN cases=1 respRemind=0 respEsc=0 closureRemind=0 closureEsc=0 surveyExpired=0
2026-09-06T03:24:10.524Z [INFO] [http] GET /api/v1/notifications/unread-count
2026-09-06T03:24:40.480Z [INFO] [http] GET /api/v1/notifications/unread-count
2026-09-06T03:25:10.092Z [INFO] [slaReminder] SLA_SCAN cases=1 respRemind=0 respEsc=0 closureRemind=0 closureEsc=0 surveyExpired=0
2026-09-06T03:25:10.173Z [INFO] [http] GET /api/v1/notifications/unread-count
2026-09-06T03:25:40.494Z [INFO] [http] GET /api/v1/notifications/unread-count
2026-09-06T03:26:10.096Z [INFO] [slaReminder] SLA_SCAN cases=1 respRemind=0 respEsc=0 closureRemind=0 closureEsc=0 surveyExpired=0
2026-09-06T03:26:10.175Z [INFO] [http] GET /api/v1/notifications/unread-count
2026-09-06T03:26:40.480Z [INFO] [http] GET /api/v1/notifications/unread-count
2026-09-06T03:27:10.104Z [INFO] [slaReminder] SLA_SCAN cases=1 respRemind=0 respEsc=0 closureRemind=0 closureEsc=0 surveyExpired=0
2026-09-06T03:27:10.188Z [INFO] [http] GET /api/v1/notifications/unread-count
2026-09-06T03:27:40.481Z [INFO] [http] GET /api/v1/notifications/unread-count
2026-09-06T03:28:10.110Z [INFO] [slaReminder] SLA_SCAN cases=1 respRemind=0 respEsc=0 closureRemind=0 closureEsc=0 surveyExpired=0
2026-09-06T03:28:10.175Z [INFO] [http] GET /api/v1/notifications/unread-count
2026-09-06T03:28:40.498Z [INFO] [http] GET /api/v1/notifications/unread-count
2026-09-06T03:29:10.117Z [INFO] [slaReminder] SLA_SCAN cases=1 respRemind=0 respEsc=0 closureRemind=0 closureEsc=0 surveyExpired=0
2026-09-06T03:29:10.492Z [INFO] [http] GET /api/v1/notifications/unread-count
2026-09-06T03:29:40.489Z [INFO] [http] GET /api/v1/notifications/unread-count
2026-09-06T03:30:10.133Z [INFO] [slaReminder] SLA_SCAN cases=1 respRemind=0 respEsc=0 closureRemind=0 closureEsc=0 surveyExpired=0
2026-09-06T03:30:10.497Z [INFO] [http] GET /api/v1/notifications/unread-count
2026-09-06T03:30:40.491Z [INFO] [http] GET /api/v1/notifications/unread-count
2026-09-06T03:31:10.136Z [INFO] [slaReminder] SLA_SCAN cases=1 respRemind=0 respEsc=0 closureRemind=0 closureEsc=0 surveyExpired=0
2026-09-06T03:31:10.523Z [INFO] [http] GET /api/v1/notifications/unread-count
2026-09-06T03:31:40.518Z [INFO] [http] GET /api/v1/notifications/unread-count
2026-09-06T03:32:10.147Z [INFO] [slaReminder] SLA_SCAN cases=1 respRemind=0 respEsc=0 closureRemind=0 closureEsc=0 surveyExpired=0
2026-09-06T03:32:10.186Z [INFO] [http] GET /api/v1/notifications/unread-count
2026-09-06T03:32:40.485Z [INFO] [http] GET /api/v1/notifications/unread-count
2026-09-06T03:33:10.156Z [INFO] [slaReminder] SLA_SCAN cases=1 respRemind=0 respEsc=0 closureRemind=0 closureEsc=0 surveyExpired=0
2026-09-06T03:33:10.192Z [INFO] [http] GET /api/v1/notifications/unread-count
2026-09-06T03:33:40.498Z [INFO] [http] GET /api/v1/notifications/unread-count
2026-09-06T03:34:10.163Z [INFO] [slaReminder] SLA_SCAN cases=1 respRemind=0 respEsc=0 closureRemind=0 closureEsc=0 surveyExpired=0
2026-09-06T03:34:10.182Z [INFO] [http] GET /api/v1/notifications/unread-count
2026-09-06T03:34:40.501Z [INFO] [http] GET /api/v1/notifications/unread-count
2026-09-06T03:35:10.179Z [INFO] [slaReminder] SLA_SCAN cases=1 respRemind=0 respEsc=0 closureRemind=0 closureEsc=0 surveyExpired=0
2026-09-06T03:35:10.184Z [INFO] [http] GET /api/v1/notifications/unread-count
2026-09-06T03:35:40.500Z [INFO] [http] GET /api/v1/notifications/unread-count
2026-09-06T03:36:10.183Z [INFO] [slaReminder] SLA_SCAN cases=1 respRemind=0 respEsc=0 closureRemind=0 closureEsc=0 surveyExpired=0
2026-09-06T03:36:10.186Z [INFO] [http] GET /api/v1/notifications/unread-count
2026-09-06T03:36:40.490Z [INFO] [http] GET /api/v1/notifications/unread-count
2026-09-06T03:37:10.187Z [INFO] [http] GET /api/v1/notifications/unread-count
2026-09-06T03:37:10.191Z [INFO] [slaReminder] SLA_SCAN cases=1 respRemind=0 respEsc=0 closureRemind=0 closureEsc=0 surveyExpired=0
2026-09-06T03:37:40.496Z [INFO] [http] GET /api/v1/notifications/unread-count
2026-09-06T03:38:10.192Z [INFO] [http] GET /api/v1/notifications/unread-count
2026-09-06T03:38:10.199Z [INFO] [slaReminder] SLA_SCAN cases=1 respRemind=0 respEsc=0 closureRemind=0 closureEsc=0 surveyExpired=0
2026-09-06T03:38:40.501Z [INFO] [http] GET /api/v1/notifications/unread-count
2026-09-06T03:39:10.202Z [INFO] [http] GET /api/v1/notifications/unread-count
2026-09-06T03:39:10.205Z [INFO] [slaReminder] SLA_SCAN cases=1 respRemind=0 respEsc=0 closureRemind=0 closureEsc=0 surveyExpired=0
2026-09-06T03:39:40.505Z [INFO] [http] GET /api/v1/notifications/unread-count
2026-09-06T03:40:10.192Z [INFO] [http] GET /api/v1/notifications/unread-count
2026-09-06T03:40:10.217Z [INFO] [slaReminder] SLA_SCAN cases=1 respRemind=0 respEsc=0 closureRemind=0 closureEsc=0 surveyExpired=0
2026-09-06T03:40:40.504Z [INFO] [http] GET /api/v1/notifications/unread-count
2026-09-06T03:41:10.187Z [INFO] [http] GET /api/v1/notifications/unread-count
2026-09-06T03:41:10.231Z [INFO] [slaReminder] SLA_SCAN cases=1 respRemind=0 respEsc=0 closureRemind=0 closureEsc=0 surveyExpired=0
2026-09-06T03:41:40.519Z [INFO] [http] GET /api/v1/notifications/unread-count
2026-09-06T03:42:10.196Z [INFO] [http] GET /api/v1/notifications/unread-count
2026-09-06T03:42:10.238Z [INFO] [slaReminder] SLA_SCAN cases=1 respRemind=0 respEsc=0 closureRemind=0 closureEsc=0 surveyExpired=0
2026-09-06T03:42:40.495Z [INFO] [http] GET /api/v1/notifications/unread-count
2026-09-06T03:43:10.188Z [INFO] [http] GET /api/v1/notifications/unread-count
2026-09-06T03:43:10.247Z [INFO] [slaReminder] SLA_SCAN cases=1 respRemind=0 respEsc=0 closureRemind=0 closureEsc=0 surveyExpired=0
2026-09-06T03:43:40.501Z [INFO] [http] GET /api/v1/notifications/unread-count
2026-09-06T03:44:10.261Z [INFO] [slaReminder] SLA_SCAN cases=1 respRemind=0 respEsc=0 closureRemind=0 closureEsc=0 surveyExpired=0
2026-09-06T03:44:10.513Z [INFO] [http] GET /api/v1/notifications/unread-count
2026-09-06T03:44:40.499Z [INFO] [http] GET /api/v1/notifications/unread-count
2026-09-06T03:45:10.277Z [INFO] [slaReminder] SLA_SCAN cases=1 respRemind=0 respEsc=0 closureRemind=0 closureEsc=0 surveyExpired=0
2026-09-06T03:45:10.514Z [INFO] [http] GET /api/v1/notifications/unread-count
2026-09-06T03:45:40.509Z [INFO] [http] GET /api/v1/notifications/unread-count
2026-09-06T03:46:10.195Z [INFO] [http] GET /api/v1/notifications/unread-count
2026-09-06T03:46:10.286Z [INFO] [slaReminder] SLA_SCAN cases=1 respRemind=0 respEsc=0 closureRemind=0 closureEsc=0 surveyExpired=0
2026-09-06T03:46:40.503Z [INFO] [http] GET /api/v1/notifications/unread-count
2026-09-06T03:47:10.202Z [INFO] [http] GET /api/v1/notifications/unread-count
2026-09-06T03:47:10.290Z [INFO] [slaReminder] SLA_SCAN cases=1 respRemind=0 respEsc=0 closureRemind=0 closureEsc=0 surveyExpired=0
2026-09-06T03:47:40.508Z [INFO] [http] GET /api/v1/notifications/unread-count
2026-09-06T03:48:10.199Z [INFO] [http] GET /api/v1/notifications/unread-count
2026-09-06T03:48:10.305Z [INFO] [slaReminder] SLA_SCAN cases=1 respRemind=0 respEsc=0 closureRemind=0 closureEsc=0 surveyExpired=0
2026-09-06T03:48:40.494Z [INFO] [http] GET /api/v1/notifications/unread-count
2026-09-06T03:49:10.207Z [INFO] [http] GET /api/v1/notifications/unread-count
2026-09-06T03:49:10.312Z [INFO] [slaReminder] SLA_SCAN cases=1 respRemind=0 respEsc=0 closureRemind=0 closureEsc=0 surveyExpired=0
2026-09-06T03:49:40.512Z [INFO] [http] GET /api/v1/notifications/unread-count
2026-09-06T03:50:10.202Z [INFO] [http] GET /api/v1/notifications/unread-count
2026-09-06T03:50:10.321Z [INFO] [slaReminder] SLA_SCAN cases=1 respRemind=0 respEsc=0 closureRemind=0 closureEsc=0 surveyExpired=0
2026-09-06T03:50:40.509Z [INFO] [http] GET /api/v1/notifications/unread-count
2026-09-06T03:51:10.200Z [INFO] [http] GET /api/v1/notifications/unread-count
2026-09-06T03:51:10.334Z [INFO] [slaReminder] SLA_SCAN cases=1 respRemind=0 respEsc=0 closureRemind=0 closureEsc=0 surveyExpired=0
2026-09-06T03:51:40.502Z [INFO] [http] GET /api/v1/notifications/unread-count
2026-09-06T03:52:10.190Z [INFO] [http] GET /api/v1/notifications/unread-count
2026-09-06T03:52:10.344Z [INFO] [slaReminder] SLA_SCAN cases=1 respRemind=0 respEsc=0 closureRemind=0 closureEsc=0 surveyExpired=0
2026-09-06T03:52:40.511Z [INFO] [http] GET /api/v1/notifications/unread-count
2026-09-06T03:53:10.196Z [INFO] [http] GET /api/v1/notifications/unread-count
2026-09-06T03:53:10.349Z [INFO] [slaReminder] SLA_SCAN cases=1 respRemind=0 respEsc=0 closureRemind=0 closureEsc=0 surveyExpired=0
2026-09-06T03:53:40.496Z [INFO] [http] GET /api/v1/notifications/unread-count
2026-09-06T03:54:10.202Z [INFO] [http] GET /api/v1/notifications/unread-count
2026-09-06T03:54:10.360Z [INFO] [slaReminder] SLA_SCAN cases=1 respRemind=0 respEsc=0 closureRemind=0 closureEsc=0 surveyExpired=0
2026-09-06T03:54:40.518Z [INFO] [http] GET /api/v1/notifications/unread-count
2026-09-06T03:55:10.199Z [INFO] [http] GET /api/v1/notifications/unread-count
2026-09-06T03:55:10.367Z [INFO] [slaReminder] SLA_SCAN cases=1 respRemind=0 respEsc=0 closureRemind=0 closureEsc=0 surveyExpired=0
2026-09-06T03:55:40.510Z [INFO] [http] GET /api/v1/notifications/unread-count
2026-09-06T03:56:10.195Z [INFO] [http] GET /api/v1/notifications/unread-count
2026-09-06T03:56:10.377Z [INFO] [slaReminder] SLA_SCAN cases=1 respRemind=0 respEsc=0 closureRemind=0 closureEsc=0 surveyExpired=0
2026-09-06T03:56:40.515Z [INFO] [http] GET /api/v1/notifications/unread-count
2026-09-06T03:57:10.198Z [INFO] [http] GET /api/v1/notifications/unread-count
2026-09-06T03:57:10.382Z [INFO] [slaReminder] SLA_SCAN cases=1 respRemind=0 respEsc=0 closureRemind=0 closureEsc=0 surveyExpired=0
2026-09-06T03:57:40.512Z [INFO] [http] GET /api/v1/notifications/unread-count
2026-09-06T03:58:10.203Z [INFO] [http] GET /api/v1/notifications/unread-count
2026-09-06T03:58:10.387Z [INFO] [slaReminder] SLA_SCAN cases=1 respRemind=0 respEsc=0 closureRemind=0 closureEsc=0 surveyExpired=0
2026-09-06T03:58:40.503Z [INFO] [http] GET /api/v1/notifications/unread-count
2026-09-06T03:59:10.207Z [INFO] [http] GET /api/v1/notifications/unread-count
2026-09-06T03:59:10.400Z [INFO] [slaReminder] SLA_SCAN cases=1 respRemind=0 respEsc=0 closureRemind=0 closureEsc=0 surveyExpired=0
2026-09-06T03:59:40.512Z [INFO] [http] GET /api/v1/notifications/unread-count
2026-09-06T04:00:10.201Z [INFO] [http] GET /api/v1/notifications/unread-count
2026-09-06T04:00:10.414Z [INFO] [slaReminder] SLA_SCAN cases=1 respRemind=0 respEsc=0 closureRemind=0 closureEsc=0 surveyExpired=0
2026-09-06T04:00:40.516Z [INFO] [http] GET /api/v1/notifications/unread-count
2026-09-06T04:01:10.199Z [INFO] [http] GET /api/v1/notifications/unread-count
2026-09-06T04:01:10.427Z [INFO] [slaReminder] SLA_SCAN cases=1 respRemind=0 respEsc=0 closureRemind=0 closureEsc=0 surveyExpired=0
2026-09-06T04:01:40.517Z [INFO] [http] GET /api/v1/notifications/unread-count
2026-09-06T04:02:10.199Z [INFO] [http] GET /api/v1/notifications/unread-count
2026-09-06T04:02:10.429Z [INFO] [slaReminder] SLA_SCAN cases=1 respRemind=0 respEsc=0 closureRemind=0 closureEsc=0 surveyExpired=0
2026-09-06T04:02:40.516Z [INFO] [http] GET /api/v1/notifications/unread-count
2026-09-06T04:03:10.205Z [INFO] [http] GET /api/v1/notifications/unread-count
2026-09-06T04:03:10.435Z [INFO] [slaReminder] SLA_SCAN cases=1 respRemind=0 respEsc=0 closureRemind=0 closureEsc=0 surveyExpired=0
2026-09-06T04:03:40.512Z [INFO] [http] GET /api/v1/notifications/unread-count
2026-09-06T04:04:10.229Z [INFO] [http] GET /api/v1/notifications/unread-count
2026-09-06T04:04:10.436Z [INFO] [slaReminder] SLA_SCAN cases=1 respRemind=0 respEsc=0 closureRemind=0 closureEsc=0 surveyExpired=0
2026-09-06T04:04:40.511Z [INFO] [http] GET /api/v1/notifications/unread-count
2026-09-06T04:05:10.210Z [INFO] [http] GET /api/v1/notifications/unread-count
2026-09-06T04:05:10.452Z [INFO] [slaReminder] SLA_SCAN cases=1 respRemind=0 respEsc=0 closureRemind=0 closureEsc=0 surveyExpired=0
2026-09-06T04:05:40.507Z [INFO] [http] GET /api/v1/notifications/unread-count
2026-09-06T04:06:10.206Z [INFO] [http] GET /api/v1/notifications/unread-count
2026-09-06T04:06:10.453Z [INFO] [slaReminder] SLA_SCAN cases=1 respRemind=0 respEsc=0 closureRemind=0 closureEsc=0 surveyExpired=0
2026-09-06T04:06:40.509Z [INFO] [http] GET /api/v1/notifications/unread-count
2026-09-06T04:07:10.216Z [INFO] [http] GET /api/v1/notifications/unread-count
2026-09-06T04:07:10.456Z [INFO] [slaReminder] SLA_SCAN cases=1 respRemind=0 respEsc=0 closureRemind=0 closureEsc=0 surveyExpired=0
2026-09-06T04:07:40.513Z [INFO] [http] GET /api/v1/notifications/unread-count
2026-09-06T04:08:10.208Z [INFO] [http] GET /api/v1/notifications/unread-count
2026-09-06T04:08:10.457Z [INFO] [slaReminder] SLA_SCAN cases=1 respRemind=0 respEsc=0 closureRemind=0 closureEsc=0 surveyExpired=0
2026-09-06T04:08:40.521Z [INFO] [http] GET /api/v1/notifications/unread-count
2026-09-06T04:09:10.212Z [INFO] [http] GET /api/v1/notifications/unread-count
2026-09-06T04:09:10.472Z [INFO] [slaReminder] SLA_SCAN cases=1 respRemind=0 respEsc=0 closureRemind=0 closureEsc=0 surveyExpired=0
2026-09-06T04:09:40.515Z [INFO] [http] GET /api/v1/notifications/unread-count
2026-09-06T04:10:10.483Z [INFO] [slaReminder] SLA_SCAN cases=1 respRemind=0 respEsc=0 closureRemind=0 closureEsc=0 surveyExpired=0
2026-09-06T04:10:10.515Z [INFO] [http] GET /api/v1/notifications/unread-count
2026-09-06T04:10:40.205Z [INFO] [http] GET /api/v1/notifications/unread-count
2026-09-06T04:11:10.492Z [INFO] [slaReminder] SLA_SCAN cases=1 respRemind=0 respEsc=0 closureRemind=0 closureEsc=0 surveyExpired=0
2026-09-06T04:11:10.511Z [INFO] [http] GET /api/v1/notifications/unread-count
2026-09-06T04:11:40.212Z [INFO] [http] GET /api/v1/notifications/unread-count
2026-09-06T04:12:10.505Z [INFO] [slaReminder] SLA_SCAN cases=1 respRemind=0 respEsc=0 closureRemind=0 closureEsc=0 surveyExpired=0
2026-09-06T04:12:10.523Z [INFO] [http] GET /api/v1/notifications/unread-count
2026-09-06T04:12:40.522Z [INFO] [http] GET /api/v1/notifications/unread-count
2026-09-06T04:13:10.517Z [INFO] [slaReminder] SLA_SCAN cases=1 respRemind=0 respEsc=0 closureRemind=0 closureEsc=0 surveyExpired=0
2026-09-06T04:13:10.519Z [INFO] [http] GET /api/v1/notifications/unread-count
2026-09-06T04:13:40.524Z [INFO] [http] GET /api/v1/notifications/unread-count
2026-09-06T04:14:10.513Z [INFO] [http] GET /api/v1/notifications/unread-count
2026-09-06T04:14:10.527Z [INFO] [slaReminder] SLA_SCAN cases=1 respRemind=0 respEsc=0 closureRemind=0 closureEsc=0 surveyExpired=0
2026-09-06T04:14:40.513Z [INFO] [http] GET /api/v1/notifications/unread-count
2026-09-06T04:15:10.524Z [INFO] [http] GET /api/v1/notifications/unread-count
2026-09-06T04:15:10.538Z [INFO] [slaReminder] SLA_SCAN cases=1 respRemind=0 respEsc=0 closureRemind=0 closureEsc=0 surveyExpired=0
2026-09-06T04:15:40.519Z [INFO] [http] GET /api/v1/notifications/unread-count
2026-09-06T04:16:10.524Z [INFO] [http] GET /api/v1/notifications/unread-count
2026-09-06T04:16:10.553Z [INFO] [slaReminder] SLA_SCAN cases=1 respRemind=0 respEsc=0 closureRemind=0 closureEsc=0 surveyExpired=0
2026-09-06T04:16:40.527Z [INFO] [http] GET /api/v1/notifications/unread-count
2026-09-06T04:17:10.220Z [INFO] [http] GET /api/v1/notifications/unread-count
2026-09-06T04:17:10.566Z [INFO] [slaReminder] SLA_SCAN cases=1 respRemind=0 respEsc=0 closureRemind=0 closureEsc=0 surveyExpired=0
2026-09-06T04:17:40.517Z [INFO] [http] GET /api/v1/notifications/unread-count
2026-09-06T04:18:10.527Z [INFO] [http] GET /api/v1/notifications/unread-count
2026-09-06T04:18:10.572Z [INFO] [slaReminder] SLA_SCAN cases=1 respRemind=0 respEsc=0 closureRemind=0 closureEsc=0 surveyExpired=0
2026-09-06T04:18:40.521Z [INFO] [http] GET /api/v1/notifications/unread-count
2026-09-06T04:19:10.530Z [INFO] [http] GET /api/v1/notifications/unread-count
2026-09-06T04:19:10.575Z [INFO] [slaReminder] SLA_SCAN cases=1 respRemind=0 respEsc=0 closureRemind=0 closureEsc=0 surveyExpired=0
2026-09-06T04:19:40.529Z [INFO] [http] GET /api/v1/notifications/unread-count
2026-09-06T04:20:10.515Z [INFO] [http] GET /api/v1/notifications/unread-count
2026-09-06T04:20:10.591Z [INFO] [slaReminder] SLA_SCAN cases=1 respRemind=0 respEsc=0 closureRemind=0 closureEsc=0 surveyExpired=0
2026-09-06T04:20:40.527Z [INFO] [http] GET /api/v1/notifications/unread-count
2026-09-06T04:21:10.531Z [INFO] [http] GET /api/v1/notifications/unread-count
2026-09-06T04:21:10.605Z [INFO] [slaReminder] SLA_SCAN cases=1 respRemind=0 respEsc=0 closureRemind=0 closureEsc=0 surveyExpired=0
2026-09-06T04:21:40.516Z [INFO] [http] GET /api/v1/notifications/unread-count
2026-09-06T04:22:10.526Z [INFO] [http] GET /api/v1/notifications/unread-count
2026-09-06T04:22:10.616Z [INFO] [slaReminder] SLA_SCAN cases=1 respRemind=0 respEsc=0 closureRemind=0 closureEsc=0 surveyExpired=0
2026-09-06T04:22:40.531Z [INFO] [http] GET /api/v1/notifications/unread-count
2026-09-06T04:23:10.528Z [INFO] [http] GET /api/v1/notifications/unread-count
2026-09-06T04:23:10.621Z [INFO] [slaReminder] SLA_SCAN cases=1 respRemind=0 respEsc=0 closureRemind=0 closureEsc=0 surveyExpired=0
2026-09-06T04:23:40.520Z [INFO] [http] GET /api/v1/notifications/unread-count
2026-09-06T04:24:10.541Z [INFO] [http] GET /api/v1/notifications/unread-count
2026-09-06T04:24:10.627Z [INFO] [slaReminder] SLA_SCAN cases=1 respRemind=0 respEsc=0 closureRemind=0 closureEsc=0 surveyExpired=0
2026-09-06T04:24:40.524Z [INFO] [http] GET /api/v1/notifications/unread-count
2026-09-06T04:25:10.525Z [INFO] [http] GET /api/v1/notifications/unread-count
2026-09-06T04:25:10.632Z [INFO] [slaReminder] SLA_SCAN cases=1 respRemind=0 respEsc=0 closureRemind=0 closureEsc=0 surveyExpired=0
2026-09-06T04:25:40.242Z [INFO] [http] GET /api/v1/notifications/unread-count
2026-09-06T04:26:10.533Z [INFO] [http] GET /api/v1/notifications/unread-count
2026-09-06T04:26:10.635Z [INFO] [slaReminder] SLA_SCAN cases=1 respRemind=0 respEsc=0 closureRemind=0 closureEsc=0 surveyExpired=0
2026-09-06T04:26:40.220Z [INFO] [http] GET /api/v1/notifications/unread-count
2026-09-06T04:27:10.528Z [INFO] [http] GET /api/v1/notifications/unread-count
2026-09-06T04:27:10.634Z [INFO] [slaReminder] SLA_SCAN cases=1 respRemind=0 respEsc=0 closureRemind=0 closureEsc=0 surveyExpired=0
2026-09-06T04:27:40.218Z [INFO] [http] GET /api/v1/notifications/unread-count
2026-09-06T04:28:10.524Z [INFO] [http] GET /api/v1/notifications/unread-count
2026-09-06T04:28:10.649Z [INFO] [slaReminder] SLA_SCAN cases=1 respRemind=0 respEsc=0 closureRemind=0 closureEsc=0 surveyExpired=0
2026-09-06T04:28:40.215Z [INFO] [http] GET /api/v1/notifications/unread-count
2026-09-06T04:29:10.528Z [INFO] [http] GET /api/v1/notifications/unread-count
2026-09-06T04:29:10.653Z [INFO] [slaReminder] SLA_SCAN cases=1 respRemind=0 respEsc=0 closureRemind=0 closureEsc=0 surveyExpired=0
2026-09-06T04:29:40.529Z [INFO] [http] GET /api/v1/notifications/unread-count
2026-09-06T04:30:10.537Z [INFO] [http] GET /api/v1/notifications/unread-count
2026-09-06T04:30:10.657Z [INFO] [slaReminder] SLA_SCAN cases=1 respRemind=0 respEsc=0 closureRemind=0 closureEsc=0 surveyExpired=0
2026-09-06T04:30:40.224Z [INFO] [http] GET /api/v1/notifications/unread-count
2026-09-06T04:31:10.520Z [INFO] [http] GET /api/v1/notifications/unread-count
2026-09-06T04:31:10.658Z [INFO] [slaReminder] SLA_SCAN cases=1 respRemind=0 respEsc=0 closureRemind=0 closureEsc=0 surveyExpired=0
2026-09-06T04:31:40.215Z [INFO] [http] GET /api/v1/notifications/unread-count
2026-09-06T04:32:10.528Z [INFO] [http] GET /api/v1/notifications/unread-count
2026-09-06T04:32:10.664Z [INFO] [slaReminder] SLA_SCAN cases=1 respRemind=0 respEsc=0 closureRemind=0 closureEsc=0 surveyExpired=0
2026-09-06T04:32:40.524Z [INFO] [http] GET /api/v1/notifications/unread-count
2026-09-06T04:33:10.528Z [INFO] [http] GET /api/v1/notifications/unread-count
2026-09-06T04:33:10.679Z [INFO] [slaReminder] SLA_SCAN cases=1 respRemind=0 respEsc=0 closureRemind=0 closureEsc=0 surveyExpired=0
2026-09-06T04:33:40.536Z [INFO] [http] GET /api/v1/notifications/unread-count
2026-09-06T04:34:10.538Z [INFO] [http] GET /api/v1/notifications/unread-count
2026-09-06T04:34:10.688Z [INFO] [slaReminder] SLA_SCAN cases=1 respRemind=0 respEsc=0 closureRemind=0 closureEsc=0 surveyExpired=0
2026-09-06T04:34:40.533Z [INFO] [http] GET /api/v1/notifications/unread-count
2026-09-06T04:35:10.533Z [INFO] [http] GET /api/v1/notifications/unread-count
2026-09-06T04:35:10.689Z [INFO] [slaReminder] SLA_SCAN cases=1 respRemind=0 respEsc=0 closureRemind=0 closureEsc=0 surveyExpired=0
2026-09-06T04:35:40.534Z [INFO] [http] GET /api/v1/notifications/unread-count
2026-09-06T04:36:10.528Z [INFO] [http] GET /api/v1/notifications/unread-count
2026-09-06T04:36:10.697Z [INFO] [slaReminder] SLA_SCAN cases=1 respRemind=0 respEsc=0 closureRemind=0 closureEsc=0 surveyExpired=0
2026-09-06T04:36:40.213Z [INFO] [http] GET /api/v1/notifications/unread-count
2026-09-06T04:37:10.529Z [INFO] [http] GET /api/v1/notifications/unread-count
2026-09-06T04:37:10.698Z [INFO] [slaReminder] SLA_SCAN cases=1 respRemind=0 respEsc=0 closureRemind=0 closureEsc=0 surveyExpired=0
2026-09-06T04:37:40.223Z [INFO] [http] GET /api/v1/notifications/unread-count
2026-09-06T04:38:10.539Z [INFO] [http] GET /api/v1/notifications/unread-count
2026-09-06T04:38:10.712Z [INFO] [slaReminder] SLA_SCAN cases=1 respRemind=0 respEsc=0 closureRemind=0 closureEsc=0 surveyExpired=0
2026-09-06T04:38:40.213Z [INFO] [http] GET /api/v1/notifications/unread-count
2026-09-06T04:39:10.560Z [INFO] [http] GET /api/v1/notifications/unread-count
2026-09-06T04:39:10.720Z [INFO] [slaReminder] SLA_SCAN cases=1 respRemind=0 respEsc=0 closureRemind=0 closureEsc=0 surveyExpired=0
2026-09-06T04:39:40.535Z [INFO] [http] GET /api/v1/notifications/unread-count
2026-09-06T04:40:10.524Z [INFO] [http] GET /api/v1/notifications/unread-count
2026-09-06T04:40:10.724Z [INFO] [slaReminder] SLA_SCAN cases=1 respRemind=0 respEsc=0 closureRemind=0 closureEsc=0 surveyExpired=0
2026-09-06T04:40:40.213Z [INFO] [http] GET /api/v1/notifications/unread-count
2026-09-06T04:41:10.533Z [INFO] [http] GET /api/v1/notifications/unread-count
2026-09-06T04:41:10.733Z [INFO] [slaReminder] SLA_SCAN cases=1 respRemind=0 respEsc=0 closureRemind=0 closureEsc=0 surveyExpired=0
2026-09-06T04:41:40.227Z [INFO] [http] GET /api/v1/notifications/unread-count
2026-09-06T04:42:10.527Z [INFO] [http] GET /api/v1/notifications/unread-count
2026-09-06T04:42:10.742Z [INFO] [slaReminder] SLA_SCAN cases=1 respRemind=0 respEsc=0 closureRemind=0 closureEsc=0 surveyExpired=0
2026-09-06T04:42:40.229Z [INFO] [http] GET /api/v1/notifications/unread-count
2026-09-06T04:43:10.531Z [INFO] [http] GET /api/v1/notifications/unread-count
2026-09-06T04:43:10.744Z [INFO] [slaReminder] SLA_SCAN cases=1 respRemind=0 respEsc=0 closureRemind=0 closureEsc=0 surveyExpired=0
2026-09-06T04:43:40.220Z [INFO] [http] GET /api/v1/notifications/unread-count
2026-09-06T04:44:10.538Z [INFO] [http] GET /api/v1/notifications/unread-count
2026-09-06T04:44:10.753Z [INFO] [slaReminder] SLA_SCAN cases=1 respRemind=0 respEsc=0 closureRemind=0 closureEsc=0 surveyExpired=0
2026-09-06T04:44:40.531Z [INFO] [http] GET /api/v1/notifications/unread-count
2026-09-06T04:45:10.537Z [INFO] [http] GET /api/v1/notifications/unread-count
2026-09-06T04:45:10.770Z [INFO] [slaReminder] SLA_SCAN cases=1 respRemind=0 respEsc=0 closureRemind=0 closureEsc=0 surveyExpired=0
2026-09-06T04:45:40.540Z [INFO] [http] GET /api/v1/notifications/unread-count
2026-09-06T04:46:10.216Z [INFO] [http] GET /api/v1/notifications/unread-count
2026-09-06T04:46:10.776Z [INFO] [slaReminder] SLA_SCAN cases=1 respRemind=0 respEsc=0 closureRemind=0 closureEsc=0 surveyExpired=0
2026-09-06T04:46:40.533Z [INFO] [http] GET /api/v1/notifications/unread-count
2026-09-06T04:47:10.226Z [INFO] [http] GET /api/v1/notifications/unread-count
2026-09-06T04:47:10.785Z [INFO] [slaReminder] SLA_SCAN cases=1 respRemind=0 respEsc=0 closureRemind=0 closureEsc=0 surveyExpired=0
2026-09-06T04:47:40.532Z [INFO] [http] GET /api/v1/notifications/unread-count
2026-09-06T04:48:10.251Z [INFO] [http] GET /api/v1/notifications/unread-count
2026-09-06T04:48:10.790Z [INFO] [slaReminder] SLA_SCAN cases=1 respRemind=0 respEsc=0 closureRemind=0 closureEsc=0 surveyExpired=0
2026-09-06T04:48:40.541Z [INFO] [http] GET /api/v1/notifications/unread-count
2026-09-06T04:49:10.225Z [INFO] [http] GET /api/v1/notifications/unread-count
2026-09-06T04:49:10.799Z [INFO] [slaReminder] SLA_SCAN cases=1 respRemind=0 respEsc=0 closureRemind=0 closureEsc=0 surveyExpired=0
2026-09-06T04:49:40.561Z [INFO] [http] GET /api/v1/notifications/unread-count
2026-09-06T04:50:10.235Z [INFO] [http] GET /api/v1/notifications/unread-count
2026-09-06T04:50:10.804Z [INFO] [slaReminder] SLA_SCAN cases=1 respRemind=0 respEsc=0 closureRemind=0 closureEsc=0 surveyExpired=0
2026-09-06T04:50:40.543Z [INFO] [http] GET /api/v1/notifications/unread-count
2026-09-06T04:51:10.221Z [INFO] [http] GET /api/v1/notifications/unread-count
2026-09-06T04:51:10.809Z [INFO] [slaReminder] SLA_SCAN cases=1 respRemind=0 respEsc=0 closureRemind=0 closureEsc=0 surveyExpired=0
2026-09-06T04:51:40.540Z [INFO] [http] GET /api/v1/notifications/unread-count
2026-09-06T04:52:10.222Z [INFO] [http] GET /api/v1/notifications/unread-count
2026-09-06T04:52:10.821Z [INFO] [slaReminder] SLA_SCAN cases=1 respRemind=0 respEsc=0 closureRemind=0 closureEsc=0 surveyExpired=0
2026-09-06T04:52:40.532Z [INFO] [http] GET /api/v1/notifications/unread-count
2026-09-06T04:53:10.236Z [INFO] [http] GET /api/v1/notifications/unread-count
2026-09-06T04:53:10.836Z [INFO] [slaReminder] SLA_SCAN cases=1 respRemind=0 respEsc=0 closureRemind=0 closureEsc=0 surveyExpired=0
2026-09-06T04:53:40.535Z [INFO] [http] GET /api/v1/notifications/unread-count
2026-09-06T04:54:10.546Z [INFO] [http] GET /api/v1/notifications/unread-count
2026-09-06T04:54:10.852Z [INFO] [slaReminder] SLA_SCAN cases=1 respRemind=0 respEsc=0 closureRemind=0 closureEsc=0 surveyExpired=0
2026-09-06T04:54:40.266Z [INFO] [http] GET /api/v1/notifications/unread-count
2026-09-06T04:55:10.541Z [INFO] [http] GET /api/v1/notifications/unread-count
2026-09-06T04:55:10.859Z [INFO] [slaReminder] SLA_SCAN cases=1 respRemind=0 respEsc=0 closureRemind=0 closureEsc=0 surveyExpired=0
2026-09-06T04:55:40.229Z [INFO] [http] GET /api/v1/notifications/unread-count
2026-09-06T04:56:10.532Z [INFO] [http] GET /api/v1/notifications/unread-count
2026-09-06T04:56:10.864Z [INFO] [slaReminder] SLA_SCAN cases=1 respRemind=0 respEsc=0 closureRemind=0 closureEsc=0 surveyExpired=0
2026-09-06T04:56:40.238Z [INFO] [http] GET /api/v1/notifications/unread-count
2026-09-06T04:57:10.536Z [INFO] [http] GET /api/v1/notifications/unread-count
2026-09-06T04:57:10.879Z [INFO] [slaReminder] SLA_SCAN cases=1 respRemind=0 respEsc=0 closureRemind=0 closureEsc=0 surveyExpired=0
2026-09-06T04:57:40.229Z [INFO] [http] GET /api/v1/notifications/unread-count
2026-09-06T04:58:10.547Z [INFO] [http] GET /api/v1/notifications/unread-count
2026-09-06T04:58:10.885Z [INFO] [slaReminder] SLA_SCAN cases=1 respRemind=0 respEsc=0 closureRemind=0 closureEsc=0 surveyExpired=0
2026-09-06T04:58:40.225Z [INFO] [http] GET /api/v1/notifications/unread-count
2026-09-06T04:59:10.561Z [INFO] [http] GET /api/v1/notifications/unread-count
2026-09-06T04:59:10.884Z [INFO] [slaReminder] SLA_SCAN cases=1 respRemind=0 respEsc=0 closureRemind=0 closureEsc=0 surveyExpired=0
2026-09-06T04:59:40.551Z [INFO] [http] GET /api/v1/notifications/unread-count
2026-09-06T05:00:10.543Z [INFO] [http] GET /api/v1/notifications/unread-count
2026-09-06T05:00:10.900Z [INFO] [slaReminder] SLA_SCAN cases=1 respRemind=0 respEsc=0 closureRemind=0 closureEsc=0 surveyExpired=0
2026-09-06T05:00:40.538Z [INFO] [http] GET /api/v1/notifications/unread-count
2026-09-06T05:01:10.544Z [INFO] [http] GET /api/v1/notifications/unread-count
2026-09-06T05:01:10.910Z [INFO] [slaReminder] SLA_SCAN cases=1 respRemind=0 respEsc=0 closureRemind=0 closureEsc=0 surveyExpired=0
2026-09-06T05:01:40.544Z [INFO] [http] GET /api/v1/notifications/unread-count
2026-09-06T05:02:10.241Z [INFO] [http] GET /api/v1/notifications/unread-count
2026-09-06T05:02:10.919Z [INFO] [slaReminder] SLA_SCAN cases=1 respRemind=0 respEsc=0 closureRemind=0 closureEsc=0 surveyExpired=0
2026-09-06T05:02:40.539Z [INFO] [http] GET /api/v1/notifications/unread-count
2026-09-06T05:03:10.231Z [INFO] [http] GET /api/v1/notifications/unread-count
2026-09-06T05:03:10.926Z [INFO] [slaReminder] SLA_SCAN cases=1 respRemind=0 respEsc=0 closureRemind=0 closureEsc=0 surveyExpired=0
2026-09-06T05:03:40.550Z [INFO] [http] GET /api/v1/notifications/unread-count
2026-09-06T05:04:10.543Z [INFO] [http] GET /api/v1/notifications/unread-count
2026-09-06T05:04:10.926Z [INFO] [slaReminder] SLA_SCAN cases=1 respRemind=0 respEsc=0 closureRemind=0 closureEsc=0 surveyExpired=0
2026-09-06T05:04:40.541Z [INFO] [http] GET /api/v1/notifications/unread-count
2026-09-06T05:05:10.538Z [INFO] [http] GET /api/v1/notifications/unread-count
2026-09-06T05:05:10.928Z [INFO] [slaReminder] SLA_SCAN cases=1 respRemind=0 respEsc=0 closureRemind=0 closureEsc=0 surveyExpired=0
2026-09-06T05:05:40.547Z [INFO] [http] GET /api/v1/notifications/unread-count
2026-09-06T05:06:10.549Z [INFO] [http] GET /api/v1/notifications/unread-count
2026-09-06T05:06:10.936Z [INFO] [slaReminder] SLA_SCAN cases=1 respRemind=0 respEsc=0 closureRemind=0 closureEsc=0 surveyExpired=0
2026-09-06T05:06:40.240Z [INFO] [http] GET /api/v1/notifications/unread-count
2026-09-06T05:07:10.547Z [INFO] [http] GET /api/v1/notifications/unread-count
2026-09-06T05:07:10.936Z [INFO] [slaReminder] SLA_SCAN cases=1 respRemind=0 respEsc=0 closureRemind=0 closureEsc=0 surveyExpired=0
2026-09-06T05:07:40.226Z [INFO] [http] GET /api/v1/notifications/unread-count
2026-09-06T05:08:10.547Z [INFO] [http] GET /api/v1/notifications/unread-count
2026-09-06T05:08:10.950Z [INFO] [slaReminder] SLA_SCAN cases=1 respRemind=0 respEsc=0 closureRemind=0 closureEsc=0 surveyExpired=0
2026-09-06T05:08:40.238Z [INFO] [http] GET /api/v1/notifications/unread-count
2026-09-06T05:09:10.547Z [INFO] [http] GET /api/v1/notifications/unread-count
2026-09-06T05:09:10.964Z [INFO] [slaReminder] SLA_SCAN cases=1 respRemind=0 respEsc=0 closureRemind=0 closureEsc=0 surveyExpired=0
2026-09-06T05:09:40.546Z [INFO] [http] GET /api/v1/notifications/unread-count
2026-09-06T05:10:10.547Z [INFO] [http] GET /api/v1/notifications/unread-count
2026-09-06T05:10:10.973Z [INFO] [slaReminder] SLA_SCAN cases=1 respRemind=0 respEsc=0 closureRemind=0 closureEsc=0 surveyExpired=0
2026-09-06T05:10:40.238Z [INFO] [http] GET /api/v1/notifications/unread-count
2026-09-06T05:11:10.544Z [INFO] [http] GET /api/v1/notifications/unread-count
2026-09-06T05:11:10.978Z [INFO] [slaReminder] SLA_SCAN cases=1 respRemind=0 respEsc=0 closureRemind=0 closureEsc=0 surveyExpired=0
2026-09-06T05:11:40.239Z [INFO] [http] GET /api/v1/notifications/unread-count
2026-09-06T05:12:10.541Z [INFO] [http] GET /api/v1/notifications/unread-count
2026-09-06T05:12:10.991Z [INFO] [slaReminder] SLA_SCAN cases=1 respRemind=0 respEsc=0 closureRemind=0 closureEsc=0 surveyExpired=0
2026-09-06T05:12:40.232Z [INFO] [http] GET /api/v1/notifications/unread-count
2026-09-06T05:13:10.544Z [INFO] [http] GET /api/v1/notifications/unread-count
2026-09-06T05:13:10.992Z [INFO] [slaReminder] SLA_SCAN cases=1 respRemind=0 respEsc=0 closureRemind=0 closureEsc=0 surveyExpired=0
2026-09-06T05:13:40.235Z [INFO] [http] GET /api/v1/notifications/unread-count
2026-09-06T05:14:10.567Z [INFO] [http] GET /api/v1/notifications/unread-count
2026-09-06T05:14:10.994Z [INFO] [slaReminder] SLA_SCAN cases=1 respRemind=0 respEsc=0 closureRemind=0 closureEsc=0 surveyExpired=0
2026-09-06T05:14:40.545Z [INFO] [http] GET /api/v1/notifications/unread-count
2026-09-06T05:15:10.538Z [INFO] [http] GET /api/v1/notifications/unread-count
2026-09-06T05:15:11.004Z [INFO] [slaReminder] SLA_SCAN cases=1 respRemind=0 respEsc=0 closureRemind=0 closureEsc=0 surveyExpired=0
2026-09-06T05:15:40.546Z [INFO] [http] GET /api/v1/notifications/unread-count
2026-09-06T05:16:10.236Z [INFO] [http] GET /api/v1/notifications/unread-count
2026-09-06T05:16:11.008Z [INFO] [slaReminder] SLA_SCAN cases=1 respRemind=0 respEsc=0 closureRemind=0 closureEsc=0 surveyExpired=0
2026-09-06T05:16:40.539Z [INFO] [http] GET /api/v1/notifications/unread-count
2026-09-06T05:17:10.228Z [INFO] [http] GET /api/v1/notifications/unread-count
2026-09-06T05:17:11.019Z [INFO] [slaReminder] SLA_SCAN cases=1 respRemind=0 respEsc=0 closureRemind=0 closureEsc=0 surveyExpired=0
2026-09-06T05:17:40.548Z [INFO] [http] GET /api/v1/notifications/unread-count
2026-09-06T05:18:10.546Z [INFO] [http] GET /api/v1/notifications/unread-count
2026-09-06T05:18:11.025Z [INFO] [slaReminder] SLA_SCAN cases=1 respRemind=0 respEsc=0 closureRemind=0 closureEsc=0 surveyExpired=0
2026-09-06T05:18:40.239Z [INFO] [http] GET /api/v1/notifications/unread-count
2026-09-06T05:19:10.546Z [INFO] [http] GET /api/v1/notifications/unread-count
2026-09-06T05:19:11.027Z [INFO] [slaReminder] SLA_SCAN cases=1 respRemind=0 respEsc=0 closureRemind=0 closureEsc=0 surveyExpired=0
2026-09-06T05:19:40.546Z [INFO] [http] GET /api/v1/notifications/unread-count
2026-09-06T05:20:10.545Z [INFO] [http] GET /api/v1/notifications/unread-count
2026-09-06T05:20:11.028Z [INFO] [slaReminder] SLA_SCAN cases=1 respRemind=0 respEsc=0 closureRemind=0 closureEsc=0 surveyExpired=0
2026-09-06T05:20:40.245Z [INFO] [http] GET /api/v1/notifications/unread-count
2026-09-06T05:21:10.553Z [INFO] [http] GET /api/v1/notifications/unread-count
2026-09-06T05:21:11.031Z [INFO] [slaReminder] SLA_SCAN cases=1 respRemind=0 respEsc=0 closureRemind=0 closureEsc=0 surveyExpired=0
2026-09-06T05:21:40.235Z [INFO] [http] GET /api/v1/notifications/unread-count
2026-09-06T05:22:10.556Z [INFO] [http] GET /api/v1/notifications/unread-count
2026-09-06T05:22:11.034Z [INFO] [slaReminder] SLA_SCAN cases=1 respRemind=0 respEsc=0 closureRemind=0 closureEsc=0 surveyExpired=0
2026-09-06T05:22:40.239Z [INFO] [http] GET /api/v1/notifications/unread-count
2026-09-06T05:23:10.552Z [INFO] [http] GET /api/v1/notifications/unread-count
2026-09-06T05:23:11.044Z [INFO] [slaReminder] SLA_SCAN cases=1 respRemind=0 respEsc=0 closureRemind=0 closureEsc=0 surveyExpired=0
2026-09-06T05:23:40.231Z [INFO] [http] GET /api/v1/notifications/unread-count
2026-09-06T05:24:10.554Z [INFO] [http] GET /api/v1/notifications/unread-count
2026-09-06T05:24:11.048Z [INFO] [slaReminder] SLA_SCAN cases=1 respRemind=0 respEsc=0 closureRemind=0 closureEsc=0 surveyExpired=0
2026-09-06T05:24:40.538Z [INFO] [http] GET /api/v1/notifications/unread-count
2026-09-06T05:25:10.548Z [INFO] [http] GET /api/v1/notifications/unread-count
2026-09-06T05:25:11.060Z [INFO] [slaReminder] SLA_SCAN cases=1 respRemind=0 respEsc=0 closureRemind=0 closureEsc=0 surveyExpired=0
2026-09-06T05:25:40.242Z [INFO] [http] GET /api/v1/notifications/unread-count
2026-09-06T05:26:10.555Z [INFO] [http] GET /api/v1/notifications/unread-count
2026-09-06T05:26:11.063Z [INFO] [slaReminder] SLA_SCAN cases=1 respRemind=0 respEsc=0 closureRemind=0 closureEsc=0 surveyExpired=0
2026-09-06T05:26:40.238Z [INFO] [http] GET /api/v1/notifications/unread-count
2026-09-06T05:27:10.540Z [INFO] [http] GET /api/v1/notifications/unread-count
2026-09-06T05:27:11.068Z [INFO] [slaReminder] SLA_SCAN cases=1 respRemind=0 respEsc=0 closureRemind=0 closureEsc=0 surveyExpired=0
2026-09-06T05:27:40.247Z [INFO] [http] GET /api/v1/notifications/unread-count
2026-09-06T05:28:10.542Z [INFO] [http] GET /api/v1/notifications/unread-count
2026-09-06T05:28:11.069Z [INFO] [slaReminder] SLA_SCAN cases=1 respRemind=0 respEsc=0 closureRemind=0 closureEsc=0 surveyExpired=0
2026-09-06T05:28:40.551Z [INFO] [http] GET /api/v1/notifications/unread-count
2026-09-06T05:29:10.552Z [INFO] [http] GET /api/v1/notifications/unread-count
2026-09-06T05:29:11.072Z [INFO] [slaReminder] SLA_SCAN cases=1 respRemind=0 respEsc=0 closureRemind=0 closureEsc=0 surveyExpired=0
2026-09-06T05:29:40.549Z [INFO] [http] GET /api/v1/notifications/unread-count
2026-09-06T05:30:10.551Z [INFO] [http] GET /api/v1/notifications/unread-count
2026-09-06T05:30:11.074Z [INFO] [slaReminder] SLA_SCAN cases=1 respRemind=0 respEsc=0 closureRemind=0 closureEsc=0 surveyExpired=0
2026-09-06T05:30:40.553Z [INFO] [http] GET /api/v1/notifications/unread-count
2026-09-06T05:31:10.249Z [INFO] [http] GET /api/v1/notifications/unread-count
2026-09-06T05:31:11.084Z [INFO] [slaReminder] SLA_SCAN cases=1 respRemind=0 respEsc=0 closureRemind=0 closureEsc=0 surveyExpired=0
2026-09-06T05:31:40.538Z [INFO] [http] GET /api/v1/notifications/unread-count
2026-09-06T05:32:10.237Z [INFO] [http] GET /api/v1/notifications/unread-count
2026-09-06T05:32:11.088Z [INFO] [slaReminder] SLA_SCAN cases=1 respRemind=0 respEsc=0 closureRemind=0 closureEsc=0 surveyExpired=0
2026-09-06T05:32:40.557Z [INFO] [http] GET /api/v1/notifications/unread-count
2026-09-06T05:33:10.549Z [INFO] [http] GET /api/v1/notifications/unread-count
2026-09-06T05:33:11.090Z [INFO] [slaReminder] SLA_SCAN cases=1 respRemind=0 respEsc=0 closureRemind=0 closureEsc=0 surveyExpired=0
2026-09-06T05:33:40.542Z [INFO] [http] GET /api/v1/notifications/unread-count
2026-09-06T05:34:10.549Z [INFO] [http] GET /api/v1/notifications/unread-count
2026-09-06T05:34:11.092Z [INFO] [slaReminder] SLA_SCAN cases=1 respRemind=0 respEsc=0 closureRemind=0 closureEsc=0 surveyExpired=0
2026-09-06T05:34:40.555Z [INFO] [http] GET /api/v1/notifications/unread-count
2026-09-06T05:35:10.552Z [INFO] [http] GET /api/v1/notifications/unread-count
2026-09-06T05:35:11.098Z [INFO] [slaReminder] SLA_SCAN cases=1 respRemind=0 respEsc=0 closureRemind=0 closureEsc=0 surveyExpired=0
2026-09-06T05:35:40.555Z [INFO] [http] GET /api/v1/notifications/unread-count
2026-09-06T05:36:10.554Z [INFO] [http] GET /api/v1/notifications/unread-count
2026-09-06T05:36:11.102Z [INFO] [slaReminder] SLA_SCAN cases=1 respRemind=0 respEsc=0 closureRemind=0 closureEsc=0 surveyExpired=0
2026-09-06T05:36:40.549Z [INFO] [http] GET /api/v1/notifications/unread-count
2026-09-06T05:37:10.550Z [INFO] [http] GET /api/v1/notifications/unread-count
2026-09-06T05:37:11.107Z [INFO] [slaReminder] SLA_SCAN cases=1 respRemind=0 respEsc=0 closureRemind=0 closureEsc=0 surveyExpired=0
2026-09-06T05:37:40.552Z [INFO] [http] GET /api/v1/notifications/unread-count
2026-09-06T05:38:10.547Z [INFO] [http] GET /api/v1/notifications/unread-count
2026-09-06T05:38:11.108Z [INFO] [slaReminder] SLA_SCAN cases=1 respRemind=0 respEsc=0 closureRemind=0 closureEsc=0 surveyExpired=0
2026-09-06T05:38:40.555Z [INFO] [http] GET /api/v1/notifications/unread-count
2026-09-06T05:39:10.549Z [INFO] [http] GET /api/v1/notifications/unread-count
2026-09-06T05:39:11.126Z [INFO] [slaReminder] SLA_SCAN cases=1 respRemind=0 respEsc=0 closureRemind=0 closureEsc=0 surveyExpired=0
2026-09-06T05:39:40.546Z [INFO] [http] GET /api/v1/notifications/unread-count
2026-09-06T05:40:10.553Z [INFO] [http] GET /api/v1/notifications/unread-count
2026-09-06T05:40:11.127Z [INFO] [slaReminder] SLA_SCAN cases=1 respRemind=0 respEsc=0 closureRemind=0 closureEsc=0 surveyExpired=0
2026-09-06T05:40:40.244Z [INFO] [http] GET /api/v1/notifications/unread-count
2026-09-06T05:41:10.546Z [INFO] [http] GET /api/v1/notifications/unread-count
2026-09-06T05:41:11.131Z [INFO] [slaReminder] SLA_SCAN cases=1 respRemind=0 respEsc=0 closureRemind=0 closureEsc=0 surveyExpired=0
2026-09-06T05:41:40.242Z [INFO] [http] GET /api/v1/notifications/unread-count
2026-09-06T05:42:10.554Z [INFO] [http] GET /api/v1/notifications/unread-count
2026-09-06T05:42:11.139Z [INFO] [slaReminder] SLA_SCAN cases=1 respRemind=0 respEsc=0 closureRemind=0 closureEsc=0 surveyExpired=0
2026-09-06T05:42:40.240Z [INFO] [http] GET /api/v1/notifications/unread-count
2026-09-06T05:43:10.552Z [INFO] [http] GET /api/v1/notifications/unread-count
2026-09-06T05:43:11.153Z [INFO] [slaReminder] SLA_SCAN cases=1 respRemind=0 respEsc=0 closureRemind=0 closureEsc=0 surveyExpired=0
2026-09-06T05:43:40.558Z [INFO] [http] GET /api/v1/notifications/unread-count
2026-09-06T05:44:10.249Z [INFO] [http] GET /api/v1/notifications/unread-count
2026-09-06T05:44:11.161Z [INFO] [slaReminder] SLA_SCAN cases=1 respRemind=0 respEsc=0 closureRemind=0 closureEsc=0 surveyExpired=0
2026-09-06T05:44:40.548Z [INFO] [http] GET /api/v1/notifications/unread-count
2026-09-06T05:45:10.243Z [INFO] [http] GET /api/v1/notifications/unread-count
2026-09-06T05:45:11.163Z [INFO] [slaReminder] SLA_SCAN cases=1 respRemind=0 respEsc=0 closureRemind=0 closureEsc=0 surveyExpired=0
2026-09-06T05:45:40.549Z [INFO] [http] GET /api/v1/notifications/unread-count
2026-09-06T05:46:10.261Z [INFO] [http] GET /api/v1/notifications/unread-count
2026-09-06T05:46:11.166Z [INFO] [slaReminder] SLA_SCAN cases=1 respRemind=0 respEsc=0 closureRemind=0 closureEsc=0 surveyExpired=0
2026-09-06T05:46:40.550Z [INFO] [http] GET /api/v1/notifications/unread-count
2026-09-06T05:47:10.243Z [INFO] [http] GET /api/v1/notifications/unread-count
2026-09-06T05:47:11.172Z [INFO] [slaReminder] SLA_SCAN cases=1 respRemind=0 respEsc=0 closureRemind=0 closureEsc=0 surveyExpired=0
2026-09-06T05:47:40.552Z [INFO] [http] GET /api/v1/notifications/unread-count
2026-09-06T05:48:10.251Z [INFO] [http] GET /api/v1/notifications/unread-count
2026-09-06T05:48:11.178Z [INFO] [slaReminder] SLA_SCAN cases=1 respRemind=0 respEsc=0 closureRemind=0 closureEsc=0 surveyExpired=0
2026-09-06T05:48:40.556Z [INFO] [http] GET /api/v1/notifications/unread-count
2026-09-06T05:49:10.246Z [INFO] [http] GET /api/v1/notifications/unread-count
2026-09-06T05:49:11.191Z [INFO] [slaReminder] SLA_SCAN cases=1 respRemind=0 respEsc=0 closureRemind=0 closureEsc=0 surveyExpired=0
2026-09-06T05:49:40.544Z [INFO] [http] GET /api/v1/notifications/unread-count
2026-09-06T05:50:10.247Z [INFO] [http] GET /api/v1/notifications/unread-count
2026-09-06T05:50:11.200Z [INFO] [slaReminder] SLA_SCAN cases=1 respRemind=0 respEsc=0 closureRemind=0 closureEsc=0 surveyExpired=0
2026-09-06T05:50:40.557Z [INFO] [http] GET /api/v1/notifications/unread-count
2026-09-06T05:51:10.238Z [INFO] [http] GET /api/v1/notifications/unread-count
2026-09-06T05:51:11.216Z [INFO] [slaReminder] SLA_SCAN cases=1 respRemind=0 respEsc=0 closureRemind=0 closureEsc=0 surveyExpired=0
2026-09-06T05:51:40.558Z [INFO] [http] GET /api/v1/notifications/unread-count
2026-09-06T05:52:10.265Z [INFO] [http] GET /api/v1/notifications/unread-count
2026-09-06T05:52:11.222Z [INFO] [slaReminder] SLA_SCAN cases=1 respRemind=0 respEsc=0 closureRemind=0 closureEsc=0 surveyExpired=0
2026-09-06T05:52:40.555Z [INFO] [http] GET /api/v1/notifications/unread-count
2026-09-06T05:53:10.237Z [INFO] [http] GET /api/v1/notifications/unread-count
2026-09-06T05:53:11.231Z [INFO] [slaReminder] SLA_SCAN cases=1 respRemind=0 respEsc=0 closureRemind=0 closureEsc=0 surveyExpired=0
2026-09-06T05:53:40.572Z [INFO] [http] GET /api/v1/notifications/unread-count
2026-09-06T05:54:10.261Z [INFO] [http] GET /api/v1/notifications/unread-count
2026-09-06T05:54:11.252Z [INFO] [slaReminder] SLA_SCAN cases=1 respRemind=0 respEsc=0 closureRemind=0 closureEsc=0 surveyExpired=0
2026-09-06T05:54:40.559Z [INFO] [http] GET /api/v1/notifications/unread-count
2026-09-06T05:55:10.238Z [INFO] [http] GET /api/v1/notifications/unread-count
2026-09-06T05:55:11.252Z [INFO] [slaReminder] SLA_SCAN cases=1 respRemind=0 respEsc=0 closureRemind=0 closureEsc=0 surveyExpired=0
2026-09-06T05:55:40.553Z [INFO] [http] GET /api/v1/notifications/unread-count
2026-09-06T05:56:10.242Z [INFO] [http] GET /api/v1/notifications/unread-count
2026-09-06T05:56:11.254Z [INFO] [slaReminder] SLA_SCAN cases=1 respRemind=0 respEsc=0 closureRemind=0 closureEsc=0 surveyExpired=0
2026-09-06T05:56:40.557Z [INFO] [http] GET /api/v1/notifications/unread-count
2026-09-06T05:57:10.249Z [INFO] [http] GET /api/v1/notifications/unread-count
2026-09-06T05:57:11.268Z [INFO] [slaReminder] SLA_SCAN cases=1 respRemind=0 respEsc=0 closureRemind=0 closureEsc=0 surveyExpired=0
2026-09-06T05:57:40.552Z [INFO] [http] GET /api/v1/notifications/unread-count
2026-09-06T05:58:10.242Z [INFO] [http] GET /api/v1/notifications/unread-count
2026-09-06T05:58:11.279Z [INFO] [slaReminder] SLA_SCAN cases=1 respRemind=0 respEsc=0 closureRemind=0 closureEsc=0 surveyExpired=0
2026-09-06T05:58:40.550Z [INFO] [http] GET /api/v1/notifications/unread-count
2026-09-06T05:59:10.246Z [INFO] [http] GET /api/v1/notifications/unread-count
2026-09-06T05:59:11.288Z [INFO] [slaReminder] SLA_SCAN cases=1 respRemind=0 respEsc=0 closureRemind=0 closureEsc=0 surveyExpired=0
2026-09-06T05:59:40.564Z [INFO] [http] GET /api/v1/notifications/unread-count
2026-09-06T06:00:10.253Z [INFO] [http] GET /api/v1/notifications/unread-count
2026-09-06T06:00:11.291Z [INFO] [slaReminder] SLA_SCAN cases=1 respRemind=0 respEsc=0 closureRemind=0 closureEsc=0 surveyExpired=0
2026-09-06T06:00:40.552Z [INFO] [http] GET /api/v1/notifications/unread-count
2026-09-06T06:01:10.243Z [INFO] [http] GET /api/v1/notifications/unread-count
2026-09-06T06:01:11.295Z [INFO] [slaReminder] SLA_SCAN cases=1 respRemind=0 respEsc=0 closureRemind=0 closureEsc=0 surveyExpired=0
2026-09-06T06:01:40.559Z [INFO] [http] GET /api/v1/notifications/unread-count
2026-09-06T06:02:10.246Z [INFO] [http] GET /api/v1/notifications/unread-count
2026-09-06T06:02:11.299Z [INFO] [slaReminder] SLA_SCAN cases=1 respRemind=0 respEsc=0 closureRemind=0 closureEsc=0 surveyExpired=0
2026-09-06T06:02:40.555Z [INFO] [http] GET /api/v1/notifications/unread-count
2026-09-06T06:03:10.242Z [INFO] [http] GET /api/v1/notifications/unread-count
2026-09-06T06:03:11.306Z [INFO] [slaReminder] SLA_SCAN cases=1 respRemind=0 respEsc=0 closureRemind=0 closureEsc=0 surveyExpired=0
2026-09-06T06:03:40.556Z [INFO] [http] GET /api/v1/notifications/unread-count
2026-09-06T06:04:10.240Z [INFO] [http] GET /api/v1/notifications/unread-count
2026-09-06T06:04:11.312Z [INFO] [slaReminder] SLA_SCAN cases=1 respRemind=0 respEsc=0 closureRemind=0 closureEsc=0 surveyExpired=0
2026-09-06T06:04:40.560Z [INFO] [http] GET /api/v1/notifications/unread-count
2026-09-06T06:05:10.240Z [INFO] [http] GET /api/v1/notifications/unread-count
2026-09-06T06:05:11.314Z [INFO] [slaReminder] SLA_SCAN cases=1 respRemind=0 respEsc=0 closureRemind=0 closureEsc=0 surveyExpired=0
2026-09-06T06:05:40.558Z [INFO] [http] GET /api/v1/notifications/unread-count
2026-09-06T06:06:10.253Z [INFO] [http] GET /api/v1/notifications/unread-count
2026-09-06T06:06:11.317Z [INFO] [slaReminder] SLA_SCAN cases=1 respRemind=0 respEsc=0 closureRemind=0 closureEsc=0 surveyExpired=0
2026-09-06T06:06:40.562Z [INFO] [http] GET /api/v1/notifications/unread-count
2026-09-06T06:07:10.254Z [INFO] [http] GET /api/v1/notifications/unread-count
2026-09-06T06:07:11.320Z [INFO] [slaReminder] SLA_SCAN cases=1 respRemind=0 respEsc=0 closureRemind=0 closureEsc=0 surveyExpired=0
2026-09-06T06:07:40.558Z [INFO] [http] GET /api/v1/notifications/unread-count
2026-09-06T06:08:10.252Z [INFO] [http] GET /api/v1/notifications/unread-count
2026-09-06T06:08:11.334Z [INFO] [slaReminder] SLA_SCAN cases=1 respRemind=0 respEsc=0 closureRemind=0 closureEsc=0 surveyExpired=0
2026-09-06T06:08:40.560Z [INFO] [http] GET /api/v1/notifications/unread-count
2026-09-06T06:09:10.569Z [INFO] [http] GET /api/v1/notifications/unread-count
2026-09-06T06:09:11.359Z [INFO] [slaReminder] SLA_SCAN cases=1 respRemind=0 respEsc=0 closureRemind=0 closureEsc=0 surveyExpired=0
2026-09-06T06:09:40.554Z [INFO] [http] GET /api/v1/notifications/unread-count
2026-09-06T06:10:10.560Z [INFO] [http] GET /api/v1/notifications/unread-count
2026-09-06T06:10:11.369Z [INFO] [slaReminder] SLA_SCAN cases=1 respRemind=0 respEsc=0 closureRemind=0 closureEsc=0 surveyExpired=0
2026-09-06T06:10:40.253Z [INFO] [http] GET /api/v1/notifications/unread-count
2026-09-06T06:11:10.560Z [INFO] [http] GET /api/v1/notifications/unread-count
2026-09-06T06:11:11.378Z [INFO] [slaReminder] SLA_SCAN cases=1 respRemind=0 respEsc=0 closureRemind=0 closureEsc=0 surveyExpired=0
2026-09-06T06:11:40.249Z [INFO] [http] GET /api/v1/notifications/unread-count
2026-09-06T06:12:10.563Z [INFO] [http] GET /api/v1/notifications/unread-count
2026-09-06T06:12:11.383Z [INFO] [slaReminder] SLA_SCAN cases=1 respRemind=0 respEsc=0 closureRemind=0 closureEsc=0 surveyExpired=0
2026-09-06T06:12:40.253Z [INFO] [http] GET /api/v1/notifications/unread-count
2026-09-06T06:13:10.567Z [INFO] [http] GET /api/v1/notifications/unread-count
2026-09-06T06:13:11.387Z [INFO] [slaReminder] SLA_SCAN cases=1 respRemind=0 respEsc=0 closureRemind=0 closureEsc=0 surveyExpired=0
2026-09-06T06:13:40.243Z [INFO] [http] GET /api/v1/notifications/unread-count
2026-09-06T06:14:10.562Z [INFO] [http] GET /api/v1/notifications/unread-count
2026-09-06T06:14:11.403Z [INFO] [slaReminder] SLA_SCAN cases=1 respRemind=0 respEsc=0 closureRemind=0 closureEsc=0 surveyExpired=0
2026-09-06T06:14:40.571Z [INFO] [http] GET /api/v1/notifications/unread-count
2026-09-06T06:15:10.568Z [INFO] [http] GET /api/v1/notifications/unread-count
2026-09-06T06:15:11.407Z [INFO] [slaReminder] SLA_SCAN cases=1 respRemind=0 respEsc=0 closureRemind=0 closureEsc=0 surveyExpired=0
2026-09-06T06:15:40.559Z [INFO] [http] GET /api/v1/notifications/unread-count
2026-09-06T06:16:10.559Z [INFO] [http] GET /api/v1/notifications/unread-count
2026-09-06T06:16:11.422Z [INFO] [slaReminder] SLA_SCAN cases=1 respRemind=0 respEsc=0 closureRemind=0 closureEsc=0 surveyExpired=0
2026-09-06T06:16:40.246Z [INFO] [http] GET /api/v1/notifications/unread-count
2026-09-06T06:17:10.554Z [INFO] [http] GET /api/v1/notifications/unread-count
2026-09-06T06:17:11.433Z [INFO] [slaReminder] SLA_SCAN cases=1 respRemind=0 respEsc=0 closureRemind=0 closureEsc=0 surveyExpired=0
2026-09-06T06:17:40.253Z [INFO] [http] GET /api/v1/notifications/unread-count
2026-09-06T06:18:10.566Z [INFO] [http] GET /api/v1/notifications/unread-count
2026-09-06T06:18:11.437Z [INFO] [slaReminder] SLA_SCAN cases=1 respRemind=0 respEsc=0 closureRemind=0 closureEsc=0 surveyExpired=0
2026-09-06T06:18:40.257Z [INFO] [http] GET /api/v1/notifications/unread-count
2026-09-06T06:19:10.563Z [INFO] [http] GET /api/v1/notifications/unread-count
2026-09-06T06:19:11.440Z [INFO] [slaReminder] SLA_SCAN cases=1 respRemind=0 respEsc=0 closureRemind=0 closureEsc=0 surveyExpired=0
2026-09-06T06:19:40.555Z [INFO] [http] GET /api/v1/notifications/unread-count
2026-09-06T06:20:10.570Z [INFO] [http] GET /api/v1/notifications/unread-count
2026-09-06T06:20:11.453Z [INFO] [slaReminder] SLA_SCAN cases=1 respRemind=0 respEsc=0 closureRemind=0 closureEsc=0 surveyExpired=0
2026-09-06T06:20:40.250Z [INFO] [http] GET /api/v1/notifications/unread-count
2026-09-06T06:21:10.570Z [INFO] [http] GET /api/v1/notifications/unread-count
2026-09-06T06:21:11.467Z [INFO] [slaReminder] SLA_SCAN cases=1 respRemind=0 respEsc=0 closureRemind=0 closureEsc=0 surveyExpired=0
2026-09-06T06:21:40.254Z [INFO] [http] GET /api/v1/notifications/unread-count
2026-09-06T06:22:10.563Z [INFO] [http] GET /api/v1/notifications/unread-count
2026-09-06T06:22:11.478Z [INFO] [slaReminder] SLA_SCAN cases=1 respRemind=0 respEsc=0 closureRemind=0 closureEsc=0 surveyExpired=0
2026-09-06T06:22:40.249Z [INFO] [http] GET /api/v1/notifications/unread-count
2026-09-06T06:23:10.552Z [INFO] [http] GET /api/v1/notifications/unread-count
2026-09-06T06:23:11.480Z [INFO] [slaReminder] SLA_SCAN cases=1 respRemind=0 respEsc=0 closureRemind=0 closureEsc=0 surveyExpired=0
2026-09-06T06:23:40.246Z [INFO] [http] GET /api/v1/notifications/unread-count
2026-09-06T06:24:10.561Z [INFO] [http] GET /api/v1/notifications/unread-count
2026-09-06T06:24:11.483Z [INFO] [slaReminder] SLA_SCAN cases=1 respRemind=0 respEsc=0 closureRemind=0 closureEsc=0 surveyExpired=0
2026-09-06T06:24:40.569Z [INFO] [http] GET /api/v1/notifications/unread-count
2026-09-06T06:25:10.567Z [INFO] [http] GET /api/v1/notifications/unread-count
2026-09-06T06:25:11.488Z [INFO] [slaReminder] SLA_SCAN cases=1 respRemind=0 respEsc=0 closureRemind=0 closureEsc=0 surveyExpired=0
2026-09-06T06:25:40.566Z [INFO] [http] GET /api/v1/notifications/unread-count
2026-09-06T06:26:10.251Z [INFO] [http] GET /api/v1/notifications/unread-count
2026-09-06T06:26:11.503Z [INFO] [slaReminder] SLA_SCAN cases=1 respRemind=0 respEsc=0 closureRemind=0 closureEsc=0 surveyExpired=0
2026-09-06T06:26:40.556Z [INFO] [http] GET /api/v1/notifications/unread-count
2026-09-06T06:27:10.262Z [INFO] [http] GET /api/v1/notifications/unread-count
2026-09-06T06:27:11.510Z [INFO] [slaReminder] SLA_SCAN cases=1 respRemind=0 respEsc=0 closureRemind=0 closureEsc=0 surveyExpired=0
2026-09-06T06:27:40.574Z [INFO] [http] GET /api/v1/notifications/unread-count
2026-09-06T06:28:10.259Z [INFO] [http] GET /api/v1/notifications/unread-count
2026-09-06T06:28:11.513Z [INFO] [slaReminder] SLA_SCAN cases=1 respRemind=0 respEsc=0 closureRemind=0 closureEsc=0 surveyExpired=0
2026-09-06T06:28:40.590Z [INFO] [http] GET /api/v1/notifications/unread-count
2026-09-06T06:29:10.566Z [INFO] [http] GET /api/v1/notifications/unread-count
2026-09-06T06:29:11.521Z [INFO] [slaReminder] SLA_SCAN cases=1 respRemind=0 respEsc=0 closureRemind=0 closureEsc=0 surveyExpired=0
2026-09-06T06:29:40.560Z [INFO] [http] GET /api/v1/notifications/unread-count
2026-09-06T06:30:10.249Z [INFO] [http] GET /api/v1/notifications/unread-count
2026-09-06T06:30:11.526Z [INFO] [slaReminder] SLA_SCAN cases=1 respRemind=0 respEsc=0 closureRemind=0 closureEsc=0 surveyExpired=0
2026-09-06T06:30:40.561Z [INFO] [http] GET /api/v1/notifications/unread-count
2026-09-06T06:31:10.258Z [INFO] [http] GET /api/v1/notifications/unread-count
2026-09-06T06:31:11.529Z [INFO] [slaReminder] SLA_SCAN cases=1 respRemind=0 respEsc=0 closureRemind=0 closureEsc=0 surveyExpired=0
2026-09-06T06:31:40.560Z [INFO] [http] GET /api/v1/notifications/unread-count
2026-09-06T06:32:10.249Z [INFO] [http] GET /api/v1/notifications/unread-count
2026-09-06T06:32:11.542Z [INFO] [slaReminder] SLA_SCAN cases=1 respRemind=0 respEsc=0 closureRemind=0 closureEsc=0 surveyExpired=0
2026-09-06T06:32:40.569Z [INFO] [http] GET /api/v1/notifications/unread-count
2026-09-06T06:33:10.252Z [INFO] [http] GET /api/v1/notifications/unread-count
2026-09-06T06:33:11.544Z [INFO] [slaReminder] SLA_SCAN cases=1 respRemind=0 respEsc=0 closureRemind=0 closureEsc=0 surveyExpired=0
2026-09-06T06:33:40.572Z [INFO] [http] GET /api/v1/notifications/unread-count
2026-09-06T06:34:10.257Z [INFO] [http] GET /api/v1/notifications/unread-count
2026-09-06T06:34:11.547Z [INFO] [slaReminder] SLA_SCAN cases=1 respRemind=0 respEsc=0 closureRemind=0 closureEsc=0 surveyExpired=0
2026-09-06T06:34:40.560Z [INFO] [http] GET /api/v1/notifications/unread-count
2026-09-06T06:35:10.257Z [INFO] [http] GET /api/v1/notifications/unread-count
2026-09-06T06:35:11.549Z [INFO] [slaReminder] SLA_SCAN cases=1 respRemind=0 respEsc=0 closureRemind=0 closureEsc=0 surveyExpired=0
2026-09-06T06:35:40.571Z [INFO] [http] GET /api/v1/notifications/unread-count
2026-09-06T06:36:10.255Z [INFO] [http] GET /api/v1/notifications/unread-count
2026-09-06T06:36:11.551Z [INFO] [slaReminder] SLA_SCAN cases=1 respRemind=0 respEsc=0 closureRemind=0 closureEsc=0 surveyExpired=0
2026-09-06T06:36:40.571Z [INFO] [http] GET /api/v1/notifications/unread-count
2026-09-06T06:37:10.251Z [INFO] [http] GET /api/v1/notifications/unread-count
2026-09-06T06:37:11.566Z [INFO] [slaReminder] SLA_SCAN cases=1 respRemind=0 respEsc=0 closureRemind=0 closureEsc=0 surveyExpired=0
2026-09-06T06:37:40.561Z [INFO] [http] GET /api/v1/notifications/unread-count
2026-09-06T06:38:10.567Z [INFO] [http] GET /api/v1/notifications/unread-count
2026-09-06T06:38:11.566Z [INFO] [slaReminder] SLA_SCAN cases=1 respRemind=0 respEsc=0 closureRemind=0 closureEsc=0 surveyExpired=0
2026-09-06T06:38:40.570Z [INFO] [http] GET /api/v1/notifications/unread-count
2026-09-06T06:39:10.559Z [INFO] [http] GET /api/v1/notifications/unread-count
2026-09-06T06:39:11.569Z [INFO] [slaReminder] SLA_SCAN cases=1 respRemind=0 respEsc=0 closureRemind=0 closureEsc=0 surveyExpired=0
2026-09-06T06:39:40.559Z [INFO] [http] GET /api/v1/notifications/unread-count
2026-09-06T06:40:10.571Z [INFO] [http] GET /api/v1/notifications/unread-count
2026-09-06T06:40:11.579Z [INFO] [slaReminder] SLA_SCAN cases=1 respRemind=0 respEsc=0 closureRemind=0 closureEsc=0 surveyExpired=0
2026-09-06T06:40:40.254Z [INFO] [http] GET /api/v1/notifications/unread-count
2026-09-06T06:41:10.566Z [INFO] [http] GET /api/v1/notifications/unread-count
2026-09-06T06:41:11.591Z [INFO] [slaReminder] SLA_SCAN cases=1 respRemind=0 respEsc=0 closureRemind=0 closureEsc=0 surveyExpired=0
2026-09-06T06:41:40.259Z [INFO] [http] GET /api/v1/notifications/unread-count
2026-09-06T06:42:10.566Z [INFO] [http] GET /api/v1/notifications/unread-count
2026-09-06T06:42:11.608Z [INFO] [slaReminder] SLA_SCAN cases=1 respRemind=0 respEsc=0 closureRemind=0 closureEsc=0 surveyExpired=0
2026-09-06T06:42:40.255Z [INFO] [http] GET /api/v1/notifications/unread-count
2026-09-06T06:43:10.566Z [INFO] [http] GET /api/v1/notifications/unread-count
2026-09-06T06:43:11.610Z [INFO] [slaReminder] SLA_SCAN cases=1 respRemind=0 respEsc=0 closureRemind=0 closureEsc=0 surveyExpired=0
2026-09-06T06:43:40.572Z [INFO] [http] GET /api/v1/notifications/unread-count
Restarting 'src/server.js'
Restarting 'src/server.js'
Restarting 'src/server.js'
Restarting 'src/server.js'
Restarting 'src/server.js'
Waiting for graceful termination...
Gracefully restarted 'src/server.js'
2026-09-06T06:44:00.646Z [INFO] [static] serving frontend dist at C:\Users\606610\CodeBuddy\QRCode 客戶意見反饋\frontend\dist
2026-09-06T06:44:00.654Z [INFO] [server] QRCode 客戶意見反饋骨架已啟動 http://localhost:3000/api/v1
2026-09-06T06:44:00.654Z [INFO] [scheduler] SLA 掃描定時器已啟動（每 60000ms）
2026-09-06T06:44:00.654Z [WARN] [scheduler] 週報定時器停用（WEEKLY_REPORT_CHECK_MS 為 0/未設定）
Restarting 'src/server.js'
2026-09-06T06:44:03.103Z [INFO] [static] serving frontend dist at C:\Users\606610\CodeBuddy\QRCode 客戶意見反饋\frontend\dist
2026-09-06T06:44:03.117Z [INFO] [server] QRCode 客戶意見反饋骨架已啟動 http://localhost:3000/api/v1
2026-09-06T06:44:03.117Z [INFO] [scheduler] SLA 掃描定時器已啟動（每 60000ms）
2026-09-06T06:44:03.118Z [WARN] [scheduler] 週報定時器停用（WEEKLY_REPORT_CHECK_MS 為 0/未設定）
2026-09-06T06:44:10.577Z [INFO] [http] GET /api/v1/notifications/unread-count
2026-09-06T06:44:40.679Z [INFO] [http] GET /api/v1/notifications/unread-count
2026-09-06T06:45:03.132Z [INFO] [slaReminder] SLA_SCAN cases=1 respRemind=0 respEsc=0 closureRemind=0 closureEsc=0 surveyExpired=0
2026-09-06T06:45:10.247Z [INFO] [http] GET /api/v1/notifications/unread-count
2026-09-06T06:45:40.559Z [INFO] [http] GET /api/v1/notifications/unread-count
2026-09-06T06:46:03.136Z [INFO] [slaReminder] SLA_SCAN cases=1 respRemind=0 respEsc=0 closureRemind=0 closureEsc=0 surveyExpired=0
2026-09-06T06:46:10.261Z [INFO] [http] GET /api/v1/notifications/unread-count
2026-09-06T06:46:40.574Z [INFO] [http] GET /api/v1/notifications/unread-count
2026-09-06T06:47:03.144Z [INFO] [slaReminder] SLA_SCAN cases=1 respRemind=0 respEsc=0 closureRemind=0 closureEsc=0 surveyExpired=0
2026-09-06T06:47:10.254Z [INFO] [http] GET /api/v1/notifications/unread-count
2026-09-06T06:47:40.569Z [INFO] [http] GET /api/v1/notifications/unread-count
2026-09-06T06:48:03.150Z [INFO] [slaReminder] SLA_SCAN cases=1 respRemind=0 respEsc=0 closureRemind=0 closureEsc=0 surveyExpired=0
2026-09-06T06:48:10.263Z [INFO] [http] GET /api/v1/notifications/unread-count
2026-09-06T06:48:40.572Z [INFO] [http] GET /api/v1/notifications/unread-count
2026-09-06T06:49:03.160Z [INFO] [slaReminder] SLA_SCAN cases=1 respRemind=0 respEsc=0 closureRemind=0 closureEsc=0 surveyExpired=0
2026-09-06T06:49:10.247Z [INFO] [http] GET /api/v1/notifications/unread-count
2026-09-06T06:49:40.567Z [INFO] [http] GET /api/v1/notifications/unread-count
2026-09-06T06:50:03.167Z [INFO] [slaReminder] SLA_SCAN cases=1 respRemind=0 respEsc=0 closureRemind=0 closureEsc=0 surveyExpired=0
2026-09-06T06:50:10.248Z [INFO] [http] GET /api/v1/notifications/unread-count
2026-09-06T06:50:40.571Z [INFO] [http] GET /api/v1/notifications/unread-count
2026-09-06T06:51:03.169Z [INFO] [slaReminder] SLA_SCAN cases=1 respRemind=0 respEsc=0 closureRemind=0 closureEsc=0 surveyExpired=0
2026-09-06T06:51:10.249Z [INFO] [http] GET /api/v1/notifications/unread-count
2026-09-06T06:51:40.559Z [INFO] [http] GET /api/v1/notifications/unread-count
2026-09-06T06:52:03.183Z [INFO] [slaReminder] SLA_SCAN cases=1 respRemind=0 respEsc=0 closureRemind=0 closureEsc=0 surveyExpired=0
2026-09-06T06:52:10.261Z [INFO] [http] GET /api/v1/notifications/unread-count
2026-09-06T06:52:40.562Z [INFO] [http] GET /api/v1/notifications/unread-count
2026-09-06T06:53:03.190Z [INFO] [slaReminder] SLA_SCAN cases=1 respRemind=0 respEsc=0 closureRemind=0 closureEsc=0 surveyExpired=0
2026-09-06T06:53:10.253Z [INFO] [http] GET /api/v1/notifications/unread-count
2026-09-06T06:53:40.564Z [INFO] [http] GET /api/v1/notifications/unread-count
2026-09-06T06:54:03.205Z [INFO] [slaReminder] SLA_SCAN cases=1 respRemind=0 respEsc=0 closureRemind=0 closureEsc=0 surveyExpired=0
2026-09-06T06:54:10.281Z [INFO] [http] GET /api/v1/notifications/unread-count
2026-09-06T06:54:40.560Z [INFO] [http] GET /api/v1/notifications/unread-count
2026-09-06T06:55:03.208Z [INFO] [slaReminder] SLA_SCAN cases=1 respRemind=0 respEsc=0 closureRemind=0 closureEsc=0 surveyExpired=0
2026-09-06T06:55:10.255Z [INFO] [http] GET /api/v1/notifications/unread-count
2026-09-06T06:55:40.569Z [INFO] [http] GET /api/v1/notifications/unread-count
2026-09-06T06:56:03.215Z [INFO] [slaReminder] SLA_SCAN cases=1 respRemind=0 respEsc=0 closureRemind=0 closureEsc=0 surveyExpired=0
2026-09-06T06:56:10.251Z [INFO] [http] GET /api/v1/notifications/unread-count
2026-09-06T06:56:40.574Z [INFO] [http] GET /api/v1/notifications/unread-count
2026-09-06T06:57:03.216Z [INFO] [slaReminder] SLA_SCAN cases=1 respRemind=0 respEsc=0 closureRemind=0 closureEsc=0 surveyExpired=0
2026-09-06T06:57:10.252Z [INFO] [http] GET /api/v1/notifications/unread-count
2026-09-06T06:57:40.566Z [INFO] [http] GET /api/v1/notifications/unread-count
2026-09-06T06:58:03.231Z [INFO] [slaReminder] SLA_SCAN cases=1 respRemind=0 respEsc=0 closureRemind=0 closureEsc=0 surveyExpired=0
2026-09-06T06:58:10.250Z [INFO] [http] GET /api/v1/notifications/unread-count
2026-09-06T06:58:40.570Z [INFO] [http] GET /api/v1/notifications/unread-count
2026-09-06T06:59:03.234Z [INFO] [slaReminder] SLA_SCAN cases=1 respRemind=0 respEsc=0 closureRemind=0 closureEsc=0 surveyExpired=0
2026-09-06T06:59:10.262Z [INFO] [http] GET /api/v1/notifications/unread-count
2026-09-06T06:59:40.560Z [INFO] [http] GET /api/v1/notifications/unread-count
2026-09-06T07:00:03.251Z [INFO] [slaReminder] SLA_SCAN cases=1 respRemind=0 respEsc=0 closureRemind=0 closureEsc=0 surveyExpired=0
2026-09-06T07:00:10.255Z [INFO] [http] GET /api/v1/notifications/unread-count
2026-09-06T07:00:40.567Z [INFO] [http] GET /api/v1/notifications/unread-count
2026-09-06T07:01:03.263Z [INFO] [slaReminder] SLA_SCAN cases=1 respRemind=0 respEsc=0 closureRemind=0 closureEsc=0 surveyExpired=0
2026-09-06T07:01:10.255Z [INFO] [http] GET /api/v1/notifications/unread-count
2026-09-06T07:01:40.567Z [INFO] [http] GET /api/v1/notifications/unread-count
2026-09-06T07:02:03.268Z [INFO] [slaReminder] SLA_SCAN cases=1 respRemind=0 respEsc=0 closureRemind=0 closureEsc=0 surveyExpired=0
2026-09-06T07:02:10.269Z [INFO] [http] GET /api/v1/notifications/unread-count
2026-09-06T07:02:40.573Z [INFO] [http] GET /api/v1/notifications/unread-count
2026-09-06T07:03:03.280Z [INFO] [slaReminder] SLA_SCAN cases=1 respRemind=0 respEsc=0 closureRemind=0 closureEsc=0 surveyExpired=0
2026-09-06T07:03:10.261Z [INFO] [http] GET /api/v1/notifications/unread-count
2026-09-06T07:03:40.572Z [INFO] [http] GET /api/v1/notifications/unread-count
2026-09-06T07:04:03.286Z [INFO] [slaReminder] SLA_SCAN cases=1 respRemind=0 respEsc=0 closureRemind=0 closureEsc=0 surveyExpired=0
2026-09-06T07:04:10.250Z [INFO] [http] GET /api/v1/notifications/unread-count
2026-09-06T07:04:40.573Z [INFO] [http] GET /api/v1/notifications/unread-count
2026-09-06T07:05:03.291Z [INFO] [slaReminder] SLA_SCAN cases=1 respRemind=0 respEsc=0 closureRemind=0 closureEsc=0 surveyExpired=0
2026-09-06T07:05:10.255Z [INFO] [http] GET /api/v1/notifications/unread-count
2026-09-06T07:05:40.559Z [INFO] [http] GET /api/v1/notifications/unread-count
2026-09-06T07:06:03.299Z [INFO] [slaReminder] SLA_SCAN cases=1 respRemind=0 respEsc=0 closureRemind=0 closureEsc=0 surveyExpired=0
2026-09-06T07:06:10.252Z [INFO] [http] GET /api/v1/notifications/unread-count
2026-09-06T07:06:40.573Z [INFO] [http] GET /api/v1/notifications/unread-count
2026-09-06T07:07:03.307Z [INFO] [slaReminder] SLA_SCAN cases=1 respRemind=0 respEsc=0 closureRemind=0 closureEsc=0 surveyExpired=0
2026-09-06T07:07:10.258Z [INFO] [http] GET /api/v1/notifications/unread-count
2026-09-06T07:07:40.555Z [INFO] [http] GET /api/v1/notifications/unread-count
2026-09-06T07:08:03.319Z [INFO] [slaReminder] SLA_SCAN cases=1 respRemind=0 respEsc=0 closureRemind=0 closureEsc=0 surveyExpired=0
2026-09-06T07:08:10.253Z [INFO] [http] GET /api/v1/notifications/unread-count
2026-09-06T07:08:40.564Z [INFO] [http] GET /api/v1/notifications/unread-count
2026-09-06T07:09:03.322Z [INFO] [slaReminder] SLA_SCAN cases=1 respRemind=0 respEsc=0 closureRemind=0 closureEsc=0 surveyExpired=0
2026-09-06T07:09:10.577Z [INFO] [http] GET /api/v1/notifications/unread-count
2026-09-06T07:09:40.565Z [INFO] [http] GET /api/v1/notifications/unread-count
2026-09-06T07:10:03.336Z [INFO] [slaReminder] SLA_SCAN cases=1 respRemind=0 respEsc=0 closureRemind=0 closureEsc=0 surveyExpired=0
2026-09-06T07:10:10.565Z [INFO] [http] GET /api/v1/notifications/unread-count
2026-09-06T07:10:40.562Z [INFO] [http] GET /api/v1/notifications/unread-count
2026-09-06T07:11:03.350Z [INFO] [slaReminder] SLA_SCAN cases=1 respRemind=0 respEsc=0 closureRemind=0 closureEsc=0 surveyExpired=0
2026-09-06T07:11:10.259Z [INFO] [http] GET /api/v1/notifications/unread-count
2026-09-06T07:11:40.577Z [INFO] [http] GET /api/v1/notifications/unread-count
2026-09-06T07:12:03.366Z [INFO] [slaReminder] SLA_SCAN cases=1 respRemind=0 respEsc=0 closureRemind=0 closureEsc=0 surveyExpired=0
2026-09-06T07:12:10.250Z [INFO] [http] GET /api/v1/notifications/unread-count
2026-09-06T07:12:40.573Z [INFO] [http] GET /api/v1/notifications/unread-count
2026-09-06T07:13:03.370Z [INFO] [slaReminder] SLA_SCAN cases=1 respRemind=0 respEsc=0 closureRemind=0 closureEsc=0 surveyExpired=0
2026-09-06T07:13:10.264Z [INFO] [http] GET /api/v1/notifications/unread-count
2026-09-06T07:13:40.572Z [INFO] [http] GET /api/v1/notifications/unread-count
2026-09-06T07:14:03.374Z [INFO] [slaReminder] SLA_SCAN cases=1 respRemind=0 respEsc=0 closureRemind=0 closureEsc=0 surveyExpired=0
2026-09-06T07:14:10.572Z [INFO] [http] GET /api/v1/notifications/unread-count
2026-09-06T07:14:40.574Z [INFO] [http] GET /api/v1/notifications/unread-count
2026-09-06T07:15:03.386Z [INFO] [slaReminder] SLA_SCAN cases=1 respRemind=0 respEsc=0 closureRemind=0 closureEsc=0 surveyExpired=0
2026-09-06T07:15:10.574Z [INFO] [http] GET /api/v1/notifications/unread-count
2026-09-06T07:15:40.575Z [INFO] [http] GET /api/v1/notifications/unread-count
2026-09-06T07:16:03.391Z [INFO] [slaReminder] SLA_SCAN cases=1 respRemind=0 respEsc=0 closureRemind=0 closureEsc=0 surveyExpired=0
2026-09-06T07:16:10.575Z [INFO] [http] GET /api/v1/notifications/unread-count
2026-09-06T07:16:40.574Z [INFO] [http] GET /api/v1/notifications/unread-count
2026-09-06T07:17:03.406Z [INFO] [slaReminder] SLA_SCAN cases=1 respRemind=0 respEsc=0 closureRemind=0 closureEsc=0 surveyExpired=0
2026-09-06T07:17:10.573Z [INFO] [http] GET /api/v1/notifications/unread-count
2026-09-06T07:17:40.261Z [INFO] [http] GET /api/v1/notifications/unread-count
2026-09-06T07:18:03.412Z [INFO] [slaReminder] SLA_SCAN cases=1 respRemind=0 respEsc=0 closureRemind=0 closureEsc=0 surveyExpired=0
2026-09-06T07:18:10.574Z [INFO] [http] GET /api/v1/notifications/unread-count
2026-09-06T07:18:40.265Z [INFO] [http] GET /api/v1/notifications/unread-count
2026-09-06T07:19:03.419Z [INFO] [slaReminder] SLA_SCAN cases=1 respRemind=0 respEsc=0 closureRemind=0 closureEsc=0 surveyExpired=0
2026-09-06T07:19:10.567Z [INFO] [http] GET /api/v1/notifications/unread-count
2026-09-06T07:19:40.261Z [INFO] [http] GET /api/v1/notifications/unread-count
2026-09-06T07:20:03.434Z [INFO] [slaReminder] SLA_SCAN cases=1 respRemind=0 respEsc=0 closureRemind=0 closureEsc=0 surveyExpired=0
2026-09-06T07:20:10.578Z [INFO] [http] GET /api/v1/notifications/unread-count
2026-09-06T07:20:40.264Z [INFO] [http] GET /api/v1/notifications/unread-count
2026-09-06T07:21:03.434Z [INFO] [slaReminder] SLA_SCAN cases=1 respRemind=0 respEsc=0 closureRemind=0 closureEsc=0 surveyExpired=0
2026-09-06T07:21:10.574Z [INFO] [http] GET /api/v1/notifications/unread-count
2026-09-06T07:21:40.263Z [INFO] [http] GET /api/v1/notifications/unread-count
2026-09-06T07:22:03.440Z [INFO] [slaReminder] SLA_SCAN cases=1 respRemind=0 respEsc=0 closureRemind=0 closureEsc=0 surveyExpired=0
2026-09-06T07:22:10.566Z [INFO] [http] GET /api/v1/notifications/unread-count
2026-09-06T07:22:40.258Z [INFO] [http] GET /api/v1/notifications/unread-count
2026-09-06T07:23:03.447Z [INFO] [slaReminder] SLA_SCAN cases=1 respRemind=0 respEsc=0 closureRemind=0 closureEsc=0 surveyExpired=0
2026-09-06T07:23:10.574Z [INFO] [http] GET /api/v1/notifications/unread-count
2026-09-06T07:23:40.260Z [INFO] [http] GET /api/v1/notifications/unread-count
2026-09-06T07:24:03.454Z [INFO] [slaReminder] SLA_SCAN cases=1 respRemind=0 respEsc=0 closureRemind=0 closureEsc=0 surveyExpired=0
2026-09-06T07:24:10.567Z [INFO] [http] GET /api/v1/notifications/unread-count
2026-09-06T07:24:40.567Z [INFO] [http] GET /api/v1/notifications/unread-count
2026-09-06T07:25:03.469Z [INFO] [slaReminder] SLA_SCAN cases=1 respRemind=0 respEsc=0 closureRemind=0 closureEsc=0 surveyExpired=0
2026-09-06T07:25:10.280Z [INFO] [http] GET /api/v1/notifications/unread-count
2026-09-06T07:25:40.572Z [INFO] [http] GET /api/v1/notifications/unread-count
2026-09-06T07:26:03.480Z [INFO] [slaReminder] SLA_SCAN cases=1 respRemind=0 respEsc=0 closureRemind=0 closureEsc=0 surveyExpired=0
2026-09-06T07:26:10.264Z [INFO] [http] GET /api/v1/notifications/unread-count
2026-09-06T07:26:40.566Z [INFO] [http] GET /api/v1/notifications/unread-count
2026-09-06T07:27:03.489Z [INFO] [slaReminder] SLA_SCAN cases=1 respRemind=0 respEsc=0 closureRemind=0 closureEsc=0 surveyExpired=0
2026-09-06T07:27:10.267Z [INFO] [http] GET /api/v1/notifications/unread-count
2026-09-06T07:27:40.569Z [INFO] [http] GET /api/v1/notifications/unread-count
2026-09-06T07:28:03.503Z [INFO] [slaReminder] SLA_SCAN cases=1 respRemind=0 respEsc=0 closureRemind=0 closureEsc=0 surveyExpired=0
2026-09-06T07:28:10.264Z [INFO] [http] GET /api/v1/notifications/unread-count
2026-09-06T07:28:40.579Z [INFO] [http] GET /api/v1/notifications/unread-count
2026-09-06T07:29:03.512Z [INFO] [slaReminder] SLA_SCAN cases=1 respRemind=0 respEsc=0 closureRemind=0 closureEsc=0 surveyExpired=0
2026-09-06T07:29:10.269Z [INFO] [http] GET /api/v1/notifications/unread-count
2026-09-06T07:29:40.564Z [INFO] [http] GET /api/v1/notifications/unread-count
2026-09-06T07:30:03.513Z [INFO] [slaReminder] SLA_SCAN cases=1 respRemind=0 respEsc=0 closureRemind=0 closureEsc=0 surveyExpired=0
2026-09-06T07:30:10.265Z [INFO] [http] GET /api/v1/notifications/unread-count
2026-09-06T07:30:40.576Z [INFO] [http] GET /api/v1/notifications/unread-count
2026-09-06T07:31:03.521Z [INFO] [slaReminder] SLA_SCAN cases=1 respRemind=0 respEsc=0 closureRemind=0 closureEsc=0 surveyExpired=0
2026-09-06T07:31:10.264Z [INFO] [http] GET /api/v1/notifications/unread-count
2026-09-06T07:31:40.574Z [INFO] [http] GET /api/v1/notifications/unread-count
2026-09-06T07:32:03.534Z [INFO] [slaReminder] SLA_SCAN cases=1 respRemind=0 respEsc=0 closureRemind=0 closureEsc=0 surveyExpired=0
2026-09-06T07:32:10.256Z [INFO] [http] GET /api/v1/notifications/unread-count
2026-09-06T07:32:40.566Z [INFO] [http] GET /api/v1/notifications/unread-count
2026-09-06T07:33:03.548Z [INFO] [slaReminder] SLA_SCAN cases=1 respRemind=0 respEsc=0 closureRemind=0 closureEsc=0 surveyExpired=0
2026-09-06T07:33:10.260Z [INFO] [http] GET /api/v1/notifications/unread-count
2026-09-06T07:33:40.574Z [INFO] [http] GET /api/v1/notifications/unread-count
2026-09-06T07:34:03.555Z [INFO] [slaReminder] SLA_SCAN cases=1 respRemind=0 respEsc=0 closureRemind=0 closureEsc=0 surveyExpired=0
2026-09-06T07:34:10.572Z [INFO] [http] GET /api/v1/notifications/unread-count
2026-09-06T07:34:40.567Z [INFO] [http] GET /api/v1/notifications/unread-count
2026-09-06T07:35:03.560Z [INFO] [slaReminder] SLA_SCAN cases=1 respRemind=0 respEsc=0 closureRemind=0 closureEsc=0 surveyExpired=0
2026-09-06T07:35:10.584Z [INFO] [http] GET /api/v1/notifications/unread-count
2026-09-06T07:35:40.576Z [INFO] [http] GET /api/v1/notifications/unread-count
2026-09-06T07:36:03.571Z [INFO] [slaReminder] SLA_SCAN cases=1 respRemind=0 respEsc=0 closureRemind=0 closureEsc=0 surveyExpired=0
2026-09-06T07:36:10.576Z [INFO] [http] GET /api/v1/notifications/unread-count
2026-09-06T07:36:40.266Z [INFO] [http] GET /api/v1/notifications/unread-count
2026-09-06T07:37:03.577Z [INFO] [slaReminder] SLA_SCAN cases=1 respRemind=0 respEsc=0 closureRemind=0 closureEsc=0 surveyExpired=0
2026-09-06T07:37:10.577Z [INFO] [http] GET /api/v1/notifications/unread-count
2026-09-06T07:37:40.268Z [INFO] [http] GET /api/v1/notifications/unread-count
2026-09-06T07:38:03.587Z [INFO] [slaReminder] SLA_SCAN cases=1 respRemind=0 respEsc=0 closureRemind=0 closureEsc=0 surveyExpired=0
2026-09-06T07:38:10.572Z [INFO] [http] GET /api/v1/notifications/unread-count
2026-09-06T07:38:40.254Z [INFO] [http] GET /api/v1/notifications/unread-count
2026-09-06T07:39:03.596Z [INFO] [slaReminder] SLA_SCAN cases=1 respRemind=0 respEsc=0 closureRemind=0 closureEsc=0 surveyExpired=0
2026-09-06T07:39:10.572Z [INFO] [http] GET /api/v1/notifications/unread-count
2026-09-06T07:39:40.581Z [INFO] [http] GET /api/v1/notifications/unread-count
2026-09-06T07:40:03.599Z [INFO] [slaReminder] SLA_SCAN cases=1 respRemind=0 respEsc=0 closureRemind=0 closureEsc=0 surveyExpired=0
2026-09-06T07:40:10.578Z [INFO] [http] GET /api/v1/notifications/unread-count
2026-09-06T07:40:40.571Z [INFO] [http] GET /api/v1/notifications/unread-count
2026-09-06T07:41:03.602Z [INFO] [slaReminder] SLA_SCAN cases=1 respRemind=0 respEsc=0 closureRemind=0 closureEsc=0 surveyExpired=0
2026-09-06T07:41:10.255Z [INFO] [http] GET /api/v1/notifications/unread-count
2026-09-06T07:41:40.563Z [INFO] [http] GET /api/v1/notifications/unread-count
2026-09-06T07:42:03.617Z [INFO] [slaReminder] SLA_SCAN cases=1 respRemind=0 respEsc=0 closureRemind=0 closureEsc=0 surveyExpired=0
2026-09-06T07:42:10.270Z [INFO] [http] GET /api/v1/notifications/unread-count
2026-09-06T07:42:40.575Z [INFO] [http] GET /api/v1/notifications/unread-count
2026-09-06T07:43:03.619Z [INFO] [slaReminder] SLA_SCAN cases=1 respRemind=0 respEsc=0 closureRemind=0 closureEsc=0 surveyExpired=0
2026-09-06T07:43:10.261Z [INFO] [http] GET /api/v1/notifications/unread-count
2026-09-06T07:43:40.578Z [INFO] [http] GET /api/v1/notifications/unread-count
2026-09-06T07:44:03.634Z [INFO] [slaReminder] SLA_SCAN cases=1 respRemind=0 respEsc=0 closureRemind=0 closureEsc=0 surveyExpired=0
2026-09-06T07:44:10.579Z [INFO] [http] GET /api/v1/notifications/unread-count
2026-09-06T07:44:40.563Z [INFO] [http] GET /api/v1/notifications/unread-count
2026-09-06T07:45:03.642Z [INFO] [slaReminder] SLA_SCAN cases=1 respRemind=0 respEsc=0 closureRemind=0 closureEsc=0 surveyExpired=0
2026-09-06T07:45:10.577Z [INFO] [http] GET /api/v1/notifications/unread-count
2026-09-06T07:45:40.577Z [INFO] [http] GET /api/v1/notifications/unread-count
2026-09-06T07:46:03.650Z [INFO] [slaReminder] SLA_SCAN cases=1 respRemind=0 respEsc=0 closureRemind=0 closureEsc=0 surveyExpired=0
2026-09-06T07:46:10.258Z [INFO] [http] GET /api/v1/notifications/unread-count
2026-09-06T07:46:40.577Z [INFO] [http] GET /api/v1/notifications/unread-count
2026-09-06T07:47:03.661Z [INFO] [slaReminder] SLA_SCAN cases=1 respRemind=0 respEsc=0 closureRemind=0 closureEsc=0 surveyExpired=0
2026-09-06T07:47:10.265Z [INFO] [http] GET /api/v1/notifications/unread-count
2026-09-06T07:47:40.573Z [INFO] [http] GET /api/v1/notifications/unread-count
2026-09-06T07:48:03.664Z [INFO] [slaReminder] SLA_SCAN cases=1 respRemind=0 respEsc=0 closureRemind=0 closureEsc=0 surveyExpired=0
2026-09-06T07:48:10.265Z [INFO] [http] GET /api/v1/notifications/unread-count
2026-09-06T07:48:40.572Z [INFO] [http] GET /api/v1/notifications/unread-count
2026-09-06T07:49:03.667Z [INFO] [slaReminder] SLA_SCAN cases=1 respRemind=0 respEsc=0 closureRemind=0 closureEsc=0 surveyExpired=0
2026-09-06T07:49:10.259Z [INFO] [http] GET /api/v1/notifications/unread-count
2026-09-06T07:49:40.584Z [INFO] [http] GET /api/v1/notifications/unread-count
2026-09-06T07:50:03.676Z [INFO] [slaReminder] SLA_SCAN cases=1 respRemind=0 respEsc=0 closureRemind=0 closureEsc=0 surveyExpired=0
2026-09-06T07:50:10.260Z [INFO] [http] GET /api/v1/notifications/unread-count
2026-09-06T07:50:40.571Z [INFO] [http] GET /api/v1/notifications/unread-count
2026-09-06T07:51:03.685Z [INFO] [slaReminder] SLA_SCAN cases=1 respRemind=0 respEsc=0 closureRemind=0 closureEsc=0 surveyExpired=0
2026-09-06T07:51:10.256Z [INFO] [http] GET /api/v1/notifications/unread-count
2026-09-06T07:51:40.581Z [INFO] [http] GET /api/v1/notifications/unread-count
2026-09-06T07:52:03.693Z [INFO] [slaReminder] SLA_SCAN cases=1 respRemind=0 respEsc=0 closureRemind=0 closureEsc=0 surveyExpired=0
2026-09-06T07:52:10.267Z [INFO] [http] GET /api/v1/notifications/unread-count
2026-09-06T07:52:40.567Z [INFO] [http] GET /api/v1/notifications/unread-count
2026-09-06T07:53:03.711Z [INFO] [slaReminder] SLA_SCAN cases=1 respRemind=0 respEsc=0 closureRemind=0 closureEsc=0 surveyExpired=0
2026-09-06T07:53:10.258Z [INFO] [http] GET /api/v1/notifications/unread-count
2026-09-06T07:53:40.566Z [INFO] [http] GET /api/v1/notifications/unread-count
2026-09-06T07:54:03.721Z [INFO] [slaReminder] SLA_SCAN cases=1 respRemind=0 respEsc=0 closureRemind=0 closureEsc=0 surveyExpired=0
2026-09-06T07:54:10.268Z [INFO] [http] GET /api/v1/notifications/unread-count
2026-09-06T07:54:40.576Z [INFO] [http] GET /api/v1/notifications/unread-count
2026-09-06T07:55:03.730Z [INFO] [slaReminder] SLA_SCAN cases=1 respRemind=0 respEsc=0 closureRemind=0 closureEsc=0 surveyExpired=0
2026-09-06T07:55:10.255Z [INFO] [http] GET /api/v1/notifications/unread-count
2026-09-06T07:55:40.579Z [INFO] [http] GET /api/v1/notifications/unread-count
2026-09-06T07:56:03.740Z [INFO] [slaReminder] SLA_SCAN cases=1 respRemind=0 respEsc=0 closureRemind=0 closureEsc=0 surveyExpired=0
2026-09-06T07:56:10.260Z [INFO] [http] GET /api/v1/notifications/unread-count
2026-09-06T07:56:40.568Z [INFO] [http] GET /api/v1/notifications/unread-count
2026-09-06T07:57:03.753Z [INFO] [slaReminder] SLA_SCAN cases=1 respRemind=0 respEsc=0 closureRemind=0 closureEsc=0 surveyExpired=0
2026-09-06T07:57:10.261Z [INFO] [http] GET /api/v1/notifications/unread-count
2026-09-06T07:57:40.564Z [INFO] [http] GET /api/v1/notifications/unread-count
2026-09-06T07:58:03.769Z [INFO] [slaReminder] SLA_SCAN cases=1 respRemind=0 respEsc=0 closureRemind=0 closureEsc=0 surveyExpired=0
2026-09-06T07:58:10.269Z [INFO] [http] GET /api/v1/notifications/unread-count
2026-09-06T07:58:40.574Z [INFO] [http] GET /api/v1/notifications/unread-count
2026-09-06T07:59:03.769Z [INFO] [slaReminder] SLA_SCAN cases=1 respRemind=0 respEsc=0 closureRemind=0 closureEsc=0 surveyExpired=0
2026-09-06T07:59:10.265Z [INFO] [http] GET /api/v1/notifications/unread-count
2026-09-06T07:59:40.572Z [INFO] [http] GET /api/v1/notifications/unread-count
2026-09-06T08:00:03.775Z [INFO] [slaReminder] SLA_SCAN cases=1 respRemind=0 respEsc=0 closureRemind=0 closureEsc=0 surveyExpired=0
2026-09-06T08:00:10.256Z [INFO] [http] GET /api/v1/notifications/unread-count
2026-09-06T08:00:40.565Z [INFO] [http] GET /api/v1/notifications/unread-count
2026-09-06T08:01:03.776Z [INFO] [slaReminder] SLA_SCAN cases=1 respRemind=0 respEsc=0 closureRemind=0 closureEsc=0 surveyExpired=0
2026-09-06T08:01:10.259Z [INFO] [http] GET /api/v1/notifications/unread-count
2026-09-06T08:01:40.562Z [INFO] [http] GET /api/v1/notifications/unread-count
2026-09-06T08:02:03.780Z [INFO] [slaReminder] SLA_SCAN cases=1 respRemind=0 respEsc=0 closureRemind=0 closureEsc=0 surveyExpired=0
2026-09-06T08:02:10.272Z [INFO] [http] GET /api/v1/notifications/unread-count
2026-09-06T08:02:40.567Z [INFO] [http] GET /api/v1/notifications/unread-count
2026-09-06T08:03:03.781Z [INFO] [slaReminder] SLA_SCAN cases=1 respRemind=0 respEsc=0 closureRemind=0 closureEsc=0 surveyExpired=0
2026-09-06T08:03:10.268Z [INFO] [http] GET /api/v1/notifications/unread-count
2026-09-06T08:03:40.568Z [INFO] [http] GET /api/v1/notifications/unread-count
2026-09-06T08:04:03.790Z [INFO] [slaReminder] SLA_SCAN cases=1 respRemind=0 respEsc=0 closureRemind=0 closureEsc=0 surveyExpired=0
2026-09-06T08:04:10.424Z [INFO] [http] GET /api/v1/notifications/unread-count
2026-09-06T08:04:40.571Z [INFO] [http] GET /api/v1/notifications/unread-count
2026-09-06T08:05:03.796Z [INFO] [slaReminder] SLA_SCAN cases=1 respRemind=0 respEsc=0 closureRemind=0 closureEsc=0 surveyExpired=0
2026-09-06T08:05:10.263Z [INFO] [http] GET /api/v1/notifications/unread-count
2026-09-06T08:05:40.573Z [INFO] [http] GET /api/v1/notifications/unread-count
2026-09-06T08:06:03.803Z [INFO] [slaReminder] SLA_SCAN cases=1 respRemind=0 respEsc=0 closureRemind=0 closureEsc=0 surveyExpired=0
2026-09-06T08:06:10.259Z [INFO] [http] GET /api/v1/notifications/unread-count
2026-09-06T08:06:40.569Z [INFO] [http] GET /api/v1/notifications/unread-count
2026-09-06T08:07:03.814Z [INFO] [slaReminder] SLA_SCAN cases=1 respRemind=0 respEsc=0 closureRemind=0 closureEsc=0 surveyExpired=0
2026-09-06T08:07:10.262Z [INFO] [http] GET /api/v1/notifications/unread-count
2026-09-06T08:07:40.581Z [INFO] [http] GET /api/v1/notifications/unread-count
2026-09-06T08:08:03.819Z [INFO] [slaReminder] SLA_SCAN cases=1 respRemind=0 respEsc=0 closureRemind=0 closureEsc=0 surveyExpired=0
2026-09-06T08:08:10.268Z [INFO] [http] GET /api/v1/notifications/unread-count
2026-09-06T08:08:40.566Z [INFO] [http] GET /api/v1/notifications/unread-count
2026-09-06T08:09:03.823Z [INFO] [slaReminder] SLA_SCAN cases=1 respRemind=0 respEsc=0 closureRemind=0 closureEsc=0 surveyExpired=0
2026-09-06T08:09:10.269Z [INFO] [http] GET /api/v1/notifications/unread-count
2026-09-06T08:09:40.574Z [INFO] [http] GET /api/v1/notifications/unread-count
2026-09-06T08:10:03.837Z [INFO] [slaReminder] SLA_SCAN cases=1 respRemind=0 respEsc=0 closureRemind=0 closureEsc=0 surveyExpired=0
2026-09-06T08:10:10.267Z [INFO] [http] GET /api/v1/notifications/unread-count
2026-09-06T08:10:40.577Z [INFO] [http] GET /api/v1/notifications/unread-count
2026-09-06T08:11:03.845Z [INFO] [slaReminder] SLA_SCAN cases=1 respRemind=0 respEsc=0 closureRemind=0 closureEsc=0 surveyExpired=0
2026-09-06T08:11:10.265Z [INFO] [http] GET /api/v1/notifications/unread-count
2026-09-06T08:11:40.584Z [INFO] [http] GET /api/v1/notifications/unread-count
2026-09-06T08:12:03.858Z [INFO] [slaReminder] SLA_SCAN cases=1 respRemind=0 respEsc=0 closureRemind=0 closureEsc=0 surveyExpired=0
2026-09-06T08:12:10.269Z [INFO] [http] GET /api/v1/notifications/unread-count
2026-09-06T08:12:40.571Z [INFO] [http] GET /api/v1/notifications/unread-count
2026-09-06T08:13:03.865Z [INFO] [slaReminder] SLA_SCAN cases=1 respRemind=0 respEsc=0 closureRemind=0 closureEsc=0 surveyExpired=0
2026-09-06T08:13:10.261Z [INFO] [http] GET /api/v1/notifications/unread-count
2026-09-06T08:13:40.581Z [INFO] [http] GET /api/v1/notifications/unread-count
2026-09-06T08:14:03.866Z [INFO] [slaReminder] SLA_SCAN cases=1 respRemind=0 respEsc=0 closureRemind=0 closureEsc=0 surveyExpired=0
2026-09-06T08:14:10.270Z [INFO] [http] GET /api/v1/notifications/unread-count
2026-09-06T08:14:40.583Z [INFO] [http] GET /api/v1/notifications/unread-count
2026-09-06T08:15:03.879Z [INFO] [slaReminder] SLA_SCAN cases=1 respRemind=0 respEsc=0 closureRemind=0 closureEsc=0 surveyExpired=0
2026-09-06T08:15:10.265Z [INFO] [http] GET /api/v1/notifications/unread-count
2026-09-06T08:15:40.587Z [INFO] [http] GET /api/v1/notifications/unread-count
2026-09-06T08:16:03.890Z [INFO] [slaReminder] SLA_SCAN cases=1 respRemind=0 respEsc=0 closureRemind=0 closureEsc=0 surveyExpired=0
2026-09-06T08:16:10.272Z [INFO] [http] GET /api/v1/notifications/unread-count
2026-09-06T08:16:40.578Z [INFO] [http] GET /api/v1/notifications/unread-count
2026-09-06T08:17:03.894Z [INFO] [slaReminder] SLA_SCAN cases=1 respRemind=0 respEsc=0 closureRemind=0 closureEsc=0 surveyExpired=0
2026-09-06T08:17:10.270Z [INFO] [http] GET /api/v1/notifications/unread-count
2026-09-06T08:17:40.570Z [INFO] [http] GET /api/v1/notifications/unread-count
2026-09-06T08:18:03.908Z [INFO] [slaReminder] SLA_SCAN cases=1 respRemind=0 respEsc=0 closureRemind=0 closureEsc=0 surveyExpired=0
2026-09-06T08:18:10.272Z [INFO] [http] GET /api/v1/notifications/unread-count
2026-09-06T08:18:40.569Z [INFO] [http] GET /api/v1/notifications/unread-count
2026-09-06T08:19:03.924Z [INFO] [slaReminder] SLA_SCAN cases=1 respRemind=0 respEsc=0 closureRemind=0 closureEsc=0 surveyExpired=0
2026-09-06T08:19:10.261Z [INFO] [http] GET /api/v1/notifications/unread-count
2026-09-06T08:19:40.580Z [INFO] [http] GET /api/v1/notifications/unread-count
2026-09-06T08:20:03.937Z [INFO] [slaReminder] SLA_SCAN cases=1 respRemind=0 respEsc=0 closureRemind=0 closureEsc=0 surveyExpired=0
2026-09-06T08:20:10.269Z [INFO] [http] GET /api/v1/notifications/unread-count
2026-09-06T08:20:40.572Z [INFO] [http] GET /api/v1/notifications/unread-count
2026-09-06T08:21:03.942Z [INFO] [slaReminder] SLA_SCAN cases=1 respRemind=0 respEsc=0 closureRemind=0 closureEsc=0 surveyExpired=0
2026-09-06T08:21:10.265Z [INFO] [http] GET /api/v1/notifications/unread-count
2026-09-06T08:21:40.574Z [INFO] [http] GET /api/v1/notifications/unread-count
2026-09-06T08:22:03.953Z [INFO] [slaReminder] SLA_SCAN cases=1 respRemind=0 respEsc=0 closureRemind=0 closureEsc=0 surveyExpired=0
2026-09-06T08:22:10.271Z [INFO] [http] GET /api/v1/notifications/unread-count
2026-09-06T08:22:40.582Z [INFO] [http] GET /api/v1/notifications/unread-count
2026-09-06T08:23:03.965Z [INFO] [slaReminder] SLA_SCAN cases=1 respRemind=0 respEsc=0 closureRemind=0 closureEsc=0 surveyExpired=0
2026-09-06T08:23:10.261Z [INFO] [http] GET /api/v1/notifications/unread-count
2026-09-06T08:23:40.583Z [INFO] [http] GET /api/v1/notifications/unread-count
2026-09-06T08:24:03.975Z [INFO] [slaReminder] SLA_SCAN cases=1 respRemind=0 respEsc=0 closureRemind=0 closureEsc=0 surveyExpired=0
2026-09-06T08:24:10.270Z [INFO] [http] GET /api/v1/notifications/unread-count
2026-09-06T08:24:40.573Z [INFO] [http] GET /api/v1/notifications/unread-count
2026-09-06T08:25:03.986Z [INFO] [slaReminder] SLA_SCAN cases=1 respRemind=0 respEsc=0 closureRemind=0 closureEsc=0 surveyExpired=0
2026-09-06T08:25:10.261Z [INFO] [http] GET /api/v1/notifications/unread-count
2026-09-06T08:25:40.580Z [INFO] [http] GET /api/v1/notifications/unread-count
2026-09-06T08:26:03.993Z [INFO] [slaReminder] SLA_SCAN cases=1 respRemind=0 respEsc=0 closureRemind=0 closureEsc=0 surveyExpired=0
2026-09-06T08:26:10.257Z [INFO] [http] GET /api/v1/notifications/unread-count
2026-09-06T08:26:40.572Z [INFO] [http] GET /api/v1/notifications/unread-count
2026-09-06T08:27:03.997Z [INFO] [slaReminder] SLA_SCAN cases=1 respRemind=0 respEsc=0 closureRemind=0 closureEsc=0 surveyExpired=0
2026-09-06T08:27:10.267Z [INFO] [http] GET /api/v1/notifications/unread-count
2026-09-06T08:27:40.568Z [INFO] [http] GET /api/v1/notifications/unread-count
2026-09-06T08:28:04.006Z [INFO] [slaReminder] SLA_SCAN cases=1 respRemind=0 respEsc=0 closureRemind=0 closureEsc=0 surveyExpired=0
2026-09-06T08:28:10.265Z [INFO] [http] GET /api/v1/notifications/unread-count
2026-09-06T08:28:40.573Z [INFO] [http] GET /api/v1/notifications/unread-count
2026-09-06T08:29:04.011Z [INFO] [slaReminder] SLA_SCAN cases=1 respRemind=0 respEsc=0 closureRemind=0 closureEsc=0 surveyExpired=0
2026-09-06T08:29:10.271Z [INFO] [http] GET /api/v1/notifications/unread-count
2026-09-06T08:29:40.575Z [INFO] [http] GET /api/v1/notifications/unread-count
2026-09-06T08:30:04.024Z [INFO] [slaReminder] SLA_SCAN cases=1 respRemind=0 respEsc=0 closureRemind=0 closureEsc=0 surveyExpired=0
2026-09-06T08:30:10.581Z [INFO] [http] GET /api/v1/notifications/unread-count
2026-09-06T08:30:40.266Z [INFO] [http] GET /api/v1/notifications/unread-count
2026-09-06T08:31:04.030Z [INFO] [slaReminder] SLA_SCAN cases=1 respRemind=0 respEsc=0 closureRemind=0 closureEsc=0 surveyExpired=0
2026-09-06T08:31:10.570Z [INFO] [http] GET /api/v1/notifications/unread-count
2026-09-06T08:31:40.263Z [INFO] [http] GET /api/v1/notifications/unread-count
2026-09-06T08:32:04.030Z [INFO] [slaReminder] SLA_SCAN cases=1 respRemind=0 respEsc=0 closureRemind=0 closureEsc=0 surveyExpired=0
2026-09-06T08:32:10.581Z [INFO] [http] GET /api/v1/notifications/unread-count
2026-09-06T08:32:40.270Z [INFO] [http] GET /api/v1/notifications/unread-count
2026-09-06T08:33:04.032Z [INFO] [slaReminder] SLA_SCAN cases=1 respRemind=0 respEsc=0 closureRemind=0 closureEsc=0 surveyExpired=0
2026-09-06T08:33:10.579Z [INFO] [http] GET /api/v1/notifications/unread-count
2026-09-06T08:33:40.270Z [INFO] [http] GET /api/v1/notifications/unread-count
2026-09-06T08:34:04.034Z [INFO] [slaReminder] SLA_SCAN cases=1 respRemind=0 respEsc=0 closureRemind=0 closureEsc=0 surveyExpired=0
2026-09-06T08:34:10.582Z [INFO] [http] GET /api/v1/notifications/unread-count
2026-09-06T08:34:40.572Z [INFO] [http] GET /api/v1/notifications/unread-count
2026-09-06T08:35:04.037Z [INFO] [slaReminder] SLA_SCAN cases=1 respRemind=0 respEsc=0 closureRemind=0 closureEsc=0 surveyExpired=0
2026-09-06T08:35:10.577Z [INFO] [http] GET /api/v1/notifications/unread-count
2026-09-06T08:35:40.573Z [INFO] [http] GET /api/v1/notifications/unread-count
2026-09-06T08:36:04.039Z [INFO] [slaReminder] SLA_SCAN cases=1 respRemind=0 respEsc=0 closureRemind=0 closureEsc=0 surveyExpired=0
2026-09-06T08:36:10.569Z [INFO] [http] GET /api/v1/notifications/unread-count
2026-09-06T08:36:40.577Z [INFO] [http] GET /api/v1/notifications/unread-count
2026-09-06T08:37:04.042Z [INFO] [slaReminder] SLA_SCAN cases=1 respRemind=0 respEsc=0 closureRemind=0 closureEsc=0 surveyExpired=0
2026-09-06T08:37:10.572Z [INFO] [http] GET /api/v1/notifications/unread-count
2026-09-06T08:37:40.570Z [INFO] [http] GET /api/v1/notifications/unread-count
2026-09-06T08:38:04.048Z [INFO] [slaReminder] SLA_SCAN cases=1 respRemind=0 respEsc=0 closureRemind=0 closureEsc=0 surveyExpired=0
2026-09-06T08:38:10.578Z [INFO] [http] GET /api/v1/notifications/unread-count
2026-09-06T08:38:40.578Z [INFO] [http] GET /api/v1/notifications/unread-count
2026-09-06T08:39:04.054Z [INFO] [slaReminder] SLA_SCAN cases=1 respRemind=0 respEsc=0 closureRemind=0 closureEsc=0 surveyExpired=0
2026-09-06T08:39:10.567Z [INFO] [http] GET /api/v1/notifications/unread-count
2026-09-06T08:39:40.573Z [INFO] [http] GET /api/v1/notifications/unread-count
2026-09-06T08:40:04.060Z [INFO] [slaReminder] SLA_SCAN cases=1 respRemind=0 respEsc=0 closureRemind=0 closureEsc=0 surveyExpired=0
2026-09-06T08:40:10.579Z [INFO] [http] GET /api/v1/notifications/unread-count
2026-09-06T08:40:40.576Z [INFO] [http] GET /api/v1/notifications/unread-count
2026-09-06T08:41:04.065Z [INFO] [slaReminder] SLA_SCAN cases=1 respRemind=0 respEsc=0 closureRemind=0 closureEsc=0 surveyExpired=0
2026-09-06T08:41:10.277Z [INFO] [http] GET /api/v1/notifications/unread-count
2026-09-06T08:41:40.579Z [INFO] [http] GET /api/v1/notifications/unread-count
2026-09-06T08:42:04.068Z [INFO] [slaReminder] SLA_SCAN cases=1 respRemind=0 respEsc=0 closureRemind=0 closureEsc=0 surveyExpired=0
2026-09-06T08:42:10.273Z [INFO] [http] GET /api/v1/notifications/unread-count
2026-09-06T08:42:40.582Z [INFO] [http] GET /api/v1/notifications/unread-count
2026-09-06T08:43:04.077Z [INFO] [slaReminder] SLA_SCAN cases=1 respRemind=0 respEsc=0 closureRemind=0 closureEsc=0 surveyExpired=0
2026-09-06T08:43:10.264Z [INFO] [http] GET /api/v1/notifications/unread-count
2026-09-06T08:43:40.570Z [INFO] [http] GET /api/v1/notifications/unread-count
2026-09-06T08:44:04.087Z [INFO] [slaReminder] SLA_SCAN cases=1 respRemind=0 respEsc=0 closureRemind=0 closureEsc=0 surveyExpired=0
2026-09-06T08:44:10.568Z [INFO] [http] GET /api/v1/notifications/unread-count
2026-09-06T08:44:40.568Z [INFO] [http] GET /api/v1/notifications/unread-count
2026-09-06T08:45:04.088Z [INFO] [slaReminder] SLA_SCAN cases=1 respRemind=0 respEsc=0 closureRemind=0 closureEsc=0 surveyExpired=0
2026-09-06T08:45:10.577Z [INFO] [http] GET /api/v1/notifications/unread-count
2026-09-06T08:45:40.580Z [INFO] [http] GET /api/v1/notifications/unread-count
2026-09-06T08:46:04.091Z [INFO] [slaReminder] SLA_SCAN cases=1 respRemind=0 respEsc=0 closureRemind=0 closureEsc=0 surveyExpired=0
2026-09-06T08:46:10.585Z [INFO] [http] GET /api/v1/notifications/unread-count
2026-09-06T08:46:40.258Z [INFO] [http] GET /api/v1/notifications/unread-count
2026-09-06T08:47:04.103Z [INFO] [slaReminder] SLA_SCAN cases=1 respRemind=0 respEsc=0 closureRemind=0 closureEsc=0 surveyExpired=0
2026-09-06T08:47:10.563Z [INFO] [http] GET /api/v1/notifications/unread-count
2026-09-06T08:47:40.583Z [INFO] [http] GET /api/v1/notifications/unread-count
2026-09-06T08:48:04.105Z [INFO] [slaReminder] SLA_SCAN cases=1 respRemind=0 respEsc=0 closureRemind=0 closureEsc=0 surveyExpired=0
2026-09-06T08:48:10.569Z [INFO] [http] GET /api/v1/notifications/unread-count
2026-09-06T08:48:40.583Z [INFO] [http] GET /api/v1/notifications/unread-count
2026-09-06T08:49:04.112Z [INFO] [slaReminder] SLA_SCAN cases=1 respRemind=0 respEsc=0 closureRemind=0 closureEsc=0 surveyExpired=0
2026-09-06T08:49:10.573Z [INFO] [http] GET /api/v1/notifications/unread-count
2026-09-06T08:49:40.583Z [INFO] [http] GET /api/v1/notifications/unread-count
2026-09-06T08:50:04.125Z [INFO] [slaReminder] SLA_SCAN cases=1 respRemind=0 respEsc=0 closureRemind=0 closureEsc=0 surveyExpired=0
2026-09-06T08:50:10.580Z [INFO] [http] GET /api/v1/notifications/unread-count
2026-09-06T08:50:40.572Z [INFO] [http] GET /api/v1/notifications/unread-count
2026-09-06T08:51:04.138Z [INFO] [slaReminder] SLA_SCAN cases=1 respRemind=0 respEsc=0 closureRemind=0 closureEsc=0 surveyExpired=0
2026-09-06T08:51:10.581Z [INFO] [http] GET /api/v1/notifications/unread-count
2026-09-06T08:51:40.580Z [INFO] [http] GET /api/v1/notifications/unread-count
2026-09-06T08:52:04.147Z [INFO] [slaReminder] SLA_SCAN cases=1 respRemind=0 respEsc=0 closureRemind=0 closureEsc=0 surveyExpired=0
2026-09-06T08:52:10.585Z [INFO] [http] GET /api/v1/notifications/unread-count
2026-09-06T08:52:40.267Z [INFO] [http] GET /api/v1/notifications/unread-count
2026-09-06T08:53:04.158Z [INFO] [slaReminder] SLA_SCAN cases=1 respRemind=0 respEsc=0 closureRemind=0 closureEsc=0 surveyExpired=0
2026-09-06T08:53:10.583Z [INFO] [http] GET /api/v1/notifications/unread-count
2026-09-06T08:53:40.259Z [INFO] [http] GET /api/v1/notifications/unread-count
2026-09-06T08:54:04.171Z [INFO] [slaReminder] SLA_SCAN cases=1 respRemind=0 respEsc=0 closureRemind=0 closureEsc=0 surveyExpired=0
2026-09-06T08:54:10.572Z [INFO] [http] GET /api/v1/notifications/unread-count
2026-09-06T08:54:40.585Z [INFO] [http] GET /api/v1/notifications/unread-count
2026-09-06T08:55:04.187Z [INFO] [slaReminder] SLA_SCAN cases=1 respRemind=0 respEsc=0 closureRemind=0 closureEsc=0 surveyExpired=0
2026-09-06T08:55:10.572Z [INFO] [http] GET /api/v1/notifications/unread-count
2026-09-06T08:55:40.571Z [INFO] [http] GET /api/v1/notifications/unread-count
2026-09-06T08:56:04.189Z [INFO] [slaReminder] SLA_SCAN cases=1 respRemind=0 respEsc=0 closureRemind=0 closureEsc=0 surveyExpired=0
2026-09-06T08:56:10.578Z [INFO] [http] GET /api/v1/notifications/unread-count
2026-09-06T08:56:40.268Z [INFO] [http] GET /api/v1/notifications/unread-count
2026-09-06T08:57:04.200Z [INFO] [slaReminder] SLA_SCAN cases=1 respRemind=0 respEsc=0 closureRemind=0 closureEsc=0 surveyExpired=0
2026-09-06T08:57:10.581Z [INFO] [http] GET /api/v1/notifications/unread-count
2026-09-06T08:57:40.263Z [INFO] [http] GET /api/v1/notifications/unread-count
2026-09-06T08:58:04.203Z [INFO] [slaReminder] SLA_SCAN cases=1 respRemind=0 respEsc=0 closureRemind=0 closureEsc=0 surveyExpired=0
2026-09-06T08:58:10.574Z [INFO] [http] GET /api/v1/notifications/unread-count
2026-09-06T08:58:40.268Z [INFO] [http] GET /api/v1/notifications/unread-count
2026-09-06T08:59:04.217Z [INFO] [slaReminder] SLA_SCAN cases=1 respRemind=0 respEsc=0 closureRemind=0 closureEsc=0 surveyExpired=0
2026-09-06T08:59:10.573Z [INFO] [http] GET /api/v1/notifications/unread-count
2026-09-06T08:59:40.579Z [INFO] [http] GET /api/v1/notifications/unread-count
2026-09-06T09:00:04.220Z [INFO] [slaReminder] SLA_SCAN cases=1 respRemind=0 respEsc=0 closureRemind=0 closureEsc=0 surveyExpired=0
2026-09-06T09:00:10.572Z [INFO] [http] GET /api/v1/notifications/unread-count
2026-09-06T09:00:40.259Z [INFO] [http] GET /api/v1/notifications/unread-count
2026-09-06T09:01:04.230Z [INFO] [slaReminder] SLA_SCAN cases=1 respRemind=0 respEsc=0 closureRemind=0 closureEsc=0 surveyExpired=0
2026-09-06T09:01:10.569Z [INFO] [http] GET /api/v1/notifications/unread-count
2026-09-06T09:01:40.270Z [INFO] [http] GET /api/v1/notifications/unread-count
2026-09-06T09:02:04.245Z [INFO] [slaReminder] SLA_SCAN cases=1 respRemind=0 respEsc=0 closureRemind=0 closureEsc=0 surveyExpired=0
2026-09-06T09:02:10.582Z [INFO] [http] GET /api/v1/notifications/unread-count
2026-09-06T09:02:40.271Z [INFO] [http] GET /api/v1/notifications/unread-count
2026-09-06T09:03:04.259Z [INFO] [slaReminder] SLA_SCAN cases=1 respRemind=0 respEsc=0 closureRemind=0 closureEsc=0 surveyExpired=0
2026-09-06T09:03:10.580Z [INFO] [http] GET /api/v1/notifications/unread-count
2026-09-06T09:03:40.580Z [INFO] [http] GET /api/v1/notifications/unread-count
2026-09-06T09:04:04.261Z [INFO] [slaReminder] SLA_SCAN cases=1 respRemind=0 respEsc=0 closureRemind=0 closureEsc=0 surveyExpired=0
2026-09-06T09:04:10.573Z [INFO] [http] GET /api/v1/notifications/unread-count
2026-09-06T09:04:40.580Z [INFO] [http] GET /api/v1/notifications/unread-count
2026-09-06T09:05:04.266Z [INFO] [slaReminder] SLA_SCAN cases=1 respRemind=0 respEsc=0 closureRemind=0 closureEsc=0 surveyExpired=0
2026-09-06T09:05:10.565Z [INFO] [http] GET /api/v1/notifications/unread-count
2026-09-06T09:05:40.566Z [INFO] [http] GET /api/v1/notifications/unread-count
2026-09-06T09:06:04.267Z [INFO] [slaReminder] SLA_SCAN cases=1 respRemind=0 respEsc=0 closureRemind=0 closureEsc=0 surveyExpired=0
2026-09-06T09:06:10.593Z [INFO] [http] GET /api/v1/notifications/unread-count
2026-09-06T09:06:40.580Z [INFO] [http] GET /api/v1/notifications/unread-count
2026-09-06T09:07:04.284Z [INFO] [slaReminder] SLA_SCAN cases=1 respRemind=0 respEsc=0 closureRemind=0 closureEsc=0 surveyExpired=0
2026-09-06T09:07:10.576Z [INFO] [http] GET /api/v1/notifications/unread-count
2026-09-06T09:07:40.265Z [INFO] [http] GET /api/v1/notifications/unread-count
2026-09-06T09:08:04.295Z [INFO] [slaReminder] SLA_SCAN cases=1 respRemind=0 respEsc=0 closureRemind=0 closureEsc=0 surveyExpired=0
2026-09-06T09:08:10.583Z [INFO] [http] GET /api/v1/notifications/unread-count
2026-09-06T09:08:40.260Z [INFO] [http] GET /api/v1/notifications/unread-count
2026-09-06T09:09:04.303Z [INFO] [slaReminder] SLA_SCAN cases=1 respRemind=0 respEsc=0 closureRemind=0 closureEsc=0 surveyExpired=0
2026-09-06T09:09:10.585Z [INFO] [http] GET /api/v1/notifications/unread-count
2026-09-06T09:09:40.571Z [INFO] [http] GET /api/v1/notifications/unread-count
2026-09-06T09:10:04.316Z [INFO] [slaReminder] SLA_SCAN cases=1 respRemind=0 respEsc=0 closureRemind=0 closureEsc=0 surveyExpired=0
2026-09-06T09:10:10.569Z [INFO] [http] GET /api/v1/notifications/unread-count
2026-09-06T09:10:40.580Z [INFO] [http] GET /api/v1/notifications/unread-count
2026-09-06T09:11:04.319Z [INFO] [slaReminder] SLA_SCAN cases=1 respRemind=0 respEsc=0 closureRemind=0 closureEsc=0 surveyExpired=0
2026-09-06T09:11:10.577Z [INFO] [http] GET /api/v1/notifications/unread-count
2026-09-06T09:11:40.259Z [INFO] [http] GET /api/v1/notifications/unread-count
2026-09-06T09:12:04.320Z [INFO] [slaReminder] SLA_SCAN cases=1 respRemind=0 respEsc=0 closureRemind=0 closureEsc=0 surveyExpired=0
2026-09-06T09:12:10.576Z [INFO] [http] GET /api/v1/notifications/unread-count
2026-09-06T09:12:40.271Z [INFO] [http] GET /api/v1/notifications/unread-count
2026-09-06T09:13:04.323Z [INFO] [slaReminder] SLA_SCAN cases=1 respRemind=0 respEsc=0 closureRemind=0 closureEsc=0 surveyExpired=0
2026-09-06T09:13:10.572Z [INFO] [http] GET /api/v1/notifications/unread-count
2026-09-06T09:13:40.273Z [INFO] [http] GET /api/v1/notifications/unread-count
2026-09-06T09:14:04.339Z [INFO] [slaReminder] SLA_SCAN cases=1 respRemind=0 respEsc=0 closureRemind=0 closureEsc=0 surveyExpired=0
2026-09-06T09:14:10.578Z [INFO] [http] GET /api/v1/notifications/unread-count
2026-09-06T09:14:40.580Z [INFO] [http] GET /api/v1/notifications/unread-count
2026-09-06T09:15:04.341Z [INFO] [slaReminder] SLA_SCAN cases=1 respRemind=0 respEsc=0 closureRemind=0 closureEsc=0 surveyExpired=0
2026-09-06T09:15:10.581Z [INFO] [http] GET /api/v1/notifications/unread-count
2026-09-06T09:15:40.572Z [INFO] [http] GET /api/v1/notifications/unread-count
2026-09-06T09:16:04.342Z [INFO] [slaReminder] SLA_SCAN cases=1 respRemind=0 respEsc=0 closureRemind=0 closureEsc=0 surveyExpired=0
2026-09-06T09:16:10.577Z [INFO] [http] GET /api/v1/notifications/unread-count
2026-09-06T09:16:40.580Z [INFO] [http] GET /api/v1/notifications/unread-count
2026-09-06T09:17:04.354Z [INFO] [slaReminder] SLA_SCAN cases=1 respRemind=0 respEsc=0 closureRemind=0 closureEsc=0 surveyExpired=0
2026-09-06T09:17:10.574Z [INFO] [http] GET /api/v1/notifications/unread-count
2026-09-06T09:17:40.581Z [INFO] [http] GET /api/v1/notifications/unread-count
2026-09-06T09:18:04.368Z [INFO] [slaReminder] SLA_SCAN cases=1 respRemind=0 respEsc=0 closureRemind=0 closureEsc=0 surveyExpired=0
2026-09-06T09:18:10.575Z [INFO] [http] GET /api/v1/notifications/unread-count
2026-09-06T09:18:40.596Z [INFO] [http] GET /api/v1/notifications/unread-count
2026-09-06T09:19:04.369Z [INFO] [slaReminder] SLA_SCAN cases=1 respRemind=0 respEsc=0 closureRemind=0 closureEsc=0 surveyExpired=0
2026-09-06T09:19:10.585Z [INFO] [http] GET /api/v1/notifications/unread-count
2026-09-06T09:19:40.568Z [INFO] [http] GET /api/v1/notifications/unread-count
2026-09-06T09:20:04.380Z [INFO] [slaReminder] SLA_SCAN cases=1 respRemind=0 respEsc=0 closureRemind=0 closureEsc=0 surveyExpired=0
2026-09-06T09:20:10.579Z [INFO] [http] GET /api/v1/notifications/unread-count
2026-09-06T09:20:40.574Z [INFO] [http] GET /api/v1/notifications/unread-count
2026-09-06T09:21:04.383Z [INFO] [slaReminder] SLA_SCAN cases=1 respRemind=0 respEsc=0 closureRemind=0 closureEsc=0 surveyExpired=0
2026-09-06T09:21:10.262Z [INFO] [http] GET /api/v1/notifications/unread-count
2026-09-06T09:21:40.584Z [INFO] [http] GET /api/v1/notifications/unread-count
2026-09-06T09:22:04.388Z [INFO] [slaReminder] SLA_SCAN cases=1 respRemind=0 respEsc=0 closureRemind=0 closureEsc=0 surveyExpired=0
2026-09-06T09:22:10.267Z [INFO] [http] GET /api/v1/notifications/unread-count
2026-09-06T09:22:40.582Z [INFO] [http] GET /api/v1/notifications/unread-count
2026-09-06T09:23:04.394Z [INFO] [slaReminder] SLA_SCAN cases=1 respRemind=0 respEsc=0 closureRemind=0 closureEsc=0 surveyExpired=0
2026-09-06T09:23:10.570Z [INFO] [http] GET /api/v1/notifications/unread-count
2026-09-06T09:23:40.570Z [INFO] [http] GET /api/v1/notifications/unread-count
2026-09-06T09:24:04.396Z [INFO] [slaReminder] SLA_SCAN cases=1 respRemind=0 respEsc=0 closureRemind=0 closureEsc=0 surveyExpired=0
2026-09-06T09:24:10.586Z [INFO] [http] GET /api/v1/notifications/unread-count
2026-09-06T09:24:40.579Z [INFO] [http] GET /api/v1/notifications/unread-count
2026-09-06T09:25:04.409Z [INFO] [slaReminder] SLA_SCAN cases=1 respRemind=0 respEsc=0 closureRemind=0 closureEsc=0 surveyExpired=0
2026-09-06T09:25:10.576Z [INFO] [http] GET /api/v1/notifications/unread-count
2026-09-06T09:25:40.580Z [INFO] [http] GET /api/v1/notifications/unread-count
2026-09-06T09:26:04.424Z [INFO] [slaReminder] SLA_SCAN cases=1 respRemind=0 respEsc=0 closureRemind=0 closureEsc=0 surveyExpired=0
2026-09-06T09:26:10.268Z [INFO] [http] GET /api/v1/notifications/unread-count
2026-09-06T09:26:40.584Z [INFO] [http] GET /api/v1/notifications/unread-count
2026-09-06T09:27:04.438Z [INFO] [slaReminder] SLA_SCAN cases=1 respRemind=0 respEsc=0 closureRemind=0 closureEsc=0 surveyExpired=0
2026-09-06T09:27:10.262Z [INFO] [http] GET /api/v1/notifications/unread-count
2026-09-06T09:27:40.579Z [INFO] [http] GET /api/v1/notifications/unread-count
2026-09-06T09:28:04.453Z [INFO] [slaReminder] SLA_SCAN cases=1 respRemind=0 respEsc=0 closureRemind=0 closureEsc=0 surveyExpired=0
2026-09-06T09:28:10.261Z [INFO] [http] GET /api/v1/notifications/unread-count
2026-09-06T09:28:40.578Z [INFO] [http] GET /api/v1/notifications/unread-count
2026-09-06T09:29:04.458Z [INFO] [slaReminder] SLA_SCAN cases=1 respRemind=0 respEsc=0 closureRemind=0 closureEsc=0 surveyExpired=0
2026-09-06T09:29:10.271Z [INFO] [http] GET /api/v1/notifications/unread-count
2026-09-06T09:29:40.572Z [INFO] [http] GET /api/v1/notifications/unread-count
2026-09-06T09:30:04.472Z [INFO] [slaReminder] SLA_SCAN cases=1 respRemind=0 respEsc=0 closureRemind=0 closureEsc=0 surveyExpired=0
2026-09-06T09:30:10.572Z [INFO] [http] GET /api/v1/notifications/unread-count
2026-09-06T09:30:40.265Z [INFO] [http] GET /api/v1/notifications/unread-count
2026-09-06T09:31:04.475Z [INFO] [slaReminder] SLA_SCAN cases=1 respRemind=0 respEsc=0 closureRemind=0 closureEsc=0 surveyExpired=0
2026-09-06T09:31:10.579Z [INFO] [http] GET /api/v1/notifications/unread-count
2026-09-06T09:31:40.268Z [INFO] [http] GET /api/v1/notifications/unread-count
2026-09-06T09:32:04.478Z [INFO] [slaReminder] SLA_SCAN cases=1 respRemind=0 respEsc=0 closureRemind=0 closureEsc=0 surveyExpired=0
2026-09-06T09:32:10.580Z [INFO] [http] GET /api/v1/notifications/unread-count
2026-09-06T09:32:40.268Z [INFO] [http] GET /api/v1/notifications/unread-count
2026-09-06T09:33:04.490Z [INFO] [slaReminder] SLA_SCAN cases=1 respRemind=0 respEsc=0 closureRemind=0 closureEsc=0 surveyExpired=0
2026-09-06T09:33:10.575Z [INFO] [http] GET /api/v1/notifications/unread-count
2026-09-06T09:33:40.260Z [INFO] [http] GET /api/v1/notifications/unread-count
2026-09-06T09:34:04.499Z [INFO] [slaReminder] SLA_SCAN cases=1 respRemind=0 respEsc=0 closureRemind=0 closureEsc=0 surveyExpired=0
2026-09-06T09:34:10.580Z [INFO] [http] GET /api/v1/notifications/unread-count
2026-09-06T09:34:40.587Z [INFO] [http] GET /api/v1/notifications/unread-count
2026-09-06T09:35:04.513Z [INFO] [slaReminder] SLA_SCAN cases=1 respRemind=0 respEsc=0 closureRemind=0 closureEsc=0 surveyExpired=0
2026-09-06T09:35:10.581Z [INFO] [http] GET /api/v1/notifications/unread-count
2026-09-06T09:35:40.580Z [INFO] [http] GET /api/v1/notifications/unread-count
2026-09-06T09:36:04.521Z [INFO] [slaReminder] SLA_SCAN cases=1 respRemind=0 respEsc=0 closureRemind=0 closureEsc=0 surveyExpired=0
2026-09-06T09:36:10.580Z [INFO] [http] GET /api/v1/notifications/unread-count
2026-09-06T09:36:40.573Z [INFO] [http] GET /api/v1/notifications/unread-count
2026-09-06T09:37:04.527Z [INFO] [slaReminder] SLA_SCAN cases=1 respRemind=0 respEsc=0 closureRemind=0 closureEsc=0 surveyExpired=0
2026-09-06T09:37:10.267Z [INFO] [http] GET /api/v1/notifications/unread-count
2026-09-06T09:37:40.569Z [INFO] [http] GET /api/v1/notifications/unread-count
2026-09-06T09:38:04.537Z [INFO] [slaReminder] SLA_SCAN cases=1 respRemind=0 respEsc=0 closureRemind=0 closureEsc=0 surveyExpired=0
2026-09-06T09:38:10.263Z [INFO] [http] GET /api/v1/notifications/unread-count
2026-09-06T09:38:40.573Z [INFO] [http] GET /api/v1/notifications/unread-count
2026-09-06T09:39:04.547Z [INFO] [slaReminder] SLA_SCAN cases=1 respRemind=0 respEsc=0 closureRemind=0 closureEsc=0 surveyExpired=0
2026-09-06T09:39:10.585Z [INFO] [http] GET /api/v1/notifications/unread-count
2026-09-06T09:39:40.577Z [INFO] [http] GET /api/v1/notifications/unread-count
2026-09-06T09:40:04.564Z [INFO] [slaReminder] SLA_SCAN cases=1 respRemind=0 respEsc=0 closureRemind=0 closureEsc=0 surveyExpired=0
2026-09-06T09:40:10.578Z [INFO] [http] GET /api/v1/notifications/unread-count
2026-09-06T09:40:40.262Z [INFO] [http] GET /api/v1/notifications/unread-count
2026-09-06T09:41:04.568Z [INFO] [slaReminder] SLA_SCAN cases=1 respRemind=0 respEsc=0 closureRemind=0 closureEsc=0 surveyExpired=0
2026-09-06T09:41:10.572Z [INFO] [http] GET /api/v1/notifications/unread-count
2026-09-06T09:41:40.268Z [INFO] [http] GET /api/v1/notifications/unread-count
2026-09-06T09:42:04.570Z [INFO] [slaReminder] SLA_SCAN cases=1 respRemind=0 respEsc=0 closureRemind=0 closureEsc=0 surveyExpired=0
2026-09-06T09:42:10.573Z [INFO] [http] GET /api/v1/notifications/unread-count
2026-09-06T09:42:40.273Z [INFO] [http] GET /api/v1/notifications/unread-count
2026-09-06T09:43:04.585Z [INFO] [slaReminder] SLA_SCAN cases=1 respRemind=0 respEsc=0 closureRemind=0 closureEsc=0 surveyExpired=0
2026-09-06T09:43:10.574Z [INFO] [http] GET /api/v1/notifications/unread-count
2026-09-06T09:43:40.259Z [INFO] [http] GET /api/v1/notifications/unread-count
2026-09-06T09:44:04.585Z [INFO] [slaReminder] SLA_SCAN cases=1 respRemind=0 respEsc=0 closureRemind=0 closureEsc=0 surveyExpired=0
2026-09-06T09:44:10.582Z [INFO] [http] GET /api/v1/notifications/unread-count
2026-09-06T09:44:40.268Z [INFO] [http] GET /api/v1/notifications/unread-count
2026-09-06T09:45:04.592Z [INFO] [slaReminder] SLA_SCAN cases=1 respRemind=0 respEsc=0 closureRemind=0 closureEsc=0 surveyExpired=0
2026-09-06T09:45:10.574Z [INFO] [http] GET /api/v1/notifications/unread-count
2026-09-06T09:45:40.272Z [INFO] [http] GET /api/v1/notifications/unread-count
2026-09-06T09:46:04.607Z [INFO] [slaReminder] SLA_SCAN cases=1 respRemind=0 respEsc=0 closureRemind=0 closureEsc=0 surveyExpired=0
2026-09-06T09:46:10.578Z [INFO] [http] GET /api/v1/notifications/unread-count
2026-09-06T09:46:40.268Z [INFO] [http] GET /api/v1/notifications/unread-count
2026-09-06T09:47:04.609Z [INFO] [slaReminder] SLA_SCAN cases=1 respRemind=0 respEsc=0 closureRemind=0 closureEsc=0 surveyExpired=0
2026-09-06T09:47:10.577Z [INFO] [http] GET /api/v1/notifications/unread-count
2026-09-06T09:47:40.266Z [INFO] [http] GET /api/v1/notifications/unread-count
2026-09-06T09:48:04.612Z [INFO] [slaReminder] SLA_SCAN cases=1 respRemind=0 respEsc=0 closureRemind=0 closureEsc=0 surveyExpired=0
2026-09-06T09:48:10.578Z [INFO] [http] GET /api/v1/notifications/unread-count
2026-09-06T09:48:40.272Z [INFO] [http] GET /api/v1/notifications/unread-count
2026-09-06T09:49:04.621Z [INFO] [slaReminder] SLA_SCAN cases=1 respRemind=0 respEsc=0 closureRemind=0 closureEsc=0 surveyExpired=0
2026-09-06T09:49:10.578Z [INFO] [http] GET /api/v1/notifications/unread-count
2026-09-06T09:49:40.575Z [INFO] [http] GET /api/v1/notifications/unread-count
2026-09-06T09:50:04.622Z [INFO] [slaReminder] SLA_SCAN cases=1 respRemind=0 respEsc=0 closureRemind=0 closureEsc=0 surveyExpired=0
2026-09-06T09:50:10.569Z [INFO] [http] GET /api/v1/notifications/unread-count
2026-09-06T09:50:40.270Z [INFO] [http] GET /api/v1/notifications/unread-count
2026-09-06T09:51:04.623Z [INFO] [slaReminder] SLA_SCAN cases=1 respRemind=0 respEsc=0 closureRemind=0 closureEsc=0 surveyExpired=0
2026-09-06T09:51:10.576Z [INFO] [http] GET /api/v1/notifications/unread-count
2026-09-06T09:51:40.273Z [INFO] [http] GET /api/v1/notifications/unread-count
2026-09-06T09:52:04.624Z [INFO] [slaReminder] SLA_SCAN cases=1 respRemind=0 respEsc=0 closureRemind=0 closureEsc=0 surveyExpired=0
2026-09-06T09:52:10.568Z [INFO] [http] GET /api/v1/notifications/unread-count
2026-09-06T09:52:40.274Z [INFO] [http] GET /api/v1/notifications/unread-count
2026-09-06T09:53:04.632Z [INFO] [slaReminder] SLA_SCAN cases=1 respRemind=0 respEsc=0 closureRemind=0 closureEsc=0 surveyExpired=0
2026-09-06T09:53:10.586Z [INFO] [http] GET /api/v1/notifications/unread-count
2026-09-06T09:53:40.573Z [INFO] [http] GET /api/v1/notifications/unread-count
2026-09-06T09:54:04.640Z [INFO] [slaReminder] SLA_SCAN cases=1 respRemind=0 respEsc=0 closureRemind=0 closureEsc=0 surveyExpired=0
2026-09-06T09:54:10.582Z [INFO] [http] GET /api/v1/notifications/unread-count
2026-09-06T09:54:40.588Z [INFO] [http] GET /api/v1/notifications/unread-count
2026-09-06T09:55:04.647Z [INFO] [slaReminder] SLA_SCAN cases=1 respRemind=0 respEsc=0 closureRemind=0 closureEsc=0 surveyExpired=0
2026-09-06T09:55:10.260Z [INFO] [http] GET /api/v1/notifications/unread-count
2026-09-06T09:55:40.570Z [INFO] [http] GET /api/v1/notifications/unread-count
2026-09-06T09:56:04.661Z [INFO] [slaReminder] SLA_SCAN cases=1 respRemind=0 respEsc=0 closureRemind=0 closureEsc=0 surveyExpired=0
2026-09-06T09:56:10.262Z [INFO] [http] GET /api/v1/notifications/unread-count
2026-09-06T09:56:40.585Z [INFO] [http] GET /api/v1/notifications/unread-count
2026-09-06T09:57:04.664Z [INFO] [slaReminder] SLA_SCAN cases=1 respRemind=0 respEsc=0 closureRemind=0 closureEsc=0 surveyExpired=0
2026-09-06T09:57:10.261Z [INFO] [http] GET /api/v1/notifications/unread-count
2026-09-06T09:57:40.574Z [INFO] [http] GET /api/v1/notifications/unread-count
2026-09-06T09:58:04.678Z [INFO] [slaReminder] SLA_SCAN cases=1 respRemind=0 respEsc=0 closureRemind=0 closureEsc=0 surveyExpired=0
2026-09-06T09:58:10.262Z [INFO] [http] GET /api/v1/notifications/unread-count
2026-09-06T09:58:40.575Z [INFO] [http] GET /api/v1/notifications/unread-count
2026-09-06T09:59:04.690Z [INFO] [slaReminder] SLA_SCAN cases=1 respRemind=0 respEsc=0 closureRemind=0 closureEsc=0 surveyExpired=0
2026-09-06T09:59:10.272Z [INFO] [http] GET /api/v1/notifications/unread-count
2026-09-06T09:59:40.585Z [INFO] [http] GET /api/v1/notifications/unread-count
2026-09-06T10:00:04.695Z [INFO] [slaReminder] SLA_SCAN cases=1 respRemind=0 respEsc=0 closureRemind=0 closureEsc=0 surveyExpired=0
2026-09-06T10:00:10.263Z [INFO] [http] GET /api/v1/notifications/unread-count
2026-09-06T10:00:40.571Z [INFO] [http] GET /api/v1/notifications/unread-count
2026-09-06T10:01:04.704Z [INFO] [slaReminder] SLA_SCAN cases=1 respRemind=0 respEsc=0 closureRemind=0 closureEsc=0 surveyExpired=0
2026-09-06T10:01:10.273Z [INFO] [http] GET /api/v1/notifications/unread-count
2026-09-06T10:01:40.575Z [INFO] [http] GET /api/v1/notifications/unread-count
2026-09-06T10:02:04.708Z [INFO] [slaReminder] SLA_SCAN cases=1 respRemind=0 respEsc=0 closureRemind=0 closureEsc=0 surveyExpired=0
2026-09-06T10:02:10.272Z [INFO] [http] GET /api/v1/notifications/unread-count
2026-09-06T10:02:40.574Z [INFO] [http] GET /api/v1/notifications/unread-count
2026-09-06T10:03:04.717Z [INFO] [slaReminder] SLA_SCAN cases=1 respRemind=0 respEsc=0 closureRemind=0 closureEsc=0 surveyExpired=0
2026-09-06T10:03:10.266Z [INFO] [http] GET /api/v1/notifications/unread-count
2026-09-06T10:03:40.577Z [INFO] [http] GET /api/v1/notifications/unread-count
2026-09-06T10:04:04.724Z [INFO] [slaReminder] SLA_SCAN cases=1 respRemind=0 respEsc=0 closureRemind=0 closureEsc=0 surveyExpired=0
2026-09-06T10:04:10.579Z [INFO] [http] GET /api/v1/notifications/unread-count
2026-09-06T10:04:40.581Z [INFO] [http] GET /api/v1/notifications/unread-count
2026-09-06T10:05:04.738Z [INFO] [slaReminder] SLA_SCAN cases=1 respRemind=0 respEsc=0 closureRemind=0 closureEsc=0 surveyExpired=0
2026-09-06T10:05:10.577Z [INFO] [http] GET /api/v1/notifications/unread-count
2026-09-06T10:05:40.574Z [INFO] [http] GET /api/v1/notifications/unread-count
2026-09-06T10:06:04.745Z [INFO] [slaReminder] SLA_SCAN cases=1 respRemind=0 respEsc=0 closureRemind=0 closureEsc=0 surveyExpired=0
2026-09-06T10:06:10.571Z [INFO] [http] GET /api/v1/notifications/unread-count
2026-09-06T10:06:40.573Z [INFO] [http] GET /api/v1/notifications/unread-count
2026-09-06T10:07:04.755Z [INFO] [slaReminder] SLA_SCAN cases=1 respRemind=0 respEsc=0 closureRemind=0 closureEsc=0 surveyExpired=0
2026-09-06T10:07:10.585Z [INFO] [http] GET /api/v1/notifications/unread-count
2026-09-06T10:07:40.584Z [INFO] [http] GET /api/v1/notifications/unread-count
2026-09-06T10:08:04.758Z [INFO] [slaReminder] SLA_SCAN cases=1 respRemind=0 respEsc=0 closureRemind=0 closureEsc=0 surveyExpired=0
2026-09-06T10:08:10.584Z [INFO] [http] GET /api/v1/notifications/unread-count
2026-09-06T10:08:40.575Z [INFO] [http] GET /api/v1/notifications/unread-count
2026-09-06T10:09:04.764Z [INFO] [slaReminder] SLA_SCAN cases=1 respRemind=0 respEsc=0 closureRemind=0 closureEsc=0 surveyExpired=0
2026-09-06T10:09:10.571Z [INFO] [http] GET /api/v1/notifications/unread-count
2026-09-06T10:09:40.574Z [INFO] [http] GET /api/v1/notifications/unread-count
2026-09-06T10:10:04.778Z [INFO] [slaReminder] SLA_SCAN cases=1 respRemind=0 respEsc=0 closureRemind=0 closureEsc=0 surveyExpired=0
2026-09-06T10:10:10.571Z [INFO] [http] GET /api/v1/notifications/unread-count
2026-09-06T10:10:40.266Z [INFO] [http] GET /api/v1/notifications/unread-count
2026-09-06T10:11:04.781Z [INFO] [slaReminder] SLA_SCAN cases=1 respRemind=0 respEsc=0 closureRemind=0 closureEsc=0 surveyExpired=0
2026-09-06T10:11:10.572Z [INFO] [http] GET /api/v1/notifications/unread-count
2026-09-06T10:11:40.573Z [INFO] [http] GET /api/v1/notifications/unread-count
2026-09-06T10:12:04.797Z [INFO] [slaReminder] SLA_SCAN cases=1 respRemind=0 respEsc=0 closureRemind=0 closureEsc=0 surveyExpired=0
2026-09-06T10:12:10.259Z [INFO] [http] GET /api/v1/notifications/unread-count
2026-09-06T10:12:40.577Z [INFO] [http] GET /api/v1/notifications/unread-count
2026-09-06T10:13:04.813Z [INFO] [slaReminder] SLA_SCAN cases=1 respRemind=0 respEsc=0 closureRemind=0 closureEsc=0 surveyExpired=0
2026-09-06T10:13:10.260Z [INFO] [http] GET /api/v1/notifications/unread-count
2026-09-06T10:13:40.574Z [INFO] [http] GET /api/v1/notifications/unread-count
2026-09-06T10:14:04.825Z [INFO] [slaReminder] SLA_SCAN cases=1 respRemind=0 respEsc=0 closureRemind=0 closureEsc=0 surveyExpired=0
2026-09-06T10:14:10.581Z [INFO] [http] GET /api/v1/notifications/unread-count
2026-09-06T10:14:40.587Z [INFO] [http] GET /api/v1/notifications/unread-count
2026-09-06T10:15:04.835Z [INFO] [slaReminder] SLA_SCAN cases=1 respRemind=0 respEsc=0 closureRemind=0 closureEsc=0 surveyExpired=0
2026-09-06T10:15:10.578Z [INFO] [http] GET /api/v1/notifications/unread-count
2026-09-06T10:15:40.576Z [INFO] [http] GET /api/v1/notifications/unread-count
2026-09-06T10:16:04.838Z [INFO] [slaReminder] SLA_SCAN cases=1 respRemind=0 respEsc=0 closureRemind=0 closureEsc=0 surveyExpired=0
2026-09-06T10:16:10.579Z [INFO] [http] GET /api/v1/notifications/unread-count
2026-09-06T10:16:40.585Z [INFO] [http] GET /api/v1/notifications/unread-count
2026-09-06T10:17:04.850Z [INFO] [slaReminder] SLA_SCAN cases=1 respRemind=0 respEsc=0 closureRemind=0 closureEsc=0 surveyExpired=0
2026-09-06T10:17:10.574Z [INFO] [http] GET /api/v1/notifications/unread-count
2026-09-06T10:17:40.582Z [INFO] [http] GET /api/v1/notifications/unread-count
2026-09-06T10:18:04.855Z [INFO] [slaReminder] SLA_SCAN cases=1 respRemind=0 respEsc=0 closureRemind=0 closureEsc=0 surveyExpired=0
2026-09-06T10:18:10.582Z [INFO] [http] GET /api/v1/notifications/unread-count
2026-09-06T10:18:40.579Z [INFO] [http] GET /api/v1/notifications/unread-count
2026-09-06T10:19:04.858Z [INFO] [slaReminder] SLA_SCAN cases=1 respRemind=0 respEsc=0 closureRemind=0 closureEsc=0 surveyExpired=0
2026-09-06T10:19:10.575Z [INFO] [http] GET /api/v1/notifications/unread-count
2026-09-06T10:19:40.581Z [INFO] [http] GET /api/v1/notifications/unread-count
2026-09-06T10:20:04.861Z [INFO] [slaReminder] SLA_SCAN cases=1 respRemind=0 respEsc=0 closureRemind=0 closureEsc=0 surveyExpired=0
2026-09-06T10:20:10.579Z [INFO] [http] GET /api/v1/notifications/unread-count
2026-09-06T10:20:40.583Z [INFO] [http] GET /api/v1/notifications/unread-count
2026-09-06T10:21:04.869Z [INFO] [slaReminder] SLA_SCAN cases=1 respRemind=0 respEsc=0 closureRemind=0 closureEsc=0 surveyExpired=0
2026-09-06T10:21:10.579Z [INFO] [http] GET /api/v1/notifications/unread-count
2026-09-06T10:21:40.580Z [INFO] [http] GET /api/v1/notifications/unread-count
2026-09-06T10:22:04.883Z [INFO] [slaReminder] SLA_SCAN cases=1 respRemind=0 respEsc=0 closureRemind=0 closureEsc=0 surveyExpired=0
2026-09-06T10:22:10.265Z [INFO] [http] GET /api/v1/notifications/unread-count
2026-09-06T10:22:40.570Z [INFO] [http] GET /api/v1/notifications/unread-count
2026-09-06T10:23:04.897Z [INFO] [slaReminder] SLA_SCAN cases=1 respRemind=0 respEsc=0 closureRemind=0 closureEsc=0 surveyExpired=0
2026-09-06T10:23:10.271Z [INFO] [http] GET /api/v1/notifications/unread-count
2026-09-06T10:23:40.573Z [INFO] [http] GET /api/v1/notifications/unread-count
2026-09-06T10:24:04.912Z [INFO] [slaReminder] SLA_SCAN cases=1 respRemind=0 respEsc=0 closureRemind=0 closureEsc=0 surveyExpired=0
2026-09-06T10:24:10.694Z [INFO] [http] GET /api/v1/notifications/unread-count
2026-09-06T10:24:40.578Z [INFO] [http] GET /api/v1/notifications/unread-count
2026-09-06T10:25:04.925Z [INFO] [slaReminder] SLA_SCAN cases=1 respRemind=0 respEsc=0 closureRemind=0 closureEsc=0 surveyExpired=0
2026-09-06T10:25:10.571Z [INFO] [http] GET /api/v1/notifications/unread-count
2026-09-06T10:25:40.576Z [INFO] [http] GET /api/v1/notifications/unread-count
2026-09-06T10:26:04.930Z [INFO] [slaReminder] SLA_SCAN cases=1 respRemind=0 respEsc=0 closureRemind=0 closureEsc=0 surveyExpired=0
2026-09-06T10:26:10.584Z [INFO] [http] GET /api/v1/notifications/unread-count
2026-09-06T10:26:40.567Z [INFO] [http] GET /api/v1/notifications/unread-count
2026-09-06T10:27:04.936Z [INFO] [slaReminder] SLA_SCAN cases=1 respRemind=0 respEsc=0 closureRemind=0 closureEsc=0 surveyExpired=0
2026-09-06T10:27:10.263Z [INFO] [http] GET /api/v1/notifications/unread-count
2026-09-06T10:27:40.581Z [INFO] [http] GET /api/v1/notifications/unread-count
2026-09-06T10:28:04.939Z [INFO] [slaReminder] SLA_SCAN cases=1 respRemind=0 respEsc=0 closureRemind=0 closureEsc=0 surveyExpired=0
2026-09-06T10:28:10.261Z [INFO] [http] GET /api/v1/notifications/unread-count
2026-09-06T10:28:40.581Z [INFO] [http] GET /api/v1/notifications/unread-count
2026-09-06T10:29:04.948Z [INFO] [slaReminder] SLA_SCAN cases=1 respRemind=0 respEsc=0 closureRemind=0 closureEsc=0 surveyExpired=0
2026-09-06T10:29:10.270Z [INFO] [http] GET /api/v1/notifications/unread-count
2026-09-06T10:29:40.575Z [INFO] [http] GET /api/v1/notifications/unread-count
2026-09-06T10:30:04.955Z [INFO] [slaReminder] SLA_SCAN cases=1 respRemind=0 respEsc=0 closureRemind=0 closureEsc=0 surveyExpired=0
2026-09-06T10:30:10.260Z [INFO] [http] GET /api/v1/notifications/unread-count
2026-09-06T10:30:40.581Z [INFO] [http] GET /api/v1/notifications/unread-count
2026-09-06T10:31:04.966Z [INFO] [slaReminder] SLA_SCAN cases=1 respRemind=0 respEsc=0 closureRemind=0 closureEsc=0 surveyExpired=0
2026-09-06T10:31:10.265Z [INFO] [http] GET /api/v1/notifications/unread-count
2026-09-06T10:31:40.574Z [INFO] [http] GET /api/v1/notifications/unread-count
2026-09-06T10:32:04.975Z [INFO] [slaReminder] SLA_SCAN cases=1 respRemind=0 respEsc=0 closureRemind=0 closureEsc=0 surveyExpired=0
2026-09-06T10:32:10.270Z [INFO] [http] GET /api/v1/notifications/unread-count
2026-09-06T10:32:40.580Z [INFO] [http] GET /api/v1/notifications/unread-count
2026-09-06T10:33:04.990Z [INFO] [slaReminder] SLA_SCAN cases=1 respRemind=0 respEsc=0 closureRemind=0 closureEsc=0 surveyExpired=0
2026-09-06T10:33:10.260Z [INFO] [http] GET /api/v1/notifications/unread-count
2026-09-06T10:33:40.576Z [INFO] [http] GET /api/v1/notifications/unread-count
2026-09-06T10:34:04.994Z [INFO] [slaReminder] SLA_SCAN cases=1 respRemind=0 respEsc=0 closureRemind=0 closureEsc=0 surveyExpired=0
2026-09-06T10:34:10.264Z [INFO] [http] GET /api/v1/notifications/unread-count
2026-09-06T10:34:40.572Z [INFO] [http] GET /api/v1/notifications/unread-count
2026-09-06T10:35:04.996Z [INFO] [slaReminder] SLA_SCAN cases=1 respRemind=0 respEsc=0 closureRemind=0 closureEsc=0 surveyExpired=0
2026-09-06T10:35:10.270Z [INFO] [http] GET /api/v1/notifications/unread-count
2026-09-06T10:35:40.581Z [INFO] [http] GET /api/v1/notifications/unread-count
2026-09-06T10:36:05.004Z [INFO] [slaReminder] SLA_SCAN cases=1 respRemind=0 respEsc=0 closureRemind=0 closureEsc=0 surveyExpired=0
2026-09-06T10:36:10.269Z [INFO] [http] GET /api/v1/notifications/unread-count
2026-09-06T10:36:40.574Z [INFO] [http] GET /api/v1/notifications/unread-count
2026-09-06T10:37:05.006Z [INFO] [slaReminder] SLA_SCAN cases=1 respRemind=0 respEsc=0 closureRemind=0 closureEsc=0 surveyExpired=0
2026-09-06T10:37:10.272Z [INFO] [http] GET /api/v1/notifications/unread-count
2026-09-06T10:37:40.576Z [INFO] [http] GET /api/v1/notifications/unread-count
2026-09-06T10:38:05.019Z [INFO] [slaReminder] SLA_SCAN cases=1 respRemind=0 respEsc=0 closureRemind=0 closureEsc=0 surveyExpired=0
2026-09-06T10:38:10.263Z [INFO] [http] GET /api/v1/notifications/unread-count
2026-09-06T10:38:40.568Z [INFO] [http] GET /api/v1/notifications/unread-count
2026-09-06T10:39:05.032Z [INFO] [slaReminder] SLA_SCAN cases=1 respRemind=0 respEsc=0 closureRemind=0 closureEsc=0 surveyExpired=0
2026-09-06T10:39:10.278Z [INFO] [http] GET /api/v1/notifications/unread-count
2026-09-06T10:39:40.581Z [INFO] [http] GET /api/v1/notifications/unread-count
2026-09-06T10:40:05.033Z [INFO] [slaReminder] SLA_SCAN cases=1 respRemind=0 respEsc=0 closureRemind=0 closureEsc=0 surveyExpired=0
2026-09-06T10:40:10.576Z [INFO] [http] GET /api/v1/notifications/unread-count
2026-09-06T10:40:40.577Z [INFO] [http] GET /api/v1/notifications/unread-count
2026-09-06T10:41:05.047Z [INFO] [slaReminder] SLA_SCAN cases=1 respRemind=0 respEsc=0 closureRemind=0 closureEsc=0 surveyExpired=0
2026-09-06T10:41:10.572Z [INFO] [http] GET /api/v1/notifications/unread-count
2026-09-06T10:41:40.578Z [INFO] [http] GET /api/v1/notifications/unread-count
2026-09-06T10:42:05.052Z [INFO] [slaReminder] SLA_SCAN cases=1 respRemind=0 respEsc=0 closureRemind=0 closureEsc=0 surveyExpired=0
2026-09-06T10:42:10.262Z [INFO] [http] GET /api/v1/notifications/unread-count
2026-09-06T10:42:40.578Z [INFO] [http] GET /api/v1/notifications/unread-count
2026-09-06T10:43:05.067Z [INFO] [slaReminder] SLA_SCAN cases=1 respRemind=0 respEsc=0 closureRemind=0 closureEsc=0 surveyExpired=0
2026-09-06T10:43:10.270Z [INFO] [http] GET /api/v1/notifications/unread-count
2026-09-06T10:43:40.575Z [INFO] [http] GET /api/v1/notifications/unread-count
2026-09-06T10:44:05.069Z [INFO] [slaReminder] SLA_SCAN cases=1 respRemind=0 respEsc=0 closureRemind=0 closureEsc=0 surveyExpired=0
2026-09-06T10:44:10.578Z [INFO] [http] GET /api/v1/notifications/unread-count
2026-09-06T10:44:40.571Z [INFO] [http] GET /api/v1/notifications/unread-count
2026-09-06T10:45:05.076Z [INFO] [slaReminder] SLA_SCAN cases=1 respRemind=0 respEsc=0 closureRemind=0 closureEsc=0 surveyExpired=0
2026-09-06T10:45:10.267Z [INFO] [http] GET /api/v1/notifications/unread-count
2026-09-06T10:45:40.581Z [INFO] [http] GET /api/v1/notifications/unread-count
2026-09-06T10:46:05.086Z [INFO] [slaReminder] SLA_SCAN cases=1 respRemind=0 respEsc=0 closureRemind=0 closureEsc=0 surveyExpired=0
2026-09-06T10:46:10.269Z [INFO] [http] GET /api/v1/notifications/unread-count
2026-09-06T10:46:40.582Z [INFO] [http] GET /api/v1/notifications/unread-count
2026-09-06T10:47:05.096Z [INFO] [slaReminder] SLA_SCAN cases=1 respRemind=0 respEsc=0 closureRemind=0 closureEsc=0 surveyExpired=0
2026-09-06T10:47:10.270Z [INFO] [http] GET /api/v1/notifications/unread-count
2026-09-06T10:47:40.576Z [INFO] [http] GET /api/v1/notifications/unread-count
2026-09-06T10:48:05.105Z [INFO] [slaReminder] SLA_SCAN cases=1 respRemind=0 respEsc=0 closureRemind=0 closureEsc=0 surveyExpired=0
2026-09-06T10:48:10.267Z [INFO] [http] GET /api/v1/notifications/unread-count
2026-09-06T10:48:40.574Z [INFO] [http] GET /api/v1/notifications/unread-count
2026-09-06T10:49:05.110Z [INFO] [slaReminder] SLA_SCAN cases=1 respRemind=0 respEsc=0 closureRemind=0 closureEsc=0 surveyExpired=0
2026-09-06T10:49:10.263Z [INFO] [http] GET /api/v1/notifications/unread-count
2026-09-06T10:49:40.572Z [INFO] [http] GET /api/v1/notifications/unread-count
2026-09-06T10:50:05.116Z [INFO] [slaReminder] SLA_SCAN cases=1 respRemind=0 respEsc=0 closureRemind=0 closureEsc=0 surveyExpired=0
2026-09-06T10:50:10.582Z [INFO] [http] GET /api/v1/notifications/unread-count
2026-09-06T10:50:40.269Z [INFO] [http] GET /api/v1/notifications/unread-count
2026-09-06T10:51:05.121Z [INFO] [slaReminder] SLA_SCAN cases=1 respRemind=0 respEsc=0 closureRemind=0 closureEsc=0 surveyExpired=0
2026-09-06T10:51:10.575Z [INFO] [http] GET /api/v1/notifications/unread-count
2026-09-06T10:51:40.266Z [INFO] [http] GET /api/v1/notifications/unread-count
2026-09-06T10:52:05.133Z [INFO] [slaReminder] SLA_SCAN cases=1 respRemind=0 respEsc=0 closureRemind=0 closureEsc=0 surveyExpired=0
2026-09-06T10:52:10.574Z [INFO] [http] GET /api/v1/notifications/unread-count
2026-09-06T10:52:40.262Z [INFO] [http] GET /api/v1/notifications/unread-count
2026-09-06T10:53:05.142Z [INFO] [slaReminder] SLA_SCAN cases=1 respRemind=0 respEsc=0 closureRemind=0 closureEsc=0 surveyExpired=0
2026-09-06T10:53:10.575Z [INFO] [http] GET /api/v1/notifications/unread-count
2026-09-06T10:53:40.570Z [INFO] [http] GET /api/v1/notifications/unread-count
2026-09-06T10:54:05.154Z [INFO] [slaReminder] SLA_SCAN cases=1 respRemind=0 respEsc=0 closureRemind=0 closureEsc=0 surveyExpired=0
2026-09-06T10:54:10.602Z [INFO] [http] GET /api/v1/notifications/unread-count
2026-09-06T10:54:40.580Z [INFO] [http] GET /api/v1/notifications/unread-count
2026-09-06T10:55:05.165Z [INFO] [slaReminder] SLA_SCAN cases=1 respRemind=0 respEsc=0 closureRemind=0 closureEsc=0 surveyExpired=0
2026-09-06T10:55:10.272Z [INFO] [http] GET /api/v1/notifications/unread-count
2026-09-06T10:55:40.570Z [INFO] [http] GET /api/v1/notifications/unread-count
2026-09-06T10:56:05.177Z [INFO] [slaReminder] SLA_SCAN cases=1 respRemind=0 respEsc=0 closureRemind=0 closureEsc=0 surveyExpired=0
2026-09-06T10:56:10.269Z [INFO] [http] GET /api/v1/notifications/unread-count
2026-09-06T10:56:40.572Z [INFO] [http] GET /api/v1/notifications/unread-count
2026-09-06T10:57:05.187Z [INFO] [slaReminder] SLA_SCAN cases=1 respRemind=0 respEsc=0 closureRemind=0 closureEsc=0 surveyExpired=0
2026-09-06T10:57:10.272Z [INFO] [http] GET /api/v1/notifications/unread-count
2026-09-06T10:57:40.579Z [INFO] [http] GET /api/v1/notifications/unread-count
2026-09-06T10:58:05.201Z [INFO] [slaReminder] SLA_SCAN cases=1 respRemind=0 respEsc=0 closureRemind=0 closureEsc=0 surveyExpired=0
2026-09-06T10:58:10.270Z [INFO] [http] GET /api/v1/notifications/unread-count
2026-09-06T10:58:40.582Z [INFO] [http] GET /api/v1/notifications/unread-count
2026-09-06T10:59:05.206Z [INFO] [slaReminder] SLA_SCAN cases=1 respRemind=0 respEsc=0 closureRemind=0 closureEsc=0 surveyExpired=0
2026-09-06T10:59:10.272Z [INFO] [http] GET /api/v1/notifications/unread-count
2026-09-06T10:59:40.577Z [INFO] [http] GET /api/v1/notifications/unread-count
2026-09-06T11:00:05.220Z [INFO] [slaReminder] SLA_SCAN cases=1 respRemind=0 respEsc=0 closureRemind=0 closureEsc=0 surveyExpired=0
2026-09-06T11:00:10.270Z [INFO] [http] GET /api/v1/notifications/unread-count
2026-09-06T11:00:40.588Z [INFO] [http] GET /api/v1/notifications/unread-count
2026-09-06T11:01:05.236Z [INFO] [slaReminder] SLA_SCAN cases=1 respRemind=0 respEsc=0 closureRemind=0 closureEsc=0 surveyExpired=0
2026-09-06T11:01:10.261Z [INFO] [http] GET /api/v1/notifications/unread-count
2026-09-06T11:01:40.573Z [INFO] [http] GET /api/v1/notifications/unread-count
2026-09-06T11:02:05.248Z [INFO] [slaReminder] SLA_SCAN cases=1 respRemind=0 respEsc=0 closureRemind=0 closureEsc=0 surveyExpired=0
2026-09-06T11:02:10.264Z [INFO] [http] GET /api/v1/notifications/unread-count
2026-09-06T11:02:40.573Z [INFO] [http] GET /api/v1/notifications/unread-count
2026-09-06T11:03:05.261Z [INFO] [slaReminder] SLA_SCAN cases=1 respRemind=0 respEsc=0 closureRemind=0 closureEsc=0 surveyExpired=0
2026-09-06T11:03:10.271Z [INFO] [http] GET /api/v1/notifications/unread-count
2026-09-06T11:03:40.582Z [INFO] [http] GET /api/v1/notifications/unread-count
2026-09-06T11:04:05.268Z [INFO] [slaReminder] SLA_SCAN cases=1 respRemind=0 respEsc=0 closureRemind=0 closureEsc=0 surveyExpired=0
2026-09-06T11:04:10.267Z [INFO] [http] GET /api/v1/notifications/unread-count
2026-09-06T11:04:40.580Z [INFO] [http] GET /api/v1/notifications/unread-count
2026-09-06T11:05:05.273Z [INFO] [slaReminder] SLA_SCAN cases=1 respRemind=0 respEsc=0 closureRemind=0 closureEsc=0 surveyExpired=0
2026-09-06T11:05:10.271Z [INFO] [http] GET /api/v1/notifications/unread-count
2026-09-06T11:05:40.587Z [INFO] [http] GET /api/v1/notifications/unread-count
2026-09-06T11:06:05.288Z [INFO] [slaReminder] SLA_SCAN cases=1 respRemind=0 respEsc=0 closureRemind=0 closureEsc=0 surveyExpired=0
2026-09-06T11:06:10.271Z [INFO] [http] GET /api/v1/notifications/unread-count
2026-09-06T11:06:40.568Z [INFO] [http] GET /api/v1/notifications/unread-count
2026-09-06T11:07:05.303Z [INFO] [slaReminder] SLA_SCAN cases=1 respRemind=0 respEsc=0 closureRemind=0 closureEsc=0 surveyExpired=0
2026-09-06T11:07:10.266Z [INFO] [http] GET /api/v1/notifications/unread-count
2026-09-06T11:07:40.571Z [INFO] [http] GET /api/v1/notifications/unread-count
2026-09-06T11:08:05.312Z [INFO] [slaReminder] SLA_SCAN cases=1 respRemind=0 respEsc=0 closureRemind=0 closureEsc=0 surveyExpired=0
2026-09-06T11:08:10.262Z [INFO] [http] GET /api/v1/notifications/unread-count
2026-09-06T11:08:40.568Z [INFO] [http] GET /api/v1/notifications/unread-count
2026-09-06T11:09:05.324Z [INFO] [slaReminder] SLA_SCAN cases=1 respRemind=0 respEsc=0 closureRemind=0 closureEsc=0 surveyExpired=0
2026-09-06T11:09:10.265Z [INFO] [http] GET /api/v1/notifications/unread-count
2026-09-06T11:09:40.584Z [INFO] [http] GET /api/v1/notifications/unread-count
2026-09-06T11:10:05.333Z [INFO] [slaReminder] SLA_SCAN cases=1 respRemind=0 respEsc=0 closureRemind=0 closureEsc=0 surveyExpired=0
2026-09-06T11:10:10.585Z [INFO] [http] GET /api/v1/notifications/unread-count
2026-09-06T11:10:40.269Z [INFO] [http] GET /api/v1/notifications/unread-count
2026-09-06T11:11:05.342Z [INFO] [slaReminder] SLA_SCAN cases=1 respRemind=0 respEsc=0 closureRemind=0 closureEsc=0 surveyExpired=0
2026-09-06T11:11:10.584Z [INFO] [http] GET /api/v1/notifications/unread-count
2026-09-06T11:11:40.273Z [INFO] [http] GET /api/v1/notifications/unread-count
2026-09-06T11:12:05.358Z [INFO] [slaReminder] SLA_SCAN cases=1 respRemind=0 respEsc=0 closureRemind=0 closureEsc=0 surveyExpired=0
2026-09-06T11:12:10.575Z [INFO] [http] GET /api/v1/notifications/unread-count
2026-09-06T11:12:40.266Z [INFO] [http] GET /api/v1/notifications/unread-count
2026-09-06T11:13:05.361Z [INFO] [slaReminder] SLA_SCAN cases=1 respRemind=0 respEsc=0 closureRemind=0 closureEsc=0 surveyExpired=0
2026-09-06T11:13:10.581Z [INFO] [http] GET /api/v1/notifications/unread-count
2026-09-06T11:13:40.259Z [INFO] [http] GET /api/v1/notifications/unread-count
2026-09-06T11:14:05.375Z [INFO] [slaReminder] SLA_SCAN cases=1 respRemind=0 respEsc=0 closureRemind=0 closureEsc=0 surveyExpired=0
2026-09-06T11:14:10.571Z [INFO] [http] GET /api/v1/notifications/unread-count
2026-09-06T11:14:40.578Z [INFO] [http] GET /api/v1/notifications/unread-count
2026-09-06T11:15:05.379Z [INFO] [slaReminder] SLA_SCAN cases=1 respRemind=0 respEsc=0 closureRemind=0 closureEsc=0 surveyExpired=0
2026-09-06T11:15:10.268Z [INFO] [http] GET /api/v1/notifications/unread-count
2026-09-06T11:15:40.572Z [INFO] [http] GET /api/v1/notifications/unread-count
2026-09-06T11:16:05.390Z [INFO] [slaReminder] SLA_SCAN cases=1 respRemind=0 respEsc=0 closureRemind=0 closureEsc=0 surveyExpired=0
2026-09-06T11:16:10.267Z [INFO] [http] GET /api/v1/notifications/unread-count
2026-09-06T11:16:40.577Z [INFO] [http] GET /api/v1/notifications/unread-count
2026-09-06T11:17:05.399Z [INFO] [slaReminder] SLA_SCAN cases=1 respRemind=0 respEsc=0 closureRemind=0 closureEsc=0 surveyExpired=0
2026-09-06T11:17:10.266Z [INFO] [http] GET /api/v1/notifications/unread-count
2026-09-06T11:17:40.585Z [INFO] [http] GET /api/v1/notifications/unread-count
2026-09-06T11:18:05.406Z [INFO] [slaReminder] SLA_SCAN cases=1 respRemind=0 respEsc=0 closureRemind=0 closureEsc=0 surveyExpired=0
2026-09-06T11:18:10.274Z [INFO] [http] GET /api/v1/notifications/unread-count
2026-09-06T11:18:40.581Z [INFO] [http] GET /api/v1/notifications/unread-count
2026-09-06T11:19:05.413Z [INFO] [slaReminder] SLA_SCAN cases=1 respRemind=0 respEsc=0 closureRemind=0 closureEsc=0 surveyExpired=0
2026-09-06T11:19:10.584Z [INFO] [http] GET /api/v1/notifications/unread-count
2026-09-06T11:19:40.570Z [INFO] [http] GET /api/v1/notifications/unread-count
2026-09-06T11:20:05.419Z [INFO] [slaReminder] SLA_SCAN cases=1 respRemind=0 respEsc=0 closureRemind=0 closureEsc=0 surveyExpired=0
2026-09-06T11:20:10.580Z [INFO] [http] GET /api/v1/notifications/unread-count
2026-09-06T11:20:40.262Z [INFO] [http] GET /api/v1/notifications/unread-count
2026-09-06T11:21:05.428Z [INFO] [slaReminder] SLA_SCAN cases=1 respRemind=0 respEsc=0 closureRemind=0 closureEsc=0 surveyExpired=0
2026-09-06T11:21:10.573Z [INFO] [http] GET /api/v1/notifications/unread-count
2026-09-06T11:21:40.265Z [INFO] [http] GET /api/v1/notifications/unread-count
2026-09-06T11:22:05.437Z [INFO] [slaReminder] SLA_SCAN cases=1 respRemind=0 respEsc=0 closureRemind=0 closureEsc=0 surveyExpired=0
2026-09-06T11:22:10.573Z [INFO] [http] GET /api/v1/notifications/unread-count
2026-09-06T11:22:40.270Z [INFO] [http] GET /api/v1/notifications/unread-count
2026-09-06T11:23:05.451Z [INFO] [slaReminder] SLA_SCAN cases=1 respRemind=0 respEsc=0 closureRemind=0 closureEsc=0 surveyExpired=0
2026-09-06T11:23:10.580Z [INFO] [http] GET /api/v1/notifications/unread-count
2026-09-06T11:23:40.266Z [INFO] [http] GET /api/v1/notifications/unread-count
2026-09-06T11:24:05.462Z [INFO] [slaReminder] SLA_SCAN cases=1 respRemind=0 respEsc=0 closureRemind=0 closureEsc=0 surveyExpired=0
2026-09-06T11:24:10.599Z [INFO] [http] GET /api/v1/notifications/unread-count
2026-09-06T11:24:40.571Z [INFO] [http] GET /api/v1/notifications/unread-count
2026-09-06T11:25:05.470Z [INFO] [slaReminder] SLA_SCAN cases=1 respRemind=0 respEsc=0 closureRemind=0 closureEsc=0 surveyExpired=0
2026-09-06T11:25:10.571Z [INFO] [http] GET /api/v1/notifications/unread-count
2026-09-06T11:25:40.573Z [INFO] [http] GET /api/v1/notifications/unread-count
2026-09-06T11:26:05.482Z [INFO] [slaReminder] SLA_SCAN cases=1 respRemind=0 respEsc=0 closureRemind=0 closureEsc=0 surveyExpired=0
2026-09-06T11:26:10.576Z [INFO] [http] GET /api/v1/notifications/unread-count
2026-09-06T11:26:40.578Z [INFO] [http] GET /api/v1/notifications/unread-count
2026-09-06T11:27:05.483Z [INFO] [slaReminder] SLA_SCAN cases=1 respRemind=0 respEsc=0 closureRemind=0 closureEsc=0 surveyExpired=0
2026-09-06T11:27:10.264Z [INFO] [http] GET /api/v1/notifications/unread-count
2026-09-06T11:27:40.573Z [INFO] [http] GET /api/v1/notifications/unread-count
2026-09-06T11:28:05.492Z [INFO] [slaReminder] SLA_SCAN cases=1 respRemind=0 respEsc=0 closureRemind=0 closureEsc=0 surveyExpired=0
2026-09-06T11:28:10.275Z [INFO] [http] GET /api/v1/notifications/unread-count
2026-09-06T11:28:40.575Z [INFO] [http] GET /api/v1/notifications/unread-count
2026-09-06T11:29:05.497Z [INFO] [slaReminder] SLA_SCAN cases=1 respRemind=0 respEsc=0 closureRemind=0 closureEsc=0 surveyExpired=0
2026-09-06T11:29:10.579Z [INFO] [http] GET /api/v1/notifications/unread-count
2026-09-06T11:29:40.575Z [INFO] [http] GET /api/v1/notifications/unread-count
2026-09-06T11:30:05.503Z [INFO] [slaReminder] SLA_SCAN cases=1 respRemind=0 respEsc=0 closureRemind=0 closureEsc=0 surveyExpired=0
2026-09-06T11:30:10.574Z [INFO] [http] GET /api/v1/notifications/unread-count
2026-09-06T11:30:40.585Z [INFO] [http] GET /api/v1/notifications/unread-count
2026-09-06T11:31:05.516Z [INFO] [slaReminder] SLA_SCAN cases=1 respRemind=0 respEsc=0 closureRemind=0 closureEsc=0 surveyExpired=0
2026-09-06T11:31:10.576Z [INFO] [http] GET /api/v1/notifications/unread-count
2026-09-06T11:31:40.583Z [INFO] [http] GET /api/v1/notifications/unread-count
2026-09-06T11:32:05.525Z [INFO] [slaReminder] SLA_SCAN cases=1 respRemind=0 respEsc=0 closureRemind=0 closureEsc=0 surveyExpired=0
2026-09-06T11:32:10.635Z [INFO] [http] GET /api/v1/notifications/unread-count
2026-09-06T11:32:40.573Z [INFO] [http] GET /api/v1/notifications/unread-count
2026-09-06T11:33:05.531Z [INFO] [slaReminder] SLA_SCAN cases=1 respRemind=0 respEsc=0 closureRemind=0 closureEsc=0 surveyExpired=0
2026-09-06T11:33:10.576Z [INFO] [http] GET /api/v1/notifications/unread-count
2026-09-06T11:33:40.582Z [INFO] [http] GET /api/v1/notifications/unread-count
2026-09-06T11:34:05.545Z [INFO] [slaReminder] SLA_SCAN cases=1 respRemind=0 respEsc=0 closureRemind=0 closureEsc=0 surveyExpired=0
2026-09-06T11:34:10.577Z [INFO] [http] GET /api/v1/notifications/unread-count
2026-09-06T11:34:40.575Z [INFO] [http] GET /api/v1/notifications/unread-count
2026-09-06T11:35:05.558Z [INFO] [slaReminder] SLA_SCAN cases=1 respRemind=0 respEsc=0 closureRemind=0 closureEsc=0 surveyExpired=0
2026-09-06T11:35:10.580Z [INFO] [http] GET /api/v1/notifications/unread-count
2026-09-06T11:35:40.580Z [INFO] [http] GET /api/v1/notifications/unread-count
2026-09-06T11:36:05.571Z [INFO] [slaReminder] SLA_SCAN cases=1 respRemind=0 respEsc=0 closureRemind=0 closureEsc=0 surveyExpired=0
2026-09-06T11:36:10.569Z [INFO] [http] GET /api/v1/notifications/unread-count
2026-09-06T11:36:40.583Z [INFO] [http] GET /api/v1/notifications/unread-count
2026-09-06T11:37:05.574Z [INFO] [slaReminder] SLA_SCAN cases=1 respRemind=0 respEsc=0 closureRemind=0 closureEsc=0 surveyExpired=0
2026-09-06T11:37:10.568Z [INFO] [http] GET /api/v1/notifications/unread-count
2026-09-06T11:37:40.270Z [INFO] [http] GET /api/v1/notifications/unread-count
2026-09-06T11:38:05.590Z [INFO] [slaReminder] SLA_SCAN cases=1 respRemind=0 respEsc=0 closureRemind=0 closureEsc=0 surveyExpired=0
2026-09-06T11:38:10.580Z [INFO] [http] GET /api/v1/notifications/unread-count
2026-09-06T11:38:40.581Z [INFO] [http] GET /api/v1/notifications/unread-count
2026-09-06T11:39:05.598Z [INFO] [slaReminder] SLA_SCAN cases=1 respRemind=0 respEsc=0 closureRemind=0 closureEsc=0 surveyExpired=0
2026-09-06T11:39:10.267Z [INFO] [http] GET /api/v1/notifications/unread-count
2026-09-06T11:39:40.577Z [INFO] [http] GET /api/v1/notifications/unread-count
2026-09-06T11:40:05.612Z [INFO] [slaReminder] SLA_SCAN cases=1 respRemind=0 respEsc=0 closureRemind=0 closureEsc=0 surveyExpired=0
2026-09-06T11:40:10.259Z [INFO] [http] GET /api/v1/notifications/unread-count
2026-09-06T11:40:40.574Z [INFO] [http] GET /api/v1/notifications/unread-count
2026-09-06T11:41:05.617Z [INFO] [slaReminder] SLA_SCAN cases=1 respRemind=0 respEsc=0 closureRemind=0 closureEsc=0 surveyExpired=0
2026-09-06T11:41:10.261Z [INFO] [http] GET /api/v1/notifications/unread-count
2026-09-06T11:41:40.573Z [INFO] [http] GET /api/v1/notifications/unread-count
2026-09-06T11:42:05.630Z [INFO] [slaReminder] SLA_SCAN cases=1 respRemind=0 respEsc=0 closureRemind=0 closureEsc=0 surveyExpired=0
2026-09-06T11:42:10.265Z [INFO] [http] GET /api/v1/notifications/unread-count
2026-09-06T11:42:40.570Z [INFO] [http] GET /api/v1/notifications/unread-count
2026-09-06T11:43:05.634Z [INFO] [slaReminder] SLA_SCAN cases=1 respRemind=0 respEsc=0 closureRemind=0 closureEsc=0 surveyExpired=0
2026-09-06T11:43:10.267Z [INFO] [http] GET /api/v1/notifications/unread-count
2026-09-06T11:43:40.580Z [INFO] [http] GET /api/v1/notifications/unread-count
2026-09-06T11:44:05.641Z [INFO] [slaReminder] SLA_SCAN cases=1 respRemind=0 respEsc=0 closureRemind=0 closureEsc=0 surveyExpired=0
2026-09-06T11:44:10.591Z [INFO] [http] GET /api/v1/notifications/unread-count
2026-09-06T11:44:40.580Z [INFO] [http] GET /api/v1/notifications/unread-count
2026-09-06T11:45:05.656Z [INFO] [slaReminder] SLA_SCAN cases=1 respRemind=0 respEsc=0 closureRemind=0 closureEsc=0 surveyExpired=0
2026-09-06T11:45:10.573Z [INFO] [http] GET /api/v1/notifications/unread-count
2026-09-06T11:45:40.576Z [INFO] [http] GET /api/v1/notifications/unread-count
2026-09-06T11:46:05.660Z [INFO] [slaReminder] SLA_SCAN cases=1 respRemind=0 respEsc=0 closureRemind=0 closureEsc=0 surveyExpired=0
2026-09-06T11:46:10.267Z [INFO] [http] GET /api/v1/notifications/unread-count
2026-09-06T11:46:40.586Z [INFO] [http] GET /api/v1/notifications/unread-count
2026-09-06T11:47:05.673Z [INFO] [slaReminder] SLA_SCAN cases=1 respRemind=0 respEsc=0 closureRemind=0 closureEsc=0 surveyExpired=0
2026-09-06T11:47:10.283Z [INFO] [http] GET /api/v1/notifications/unread-count
2026-09-06T11:47:40.584Z [INFO] [http] GET /api/v1/notifications/unread-count
2026-09-06T11:48:05.682Z [INFO] [slaReminder] SLA_SCAN cases=1 respRemind=0 respEsc=0 closureRemind=0 closureEsc=0 surveyExpired=0
2026-09-06T11:48:10.272Z [INFO] [http] GET /api/v1/notifications/unread-count
2026-09-06T11:48:40.574Z [INFO] [http] GET /api/v1/notifications/unread-count
2026-09-06T11:49:05.684Z [INFO] [slaReminder] SLA_SCAN cases=1 respRemind=0 respEsc=0 closureRemind=0 closureEsc=0 surveyExpired=0
2026-09-06T11:49:10.262Z [INFO] [http] GET /api/v1/notifications/unread-count
2026-09-06T11:49:40.575Z [INFO] [http] GET /api/v1/notifications/unread-count
2026-09-06T11:50:05.696Z [INFO] [slaReminder] SLA_SCAN cases=1 respRemind=0 respEsc=0 closureRemind=0 closureEsc=0 surveyExpired=0
2026-09-06T11:50:10.274Z [INFO] [http] GET /api/v1/notifications/unread-count
2026-09-06T11:50:40.567Z [INFO] [http] GET /api/v1/notifications/unread-count
2026-09-06T11:51:05.704Z [INFO] [slaReminder] SLA_SCAN cases=1 respRemind=0 respEsc=0 closureRemind=0 closureEsc=0 surveyExpired=0
2026-09-06T11:51:10.268Z [INFO] [http] GET /api/v1/notifications/unread-count
2026-09-06T11:51:40.576Z [INFO] [http] GET /api/v1/notifications/unread-count
2026-09-06T11:52:05.718Z [INFO] [slaReminder] SLA_SCAN cases=1 respRemind=0 respEsc=0 closureRemind=0 closureEsc=0 surveyExpired=0
2026-09-06T11:52:10.276Z [INFO] [http] GET /api/v1/notifications/unread-count
2026-09-06T11:52:40.582Z [INFO] [http] GET /api/v1/notifications/unread-count
2026-09-06T11:53:05.721Z [INFO] [slaReminder] SLA_SCAN cases=1 respRemind=0 respEsc=0 closureRemind=0 closureEsc=0 surveyExpired=0
2026-09-06T11:53:10.274Z [INFO] [http] GET /api/v1/notifications/unread-count
2026-09-06T11:53:40.583Z [INFO] [http] GET /api/v1/notifications/unread-count
2026-09-06T11:54:05.720Z [INFO] [slaReminder] SLA_SCAN cases=1 respRemind=0 respEsc=0 closureRemind=0 closureEsc=0 surveyExpired=0
2026-09-06T11:54:10.261Z [INFO] [http] GET /api/v1/notifications/unread-count
2026-09-06T11:54:40.576Z [INFO] [http] GET /api/v1/notifications/unread-count
2026-09-06T11:55:05.721Z [INFO] [slaReminder] SLA_SCAN cases=1 respRemind=0 respEsc=0 closureRemind=0 closureEsc=0 surveyExpired=0
2026-09-06T11:55:10.261Z [INFO] [http] GET /api/v1/notifications/unread-count
2026-09-06T11:55:40.569Z [INFO] [http] GET /api/v1/notifications/unread-count
2026-09-06T11:56:05.721Z [INFO] [slaReminder] SLA_SCAN cases=1 respRemind=0 respEsc=0 closureRemind=0 closureEsc=0 surveyExpired=0
2026-09-06T11:56:10.259Z [INFO] [http] GET /api/v1/notifications/unread-count
2026-09-06T11:56:40.569Z [INFO] [http] GET /api/v1/notifications/unread-count
2026-09-06T11:57:05.726Z [INFO] [slaReminder] SLA_SCAN cases=1 respRemind=0 respEsc=0 closureRemind=0 closureEsc=0 surveyExpired=0
2026-09-06T11:57:10.266Z [INFO] [http] GET /api/v1/notifications/unread-count
2026-09-06T11:57:40.569Z [INFO] [http] GET /api/v1/notifications/unread-count
2026-09-06T11:58:05.734Z [INFO] [slaReminder] SLA_SCAN cases=1 respRemind=0 respEsc=0 closureRemind=0 closureEsc=0 surveyExpired=0
2026-09-06T11:58:10.260Z [INFO] [http] GET /api/v1/notifications/unread-count
2026-09-06T11:58:40.575Z [INFO] [http] GET /api/v1/notifications/unread-count
2026-09-06T11:59:05.749Z [INFO] [slaReminder] SLA_SCAN cases=1 respRemind=0 respEsc=0 closureRemind=0 closureEsc=0 surveyExpired=0
2026-09-06T11:59:10.261Z [INFO] [http] GET /api/v1/notifications/unread-count
2026-09-06T11:59:40.570Z [INFO] [http] GET /api/v1/notifications/unread-count
2026-09-06T12:00:05.755Z [INFO] [slaReminder] SLA_SCAN cases=1 respRemind=0 respEsc=0 closureRemind=0 closureEsc=0 surveyExpired=0
2026-09-06T12:00:10.263Z [INFO] [http] GET /api/v1/notifications/unread-count
2026-09-06T12:00:40.568Z [INFO] [http] GET /api/v1/notifications/unread-count
2026-09-06T12:01:05.762Z [INFO] [slaReminder] SLA_SCAN cases=1 respRemind=0 respEsc=0 closureRemind=0 closureEsc=0 surveyExpired=0
2026-09-06T12:01:10.264Z [INFO] [http] GET /api/v1/notifications/unread-count
2026-09-06T12:01:40.577Z [INFO] [http] GET /api/v1/notifications/unread-count
2026-09-06T12:02:05.774Z [INFO] [slaReminder] SLA_SCAN cases=1 respRemind=0 respEsc=0 closureRemind=0 closureEsc=0 surveyExpired=0
2026-09-06T12:02:10.275Z [INFO] [http] GET /api/v1/notifications/unread-count
2026-09-06T12:02:40.570Z [INFO] [http] GET /api/v1/notifications/unread-count
2026-09-06T12:03:05.784Z [INFO] [slaReminder] SLA_SCAN cases=1 respRemind=0 respEsc=0 closureRemind=0 closureEsc=0 surveyExpired=0
2026-09-06T12:03:10.268Z [INFO] [http] GET /api/v1/notifications/unread-count
2026-09-06T12:03:40.570Z [INFO] [http] GET /api/v1/notifications/unread-count
2026-09-06T12:04:05.789Z [INFO] [slaReminder] SLA_SCAN cases=1 respRemind=0 respEsc=0 closureRemind=0 closureEsc=0 surveyExpired=0
2026-09-06T12:04:10.258Z [INFO] [http] GET /api/v1/notifications/unread-count
2026-09-06T12:04:40.568Z [INFO] [http] GET /api/v1/notifications/unread-count
2026-09-06T12:05:05.790Z [INFO] [slaReminder] SLA_SCAN cases=1 respRemind=0 respEsc=0 closureRemind=0 closureEsc=0 surveyExpired=0
2026-09-06T12:05:10.258Z [INFO] [http] GET /api/v1/notifications/unread-count
2026-09-06T12:05:40.576Z [INFO] [http] GET /api/v1/notifications/unread-count
2026-09-06T12:06:05.807Z [INFO] [slaReminder] SLA_SCAN cases=1 respRemind=0 respEsc=0 closureRemind=0 closureEsc=0 surveyExpired=0
2026-09-06T12:06:10.262Z [INFO] [http] GET /api/v1/notifications/unread-count
2026-09-06T12:06:40.575Z [INFO] [http] GET /api/v1/notifications/unread-count
2026-09-06T12:07:05.811Z [INFO] [slaReminder] SLA_SCAN cases=1 respRemind=0 respEsc=0 closureRemind=0 closureEsc=0 surveyExpired=0
2026-09-06T12:07:10.254Z [INFO] [http] GET /api/v1/notifications/unread-count
2026-09-06T12:07:40.573Z [INFO] [http] GET /api/v1/notifications/unread-count
2026-09-06T12:08:05.821Z [INFO] [slaReminder] SLA_SCAN cases=1 respRemind=0 respEsc=0 closureRemind=0 closureEsc=0 surveyExpired=0
2026-09-06T12:08:10.268Z [INFO] [http] GET /api/v1/notifications/unread-count
2026-09-06T12:08:40.576Z [INFO] [http] GET /api/v1/notifications/unread-count
2026-09-06T12:09:05.826Z [INFO] [slaReminder] SLA_SCAN cases=1 respRemind=0 respEsc=0 closureRemind=0 closureEsc=0 surveyExpired=0
2026-09-06T12:09:10.258Z [INFO] [http] GET /api/v1/notifications/unread-count
2026-09-06T12:09:40.575Z [INFO] [http] GET /api/v1/notifications/unread-count
2026-09-06T12:10:05.841Z [INFO] [slaReminder] SLA_SCAN cases=1 respRemind=0 respEsc=0 closureRemind=0 closureEsc=0 surveyExpired=0
2026-09-06T12:10:10.264Z [INFO] [http] GET /api/v1/notifications/unread-count
2026-09-06T12:10:40.562Z [INFO] [http] GET /api/v1/notifications/unread-count
2026-09-06T12:11:05.855Z [INFO] [slaReminder] SLA_SCAN cases=1 respRemind=0 respEsc=0 closureRemind=0 closureEsc=0 surveyExpired=0
2026-09-06T12:11:10.255Z [INFO] [http] GET /api/v1/notifications/unread-count
2026-09-06T12:11:40.575Z [INFO] [http] GET /api/v1/notifications/unread-count
2026-09-06T12:12:05.871Z [INFO] [slaReminder] SLA_SCAN cases=1 respRemind=0 respEsc=0 closureRemind=0 closureEsc=0 surveyExpired=0
2026-09-06T12:12:10.250Z [INFO] [http] GET /api/v1/notifications/unread-count
2026-09-06T12:12:40.577Z [INFO] [http] GET /api/v1/notifications/unread-count
2026-09-06T12:13:05.875Z [INFO] [slaReminder] SLA_SCAN cases=1 respRemind=0 respEsc=0 closureRemind=0 closureEsc=0 surveyExpired=0
2026-09-06T12:13:10.262Z [INFO] [http] GET /api/v1/notifications/unread-count
2026-09-06T12:13:40.567Z [INFO] [http] GET /api/v1/notifications/unread-count
2026-09-06T12:14:05.878Z [INFO] [slaReminder] SLA_SCAN cases=1 respRemind=0 respEsc=0 closureRemind=0 closureEsc=0 surveyExpired=0
2026-09-06T12:14:10.260Z [INFO] [http] GET /api/v1/notifications/unread-count
2026-09-06T12:14:40.564Z [INFO] [http] GET /api/v1/notifications/unread-count
2026-09-06T12:15:05.892Z [INFO] [slaReminder] SLA_SCAN cases=1 respRemind=0 respEsc=0 closureRemind=0 closureEsc=0 surveyExpired=0
2026-09-06T12:15:10.262Z [INFO] [http] GET /api/v1/notifications/unread-count
2026-09-06T12:15:40.574Z [INFO] [http] GET /api/v1/notifications/unread-count
2026-09-06T12:16:05.905Z [INFO] [slaReminder] SLA_SCAN cases=1 respRemind=0 respEsc=0 closureRemind=0 closureEsc=0 surveyExpired=0
2026-09-06T12:16:10.262Z [INFO] [http] GET /api/v1/notifications/unread-count
2026-09-06T12:16:40.570Z [INFO] [http] GET /api/v1/notifications/unread-count
2026-09-06T12:17:05.910Z [INFO] [slaReminder] SLA_SCAN cases=1 respRemind=0 respEsc=0 closureRemind=0 closureEsc=0 surveyExpired=0
2026-09-06T12:17:10.251Z [INFO] [http] GET /api/v1/notifications/unread-count
2026-09-06T12:17:40.555Z [INFO] [http] GET /api/v1/notifications/unread-count
2026-09-06T12:18:05.925Z [INFO] [slaReminder] SLA_SCAN cases=1 respRemind=0 respEsc=0 closureRemind=0 closureEsc=0 surveyExpired=0
2026-09-06T12:18:10.257Z [INFO] [http] GET /api/v1/notifications/unread-count
2026-09-06T12:18:40.561Z [INFO] [http] GET /api/v1/notifications/unread-count
2026-09-06T12:19:05.928Z [INFO] [slaReminder] SLA_SCAN cases=1 respRemind=0 respEsc=0 closureRemind=0 closureEsc=0 surveyExpired=0
2026-09-06T12:19:10.256Z [INFO] [http] GET /api/v1/notifications/unread-count
2026-09-06T12:19:40.562Z [INFO] [http] GET /api/v1/notifications/unread-count
2026-09-06T12:20:05.931Z [INFO] [slaReminder] SLA_SCAN cases=1 respRemind=0 respEsc=0 closureRemind=0 closureEsc=0 surveyExpired=0
2026-09-06T12:20:10.574Z [INFO] [http] GET /api/v1/notifications/unread-count
2026-09-06T12:20:40.257Z [INFO] [http] GET /api/v1/notifications/unread-count
2026-09-06T12:21:05.957Z [INFO] [slaReminder] SLA_SCAN cases=1 respRemind=0 respEsc=0 closureRemind=0 closureEsc=0 surveyExpired=0
2026-09-06T12:21:10.560Z [INFO] [http] GET /api/v1/notifications/unread-count
2026-09-06T12:21:40.251Z [INFO] [http] GET /api/v1/notifications/unread-count
2026-09-06T12:22:05.972Z [INFO] [slaReminder] SLA_SCAN cases=1 respRemind=0 respEsc=0 closureRemind=0 closureEsc=0 surveyExpired=0
2026-09-06T12:22:10.573Z [INFO] [http] GET /api/v1/notifications/unread-count
2026-09-06T12:22:40.258Z [INFO] [http] GET /api/v1/notifications/unread-count
2026-09-06T12:23:05.980Z [INFO] [slaReminder] SLA_SCAN cases=1 respRemind=0 respEsc=0 closureRemind=0 closureEsc=0 surveyExpired=0
2026-09-06T12:23:10.567Z [INFO] [http] GET /api/v1/notifications/unread-count
2026-09-06T12:23:40.249Z [INFO] [http] GET /api/v1/notifications/unread-count
2026-09-06T12:24:05.994Z [INFO] [slaReminder] SLA_SCAN cases=1 respRemind=0 respEsc=0 closureRemind=0 closureEsc=0 surveyExpired=0
2026-09-06T12:24:10.572Z [INFO] [http] GET /api/v1/notifications/unread-count
2026-09-06T12:24:40.568Z [INFO] [http] GET /api/v1/notifications/unread-count
2026-09-06T12:25:06.007Z [INFO] [slaReminder] SLA_SCAN cases=1 respRemind=0 respEsc=0 closureRemind=0 closureEsc=0 surveyExpired=0
2026-09-06T12:25:10.566Z [INFO] [http] GET /api/v1/notifications/unread-count
2026-09-06T12:25:40.568Z [INFO] [http] GET /api/v1/notifications/unread-count
2026-09-06T12:26:06.019Z [INFO] [slaReminder] SLA_SCAN cases=1 respRemind=0 respEsc=0 closureRemind=0 closureEsc=0 surveyExpired=0
2026-09-06T12:26:10.559Z [INFO] [http] GET /api/v1/notifications/unread-count
2026-09-06T12:26:40.257Z [INFO] [http] GET /api/v1/notifications/unread-count
2026-09-06T12:27:06.025Z [INFO] [slaReminder] SLA_SCAN cases=1 respRemind=0 respEsc=0 closureRemind=0 closureEsc=0 surveyExpired=0
2026-09-06T12:27:10.562Z [INFO] [http] GET /api/v1/notifications/unread-count
2026-09-06T12:27:40.258Z [INFO] [http] GET /api/v1/notifications/unread-count
2026-09-06T12:28:06.034Z [INFO] [slaReminder] SLA_SCAN cases=1 respRemind=0 respEsc=0 closureRemind=0 closureEsc=0 surveyExpired=0
2026-09-06T12:28:10.556Z [INFO] [http] GET /api/v1/notifications/unread-count
2026-09-06T12:28:40.561Z [INFO] [http] GET /api/v1/notifications/unread-count
2026-09-06T12:29:06.049Z [INFO] [slaReminder] SLA_SCAN cases=1 respRemind=0 respEsc=0 closureRemind=0 closureEsc=0 surveyExpired=0
2026-09-06T12:29:10.567Z [INFO] [http] GET /api/v1/notifications/unread-count
2026-09-06T12:29:40.562Z [INFO] [http] GET /api/v1/notifications/unread-count
2026-09-06T12:30:06.057Z [INFO] [slaReminder] SLA_SCAN cases=1 respRemind=0 respEsc=0 closureRemind=0 closureEsc=0 surveyExpired=0
2026-09-06T12:30:10.552Z [INFO] [http] GET /api/v1/notifications/unread-count
2026-09-06T12:30:40.559Z [INFO] [http] GET /api/v1/notifications/unread-count
2026-09-06T12:31:06.067Z [INFO] [slaReminder] SLA_SCAN cases=1 respRemind=0 respEsc=0 closureRemind=0 closureEsc=0 surveyExpired=0
2026-09-06T12:31:10.569Z [INFO] [http] GET /api/v1/notifications/unread-count
2026-09-06T12:31:40.554Z [INFO] [http] GET /api/v1/notifications/unread-count
2026-09-06T12:32:06.072Z [INFO] [slaReminder] SLA_SCAN cases=1 respRemind=0 respEsc=0 closureRemind=0 closureEsc=0 surveyExpired=0
2026-09-06T12:32:10.570Z [INFO] [http] GET /api/v1/notifications/unread-count
2026-09-06T12:32:40.553Z [INFO] [http] GET /api/v1/notifications/unread-count
2026-09-06T12:33:06.076Z [INFO] [slaReminder] SLA_SCAN cases=1 respRemind=0 respEsc=0 closureRemind=0 closureEsc=0 surveyExpired=0
2026-09-06T12:33:10.605Z [INFO] [http] GET /api/v1/notifications/unread-count
2026-09-06T12:33:40.564Z [INFO] [http] GET /api/v1/notifications/unread-count
2026-09-06T12:34:06.080Z [INFO] [slaReminder] SLA_SCAN cases=1 respRemind=0 respEsc=0 closureRemind=0 closureEsc=0 surveyExpired=0
2026-09-06T12:34:10.555Z [INFO] [http] GET /api/v1/notifications/unread-count
2026-09-06T12:34:40.565Z [INFO] [http] GET /api/v1/notifications/unread-count
2026-09-06T12:35:06.092Z [INFO] [slaReminder] SLA_SCAN cases=1 respRemind=0 respEsc=0 closureRemind=0 closureEsc=0 surveyExpired=0
2026-09-06T12:35:10.558Z [INFO] [http] GET /api/v1/notifications/unread-count
2026-09-06T12:35:40.564Z [INFO] [http] GET /api/v1/notifications/unread-count
2026-09-06T12:36:06.095Z [INFO] [slaReminder] SLA_SCAN cases=1 respRemind=0 respEsc=0 closureRemind=0 closureEsc=0 surveyExpired=0
2026-09-06T12:36:10.250Z [INFO] [http] GET /api/v1/notifications/unread-count
2026-09-06T12:36:40.566Z [INFO] [http] GET /api/v1/notifications/unread-count
2026-09-06T12:37:06.109Z [INFO] [slaReminder] SLA_SCAN cases=1 respRemind=0 respEsc=0 closureRemind=0 closureEsc=0 surveyExpired=0
2026-09-06T12:37:10.249Z [INFO] [http] GET /api/v1/notifications/unread-count
2026-09-06T12:37:40.556Z [INFO] [http] GET /api/v1/notifications/unread-count
2026-09-06T12:38:06.125Z [INFO] [slaReminder] SLA_SCAN cases=1 respRemind=0 respEsc=0 closureRemind=0 closureEsc=0 surveyExpired=0
2026-09-06T12:38:10.247Z [INFO] [http] GET /api/v1/notifications/unread-count
2026-09-06T12:38:40.553Z [INFO] [http] GET /api/v1/notifications/unread-count
2026-09-06T12:39:06.126Z [INFO] [slaReminder] SLA_SCAN cases=1 respRemind=0 respEsc=0 closureRemind=0 closureEsc=0 surveyExpired=0
2026-09-06T12:39:10.573Z [INFO] [http] GET /api/v1/notifications/unread-count
2026-09-06T12:39:40.572Z [INFO] [http] GET /api/v1/notifications/unread-count
2026-09-06T12:40:06.129Z [INFO] [slaReminder] SLA_SCAN cases=1 respRemind=0 respEsc=0 closureRemind=0 closureEsc=0 surveyExpired=0
2026-09-06T12:40:10.564Z [INFO] [http] GET /api/v1/notifications/unread-count
2026-09-06T12:40:40.245Z [INFO] [http] GET /api/v1/notifications/unread-count
2026-09-06T12:41:06.144Z [INFO] [slaReminder] SLA_SCAN cases=1 respRemind=0 respEsc=0 closureRemind=0 closureEsc=0 surveyExpired=0
2026-09-06T12:41:10.562Z [INFO] [http] GET /api/v1/notifications/unread-count
2026-09-06T12:41:40.557Z [INFO] [http] GET /api/v1/notifications/unread-count
2026-09-06T12:42:06.148Z [INFO] [slaReminder] SLA_SCAN cases=1 respRemind=0 respEsc=0 closureRemind=0 closureEsc=0 surveyExpired=0
2026-09-06T12:42:10.549Z [INFO] [http] GET /api/v1/notifications/unread-count
2026-09-06T12:42:40.253Z [INFO] [http] GET /api/v1/notifications/unread-count
2026-09-06T12:43:06.159Z [INFO] [slaReminder] SLA_SCAN cases=1 respRemind=0 respEsc=0 closureRemind=0 closureEsc=0 surveyExpired=0
2026-09-06T12:43:10.548Z [INFO] [http] GET /api/v1/notifications/unread-count
2026-09-06T12:43:40.244Z [INFO] [http] GET /api/v1/notifications/unread-count
2026-09-06T12:44:06.174Z [INFO] [slaReminder] SLA_SCAN cases=1 respRemind=0 respEsc=0 closureRemind=0 closureEsc=0 surveyExpired=0
2026-09-06T12:44:10.565Z [INFO] [http] GET /api/v1/notifications/unread-count
2026-09-06T12:44:40.551Z [INFO] [http] GET /api/v1/notifications/unread-count
2026-09-06T12:45:06.187Z [INFO] [slaReminder] SLA_SCAN cases=1 respRemind=0 respEsc=0 closureRemind=0 closureEsc=0 surveyExpired=0
2026-09-06T12:45:10.554Z [INFO] [http] GET /api/v1/notifications/unread-count
2026-09-06T12:45:40.557Z [INFO] [http] GET /api/v1/notifications/unread-count
2026-09-06T12:46:06.200Z [INFO] [slaReminder] SLA_SCAN cases=1 respRemind=0 respEsc=0 closureRemind=0 closureEsc=0 surveyExpired=0
2026-09-06T12:46:10.243Z [INFO] [http] GET /api/v1/notifications/unread-count
2026-09-06T12:46:40.555Z [INFO] [http] GET /api/v1/notifications/unread-count
2026-09-06T12:47:06.206Z [INFO] [slaReminder] SLA_SCAN cases=1 respRemind=0 respEsc=0 closureRemind=0 closureEsc=0 surveyExpired=0
2026-09-06T12:47:10.256Z [INFO] [http] GET /api/v1/notifications/unread-count
2026-09-06T12:47:40.549Z [INFO] [http] GET /api/v1/notifications/unread-count
2026-09-06T12:48:06.215Z [INFO] [slaReminder] SLA_SCAN cases=1 respRemind=0 respEsc=0 closureRemind=0 closureEsc=0 surveyExpired=0
2026-09-06T12:48:10.250Z [INFO] [http] GET /api/v1/notifications/unread-count
2026-09-06T12:48:40.562Z [INFO] [http] GET /api/v1/notifications/unread-count
2026-09-06T12:49:06.218Z [INFO] [slaReminder] SLA_SCAN cases=1 respRemind=0 respEsc=0 closureRemind=0 closureEsc=0 surveyExpired=0
2026-09-06T12:49:10.252Z [INFO] [http] GET /api/v1/notifications/unread-count
2026-09-06T12:49:40.559Z [INFO] [http] GET /api/v1/notifications/unread-count
2026-09-06T12:50:06.229Z [INFO] [slaReminder] SLA_SCAN cases=1 respRemind=0 respEsc=0 closureRemind=0 closureEsc=0 surveyExpired=0
2026-09-06T12:50:10.557Z [INFO] [http] GET /api/v1/notifications/unread-count
2026-09-06T12:50:40.555Z [INFO] [http] GET /api/v1/notifications/unread-count
2026-09-06T12:51:06.241Z [INFO] [slaReminder] SLA_SCAN cases=1 respRemind=0 respEsc=0 closureRemind=0 closureEsc=0 surveyExpired=0
2026-09-06T12:51:10.557Z [INFO] [http] GET /api/v1/notifications/unread-count
2026-09-06T12:51:40.560Z [INFO] [http] GET /api/v1/notifications/unread-count
2026-09-06T12:52:06.258Z [INFO] [slaReminder] SLA_SCAN cases=1 respRemind=0 respEsc=0 closureRemind=0 closureEsc=0 surveyExpired=0
2026-09-06T12:52:10.552Z [INFO] [http] GET /api/v1/notifications/unread-count
2026-09-06T12:52:40.549Z [INFO] [http] GET /api/v1/notifications/unread-count
2026-09-06T12:53:06.264Z [INFO] [slaReminder] SLA_SCAN cases=1 respRemind=0 respEsc=0 closureRemind=0 closureEsc=0 surveyExpired=0
2026-09-06T12:53:10.556Z [INFO] [http] GET /api/v1/notifications/unread-count
2026-09-06T12:53:40.554Z [INFO] [http] GET /api/v1/notifications/unread-count
2026-09-06T12:54:06.264Z [INFO] [slaReminder] SLA_SCAN cases=1 respRemind=0 respEsc=0 closureRemind=0 closureEsc=0 surveyExpired=0
2026-09-06T12:54:10.551Z [INFO] [http] GET /api/v1/notifications/unread-count
2026-09-06T12:54:40.555Z [INFO] [http] GET /api/v1/notifications/unread-count
2026-09-06T12:55:06.264Z [INFO] [slaReminder] SLA_SCAN cases=1 respRemind=0 respEsc=0 closureRemind=0 closureEsc=0 surveyExpired=0
2026-09-06T12:55:10.558Z [INFO] [http] GET /api/v1/notifications/unread-count
2026-09-06T12:55:40.546Z [INFO] [http] GET /api/v1/notifications/unread-count
2026-09-06T12:56:06.279Z [INFO] [slaReminder] SLA_SCAN cases=1 respRemind=0 respEsc=0 closureRemind=0 closureEsc=0 surveyExpired=0
2026-09-06T12:56:10.548Z [INFO] [http] GET /api/v1/notifications/unread-count
2026-09-06T12:56:40.564Z [INFO] [http] GET /api/v1/notifications/unread-count
2026-09-06T12:57:06.284Z [INFO] [slaReminder] SLA_SCAN cases=1 respRemind=0 respEsc=0 closureRemind=0 closureEsc=0 surveyExpired=0
2026-09-06T12:57:10.245Z [INFO] [http] GET /api/v1/notifications/unread-count
2026-09-06T12:57:40.551Z [INFO] [http] GET /api/v1/notifications/unread-count
2026-09-06T12:58:06.284Z [INFO] [slaReminder] SLA_SCAN cases=1 respRemind=0 respEsc=0 closureRemind=0 closureEsc=0 surveyExpired=0
2026-09-06T12:58:10.250Z [INFO] [http] GET /api/v1/notifications/unread-count
2026-09-06T12:58:40.552Z [INFO] [http] GET /api/v1/notifications/unread-count
2026-09-06T12:59:06.292Z [INFO] [slaReminder] SLA_SCAN cases=1 respRemind=0 respEsc=0 closureRemind=0 closureEsc=0 surveyExpired=0
2026-09-06T12:59:10.561Z [INFO] [http] GET /api/v1/notifications/unread-count
2026-09-06T12:59:40.544Z [INFO] [http] GET /api/v1/notifications/unread-count
2026-09-06T13:00:06.307Z [INFO] [slaReminder] SLA_SCAN cases=1 respRemind=0 respEsc=0 closureRemind=0 closureEsc=0 surveyExpired=0
2026-09-06T13:00:10.557Z [INFO] [http] GET /api/v1/notifications/unread-count
2026-09-06T13:00:40.242Z [INFO] [http] GET /api/v1/notifications/unread-count
2026-09-06T13:01:06.312Z [INFO] [slaReminder] SLA_SCAN cases=1 respRemind=0 respEsc=0 closureRemind=0 closureEsc=0 surveyExpired=0
2026-09-06T13:01:10.556Z [INFO] [http] GET /api/v1/notifications/unread-count
2026-09-06T13:01:40.248Z [INFO] [http] GET /api/v1/notifications/unread-count
2026-09-06T13:02:06.327Z [INFO] [slaReminder] SLA_SCAN cases=1 respRemind=0 respEsc=0 closureRemind=0 closureEsc=0 surveyExpired=0
2026-09-06T13:02:10.565Z [INFO] [http] GET /api/v1/notifications/unread-count
2026-09-06T13:02:40.564Z [INFO] [http] GET /api/v1/notifications/unread-count
2026-09-06T13:03:06.343Z [INFO] [slaReminder] SLA_SCAN cases=1 respRemind=0 respEsc=0 closureRemind=0 closureEsc=0 surveyExpired=0
2026-09-06T13:03:10.238Z [INFO] [http] GET /api/v1/notifications/unread-count
2026-09-06T13:03:40.554Z [INFO] [http] GET /api/v1/notifications/unread-count
2026-09-06T13:04:06.350Z [INFO] [slaReminder] SLA_SCAN cases=1 respRemind=0 respEsc=0 closureRemind=0 closureEsc=0 surveyExpired=0
2026-09-06T13:04:10.559Z [INFO] [http] GET /api/v1/notifications/unread-count
2026-09-06T13:04:40.546Z [INFO] [http] GET /api/v1/notifications/unread-count
2026-09-06T13:05:06.352Z [INFO] [slaReminder] SLA_SCAN cases=1 respRemind=0 respEsc=0 closureRemind=0 closureEsc=0 surveyExpired=0
2026-09-06T13:05:10.559Z [INFO] [http] GET /api/v1/notifications/unread-count
2026-09-06T13:05:40.554Z [INFO] [http] GET /api/v1/notifications/unread-count
2026-09-06T13:06:06.358Z [INFO] [slaReminder] SLA_SCAN cases=1 respRemind=0 respEsc=0 closureRemind=0 closureEsc=0 surveyExpired=0
2026-09-06T13:06:10.550Z [INFO] [http] GET /api/v1/notifications/unread-count
2026-09-06T13:06:40.551Z [INFO] [http] GET /api/v1/notifications/unread-count
2026-09-06T13:07:06.367Z [INFO] [slaReminder] SLA_SCAN cases=1 respRemind=0 respEsc=0 closureRemind=0 closureEsc=0 surveyExpired=0
2026-09-06T13:07:10.545Z [INFO] [http] GET /api/v1/notifications/unread-count
2026-09-06T13:07:40.546Z [INFO] [http] GET /api/v1/notifications/unread-count
2026-09-06T13:08:06.373Z [INFO] [slaReminder] SLA_SCAN cases=1 respRemind=0 respEsc=0 closureRemind=0 closureEsc=0 surveyExpired=0
2026-09-06T13:08:10.560Z [INFO] [http] GET /api/v1/notifications/unread-count
2026-09-06T13:08:40.546Z [INFO] [http] GET /api/v1/notifications/unread-count
2026-09-06T13:09:06.378Z [INFO] [slaReminder] SLA_SCAN cases=1 respRemind=0 respEsc=0 closureRemind=0 closureEsc=0 surveyExpired=0
2026-09-06T13:09:10.548Z [INFO] [http] GET /api/v1/notifications/unread-count
2026-09-06T13:09:40.553Z [INFO] [http] GET /api/v1/notifications/unread-count
2026-09-06T13:10:06.392Z [INFO] [slaReminder] SLA_SCAN cases=1 respRemind=0 respEsc=0 closureRemind=0 closureEsc=0 surveyExpired=0
2026-09-06T13:10:10.553Z [INFO] [http] GET /api/v1/notifications/unread-count
2026-09-06T13:10:40.553Z [INFO] [http] GET /api/v1/notifications/unread-count
2026-09-06T13:11:06.402Z [INFO] [slaReminder] SLA_SCAN cases=1 respRemind=0 respEsc=0 closureRemind=0 closureEsc=0 surveyExpired=0
2026-09-06T13:11:10.236Z [INFO] [http] GET /api/v1/notifications/unread-count
2026-09-06T13:11:40.545Z [INFO] [http] GET /api/v1/notifications/unread-count
2026-09-06T13:12:06.409Z [INFO] [slaReminder] SLA_SCAN cases=1 respRemind=0 respEsc=0 closureRemind=0 closureEsc=0 surveyExpired=0
2026-09-06T13:12:10.547Z [INFO] [http] GET /api/v1/notifications/unread-count
2026-09-06T13:12:40.234Z [INFO] [http] GET /api/v1/notifications/unread-count
2026-09-06T13:13:06.416Z [INFO] [slaReminder] SLA_SCAN cases=1 respRemind=0 respEsc=0 closureRemind=0 closureEsc=0 surveyExpired=0
2026-09-06T13:13:10.551Z [INFO] [http] GET /api/v1/notifications/unread-count
2026-09-06T13:13:40.233Z [INFO] [http] GET /api/v1/notifications/unread-count
2026-09-06T13:14:06.425Z [INFO] [slaReminder] SLA_SCAN cases=1 respRemind=0 respEsc=0 closureRemind=0 closureEsc=0 surveyExpired=0
2026-09-06T13:14:10.545Z [INFO] [http] GET /api/v1/notifications/unread-count
2026-09-06T13:14:40.557Z [INFO] [http] GET /api/v1/notifications/unread-count
2026-09-06T13:15:06.432Z [INFO] [slaReminder] SLA_SCAN cases=1 respRemind=0 respEsc=0 closureRemind=0 closureEsc=0 surveyExpired=0
2026-09-06T13:15:10.547Z [INFO] [http] GET /api/v1/notifications/unread-count
2026-09-06T13:15:40.550Z [INFO] [http] GET /api/v1/notifications/unread-count
2026-09-06T13:16:06.431Z [INFO] [slaReminder] SLA_SCAN cases=1 respRemind=0 respEsc=0 closureRemind=0 closureEsc=0 surveyExpired=0
2026-09-06T13:16:10.555Z [INFO] [http] GET /api/v1/notifications/unread-count
2026-09-06T13:16:40.237Z [INFO] [http] GET /api/v1/notifications/unread-count
2026-09-06T13:17:06.431Z [INFO] [slaReminder] SLA_SCAN cases=1 respRemind=0 respEsc=0 closureRemind=0 closureEsc=0 surveyExpired=0
2026-09-06T13:17:10.555Z [INFO] [http] GET /api/v1/notifications/unread-count
2026-09-06T13:17:40.232Z [INFO] [http] GET /api/v1/notifications/unread-count
2026-09-06T13:18:06.437Z [INFO] [slaReminder] SLA_SCAN cases=1 respRemind=0 respEsc=0 closureRemind=0 closureEsc=0 surveyExpired=0
2026-09-06T13:18:10.547Z [INFO] [http] GET /api/v1/notifications/unread-count
2026-09-06T13:18:40.538Z [INFO] [http] GET /api/v1/notifications/unread-count
2026-09-06T13:19:06.448Z [INFO] [slaReminder] SLA_SCAN cases=1 respRemind=0 respEsc=0 closureRemind=0 closureEsc=0 surveyExpired=0
2026-09-06T13:19:10.554Z [INFO] [http] GET /api/v1/notifications/unread-count
2026-09-06T13:19:40.541Z [INFO] [http] GET /api/v1/notifications/unread-count
2026-09-06T13:20:06.461Z [INFO] [slaReminder] SLA_SCAN cases=1 respRemind=0 respEsc=0 closureRemind=0 closureEsc=0 surveyExpired=0
2026-09-06T13:20:10.542Z [INFO] [http] GET /api/v1/notifications/unread-count
2026-09-06T13:20:40.549Z [INFO] [http] GET /api/v1/notifications/unread-count
2026-09-06T13:21:06.475Z [INFO] [slaReminder] SLA_SCAN cases=1 respRemind=0 respEsc=0 closureRemind=0 closureEsc=0 surveyExpired=0
2026-09-06T13:21:10.552Z [INFO] [http] GET /api/v1/notifications/unread-count
2026-09-06T13:21:40.548Z [INFO] [http] GET /api/v1/notifications/unread-count
2026-09-06T13:22:06.485Z [INFO] [slaReminder] SLA_SCAN cases=1 respRemind=0 respEsc=0 closureRemind=0 closureEsc=0 surveyExpired=0
2026-09-06T13:22:10.540Z [INFO] [http] GET /api/v1/notifications/unread-count
2026-09-06T13:22:40.555Z [INFO] [http] GET /api/v1/notifications/unread-count
2026-09-06T13:23:06.487Z [INFO] [slaReminder] SLA_SCAN cases=1 respRemind=0 respEsc=0 closureRemind=0 closureEsc=0 surveyExpired=0
2026-09-06T13:23:10.548Z [INFO] [http] GET /api/v1/notifications/unread-count
2026-09-06T13:23:40.540Z [INFO] [http] GET /api/v1/notifications/unread-count
2026-09-06T13:24:06.491Z [INFO] [slaReminder] SLA_SCAN cases=1 respRemind=0 respEsc=0 closureRemind=0 closureEsc=0 surveyExpired=0
2026-09-06T13:24:10.544Z [INFO] [http] GET /api/v1/notifications/unread-count
2026-09-06T13:24:40.549Z [INFO] [http] GET /api/v1/notifications/unread-count
2026-09-06T13:25:06.503Z [INFO] [slaReminder] SLA_SCAN cases=1 respRemind=0 respEsc=0 closureRemind=0 closureEsc=0 surveyExpired=0
2026-09-06T13:25:10.548Z [INFO] [http] GET /api/v1/notifications/unread-count
2026-09-06T13:25:40.549Z [INFO] [http] GET /api/v1/notifications/unread-count
2026-09-06T13:26:06.508Z [INFO] [slaReminder] SLA_SCAN cases=1 respRemind=0 respEsc=0 closureRemind=0 closureEsc=0 surveyExpired=0
2026-09-06T13:26:10.541Z [INFO] [http] GET /api/v1/notifications/unread-count
2026-09-06T13:26:40.554Z [INFO] [http] GET /api/v1/notifications/unread-count
2026-09-06T13:27:06.513Z [INFO] [slaReminder] SLA_SCAN cases=1 respRemind=0 respEsc=0 closureRemind=0 closureEsc=0 surveyExpired=0
2026-09-06T13:27:10.240Z [INFO] [http] GET /api/v1/notifications/unread-count
2026-09-06T13:27:40.550Z [INFO] [http] GET /api/v1/notifications/unread-count
2026-09-06T13:28:06.519Z [INFO] [slaReminder] SLA_SCAN cases=1 respRemind=0 respEsc=0 closureRemind=0 closureEsc=0 surveyExpired=0
2026-09-06T13:28:10.229Z [INFO] [http] GET /api/v1/notifications/unread-count
2026-09-06T13:28:40.539Z [INFO] [http] GET /api/v1/notifications/unread-count
2026-09-06T13:29:06.528Z [INFO] [slaReminder] SLA_SCAN cases=1 respRemind=0 respEsc=0 closureRemind=0 closureEsc=0 surveyExpired=0
2026-09-06T13:29:10.538Z [INFO] [http] GET /api/v1/notifications/unread-count
2026-09-06T13:29:40.535Z [INFO] [http] GET /api/v1/notifications/unread-count
2026-09-06T13:30:06.533Z [INFO] [slaReminder] SLA_SCAN cases=1 respRemind=0 respEsc=0 closureRemind=0 closureEsc=0 surveyExpired=0
2026-09-06T13:30:10.546Z [INFO] [http] GET /api/v1/notifications/unread-count
2026-09-06T13:30:40.545Z [INFO] [http] GET /api/v1/notifications/unread-count
2026-09-06T13:31:06.548Z [INFO] [slaReminder] SLA_SCAN cases=1 respRemind=0 respEsc=0 closureRemind=0 closureEsc=0 surveyExpired=0
2026-09-06T13:31:10.229Z [INFO] [http] GET /api/v1/notifications/unread-count
2026-09-06T13:31:40.545Z [INFO] [http] GET /api/v1/notifications/unread-count
2026-09-06T13:32:06.553Z [INFO] [slaReminder] SLA_SCAN cases=1 respRemind=0 respEsc=0 closureRemind=0 closureEsc=0 surveyExpired=0
2026-09-06T13:32:10.238Z [INFO] [http] GET /api/v1/notifications/unread-count
2026-09-06T13:32:40.539Z [INFO] [http] GET /api/v1/notifications/unread-count
2026-09-06T13:33:06.566Z [INFO] [slaReminder] SLA_SCAN cases=1 respRemind=0 respEsc=0 closureRemind=0 closureEsc=0 surveyExpired=0
2026-09-06T13:33:10.230Z [INFO] [http] GET /api/v1/notifications/unread-count
2026-09-06T13:33:40.546Z [INFO] [http] GET /api/v1/notifications/unread-count
2026-09-06T13:34:06.579Z [INFO] [slaReminder] SLA_SCAN cases=1 respRemind=0 respEsc=0 closureRemind=0 closureEsc=0 surveyExpired=0
2026-09-06T13:34:10.551Z [INFO] [http] GET /api/v1/notifications/unread-count
2026-09-06T13:34:40.543Z [INFO] [http] GET /api/v1/notifications/unread-count
2026-09-06T13:35:06.595Z [INFO] [slaReminder] SLA_SCAN cases=1 respRemind=0 respEsc=0 closureRemind=0 closureEsc=0 surveyExpired=0
2026-09-06T13:35:10.547Z [INFO] [http] GET /api/v1/notifications/unread-count
2026-09-06T13:35:40.544Z [INFO] [http] GET /api/v1/notifications/unread-count
2026-09-06T13:36:06.611Z [INFO] [slaReminder] SLA_SCAN cases=1 respRemind=0 respEsc=0 closureRemind=0 closureEsc=0 surveyExpired=0
2026-09-06T13:36:10.547Z [INFO] [http] GET /api/v1/notifications/unread-count
2026-09-06T13:36:40.540Z [INFO] [http] GET /api/v1/notifications/unread-count
2026-09-06T13:37:06.618Z [INFO] [slaReminder] SLA_SCAN cases=1 respRemind=0 respEsc=0 closureRemind=0 closureEsc=0 surveyExpired=0
2026-09-06T13:37:10.243Z [INFO] [http] GET /api/v1/notifications/unread-count
2026-09-06T13:37:40.546Z [INFO] [http] GET /api/v1/notifications/unread-count
2026-09-06T13:38:06.620Z [INFO] [slaReminder] SLA_SCAN cases=1 respRemind=0 respEsc=0 closureRemind=0 closureEsc=0 surveyExpired=0
2026-09-06T13:38:10.238Z [INFO] [http] GET /api/v1/notifications/unread-count
2026-09-06T13:38:40.545Z [INFO] [http] GET /api/v1/notifications/unread-count
2026-09-06T13:39:06.622Z [INFO] [slaReminder] SLA_SCAN cases=1 respRemind=0 respEsc=0 closureRemind=0 closureEsc=0 surveyExpired=0
2026-09-06T13:39:10.546Z [INFO] [http] GET /api/v1/notifications/unread-count
2026-09-06T13:39:40.544Z [INFO] [http] GET /api/v1/notifications/unread-count
2026-09-06T13:40:06.632Z [INFO] [slaReminder] SLA_SCAN cases=1 respRemind=0 respEsc=0 closureRemind=0 closureEsc=0 surveyExpired=0
2026-09-06T13:40:10.536Z [INFO] [http] GET /api/v1/notifications/unread-count
2026-09-06T13:40:40.538Z [INFO] [http] GET /api/v1/notifications/unread-count
2026-09-06T13:41:06.646Z [INFO] [slaReminder] SLA_SCAN cases=1 respRemind=0 respEsc=0 closureRemind=0 closureEsc=0 surveyExpired=0
2026-09-06T13:41:10.231Z [INFO] [http] GET /api/v1/notifications/unread-count
2026-09-06T13:41:40.544Z [INFO] [http] GET /api/v1/notifications/unread-count
2026-09-06T13:42:06.653Z [INFO] [slaReminder] SLA_SCAN cases=1 respRemind=0 respEsc=0 closureRemind=0 closureEsc=0 surveyExpired=0
2026-09-06T13:42:10.237Z [INFO] [http] GET /api/v1/notifications/unread-count
2026-09-06T13:42:40.545Z [INFO] [http] GET /api/v1/notifications/unread-count
2026-09-06T13:43:06.653Z [INFO] [slaReminder] SLA_SCAN cases=1 respRemind=0 respEsc=0 closureRemind=0 closureEsc=0 surveyExpired=0
2026-09-06T13:43:10.232Z [INFO] [http] GET /api/v1/notifications/unread-count
2026-09-06T13:43:40.554Z [INFO] [http] GET /api/v1/notifications/unread-count
2026-09-06T13:44:06.658Z [INFO] [slaReminder] SLA_SCAN cases=1 respRemind=0 respEsc=0 closureRemind=0 closureEsc=0 surveyExpired=0
2026-09-06T13:44:10.229Z [INFO] [http] GET /api/v1/notifications/unread-count
2026-09-06T13:44:40.544Z [INFO] [http] GET /api/v1/notifications/unread-count
2026-09-06T13:45:06.665Z [INFO] [slaReminder] SLA_SCAN cases=1 respRemind=0 respEsc=0 closureRemind=0 closureEsc=0 surveyExpired=0
2026-09-06T13:45:10.543Z [INFO] [http] GET /api/v1/notifications/unread-count
2026-09-06T13:45:40.543Z [INFO] [http] GET /api/v1/notifications/unread-count
2026-09-06T13:46:06.665Z [INFO] [slaReminder] SLA_SCAN cases=1 respRemind=0 respEsc=0 closureRemind=0 closureEsc=0 surveyExpired=0
2026-09-06T13:46:10.536Z [INFO] [http] GET /api/v1/notifications/unread-count
2026-09-06T13:46:40.228Z [INFO] [http] GET /api/v1/notifications/unread-count
2026-09-06T13:47:06.677Z [INFO] [slaReminder] SLA_SCAN cases=1 respRemind=0 respEsc=0 closureRemind=0 closureEsc=0 surveyExpired=0
2026-09-06T13:47:10.540Z [INFO] [http] GET /api/v1/notifications/unread-count
2026-09-06T13:47:40.236Z [INFO] [http] GET /api/v1/notifications/unread-count
2026-09-06T13:48:06.690Z [INFO] [slaReminder] SLA_SCAN cases=1 respRemind=0 respEsc=0 closureRemind=0 closureEsc=0 surveyExpired=0
2026-09-06T13:48:10.536Z [INFO] [http] GET /api/v1/notifications/unread-count
2026-09-06T13:48:40.288Z [INFO] [http] GET /api/v1/notifications/unread-count
2026-09-06T13:49:06.700Z [INFO] [slaReminder] SLA_SCAN cases=1 respRemind=0 respEsc=0 closureRemind=0 closureEsc=0 surveyExpired=0
2026-09-06T13:49:10.543Z [INFO] [http] GET /api/v1/notifications/unread-count
2026-09-06T13:49:40.546Z [INFO] [http] GET /api/v1/notifications/unread-count
2026-09-06T13:50:06.711Z [INFO] [slaReminder] SLA_SCAN cases=1 respRemind=0 respEsc=0 closureRemind=0 closureEsc=0 surveyExpired=0
2026-09-06T13:50:10.231Z [INFO] [http] GET /api/v1/notifications/unread-count
2026-09-06T13:50:40.538Z [INFO] [http] GET /api/v1/notifications/unread-count
2026-09-06T13:51:06.737Z [INFO] [slaReminder] SLA_SCAN cases=1 respRemind=0 respEsc=0 closureRemind=0 closureEsc=0 surveyExpired=0
2026-09-06T13:51:10.224Z [INFO] [http] GET /api/v1/notifications/unread-count
2026-09-06T13:51:40.534Z [INFO] [http] GET /api/v1/notifications/unread-count
2026-09-06T13:52:06.752Z [INFO] [slaReminder] SLA_SCAN cases=1 respRemind=0 respEsc=0 closureRemind=0 closureEsc=0 surveyExpired=0
2026-09-06T13:52:10.235Z [INFO] [http] GET /api/v1/notifications/unread-count
2026-09-06T13:52:40.538Z [INFO] [http] GET /api/v1/notifications/unread-count
2026-09-06T13:53:06.754Z [INFO] [slaReminder] SLA_SCAN cases=1 respRemind=0 respEsc=0 closureRemind=0 closureEsc=0 surveyExpired=0
2026-09-06T13:53:10.237Z [INFO] [http] GET /api/v1/notifications/unread-count
2026-09-06T13:53:40.547Z [INFO] [http] GET /api/v1/notifications/unread-count
2026-09-06T13:54:06.763Z [INFO] [slaReminder] SLA_SCAN cases=1 respRemind=0 respEsc=0 closureRemind=0 closureEsc=0 surveyExpired=0
2026-09-06T13:54:10.250Z [INFO] [http] GET /api/v1/notifications/unread-count
2026-09-06T13:54:40.535Z [INFO] [http] GET /api/v1/notifications/unread-count
2026-09-06T13:55:06.775Z [INFO] [slaReminder] SLA_SCAN cases=1 respRemind=0 respEsc=0 closureRemind=0 closureEsc=0 surveyExpired=0
2026-09-06T13:55:10.547Z [INFO] [http] GET /api/v1/notifications/unread-count
2026-09-06T13:55:40.547Z [INFO] [http] GET /api/v1/notifications/unread-count
2026-09-06T13:56:06.788Z [INFO] [slaReminder] SLA_SCAN cases=1 respRemind=0 respEsc=0 closureRemind=0 closureEsc=0 surveyExpired=0
2026-09-06T13:56:10.541Z [INFO] [http] GET /api/v1/notifications/unread-count
2026-09-06T13:56:40.238Z [INFO] [http] GET /api/v1/notifications/unread-count
2026-09-06T13:57:06.796Z [INFO] [slaReminder] SLA_SCAN cases=1 respRemind=0 respEsc=0 closureRemind=0 closureEsc=0 surveyExpired=0
2026-09-06T13:57:10.542Z [INFO] [http] GET /api/v1/notifications/unread-count
2026-09-06T13:57:40.229Z [INFO] [http] GET /api/v1/notifications/unread-count
2026-09-06T13:58:06.801Z [INFO] [slaReminder] SLA_SCAN cases=1 respRemind=0 respEsc=0 closureRemind=0 closureEsc=0 surveyExpired=0
2026-09-06T13:58:10.540Z [INFO] [http] GET /api/v1/notifications/unread-count
2026-09-06T13:58:40.223Z [INFO] [http] GET /api/v1/notifications/unread-count
2026-09-06T13:59:06.804Z [INFO] [slaReminder] SLA_SCAN cases=1 respRemind=0 respEsc=0 closureRemind=0 closureEsc=0 surveyExpired=0
2026-09-06T13:59:10.531Z [INFO] [http] GET /api/v1/notifications/unread-count
2026-09-06T13:59:40.548Z [INFO] [http] GET /api/v1/notifications/unread-count
2026-09-06T14:00:06.805Z [INFO] [slaReminder] SLA_SCAN cases=1 respRemind=0 respEsc=0 closureRemind=0 closureEsc=0 surveyExpired=0
2026-09-06T14:00:10.222Z [INFO] [http] GET /api/v1/notifications/unread-count
2026-09-06T14:00:40.545Z [INFO] [http] GET /api/v1/notifications/unread-count
2026-09-06T14:01:06.822Z [INFO] [slaReminder] SLA_SCAN cases=1 respRemind=0 respEsc=0 closureRemind=0 closureEsc=0 surveyExpired=0
2026-09-06T14:01:10.228Z [INFO] [http] GET /api/v1/notifications/unread-count
2026-09-06T14:01:40.535Z [INFO] [http] GET /api/v1/notifications/unread-count
2026-09-06T14:02:06.832Z [INFO] [slaReminder] SLA_SCAN cases=1 respRemind=0 respEsc=0 closureRemind=0 closureEsc=0 surveyExpired=0
2026-09-06T14:02:10.222Z [INFO] [http] GET /api/v1/notifications/unread-count
2026-09-06T14:02:40.541Z [INFO] [http] GET /api/v1/notifications/unread-count
2026-09-06T14:03:06.834Z [INFO] [slaReminder] SLA_SCAN cases=1 respRemind=0 respEsc=0 closureRemind=0 closureEsc=0 surveyExpired=0
2026-09-06T14:03:10.225Z [INFO] [http] GET /api/v1/notifications/unread-count
2026-09-06T14:03:40.535Z [INFO] [http] GET /api/v1/notifications/unread-count
2026-09-06T14:04:06.838Z [INFO] [slaReminder] SLA_SCAN cases=1 respRemind=0 respEsc=0 closureRemind=0 closureEsc=0 surveyExpired=0
2026-09-06T14:04:10.529Z [INFO] [http] GET /api/v1/notifications/unread-count
2026-09-06T14:04:40.547Z [INFO] [http] GET /api/v1/notifications/unread-count
2026-09-06T14:05:06.842Z [INFO] [slaReminder] SLA_SCAN cases=1 respRemind=0 respEsc=0 closureRemind=0 closureEsc=0 surveyExpired=0
2026-09-06T14:05:10.535Z [INFO] [http] GET /api/v1/notifications/unread-count
2026-09-06T14:05:40.540Z [INFO] [http] GET /api/v1/notifications/unread-count
2026-09-06T14:06:06.851Z [INFO] [slaReminder] SLA_SCAN cases=1 respRemind=0 respEsc=0 closureRemind=0 closureEsc=0 surveyExpired=0
2026-09-06T14:06:10.225Z [INFO] [http] GET /api/v1/notifications/unread-count
2026-09-06T14:06:40.530Z [INFO] [http] GET /api/v1/notifications/unread-count
2026-09-06T14:07:06.856Z [INFO] [slaReminder] SLA_SCAN cases=1 respRemind=0 respEsc=0 closureRemind=0 closureEsc=0 surveyExpired=0
2026-09-06T14:07:10.224Z [INFO] [http] GET /api/v1/notifications/unread-count
2026-09-06T14:07:40.534Z [INFO] [http] GET /api/v1/notifications/unread-count
2026-09-06T14:08:06.861Z [INFO] [slaReminder] SLA_SCAN cases=1 respRemind=0 respEsc=0 closureRemind=0 closureEsc=0 surveyExpired=0
2026-09-06T14:08:10.221Z [INFO] [http] GET /api/v1/notifications/unread-count
2026-09-06T14:08:40.528Z [INFO] [http] GET /api/v1/notifications/unread-count
2026-09-06T14:09:06.873Z [INFO] [slaReminder] SLA_SCAN cases=1 respRemind=0 respEsc=0 closureRemind=0 closureEsc=0 surveyExpired=0
2026-09-06T14:09:10.544Z [INFO] [http] GET /api/v1/notifications/unread-count
2026-09-06T14:09:40.541Z [INFO] [http] GET /api/v1/notifications/unread-count
2026-09-06T14:10:06.875Z [INFO] [slaReminder] SLA_SCAN cases=1 respRemind=0 respEsc=0 closureRemind=0 closureEsc=0 surveyExpired=0
2026-09-06T14:10:10.531Z [INFO] [http] GET /api/v1/notifications/unread-count
2026-09-06T14:10:40.234Z [INFO] [http] GET /api/v1/notifications/unread-count
2026-09-06T14:11:06.880Z [INFO] [slaReminder] SLA_SCAN cases=1 respRemind=0 respEsc=0 closureRemind=0 closureEsc=0 surveyExpired=0
2026-09-06T14:11:10.536Z [INFO] [http] GET /api/v1/notifications/unread-count
2026-09-06T14:11:40.220Z [INFO] [http] GET /api/v1/notifications/unread-count
2026-09-06T14:12:06.883Z [INFO] [slaReminder] SLA_SCAN cases=1 respRemind=0 respEsc=0 closureRemind=0 closureEsc=0 surveyExpired=0
2026-09-06T14:12:10.544Z [INFO] [http] GET /api/v1/notifications/unread-count
2026-09-06T14:12:40.237Z [INFO] [http] GET /api/v1/notifications/unread-count
2026-09-06T14:13:06.886Z [INFO] [slaReminder] SLA_SCAN cases=1 respRemind=0 respEsc=0 closureRemind=0 closureEsc=0 surveyExpired=0
2026-09-06T14:13:10.543Z [INFO] [http] GET /api/v1/notifications/unread-count
2026-09-06T14:13:40.219Z [INFO] [http] GET /api/v1/notifications/unread-count
2026-09-06T14:14:06.894Z [INFO] [slaReminder] SLA_SCAN cases=1 respRemind=0 respEsc=0 closureRemind=0 closureEsc=0 surveyExpired=0
2026-09-06T14:14:10.535Z [INFO] [http] GET /api/v1/notifications/unread-count
2026-09-06T14:14:40.533Z [INFO] [http] GET /api/v1/notifications/unread-count
2026-09-06T14:15:06.900Z [INFO] [slaReminder] SLA_SCAN cases=1 respRemind=0 respEsc=0 closureRemind=0 closureEsc=0 surveyExpired=0
2026-09-06T14:15:10.533Z [INFO] [http] GET /api/v1/notifications/unread-count
2026-09-06T14:15:40.543Z [INFO] [http] GET /api/v1/notifications/unread-count
2026-09-06T14:16:06.908Z [INFO] [slaReminder] SLA_SCAN cases=1 respRemind=0 respEsc=0 closureRemind=0 closureEsc=0 surveyExpired=0
2026-09-06T14:16:10.223Z [INFO] [http] GET /api/v1/notifications/unread-count
2026-09-06T14:16:40.530Z [INFO] [http] GET /api/v1/notifications/unread-count
2026-09-06T14:17:06.920Z [INFO] [slaReminder] SLA_SCAN cases=1 respRemind=0 respEsc=0 closureRemind=0 closureEsc=0 surveyExpired=0
2026-09-06T14:17:10.235Z [INFO] [http] GET /api/v1/notifications/unread-count
2026-09-06T14:17:40.532Z [INFO] [http] GET /api/v1/notifications/unread-count
2026-09-06T14:18:06.922Z [INFO] [slaReminder] SLA_SCAN cases=1 respRemind=0 respEsc=0 closureRemind=0 closureEsc=0 surveyExpired=0
2026-09-06T14:18:10.234Z [INFO] [http] GET /api/v1/notifications/unread-count
2026-09-06T14:18:40.541Z [INFO] [http] GET /api/v1/notifications/unread-count
2026-09-06T14:19:06.922Z [INFO] [slaReminder] SLA_SCAN cases=1 respRemind=0 respEsc=0 closureRemind=0 closureEsc=0 surveyExpired=0
2026-09-06T14:19:10.527Z [INFO] [http] GET /api/v1/notifications/unread-count
2026-09-06T14:19:40.538Z [INFO] [http] GET /api/v1/notifications/unread-count
2026-09-06T14:20:06.921Z [INFO] [slaReminder] SLA_SCAN cases=1 respRemind=0 respEsc=0 closureRemind=0 closureEsc=0 surveyExpired=0
2026-09-06T14:20:10.540Z [INFO] [http] GET /api/v1/notifications/unread-count
2026-09-06T14:20:40.536Z [INFO] [http] GET /api/v1/notifications/unread-count
2026-09-06T14:21:06.952Z [INFO] [slaReminder] SLA_SCAN cases=1 respRemind=0 respEsc=0 closureRemind=0 closureEsc=0 surveyExpired=0
2026-09-06T14:21:10.541Z [INFO] [http] GET /api/v1/notifications/unread-count
2026-09-06T14:21:40.231Z [INFO] [http] GET /api/v1/notifications/unread-count
2026-09-06T14:22:06.961Z [INFO] [slaReminder] SLA_SCAN cases=1 respRemind=0 respEsc=0 closureRemind=0 closureEsc=0 surveyExpired=0
2026-09-06T14:22:10.540Z [INFO] [http] GET /api/v1/notifications/unread-count
2026-09-06T14:22:40.223Z [INFO] [http] GET /api/v1/notifications/unread-count
2026-09-06T14:23:06.963Z [INFO] [slaReminder] SLA_SCAN cases=1 respRemind=0 respEsc=0 closureRemind=0 closureEsc=0 surveyExpired=0
2026-09-06T14:23:10.529Z [INFO] [http] GET /api/v1/notifications/unread-count
2026-09-06T14:23:40.222Z [INFO] [http] GET /api/v1/notifications/unread-count
2026-09-06T14:24:06.973Z [INFO] [slaReminder] SLA_SCAN cases=1 respRemind=0 respEsc=0 closureRemind=0 closureEsc=0 surveyExpired=0
2026-09-06T14:24:10.529Z [INFO] [http] GET /api/v1/notifications/unread-count
2026-09-06T14:24:40.225Z [INFO] [http] GET /api/v1/notifications/unread-count
2026-09-06T14:25:06.980Z [INFO] [slaReminder] SLA_SCAN cases=1 respRemind=0 respEsc=0 closureRemind=0 closureEsc=0 surveyExpired=0
2026-09-06T14:25:10.533Z [INFO] [http] GET /api/v1/notifications/unread-count
2026-09-06T14:25:40.221Z [INFO] [http] GET /api/v1/notifications/unread-count
2026-09-06T14:26:06.986Z [INFO] [slaReminder] SLA_SCAN cases=1 respRemind=0 respEsc=0 closureRemind=0 closureEsc=0 surveyExpired=0
2026-09-06T14:26:10.539Z [INFO] [http] GET /api/v1/notifications/unread-count
2026-09-06T14:26:40.229Z [INFO] [http] GET /api/v1/notifications/unread-count
2026-09-06T14:27:06.999Z [INFO] [slaReminder] SLA_SCAN cases=1 respRemind=0 respEsc=0 closureRemind=0 closureEsc=0 surveyExpired=0
2026-09-06T14:27:10.540Z [INFO] [http] GET /api/v1/notifications/unread-count
2026-09-06T14:27:40.216Z [INFO] [http] GET /api/v1/notifications/unread-count
2026-09-06T14:28:07.012Z [INFO] [slaReminder] SLA_SCAN cases=1 respRemind=0 respEsc=0 closureRemind=0 closureEsc=0 surveyExpired=0
2026-09-06T14:28:10.533Z [INFO] [http] GET /api/v1/notifications/unread-count
2026-09-06T14:28:40.229Z [INFO] [http] GET /api/v1/notifications/unread-count
2026-09-06T14:29:07.012Z [INFO] [slaReminder] SLA_SCAN cases=1 respRemind=0 respEsc=0 closureRemind=0 closureEsc=0 surveyExpired=0
2026-09-06T14:29:10.537Z [INFO] [http] GET /api/v1/notifications/unread-count
2026-09-06T14:29:40.226Z [INFO] [http] GET /api/v1/notifications/unread-count
2026-09-06T14:30:07.012Z [INFO] [slaReminder] SLA_SCAN cases=1 respRemind=0 respEsc=0 closureRemind=0 closureEsc=0 surveyExpired=0
2026-09-06T14:30:10.540Z [INFO] [http] GET /api/v1/notifications/unread-count
2026-09-06T14:30:40.224Z [INFO] [http] GET /api/v1/notifications/unread-count
2026-09-06T14:31:07.023Z [INFO] [slaReminder] SLA_SCAN cases=1 respRemind=0 respEsc=0 closureRemind=0 closureEsc=0 surveyExpired=0
2026-09-06T14:31:10.535Z [INFO] [http] GET /api/v1/notifications/unread-count
2026-09-06T14:31:40.228Z [INFO] [http] GET /api/v1/notifications/unread-count
2026-09-06T14:32:07.027Z [INFO] [slaReminder] SLA_SCAN cases=1 respRemind=0 respEsc=0 closureRemind=0 closureEsc=0 surveyExpired=0
2026-09-06T14:32:10.536Z [INFO] [http] GET /api/v1/notifications/unread-count
2026-09-06T14:32:40.216Z [INFO] [http] GET /api/v1/notifications/unread-count
2026-09-06T14:33:07.035Z [INFO] [slaReminder] SLA_SCAN cases=1 respRemind=0 respEsc=0 closureRemind=0 closureEsc=0 surveyExpired=0
2026-09-06T14:33:10.538Z [INFO] [http] GET /api/v1/notifications/unread-count
2026-09-06T14:33:40.222Z [INFO] [http] GET /api/v1/notifications/unread-count
2026-09-06T14:34:07.043Z [INFO] [slaReminder] SLA_SCAN cases=1 respRemind=0 respEsc=0 closureRemind=0 closureEsc=0 surveyExpired=0
2026-09-06T14:34:10.523Z [INFO] [http] GET /api/v1/notifications/unread-count
2026-09-06T14:34:40.230Z [INFO] [http] GET /api/v1/notifications/unread-count
2026-09-06T14:35:07.053Z [INFO] [slaReminder] SLA_SCAN cases=1 respRemind=0 respEsc=0 closureRemind=0 closureEsc=0 surveyExpired=0
2026-09-06T14:35:10.530Z [INFO] [http] GET /api/v1/notifications/unread-count
2026-09-06T14:35:40.223Z [INFO] [http] GET /api/v1/notifications/unread-count
2026-09-06T14:36:07.067Z [INFO] [slaReminder] SLA_SCAN cases=1 respRemind=0 respEsc=0 closureRemind=0 closureEsc=0 surveyExpired=0
2026-09-06T14:36:10.537Z [INFO] [http] GET /api/v1/notifications/unread-count
2026-09-06T14:36:40.215Z [INFO] [http] GET /api/v1/notifications/unread-count
2026-09-06T14:37:07.070Z [INFO] [slaReminder] SLA_SCAN cases=1 respRemind=0 respEsc=0 closureRemind=0 closureEsc=0 surveyExpired=0
2026-09-06T14:37:10.537Z [INFO] [http] GET /api/v1/notifications/unread-count
2026-09-06T14:37:40.218Z [INFO] [http] GET /api/v1/notifications/unread-count
2026-09-06T14:38:07.073Z [INFO] [slaReminder] SLA_SCAN cases=1 respRemind=0 respEsc=0 closureRemind=0 closureEsc=0 surveyExpired=0
2026-09-06T14:38:10.529Z [INFO] [http] GET /api/v1/notifications/unread-count
2026-09-06T14:38:40.220Z [INFO] [http] GET /api/v1/notifications/unread-count
2026-09-06T14:39:07.085Z [INFO] [slaReminder] SLA_SCAN cases=1 respRemind=0 respEsc=0 closureRemind=0 closureEsc=0 surveyExpired=0
2026-09-06T14:39:10.537Z [INFO] [http] GET /api/v1/notifications/unread-count
2026-09-06T14:39:40.214Z [INFO] [http] GET /api/v1/notifications/unread-count
2026-09-06T14:40:07.088Z [INFO] [slaReminder] SLA_SCAN cases=1 respRemind=0 respEsc=0 closureRemind=0 closureEsc=0 surveyExpired=0
2026-09-06T14:40:10.524Z [INFO] [http] GET /api/v1/notifications/unread-count
2026-09-06T14:40:40.222Z [INFO] [http] GET /api/v1/notifications/unread-count
2026-09-06T14:41:07.098Z [INFO] [slaReminder] SLA_SCAN cases=1 respRemind=0 respEsc=0 closureRemind=0 closureEsc=0 surveyExpired=0
2026-09-06T14:41:10.526Z [INFO] [http] GET /api/v1/notifications/unread-count
2026-09-06T14:41:40.225Z [INFO] [http] GET /api/v1/notifications/unread-count
2026-09-06T14:42:07.099Z [INFO] [slaReminder] SLA_SCAN cases=1 respRemind=0 respEsc=0 closureRemind=0 closureEsc=0 surveyExpired=0
2026-09-06T14:42:10.529Z [INFO] [http] GET /api/v1/notifications/unread-count
2026-09-06T14:42:40.524Z [INFO] [http] GET /api/v1/notifications/unread-count
2026-09-06T14:43:07.106Z [INFO] [slaReminder] SLA_SCAN cases=1 respRemind=0 respEsc=0 closureRemind=0 closureEsc=0 surveyExpired=0
2026-09-06T14:43:10.534Z [INFO] [http] GET /api/v1/notifications/unread-count
2026-09-06T14:43:40.530Z [INFO] [http] GET /api/v1/notifications/unread-count
2026-09-06T14:44:07.114Z [INFO] [slaReminder] SLA_SCAN cases=1 respRemind=0 respEsc=0 closureRemind=0 closureEsc=0 surveyExpired=0
2026-09-06T14:44:10.528Z [INFO] [http] GET /api/v1/notifications/unread-count
2026-09-06T14:44:40.531Z [INFO] [http] GET /api/v1/notifications/unread-count
2026-09-06T14:45:07.122Z [INFO] [slaReminder] SLA_SCAN cases=1 respRemind=0 respEsc=0 closureRemind=0 closureEsc=0 surveyExpired=0
2026-09-06T14:45:10.226Z [INFO] [http] GET /api/v1/notifications/unread-count
2026-09-06T14:45:40.529Z [INFO] [http] GET /api/v1/notifications/unread-count
2026-09-06T14:46:07.122Z [INFO] [slaReminder] SLA_SCAN cases=1 respRemind=0 respEsc=0 closureRemind=0 closureEsc=0 surveyExpired=0
2026-09-06T14:46:10.214Z [INFO] [http] GET /api/v1/notifications/unread-count
2026-09-06T14:46:40.523Z [INFO] [http] GET /api/v1/notifications/unread-count
2026-09-06T14:47:07.123Z [INFO] [slaReminder] SLA_SCAN cases=1 respRemind=0 respEsc=0 closureRemind=0 closureEsc=0 surveyExpired=0
2026-09-06T14:47:10.225Z [INFO] [http] GET /api/v1/notifications/unread-count
2026-09-06T14:47:40.536Z [INFO] [http] GET /api/v1/notifications/unread-count
2026-09-06T14:48:07.135Z [INFO] [slaReminder] SLA_SCAN cases=1 respRemind=0 respEsc=0 closureRemind=0 closureEsc=0 surveyExpired=0
2026-09-06T14:48:10.216Z [INFO] [http] GET /api/v1/notifications/unread-count
2026-09-06T14:48:40.534Z [INFO] [http] GET /api/v1/notifications/unread-count
2026-09-06T14:49:07.150Z [INFO] [slaReminder] SLA_SCAN cases=1 respRemind=0 respEsc=0 closureRemind=0 closureEsc=0 surveyExpired=0
2026-09-06T14:49:10.225Z [INFO] [http] GET /api/v1/notifications/unread-count
2026-09-06T14:49:40.535Z [INFO] [http] GET /api/v1/notifications/unread-count
2026-09-06T14:50:07.157Z [INFO] [slaReminder] SLA_SCAN cases=1 respRemind=0 respEsc=0 closureRemind=0 closureEsc=0 surveyExpired=0
2026-09-06T14:50:10.226Z [INFO] [http] GET /api/v1/notifications/unread-count
2026-09-06T14:50:40.528Z [INFO] [http] GET /api/v1/notifications/unread-count
2026-09-06T14:51:07.174Z [INFO] [slaReminder] SLA_SCAN cases=1 respRemind=0 respEsc=0 closureRemind=0 closureEsc=0 surveyExpired=0
2026-09-06T14:51:10.223Z [INFO] [http] GET /api/v1/notifications/unread-count
2026-09-06T14:51:40.530Z [INFO] [http] GET /api/v1/notifications/unread-count
2026-09-06T14:52:07.182Z [INFO] [slaReminder] SLA_SCAN cases=1 respRemind=0 respEsc=0 closureRemind=0 closureEsc=0 surveyExpired=0
2026-09-06T14:52:10.217Z [INFO] [http] GET /api/v1/notifications/unread-count
2026-09-06T14:52:40.530Z [INFO] [http] GET /api/v1/notifications/unread-count
2026-09-06T14:53:07.196Z [INFO] [slaReminder] SLA_SCAN cases=1 respRemind=0 respEsc=0 closureRemind=0 closureEsc=0 surveyExpired=0
2026-09-06T14:53:10.222Z [INFO] [http] GET /api/v1/notifications/unread-count
2026-09-06T14:53:40.526Z [INFO] [http] GET /api/v1/notifications/unread-count
2026-09-06T14:54:07.207Z [INFO] [slaReminder] SLA_SCAN cases=1 respRemind=0 respEsc=0 closureRemind=0 closureEsc=0 surveyExpired=0
2026-09-06T14:54:10.214Z [INFO] [http] GET /api/v1/notifications/unread-count
2026-09-06T14:54:40.525Z [INFO] [http] GET /api/v1/notifications/unread-count
2026-09-06T14:55:07.211Z [INFO] [slaReminder] SLA_SCAN cases=1 respRemind=0 respEsc=0 closureRemind=0 closureEsc=0 surveyExpired=0
2026-09-06T14:55:10.212Z [INFO] [http] GET /api/v1/notifications/unread-count
2026-09-06T14:55:40.535Z [INFO] [http] GET /api/v1/notifications/unread-count
2026-09-06T14:56:07.212Z [INFO] [slaReminder] SLA_SCAN cases=1 respRemind=0 respEsc=0 closureRemind=0 closureEsc=0 surveyExpired=0
2026-09-06T14:56:10.218Z [INFO] [http] GET /api/v1/notifications/unread-count
2026-09-06T14:56:40.536Z [INFO] [http] GET /api/v1/notifications/unread-count
2026-09-06T14:57:07.214Z [INFO] [slaReminder] SLA_SCAN cases=1 respRemind=0 respEsc=0 closureRemind=0 closureEsc=0 surveyExpired=0
2026-09-06T14:57:10.233Z [INFO] [http] GET /api/v1/notifications/unread-count
2026-09-06T14:57:40.528Z [INFO] [http] GET /api/v1/notifications/unread-count
2026-09-06T14:58:07.218Z [INFO] [slaReminder] SLA_SCAN cases=1 respRemind=0 respEsc=0 closureRemind=0 closureEsc=0 surveyExpired=0
2026-09-06T14:58:10.218Z [INFO] [http] GET /api/v1/notifications/unread-count
2026-09-06T14:58:40.537Z [INFO] [http] GET /api/v1/notifications/unread-count
2026-09-06T14:59:07.233Z [INFO] [slaReminder] SLA_SCAN cases=1 respRemind=0 respEsc=0 closureRemind=0 closureEsc=0 surveyExpired=0
2026-09-06T14:59:10.226Z [INFO] [http] GET /api/v1/notifications/unread-count
2026-09-06T14:59:40.528Z [INFO] [http] GET /api/v1/notifications/unread-count
2026-09-06T15:00:07.244Z [INFO] [slaReminder] SLA_SCAN cases=1 respRemind=0 respEsc=0 closureRemind=0 closureEsc=0 surveyExpired=0
2026-09-06T15:00:10.213Z [INFO] [http] GET /api/v1/notifications/unread-count
2026-09-06T15:00:40.534Z [INFO] [http] GET /api/v1/notifications/unread-count
2026-09-06T15:01:07.251Z [INFO] [slaReminder] SLA_SCAN cases=1 respRemind=0 respEsc=0 closureRemind=0 closureEsc=0 surveyExpired=0
2026-09-06T15:01:10.220Z [INFO] [http] GET /api/v1/notifications/unread-count
2026-09-06T15:01:40.526Z [INFO] [http] GET /api/v1/notifications/unread-count
2026-09-06T15:02:07.253Z [INFO] [slaReminder] SLA_SCAN cases=1 respRemind=0 respEsc=0 closureRemind=0 closureEsc=0 surveyExpired=0
2026-09-06T15:02:10.216Z [INFO] [http] GET /api/v1/notifications/unread-count
2026-09-06T15:02:40.523Z [INFO] [http] GET /api/v1/notifications/unread-count
2026-09-06T15:03:07.253Z [INFO] [slaReminder] SLA_SCAN cases=1 respRemind=0 respEsc=0 closureRemind=0 closureEsc=0 surveyExpired=0
2026-09-06T15:03:10.216Z [INFO] [http] GET /api/v1/notifications/unread-count
2026-09-06T15:03:40.530Z [INFO] [http] GET /api/v1/notifications/unread-count
2026-09-06T15:04:07.253Z [INFO] [slaReminder] SLA_SCAN cases=1 respRemind=0 respEsc=0 closureRemind=0 closureEsc=0 surveyExpired=0
2026-09-06T15:04:10.218Z [INFO] [http] GET /api/v1/notifications/unread-count
2026-09-06T15:04:40.534Z [INFO] [http] GET /api/v1/notifications/unread-count
2026-09-06T15:05:07.267Z [INFO] [slaReminder] SLA_SCAN cases=1 respRemind=0 respEsc=0 closureRemind=0 closureEsc=0 surveyExpired=0
2026-09-06T15:05:10.211Z [INFO] [http] GET /api/v1/notifications/unread-count
2026-09-06T15:05:40.539Z [INFO] [http] GET /api/v1/notifications/unread-count
2026-09-06T15:06:07.281Z [INFO] [slaReminder] SLA_SCAN cases=1 respRemind=0 respEsc=0 closureRemind=0 closureEsc=0 surveyExpired=0
2026-09-06T15:06:10.224Z [INFO] [http] GET /api/v1/notifications/unread-count
2026-09-06T15:06:40.532Z [INFO] [http] GET /api/v1/notifications/unread-count
2026-09-06T15:07:07.293Z [INFO] [slaReminder] SLA_SCAN cases=1 respRemind=0 respEsc=0 closureRemind=0 closureEsc=0 surveyExpired=0
2026-09-06T15:07:10.219Z [INFO] [http] GET /api/v1/notifications/unread-count
2026-09-06T15:07:40.526Z [INFO] [http] GET /api/v1/notifications/unread-count
2026-09-06T15:08:07.298Z [INFO] [slaReminder] SLA_SCAN cases=1 respRemind=0 respEsc=0 closureRemind=0 closureEsc=0 surveyExpired=0
2026-09-06T15:08:10.209Z [INFO] [http] GET /api/v1/notifications/unread-count
2026-09-06T15:08:40.532Z [INFO] [http] GET /api/v1/notifications/unread-count
2026-09-06T15:09:07.304Z [INFO] [slaReminder] SLA_SCAN cases=1 respRemind=0 respEsc=0 closureRemind=0 closureEsc=0 surveyExpired=0
2026-09-06T15:09:10.219Z [INFO] [http] GET /api/v1/notifications/unread-count
2026-09-06T15:09:40.524Z [INFO] [http] GET /api/v1/notifications/unread-count
2026-09-06T15:10:07.308Z [INFO] [slaReminder] SLA_SCAN cases=1 respRemind=0 respEsc=0 closureRemind=0 closureEsc=0 surveyExpired=0
2026-09-06T15:10:10.223Z [INFO] [http] GET /api/v1/notifications/unread-count
2026-09-06T15:10:40.519Z [INFO] [http] GET /api/v1/notifications/unread-count
2026-09-06T15:11:07.322Z [INFO] [slaReminder] SLA_SCAN cases=1 respRemind=0 respEsc=0 closureRemind=0 closureEsc=0 surveyExpired=0
2026-09-06T15:11:10.533Z [INFO] [http] GET /api/v1/notifications/unread-count
2026-09-06T15:11:40.530Z [INFO] [http] GET /api/v1/notifications/unread-count
2026-09-06T15:12:07.329Z [INFO] [slaReminder] SLA_SCAN cases=1 respRemind=0 respEsc=0 closureRemind=0 closureEsc=0 surveyExpired=0
2026-09-06T15:12:10.221Z [INFO] [http] GET /api/v1/notifications/unread-count
2026-09-06T15:12:40.532Z [INFO] [http] GET /api/v1/notifications/unread-count
2026-09-06T15:13:07.341Z [INFO] [slaReminder] SLA_SCAN cases=1 respRemind=0 respEsc=0 closureRemind=0 closureEsc=0 surveyExpired=0
2026-09-06T15:13:10.219Z [INFO] [http] GET /api/v1/notifications/unread-count
2026-09-06T15:13:40.528Z [INFO] [http] GET /api/v1/notifications/unread-count
2026-09-06T15:14:07.346Z [INFO] [slaReminder] SLA_SCAN cases=1 respRemind=0 respEsc=0 closureRemind=0 closureEsc=0 surveyExpired=0
2026-09-06T15:14:10.218Z [INFO] [http] GET /api/v1/notifications/unread-count
2026-09-06T15:14:40.532Z [INFO] [http] GET /api/v1/notifications/unread-count
2026-09-06T15:15:07.350Z [INFO] [slaReminder] SLA_SCAN cases=1 respRemind=0 respEsc=0 closureRemind=0 closureEsc=0 surveyExpired=0
2026-09-06T15:15:10.209Z [INFO] [http] GET /api/v1/notifications/unread-count
2026-09-06T15:15:40.532Z [INFO] [http] GET /api/v1/notifications/unread-count
2026-09-06T15:16:07.351Z [INFO] [slaReminder] SLA_SCAN cases=1 respRemind=0 respEsc=0 closureRemind=0 closureEsc=0 surveyExpired=0
2026-09-06T15:16:10.222Z [INFO] [http] GET /api/v1/notifications/unread-count
2026-09-06T15:16:40.535Z [INFO] [http] GET /api/v1/notifications/unread-count
2026-09-06T15:17:07.358Z [INFO] [slaReminder] SLA_SCAN cases=1 respRemind=0 respEsc=0 closureRemind=0 closureEsc=0 surveyExpired=0
2026-09-06T15:17:10.533Z [INFO] [http] GET /api/v1/notifications/unread-count
2026-09-06T15:17:40.221Z [INFO] [http] GET /api/v1/notifications/unread-count
2026-09-06T15:18:07.360Z [INFO] [slaReminder] SLA_SCAN cases=1 respRemind=0 respEsc=0 closureRemind=0 closureEsc=0 surveyExpired=0
2026-09-06T15:18:10.524Z [INFO] [http] GET /api/v1/notifications/unread-count
2026-09-06T15:18:40.222Z [INFO] [http] GET /api/v1/notifications/unread-count
2026-09-06T15:19:07.363Z [INFO] [slaReminder] SLA_SCAN cases=1 respRemind=0 respEsc=0 closureRemind=0 closureEsc=0 surveyExpired=0
2026-09-06T15:19:10.516Z [INFO] [http] GET /api/v1/notifications/unread-count
2026-09-06T15:19:40.527Z [INFO] [http] GET /api/v1/notifications/unread-count
2026-09-06T15:20:07.367Z [INFO] [slaReminder] SLA_SCAN cases=1 respRemind=0 respEsc=0 closureRemind=0 closureEsc=0 surveyExpired=0
2026-09-06T15:20:10.525Z [INFO] [http] GET /api/v1/notifications/unread-count
2026-09-06T15:20:40.528Z [INFO] [http] GET /api/v1/notifications/unread-count
2026-09-06T15:21:07.381Z [INFO] [slaReminder] SLA_SCAN cases=1 respRemind=0 respEsc=0 closureRemind=0 closureEsc=0 surveyExpired=0
2026-09-06T15:21:10.227Z [INFO] [http] GET /api/v1/notifications/unread-count
2026-09-06T15:21:40.519Z [INFO] [http] GET /api/v1/notifications/unread-count
2026-09-06T15:22:07.389Z [INFO] [slaReminder] SLA_SCAN cases=1 respRemind=0 respEsc=0 closureRemind=0 closureEsc=0 surveyExpired=0
2026-09-06T15:22:10.221Z [INFO] [http] GET /api/v1/notifications/unread-count
2026-09-06T15:22:40.527Z [INFO] [http] GET /api/v1/notifications/unread-count
2026-09-06T15:23:07.398Z [INFO] [slaReminder] SLA_SCAN cases=1 respRemind=0 respEsc=0 closureRemind=0 closureEsc=0 surveyExpired=0
2026-09-06T15:23:10.214Z [INFO] [http] GET /api/v1/notifications/unread-count
2026-09-06T15:23:40.525Z [INFO] [http] GET /api/v1/notifications/unread-count
2026-09-06T15:24:07.400Z [INFO] [slaReminder] SLA_SCAN cases=1 respRemind=0 respEsc=0 closureRemind=0 closureEsc=0 surveyExpired=0
2026-09-06T15:24:10.216Z [INFO] [http] GET /api/v1/notifications/unread-count
2026-09-06T15:24:40.519Z [INFO] [http] GET /api/v1/notifications/unread-count
2026-09-06T15:25:07.410Z [INFO] [slaReminder] SLA_SCAN cases=1 respRemind=0 respEsc=0 closureRemind=0 closureEsc=0 surveyExpired=0
2026-09-06T15:25:10.536Z [INFO] [http] GET /api/v1/notifications/unread-count
2026-09-06T15:25:40.533Z [INFO] [http] GET /api/v1/notifications/unread-count
2026-09-06T15:26:07.420Z [INFO] [slaReminder] SLA_SCAN cases=1 respRemind=0 respEsc=0 closureRemind=0 closureEsc=0 surveyExpired=0
2026-09-06T15:26:10.526Z [INFO] [http] GET /api/v1/notifications/unread-count
2026-09-06T15:26:40.216Z [INFO] [http] GET /api/v1/notifications/unread-count
2026-09-06T15:27:07.422Z [INFO] [slaReminder] SLA_SCAN cases=1 respRemind=0 respEsc=0 closureRemind=0 closureEsc=0 surveyExpired=0
2026-09-06T15:27:10.552Z [INFO] [http] GET /api/v1/notifications/unread-count
2026-09-06T15:27:40.532Z [INFO] [http] GET /api/v1/notifications/unread-count
2026-09-06T15:28:07.422Z [INFO] [slaReminder] SLA_SCAN cases=1 respRemind=0 respEsc=0 closureRemind=0 closureEsc=0 surveyExpired=0
2026-09-06T15:28:10.213Z [INFO] [http] GET /api/v1/notifications/unread-count
2026-09-06T15:28:40.522Z [INFO] [http] GET /api/v1/notifications/unread-count
2026-09-06T15:29:07.428Z [INFO] [slaReminder] SLA_SCAN cases=1 respRemind=0 respEsc=0 closureRemind=0 closureEsc=0 surveyExpired=0
2026-09-06T15:29:10.221Z [INFO] [http] GET /api/v1/notifications/unread-count
2026-09-06T15:29:40.521Z [INFO] [http] GET /api/v1/notifications/unread-count
2026-09-06T15:30:07.429Z [INFO] [slaReminder] SLA_SCAN cases=1 respRemind=0 respEsc=0 closureRemind=0 closureEsc=0 surveyExpired=0
2026-09-06T15:30:10.220Z [INFO] [http] GET /api/v1/notifications/unread-count
2026-09-06T15:30:40.533Z [INFO] [http] GET /api/v1/notifications/unread-count
2026-09-06T15:31:07.433Z [INFO] [slaReminder] SLA_SCAN cases=1 respRemind=0 respEsc=0 closureRemind=0 closureEsc=0 surveyExpired=0
2026-09-06T15:31:10.217Z [INFO] [http] GET /api/v1/notifications/unread-count
2026-09-06T15:31:40.523Z [INFO] [http] GET /api/v1/notifications/unread-count
2026-09-06T15:32:07.441Z [INFO] [slaReminder] SLA_SCAN cases=1 respRemind=0 respEsc=0 closureRemind=0 closureEsc=0 surveyExpired=0
2026-09-06T15:32:10.212Z [INFO] [http] GET /api/v1/notifications/unread-count
2026-09-06T15:32:40.532Z [INFO] [http] GET /api/v1/notifications/unread-count
2026-09-06T15:33:07.443Z [INFO] [slaReminder] SLA_SCAN cases=1 respRemind=0 respEsc=0 closureRemind=0 closureEsc=0 surveyExpired=0
2026-09-06T15:33:10.211Z [INFO] [http] GET /api/v1/notifications/unread-count
2026-09-06T15:33:40.522Z [INFO] [http] GET /api/v1/notifications/unread-count
2026-09-06T15:34:07.454Z [INFO] [slaReminder] SLA_SCAN cases=1 respRemind=0 respEsc=0 closureRemind=0 closureEsc=0 surveyExpired=0
2026-09-06T15:34:10.533Z [INFO] [http] GET /api/v1/notifications/unread-count
2026-09-06T15:34:40.534Z [INFO] [http] GET /api/v1/notifications/unread-count
2026-09-06T15:35:07.462Z [INFO] [slaReminder] SLA_SCAN cases=1 respRemind=0 respEsc=0 closureRemind=0 closureEsc=0 surveyExpired=0
2026-09-06T15:35:10.526Z [INFO] [http] GET /api/v1/notifications/unread-count
2026-09-06T15:35:40.527Z [INFO] [http] GET /api/v1/notifications/unread-count
2026-09-06T15:36:07.472Z [INFO] [slaReminder] SLA_SCAN cases=1 respRemind=0 respEsc=0 closureRemind=0 closureEsc=0 surveyExpired=0
2026-09-06T15:36:10.526Z [INFO] [http] GET /api/v1/notifications/unread-count
2026-09-06T15:36:40.206Z [INFO] [http] GET /api/v1/notifications/unread-count
2026-09-06T15:37:07.485Z [INFO] [slaReminder] SLA_SCAN cases=1 respRemind=0 respEsc=0 closureRemind=0 closureEsc=0 surveyExpired=0
2026-09-06T15:37:10.531Z [INFO] [http] GET /api/v1/notifications/unread-count
2026-09-06T15:37:40.216Z [INFO] [http] GET /api/v1/notifications/unread-count
2026-09-06T15:38:07.490Z [INFO] [slaReminder] SLA_SCAN cases=1 respRemind=0 respEsc=0 closureRemind=0 closureEsc=0 surveyExpired=0
2026-09-06T15:38:10.527Z [INFO] [http] GET /api/v1/notifications/unread-count
2026-09-06T15:38:40.532Z [INFO] [http] GET /api/v1/notifications/unread-count
2026-09-06T15:39:07.489Z [INFO] [slaReminder] SLA_SCAN cases=1 respRemind=0 respEsc=0 closureRemind=0 closureEsc=0 surveyExpired=0
2026-09-06T15:39:10.528Z [INFO] [http] GET /api/v1/notifications/unread-count
2026-09-06T15:39:40.524Z [INFO] [http] GET /api/v1/notifications/unread-count
2026-09-06T15:40:07.495Z [INFO] [slaReminder] SLA_SCAN cases=1 respRemind=0 respEsc=0 closureRemind=0 closureEsc=0 surveyExpired=0
2026-09-06T15:40:10.526Z [INFO] [http] GET /api/v1/notifications/unread-count
2026-09-06T15:40:40.529Z [INFO] [http] GET /api/v1/notifications/unread-count
2026-09-06T15:41:07.504Z [INFO] [slaReminder] SLA_SCAN cases=1 respRemind=0 respEsc=0 closureRemind=0 closureEsc=0 surveyExpired=0
2026-09-06T15:41:10.522Z [INFO] [http] GET /api/v1/notifications/unread-count
2026-09-06T15:41:40.213Z [INFO] [http] GET /api/v1/notifications/unread-count
2026-09-06T15:42:07.517Z [INFO] [slaReminder] SLA_SCAN cases=1 respRemind=0 respEsc=0 closureRemind=0 closureEsc=0 surveyExpired=0
2026-09-06T15:42:10.529Z [INFO] [http] GET /api/v1/notifications/unread-count
2026-09-06T15:42:40.221Z [INFO] [http] GET /api/v1/notifications/unread-count
2026-09-06T15:43:07.527Z [INFO] [slaReminder] SLA_SCAN cases=1 respRemind=0 respEsc=0 closureRemind=0 closureEsc=0 surveyExpired=0
2026-09-06T15:43:10.531Z [INFO] [http] GET /api/v1/notifications/unread-count
2026-09-06T15:43:40.211Z [INFO] [http] GET /api/v1/notifications/unread-count
2026-09-06T15:44:07.530Z [INFO] [slaReminder] SLA_SCAN cases=1 respRemind=0 respEsc=0 closureRemind=0 closureEsc=0 surveyExpired=0
2026-09-06T15:44:10.528Z [INFO] [http] GET /api/v1/notifications/unread-count
2026-09-06T15:44:40.535Z [INFO] [http] GET /api/v1/notifications/unread-count
2026-09-06T15:45:07.541Z [INFO] [slaReminder] SLA_SCAN cases=1 respRemind=0 respEsc=0 closureRemind=0 closureEsc=0 surveyExpired=0
2026-09-06T15:45:10.216Z [INFO] [http] GET /api/v1/notifications/unread-count
2026-09-06T15:45:40.520Z [INFO] [http] GET /api/v1/notifications/unread-count
2026-09-06T15:46:07.550Z [INFO] [slaReminder] SLA_SCAN cases=1 respRemind=0 respEsc=0 closureRemind=0 closureEsc=0 surveyExpired=0
2026-09-06T15:46:10.217Z [INFO] [http] GET /api/v1/notifications/unread-count
2026-09-06T15:46:40.525Z [INFO] [http] GET /api/v1/notifications/unread-count
2026-09-06T15:47:07.558Z [INFO] [slaReminder] SLA_SCAN cases=1 respRemind=0 respEsc=0 closureRemind=0 closureEsc=0 surveyExpired=0
2026-09-06T15:47:10.205Z [INFO] [http] GET /api/v1/notifications/unread-count
2026-09-06T15:47:40.523Z [INFO] [http] GET /api/v1/notifications/unread-count
2026-09-06T15:48:07.567Z [INFO] [slaReminder] SLA_SCAN cases=1 respRemind=0 respEsc=0 closureRemind=0 closureEsc=0 surveyExpired=0
2026-09-06T15:48:10.216Z [INFO] [http] GET /api/v1/notifications/unread-count
2026-09-06T15:48:40.527Z [INFO] [http] GET /api/v1/notifications/unread-count
2026-09-06T15:49:07.581Z [INFO] [slaReminder] SLA_SCAN cases=1 respRemind=0 respEsc=0 closureRemind=0 closureEsc=0 surveyExpired=0
2026-09-06T15:49:10.213Z [INFO] [http] GET /api/v1/notifications/unread-count
2026-09-06T15:49:40.532Z [INFO] [http] GET /api/v1/notifications/unread-count
2026-09-06T15:50:07.591Z [INFO] [slaReminder] SLA_SCAN cases=1 respRemind=0 respEsc=0 closureRemind=0 closureEsc=0 surveyExpired=0
2026-09-06T15:50:10.206Z [INFO] [http] GET /api/v1/notifications/unread-count
2026-09-06T15:50:40.519Z [INFO] [http] GET /api/v1/notifications/unread-count
2026-09-06T15:51:07.599Z [INFO] [slaReminder] SLA_SCAN cases=1 respRemind=0 respEsc=0 closureRemind=0 closureEsc=0 surveyExpired=0
2026-09-06T15:51:10.209Z [INFO] [http] GET /api/v1/notifications/unread-count
2026-09-06T15:51:40.524Z [INFO] [http] GET /api/v1/notifications/unread-count
2026-09-06T15:52:07.604Z [INFO] [slaReminder] SLA_SCAN cases=1 respRemind=0 respEsc=0 closureRemind=0 closureEsc=0 surveyExpired=0
2026-09-06T15:52:10.213Z [INFO] [http] GET /api/v1/notifications/unread-count
2026-09-06T15:52:40.519Z [INFO] [http] GET /api/v1/notifications/unread-count
2026-09-06T15:53:07.612Z [INFO] [slaReminder] SLA_SCAN cases=1 respRemind=0 respEsc=0 closureRemind=0 closureEsc=0 surveyExpired=0
2026-09-06T15:53:10.217Z [INFO] [http] GET /api/v1/notifications/unread-count
2026-09-06T15:53:40.533Z [INFO] [http] GET /api/v1/notifications/unread-count
2026-09-06T15:54:07.623Z [INFO] [slaReminder] SLA_SCAN cases=1 respRemind=0 respEsc=0 closureRemind=0 closureEsc=0 surveyExpired=0
2026-09-06T15:54:10.214Z [INFO] [http] GET /api/v1/notifications/unread-count
2026-09-06T15:54:40.527Z [INFO] [http] GET /api/v1/notifications/unread-count
2026-09-06T15:55:07.633Z [INFO] [slaReminder] SLA_SCAN cases=1 respRemind=0 respEsc=0 closureRemind=0 closureEsc=0 surveyExpired=0
2026-09-06T15:55:10.213Z [INFO] [http] GET /api/v1/notifications/unread-count
2026-09-06T15:55:40.525Z [INFO] [http] GET /api/v1/notifications/unread-count
2026-09-06T15:56:07.648Z [INFO] [slaReminder] SLA_SCAN cases=1 respRemind=0 respEsc=0 closureRemind=0 closureEsc=0 surveyExpired=0
2026-09-06T15:56:10.218Z [INFO] [http] GET /api/v1/notifications/unread-count
2026-09-06T15:56:40.525Z [INFO] [http] GET /api/v1/notifications/unread-count
2026-09-06T15:57:07.653Z [INFO] [slaReminder] SLA_SCAN cases=1 respRemind=0 respEsc=0 closureRemind=0 closureEsc=0 surveyExpired=0
2026-09-06T15:57:10.211Z [INFO] [http] GET /api/v1/notifications/unread-count
2026-09-06T15:57:40.524Z [INFO] [http] GET /api/v1/notifications/unread-count
2026-09-06T15:58:07.666Z [INFO] [slaReminder] SLA_SCAN cases=1 respRemind=0 respEsc=0 closureRemind=0 closureEsc=0 surveyExpired=0
2026-09-06T15:58:10.217Z [INFO] [http] GET /api/v1/notifications/unread-count
2026-09-06T15:58:40.526Z [INFO] [http] GET /api/v1/notifications/unread-count
2026-09-06T15:59:07.672Z [INFO] [slaReminder] SLA_SCAN cases=1 respRemind=0 respEsc=0 closureRemind=0 closureEsc=0 surveyExpired=0
2026-09-06T15:59:10.206Z [INFO] [http] GET /api/v1/notifications/unread-count
2026-09-06T15:59:40.530Z [INFO] [http] GET /api/v1/notifications/unread-count
2026-09-06T16:00:07.673Z [INFO] [slaReminder] SLA_SCAN cases=1 respRemind=0 respEsc=0 closureRemind=0 closureEsc=0 surveyExpired=0
2026-09-06T16:00:10.207Z [INFO] [http] GET /api/v1/notifications/unread-count
2026-09-06T16:00:40.518Z [INFO] [http] GET /api/v1/notifications/unread-count
2026-09-06T16:01:07.674Z [INFO] [slaReminder] SLA_SCAN cases=1 respRemind=0 respEsc=0 closureRemind=0 closureEsc=0 surveyExpired=0
2026-09-06T16:01:10.209Z [INFO] [http] GET /api/v1/notifications/unread-count
2026-09-06T16:01:40.522Z [INFO] [http] GET /api/v1/notifications/unread-count
2026-09-06T16:02:07.684Z [INFO] [slaReminder] SLA_SCAN cases=1 respRemind=0 respEsc=0 closureRemind=0 closureEsc=0 surveyExpired=0
2026-09-06T16:02:10.219Z [INFO] [http] GET /api/v1/notifications/unread-count
2026-09-06T16:02:40.522Z [INFO] [http] GET /api/v1/notifications/unread-count
2026-09-06T16:03:07.688Z [INFO] [slaReminder] SLA_SCAN cases=1 respRemind=0 respEsc=0 closureRemind=0 closureEsc=0 surveyExpired=0
2026-09-06T16:03:10.213Z [INFO] [http] GET /api/v1/notifications/unread-count
2026-09-06T16:03:40.525Z [INFO] [http] GET /api/v1/notifications/unread-count
2026-09-06T16:04:07.698Z [INFO] [slaReminder] SLA_SCAN cases=1 respRemind=0 respEsc=0 closureRemind=0 closureEsc=0 surveyExpired=0
2026-09-06T16:04:10.215Z [INFO] [http] GET /api/v1/notifications/unread-count
2026-09-06T16:04:40.515Z [INFO] [http] GET /api/v1/notifications/unread-count
2026-09-06T16:05:07.700Z [INFO] [slaReminder] SLA_SCAN cases=1 respRemind=0 respEsc=0 closureRemind=0 closureEsc=0 surveyExpired=0
2026-09-06T16:05:10.214Z [INFO] [http] GET /api/v1/notifications/unread-count
2026-09-06T16:05:40.519Z [INFO] [http] GET /api/v1/notifications/unread-count
2026-09-06T16:06:07.711Z [INFO] [slaReminder] SLA_SCAN cases=1 respRemind=0 respEsc=0 closureRemind=0 closureEsc=0 surveyExpired=0
2026-09-06T16:06:10.214Z [INFO] [http] GET /api/v1/notifications/unread-count
2026-09-06T16:06:40.523Z [INFO] [http] GET /api/v1/notifications/unread-count
2026-09-06T16:07:07.722Z [INFO] [slaReminder] SLA_SCAN cases=1 respRemind=0 respEsc=0 closureRemind=0 closureEsc=0 surveyExpired=0
2026-09-06T16:07:10.209Z [INFO] [http] GET /api/v1/notifications/unread-count
2026-09-06T16:07:40.531Z [INFO] [http] GET /api/v1/notifications/unread-count
2026-09-06T16:08:07.734Z [INFO] [slaReminder] SLA_SCAN cases=1 respRemind=0 respEsc=0 closureRemind=0 closureEsc=0 surveyExpired=0
2026-09-06T16:08:10.218Z [INFO] [http] GET /api/v1/notifications/unread-count
2026-09-06T16:08:40.525Z [INFO] [http] GET /api/v1/notifications/unread-count
2026-09-06T16:09:07.737Z [INFO] [slaReminder] SLA_SCAN cases=1 respRemind=0 respEsc=0 closureRemind=0 closureEsc=0 surveyExpired=0
2026-09-06T16:09:10.522Z [INFO] [http] GET /api/v1/notifications/unread-count
2026-09-06T16:09:40.523Z [INFO] [http] GET /api/v1/notifications/unread-count
2026-09-06T16:10:07.748Z [INFO] [slaReminder] SLA_SCAN cases=1 respRemind=0 respEsc=0 closureRemind=0 closureEsc=0 surveyExpired=0
2026-09-06T16:10:10.532Z [INFO] [http] GET /api/v1/notifications/unread-count
2026-09-06T16:10:40.213Z [INFO] [http] GET /api/v1/notifications/unread-count
2026-09-06T16:11:07.760Z [INFO] [slaReminder] SLA_SCAN cases=1 respRemind=0 respEsc=0 closureRemind=0 closureEsc=0 surveyExpired=0
2026-09-06T16:11:10.516Z [INFO] [http] GET /api/v1/notifications/unread-count
2026-09-06T16:11:40.529Z [INFO] [http] GET /api/v1/notifications/unread-count
2026-09-06T16:12:07.776Z [INFO] [slaReminder] SLA_SCAN cases=1 respRemind=0 respEsc=0 closureRemind=0 closureEsc=0 surveyExpired=0
2026-09-06T16:12:10.520Z [INFO] [http] GET /api/v1/notifications/unread-count
2026-09-06T16:12:40.529Z [INFO] [http] GET /api/v1/notifications/unread-count
2026-09-06T16:13:07.785Z [INFO] [slaReminder] SLA_SCAN cases=1 respRemind=0 respEsc=0 closureRemind=0 closureEsc=0 surveyExpired=0
2026-09-06T16:13:10.221Z [INFO] [http] GET /api/v1/notifications/unread-count
2026-09-06T16:13:40.523Z [INFO] [http] GET /api/v1/notifications/unread-count
2026-09-06T16:14:07.791Z [INFO] [slaReminder] SLA_SCAN cases=1 respRemind=0 respEsc=0 closureRemind=0 closureEsc=0 surveyExpired=0
2026-09-06T16:14:10.208Z [INFO] [http] GET /api/v1/notifications/unread-count
2026-09-06T16:14:40.523Z [INFO] [http] GET /api/v1/notifications/unread-count
2026-09-06T16:15:07.807Z [INFO] [slaReminder] SLA_SCAN cases=1 respRemind=0 respEsc=0 closureRemind=0 closureEsc=0 surveyExpired=0
2026-09-06T16:15:10.203Z [INFO] [http] GET /api/v1/notifications/unread-count
2026-09-06T16:15:40.518Z [INFO] [http] GET /api/v1/notifications/unread-count
2026-09-06T16:16:07.810Z [INFO] [slaReminder] SLA_SCAN cases=1 respRemind=0 respEsc=0 closureRemind=0 closureEsc=0 surveyExpired=0
2026-09-06T16:16:10.212Z [INFO] [http] GET /api/v1/notifications/unread-count
2026-09-06T16:16:40.515Z [INFO] [http] GET /api/v1/notifications/unread-count
2026-09-06T16:17:07.818Z [INFO] [slaReminder] SLA_SCAN cases=1 respRemind=0 respEsc=0 closureRemind=0 closureEsc=0 surveyExpired=0
2026-09-06T16:17:10.212Z [INFO] [http] GET /api/v1/notifications/unread-count
2026-09-06T16:17:40.516Z [INFO] [http] GET /api/v1/notifications/unread-count
2026-09-06T16:18:07.827Z [INFO] [slaReminder] SLA_SCAN cases=1 respRemind=0 respEsc=0 closureRemind=0 closureEsc=0 surveyExpired=0
2026-09-06T16:18:10.212Z [INFO] [http] GET /api/v1/notifications/unread-count
2026-09-06T16:18:40.519Z [INFO] [http] GET /api/v1/notifications/unread-count
2026-09-06T16:19:07.843Z [INFO] [slaReminder] SLA_SCAN cases=1 respRemind=0 respEsc=0 closureRemind=0 closureEsc=0 surveyExpired=0
2026-09-06T16:19:10.526Z [INFO] [http] GET /api/v1/notifications/unread-count
2026-09-06T16:19:40.525Z [INFO] [http] GET /api/v1/notifications/unread-count
2026-09-06T16:20:07.855Z [INFO] [slaReminder] SLA_SCAN cases=1 respRemind=0 respEsc=0 closureRemind=0 closureEsc=0 surveyExpired=0
2026-09-06T16:20:10.519Z [INFO] [http] GET /api/v1/notifications/unread-count
2026-09-06T16:20:40.518Z [INFO] [http] GET /api/v1/notifications/unread-count
2026-09-06T16:21:07.867Z [INFO] [slaReminder] SLA_SCAN cases=1 respRemind=0 respEsc=0 closureRemind=0 closureEsc=0 surveyExpired=0
2026-09-06T16:21:10.215Z [INFO] [http] GET /api/v1/notifications/unread-count
2026-09-06T16:21:40.516Z [INFO] [http] GET /api/v1/notifications/unread-count
2026-09-06T16:22:07.869Z [INFO] [slaReminder] SLA_SCAN cases=1 respRemind=0 respEsc=0 closureRemind=0 closureEsc=0 surveyExpired=0
2026-09-06T16:22:10.213Z [INFO] [http] GET /api/v1/notifications/unread-count
2026-09-06T16:22:40.518Z [INFO] [http] GET /api/v1/notifications/unread-count
2026-09-06T16:23:07.873Z [INFO] [slaReminder] SLA_SCAN cases=1 respRemind=0 respEsc=0 closureRemind=0 closureEsc=0 surveyExpired=0
2026-09-06T16:23:10.213Z [INFO] [http] GET /api/v1/notifications/unread-count
2026-09-06T16:23:40.516Z [INFO] [http] GET /api/v1/notifications/unread-count
2026-09-06T16:24:07.874Z [INFO] [slaReminder] SLA_SCAN cases=1 respRemind=0 respEsc=0 closureRemind=0 closureEsc=0 surveyExpired=0
2026-09-06T16:24:10.216Z [INFO] [http] GET /api/v1/notifications/unread-count
2026-09-06T16:24:40.521Z [INFO] [http] GET /api/v1/notifications/unread-count
2026-09-06T16:25:07.889Z [INFO] [slaReminder] SLA_SCAN cases=1 respRemind=0 respEsc=0 closureRemind=0 closureEsc=0 surveyExpired=0
2026-09-06T16:25:10.205Z [INFO] [http] GET /api/v1/notifications/unread-count
2026-09-06T16:25:40.514Z [INFO] [http] GET /api/v1/notifications/unread-count
2026-09-06T16:26:07.900Z [INFO] [slaReminder] SLA_SCAN cases=1 respRemind=0 respEsc=0 closureRemind=0 closureEsc=0 surveyExpired=0
2026-09-06T16:26:10.520Z [INFO] [http] GET /api/v1/notifications/unread-count
2026-09-06T16:26:40.524Z [INFO] [http] GET /api/v1/notifications/unread-count
2026-09-06T16:27:07.905Z [INFO] [slaReminder] SLA_SCAN cases=1 respRemind=0 respEsc=0 closureRemind=0 closureEsc=0 surveyExpired=0
2026-09-06T16:27:10.523Z [INFO] [http] GET /api/v1/notifications/unread-count
2026-09-06T16:27:40.523Z [INFO] [http] GET /api/v1/notifications/unread-count
2026-09-06T16:28:07.918Z [INFO] [slaReminder] SLA_SCAN cases=1 respRemind=0 respEsc=0 closureRemind=0 closureEsc=0 surveyExpired=0
2026-09-06T16:28:10.518Z [INFO] [http] GET /api/v1/notifications/unread-count
2026-09-06T16:28:40.202Z [INFO] [http] GET /api/v1/notifications/unread-count
2026-09-06T16:29:07.932Z [INFO] [slaReminder] SLA_SCAN cases=1 respRemind=0 respEsc=0 closureRemind=0 closureEsc=0 surveyExpired=0
2026-09-06T16:29:10.522Z [INFO] [http] GET /api/v1/notifications/unread-count
2026-09-06T16:29:40.521Z [INFO] [http] GET /api/v1/notifications/unread-count
2026-09-06T16:30:07.937Z [INFO] [slaReminder] SLA_SCAN cases=1 respRemind=0 respEsc=0 closureRemind=0 closureEsc=0 surveyExpired=0
2026-09-06T16:30:10.514Z [INFO] [http] GET /api/v1/notifications/unread-count
2026-09-06T16:30:40.216Z [INFO] [http] GET /api/v1/notifications/unread-count
2026-09-06T16:31:07.934Z [INFO] [slaReminder] SLA_SCAN cases=1 respRemind=0 respEsc=0 closureRemind=0 closureEsc=0 surveyExpired=0
2026-09-06T16:31:10.525Z [INFO] [http] GET /api/v1/notifications/unread-count
2026-09-06T16:31:40.214Z [INFO] [http] GET /api/v1/notifications/unread-count
2026-09-06T16:32:07.944Z [INFO] [slaReminder] SLA_SCAN cases=1 respRemind=0 respEsc=0 closureRemind=0 closureEsc=0 surveyExpired=0
2026-09-06T16:32:10.526Z [INFO] [http] GET /api/v1/notifications/unread-count
2026-09-06T16:32:40.207Z [INFO] [http] GET /api/v1/notifications/unread-count
2026-09-06T16:33:07.947Z [INFO] [slaReminder] SLA_SCAN cases=1 respRemind=0 respEsc=0 closureRemind=0 closureEsc=0 surveyExpired=0
2026-09-06T16:33:10.525Z [INFO] [http] GET /api/v1/notifications/unread-count
2026-09-06T16:33:40.206Z [INFO] [http] GET /api/v1/notifications/unread-count
2026-09-06T16:34:07.949Z [INFO] [slaReminder] SLA_SCAN cases=1 respRemind=0 respEsc=0 closureRemind=0 closureEsc=0 surveyExpired=0
2026-09-06T16:34:10.522Z [INFO] [http] GET /api/v1/notifications/unread-count
2026-09-06T16:34:40.518Z [INFO] [http] GET /api/v1/notifications/unread-count
2026-09-06T16:35:07.958Z [INFO] [slaReminder] SLA_SCAN cases=1 respRemind=0 respEsc=0 closureRemind=0 closureEsc=0 surveyExpired=0
2026-09-06T16:35:10.520Z [INFO] [http] GET /api/v1/notifications/unread-count
2026-09-06T16:35:40.526Z [INFO] [http] GET /api/v1/notifications/unread-count
2026-09-06T16:36:07.972Z [INFO] [slaReminder] SLA_SCAN cases=1 respRemind=0 respEsc=0 closureRemind=0 closureEsc=0 surveyExpired=0
2026-09-06T16:36:10.509Z [INFO] [http] GET /api/v1/notifications/unread-count
2026-09-06T16:36:40.213Z [INFO] [http] GET /api/v1/notifications/unread-count
2026-09-06T16:37:07.986Z [INFO] [slaReminder] SLA_SCAN cases=1 respRemind=0 respEsc=0 closureRemind=0 closureEsc=0 surveyExpired=0
2026-09-06T16:37:10.530Z [INFO] [http] GET /api/v1/notifications/unread-count
2026-09-06T16:37:40.210Z [INFO] [http] GET /api/v1/notifications/unread-count
2026-09-06T16:38:07.992Z [INFO] [slaReminder] SLA_SCAN cases=1 respRemind=0 respEsc=0 closureRemind=0 closureEsc=0 surveyExpired=0
2026-09-06T16:38:10.526Z [INFO] [http] GET /api/v1/notifications/unread-count
2026-09-06T16:38:40.214Z [INFO] [http] GET /api/v1/notifications/unread-count
2026-09-06T16:39:08.000Z [INFO] [slaReminder] SLA_SCAN cases=1 respRemind=0 respEsc=0 closureRemind=0 closureEsc=0 surveyExpired=0
2026-09-06T16:39:10.523Z [INFO] [http] GET /api/v1/notifications/unread-count
2026-09-06T16:39:40.516Z [INFO] [http] GET /api/v1/notifications/unread-count
2026-09-06T16:40:08.004Z [INFO] [slaReminder] SLA_SCAN cases=1 respRemind=0 respEsc=0 closureRemind=0 closureEsc=0 surveyExpired=0
2026-09-06T16:40:10.530Z [INFO] [http] GET /api/v1/notifications/unread-count
2026-09-06T16:40:40.522Z [INFO] [http] GET /api/v1/notifications/unread-count
2026-09-06T16:41:08.012Z [INFO] [slaReminder] SLA_SCAN cases=1 respRemind=0 respEsc=0 closureRemind=0 closureEsc=0 surveyExpired=0
2026-09-06T16:41:10.512Z [INFO] [http] GET /api/v1/notifications/unread-count
2026-09-06T16:41:40.523Z [INFO] [http] GET /api/v1/notifications/unread-count
2026-09-06T16:42:08.020Z [INFO] [slaReminder] SLA_SCAN cases=1 respRemind=0 respEsc=0 closureRemind=0 closureEsc=0 surveyExpired=0
2026-09-06T16:42:10.514Z [INFO] [http] GET /api/v1/notifications/unread-count
2026-09-06T16:42:40.225Z [INFO] [http] GET /api/v1/notifications/unread-count
2026-09-06T16:43:08.026Z [INFO] [slaReminder] SLA_SCAN cases=1 respRemind=0 respEsc=0 closureRemind=0 closureEsc=0 surveyExpired=0
2026-09-06T16:43:10.515Z [INFO] [http] GET /api/v1/notifications/unread-count
2026-09-06T16:43:40.201Z [INFO] [http] GET /api/v1/notifications/unread-count
2026-09-06T16:44:08.034Z [INFO] [slaReminder] SLA_SCAN cases=1 respRemind=0 respEsc=0 closureRemind=0 closureEsc=0 surveyExpired=0
2026-09-06T16:44:10.522Z [INFO] [http] GET /api/v1/notifications/unread-count
2026-09-06T16:44:40.521Z [INFO] [http] GET /api/v1/notifications/unread-count
2026-09-06T16:45:08.044Z [INFO] [slaReminder] SLA_SCAN cases=1 respRemind=0 respEsc=0 closureRemind=0 closureEsc=0 surveyExpired=0
2026-09-06T16:45:10.206Z [INFO] [http] GET /api/v1/notifications/unread-count
2026-09-06T16:45:40.514Z [INFO] [http] GET /api/v1/notifications/unread-count
2026-09-06T16:46:08.058Z [INFO] [slaReminder] SLA_SCAN cases=1 respRemind=0 respEsc=0 closureRemind=0 closureEsc=0 surveyExpired=0
2026-09-06T16:46:10.515Z [INFO] [http] GET /api/v1/notifications/unread-count
2026-09-06T16:46:40.201Z [INFO] [http] GET /api/v1/notifications/unread-count
2026-09-06T16:47:08.064Z [INFO] [slaReminder] SLA_SCAN cases=1 respRemind=0 respEsc=0 closureRemind=0 closureEsc=0 surveyExpired=0
2026-09-06T16:47:10.519Z [INFO] [http] GET /api/v1/notifications/unread-count
2026-09-06T16:47:40.224Z [INFO] [http] GET /api/v1/notifications/unread-count
2026-09-06T16:48:08.075Z [INFO] [slaReminder] SLA_SCAN cases=1 respRemind=0 respEsc=0 closureRemind=0 closureEsc=0 surveyExpired=0
2026-09-06T16:48:10.516Z [INFO] [http] GET /api/v1/notifications/unread-count
2026-09-06T16:48:40.213Z [INFO] [http] GET /api/v1/notifications/unread-count
2026-09-06T16:49:08.075Z [INFO] [slaReminder] SLA_SCAN cases=1 respRemind=0 respEsc=0 closureRemind=0 closureEsc=0 surveyExpired=0
2026-09-06T16:49:10.514Z [INFO] [http] GET /api/v1/notifications/unread-count
2026-09-06T16:49:40.518Z [INFO] [http] GET /api/v1/notifications/unread-count
2026-09-06T16:50:08.087Z [INFO] [slaReminder] SLA_SCAN cases=1 respRemind=0 respEsc=0 closureRemind=0 closureEsc=0 surveyExpired=0
2026-09-06T16:50:10.201Z [INFO] [http] GET /api/v1/notifications/unread-count
2026-09-06T16:50:40.517Z [INFO] [http] GET /api/v1/notifications/unread-count
2026-09-06T16:51:08.098Z [INFO] [slaReminder] SLA_SCAN cases=1 respRemind=0 respEsc=0 closureRemind=0 closureEsc=0 surveyExpired=0
2026-09-06T16:51:10.205Z [INFO] [http] GET /api/v1/notifications/unread-count
2026-09-06T16:51:40.510Z [INFO] [http] GET /api/v1/notifications/unread-count
2026-09-06T16:52:08.109Z [INFO] [slaReminder] SLA_SCAN cases=1 respRemind=0 respEsc=0 closureRemind=0 closureEsc=0 surveyExpired=0
2026-09-06T16:52:10.210Z [INFO] [http] GET /api/v1/notifications/unread-count
2026-09-06T16:52:40.517Z [INFO] [http] GET /api/v1/notifications/unread-count
2026-09-06T16:53:08.121Z [INFO] [slaReminder] SLA_SCAN cases=1 respRemind=0 respEsc=0 closureRemind=0 closureEsc=0 surveyExpired=0
2026-09-06T16:53:10.206Z [INFO] [http] GET /api/v1/notifications/unread-count
2026-09-06T16:53:40.516Z [INFO] [http] GET /api/v1/notifications/unread-count
2026-09-06T16:54:08.125Z [INFO] [slaReminder] SLA_SCAN cases=1 respRemind=0 respEsc=0 closureRemind=0 closureEsc=0 surveyExpired=0
2026-09-06T16:54:10.574Z [INFO] [http] GET /api/v1/notifications/unread-count
2026-09-06T16:54:40.516Z [INFO] [http] GET /api/v1/notifications/unread-count
2026-09-06T16:55:08.139Z [INFO] [slaReminder] SLA_SCAN cases=1 respRemind=0 respEsc=0 closureRemind=0 closureEsc=0 surveyExpired=0
2026-09-06T16:55:10.213Z [INFO] [http] GET /api/v1/notifications/unread-count
2026-09-06T16:55:40.509Z [INFO] [http] GET /api/v1/notifications/unread-count
2026-09-06T16:56:08.150Z [INFO] [slaReminder] SLA_SCAN cases=1 respRemind=0 respEsc=0 closureRemind=0 closureEsc=0 surveyExpired=0
2026-09-06T16:56:10.524Z [INFO] [http] GET /api/v1/notifications/unread-count
2026-09-06T16:56:40.212Z [INFO] [http] GET /api/v1/notifications/unread-count
2026-09-06T16:57:08.161Z [INFO] [slaReminder] SLA_SCAN cases=1 respRemind=0 respEsc=0 closureRemind=0 closureEsc=0 surveyExpired=0
2026-09-06T16:57:10.516Z [INFO] [http] GET /api/v1/notifications/unread-count
2026-09-06T16:57:40.204Z [INFO] [http] GET /api/v1/notifications/unread-count
2026-09-06T16:58:08.173Z [INFO] [slaReminder] SLA_SCAN cases=1 respRemind=0 respEsc=0 closureRemind=0 closureEsc=0 surveyExpired=0
2026-09-06T16:58:10.518Z [INFO] [http] GET /api/v1/notifications/unread-count
2026-09-06T16:58:40.207Z [INFO] [http] GET /api/v1/notifications/unread-count
2026-09-06T16:59:08.175Z [INFO] [slaReminder] SLA_SCAN cases=1 respRemind=0 respEsc=0 closureRemind=0 closureEsc=0 surveyExpired=0
2026-09-06T16:59:10.525Z [INFO] [http] GET /api/v1/notifications/unread-count
2026-09-06T16:59:40.216Z [INFO] [http] GET /api/v1/notifications/unread-count
2026-09-06T17:00:08.179Z [INFO] [slaReminder] SLA_SCAN cases=1 respRemind=0 respEsc=0 closureRemind=0 closureEsc=0 surveyExpired=0
2026-09-06T17:00:10.522Z [INFO] [http] GET /api/v1/notifications/unread-count
2026-09-06T17:00:40.517Z [INFO] [http] GET /api/v1/notifications/unread-count
2026-09-06T17:01:08.190Z [INFO] [slaReminder] SLA_SCAN cases=1 respRemind=0 respEsc=0 closureRemind=0 closureEsc=0 surveyExpired=0
2026-09-06T17:01:10.513Z [INFO] [http] GET /api/v1/notifications/unread-count
2026-09-06T17:01:40.510Z [INFO] [http] GET /api/v1/notifications/unread-count
2026-09-06T17:02:08.197Z [INFO] [slaReminder] SLA_SCAN cases=1 respRemind=0 respEsc=0 closureRemind=0 closureEsc=0 surveyExpired=0
2026-09-06T17:02:10.525Z [INFO] [http] GET /api/v1/notifications/unread-count
2026-09-06T17:02:40.512Z [INFO] [http] GET /api/v1/notifications/unread-count
2026-09-06T17:03:08.212Z [INFO] [slaReminder] SLA_SCAN cases=1 respRemind=0 respEsc=0 closureRemind=0 closureEsc=0 surveyExpired=0
2026-09-06T17:03:10.509Z [INFO] [http] GET /api/v1/notifications/unread-count
2026-09-06T17:03:40.519Z [INFO] [http] GET /api/v1/notifications/unread-count
2026-09-06T17:04:08.226Z [INFO] [slaReminder] SLA_SCAN cases=1 respRemind=0 respEsc=0 closureRemind=0 closureEsc=0 surveyExpired=0
2026-09-06T17:04:10.529Z [INFO] [http] GET /api/v1/notifications/unread-count
2026-09-06T17:04:40.522Z [INFO] [http] GET /api/v1/notifications/unread-count
2026-09-06T17:05:08.232Z [INFO] [slaReminder] SLA_SCAN cases=1 respRemind=0 respEsc=0 closureRemind=0 closureEsc=0 surveyExpired=0
2026-09-06T17:05:10.513Z [INFO] [http] GET /api/v1/notifications/unread-count
2026-09-06T17:05:40.513Z [INFO] [http] GET /api/v1/notifications/unread-count
2026-09-06T17:06:08.245Z [INFO] [slaReminder] SLA_SCAN cases=1 respRemind=0 respEsc=0 closureRemind=0 closureEsc=0 surveyExpired=0
2026-09-06T17:06:10.521Z [INFO] [http] GET /api/v1/notifications/unread-count
2026-09-06T17:06:40.199Z [INFO] [http] GET /api/v1/notifications/unread-count
2026-09-06T17:07:08.249Z [INFO] [slaReminder] SLA_SCAN cases=1 respRemind=0 respEsc=0 closureRemind=0 closureEsc=0 surveyExpired=0
2026-09-06T17:07:10.522Z [INFO] [http] GET /api/v1/notifications/unread-count
2026-09-06T17:07:40.207Z [INFO] [http] GET /api/v1/notifications/unread-count
2026-09-06T17:08:08.262Z [INFO] [slaReminder] SLA_SCAN cases=1 respRemind=0 respEsc=0 closureRemind=0 closureEsc=0 surveyExpired=0
2026-09-06T17:08:10.514Z [INFO] [http] GET /api/v1/notifications/unread-count
2026-09-06T17:08:40.204Z [INFO] [http] GET /api/v1/notifications/unread-count
2026-09-06T17:09:08.266Z [INFO] [slaReminder] SLA_SCAN cases=1 respRemind=0 respEsc=0 closureRemind=0 closureEsc=0 surveyExpired=0
2026-09-06T17:09:10.504Z [INFO] [http] GET /api/v1/notifications/unread-count
2026-09-06T17:09:40.519Z [INFO] [http] GET /api/v1/notifications/unread-count
2026-09-06T17:10:08.276Z [INFO] [slaReminder] SLA_SCAN cases=1 respRemind=0 respEsc=0 closureRemind=0 closureEsc=0 surveyExpired=0
2026-09-06T17:10:10.207Z [INFO] [http] GET /api/v1/notifications/unread-count
2026-09-06T17:10:40.519Z [INFO] [http] GET /api/v1/notifications/unread-count
2026-09-06T17:11:08.288Z [INFO] [slaReminder] SLA_SCAN cases=1 respRemind=0 respEsc=0 closureRemind=0 closureEsc=0 surveyExpired=0
2026-09-06T17:11:10.212Z [INFO] [http] GET /api/v1/notifications/unread-count
2026-09-06T17:11:40.527Z [INFO] [http] GET /api/v1/notifications/unread-count
2026-09-06T17:12:08.300Z [INFO] [slaReminder] SLA_SCAN cases=1 respRemind=0 respEsc=0 closureRemind=0 closureEsc=0 surveyExpired=0
2026-09-06T17:12:10.212Z [INFO] [http] GET /api/v1/notifications/unread-count
2026-09-06T17:12:40.525Z [INFO] [http] GET /api/v1/notifications/unread-count
2026-09-06T17:13:08.302Z [INFO] [slaReminder] SLA_SCAN cases=1 respRemind=0 respEsc=0 closureRemind=0 closureEsc=0 surveyExpired=0
2026-09-06T17:13:10.210Z [INFO] [http] GET /api/v1/notifications/unread-count
2026-09-06T17:13:40.519Z [INFO] [http] GET /api/v1/notifications/unread-count
2026-09-06T17:14:08.317Z [INFO] [slaReminder] SLA_SCAN cases=1 respRemind=0 respEsc=0 closureRemind=0 closureEsc=0 surveyExpired=0
2026-09-06T17:14:10.208Z [INFO] [http] GET /api/v1/notifications/unread-count
2026-09-06T17:14:40.529Z [INFO] [http] GET /api/v1/notifications/unread-count
2026-09-06T17:15:08.321Z [INFO] [slaReminder] SLA_SCAN cases=1 respRemind=0 respEsc=0 closureRemind=0 closureEsc=0 surveyExpired=0
2026-09-06T17:15:10.206Z [INFO] [http] GET /api/v1/notifications/unread-count
2026-09-06T17:15:40.518Z [INFO] [http] GET /api/v1/notifications/unread-count
2026-09-06T17:16:08.336Z [INFO] [slaReminder] SLA_SCAN cases=1 respRemind=0 respEsc=0 closureRemind=0 closureEsc=0 surveyExpired=0
2026-09-06T17:16:10.216Z [INFO] [http] GET /api/v1/notifications/unread-count
2026-09-06T17:16:40.515Z [INFO] [http] GET /api/v1/notifications/unread-count
2026-09-06T17:17:08.346Z [INFO] [slaReminder] SLA_SCAN cases=1 respRemind=0 respEsc=0 closureRemind=0 closureEsc=0 surveyExpired=0
2026-09-06T17:17:10.203Z [INFO] [http] GET /api/v1/notifications/unread-count
2026-09-06T17:17:40.517Z [INFO] [http] GET /api/v1/notifications/unread-count
2026-09-06T17:18:08.347Z [INFO] [slaReminder] SLA_SCAN cases=1 respRemind=0 respEsc=0 closureRemind=0 closureEsc=0 surveyExpired=0
2026-09-06T17:18:10.206Z [INFO] [http] GET /api/v1/notifications/unread-count
2026-09-06T17:18:40.519Z [INFO] [http] GET /api/v1/notifications/unread-count
2026-09-06T17:19:08.349Z [INFO] [slaReminder] SLA_SCAN cases=1 respRemind=0 respEsc=0 closureRemind=0 closureEsc=0 surveyExpired=0
2026-09-06T17:19:10.204Z [INFO] [http] GET /api/v1/notifications/unread-count
2026-09-06T17:19:40.517Z [INFO] [http] GET /api/v1/notifications/unread-count
2026-09-06T17:20:08.360Z [INFO] [slaReminder] SLA_SCAN cases=1 respRemind=0 respEsc=0 closureRemind=0 closureEsc=0 surveyExpired=0
2026-09-06T17:20:10.212Z [INFO] [http] GET /api/v1/notifications/unread-count
2026-09-06T17:20:40.513Z [INFO] [http] GET /api/v1/notifications/unread-count
2026-09-06T17:21:08.371Z [INFO] [slaReminder] SLA_SCAN cases=1 respRemind=0 respEsc=0 closureRemind=0 closureEsc=0 surveyExpired=0
2026-09-06T17:21:10.203Z [INFO] [http] GET /api/v1/notifications/unread-count
2026-09-06T17:21:40.513Z [INFO] [http] GET /api/v1/notifications/unread-count
2026-09-06T17:22:08.374Z [INFO] [slaReminder] SLA_SCAN cases=1 respRemind=0 respEsc=0 closureRemind=0 closureEsc=0 surveyExpired=0
2026-09-06T17:22:10.200Z [INFO] [http] GET /api/v1/notifications/unread-count
2026-09-06T17:22:40.509Z [INFO] [http] GET /api/v1/notifications/unread-count
2026-09-06T17:23:08.389Z [INFO] [slaReminder] SLA_SCAN cases=1 respRemind=0 respEsc=0 closureRemind=0 closureEsc=0 surveyExpired=0
2026-09-06T17:23:10.206Z [INFO] [http] GET /api/v1/notifications/unread-count
2026-09-06T17:23:40.517Z [INFO] [http] GET /api/v1/notifications/unread-count
2026-09-06T17:24:08.405Z [INFO] [slaReminder] SLA_SCAN cases=1 respRemind=0 respEsc=0 closureRemind=0 closureEsc=0 surveyExpired=0
2026-09-06T17:24:10.211Z [INFO] [http] GET /api/v1/notifications/unread-count
2026-09-06T17:24:40.518Z [INFO] [http] GET /api/v1/notifications/unread-count
2026-09-06T17:25:08.413Z [INFO] [slaReminder] SLA_SCAN cases=1 respRemind=0 respEsc=0 closureRemind=0 closureEsc=0 surveyExpired=0
2026-09-06T17:25:10.519Z [INFO] [http] GET /api/v1/notifications/unread-count
2026-09-06T17:25:40.516Z [INFO] [http] GET /api/v1/notifications/unread-count
2026-09-06T17:26:08.419Z [INFO] [slaReminder] SLA_SCAN cases=1 respRemind=0 respEsc=0 closureRemind=0 closureEsc=0 surveyExpired=0
2026-09-06T17:26:10.509Z [INFO] [http] GET /api/v1/notifications/unread-count
2026-09-06T17:26:40.512Z [INFO] [http] GET /api/v1/notifications/unread-count
2026-09-06T17:27:08.425Z [INFO] [slaReminder] SLA_SCAN cases=1 respRemind=0 respEsc=0 closureRemind=0 closureEsc=0 surveyExpired=0
2026-09-06T17:27:10.513Z [INFO] [http] GET /api/v1/notifications/unread-count
2026-09-06T17:27:40.512Z [INFO] [http] GET /api/v1/notifications/unread-count
2026-09-06T17:28:08.433Z [INFO] [slaReminder] SLA_SCAN cases=1 respRemind=0 respEsc=0 closureRemind=0 closureEsc=0 surveyExpired=0
2026-09-06T17:28:10.525Z [INFO] [http] GET /api/v1/notifications/unread-count
2026-09-06T17:28:40.206Z [INFO] [http] GET /api/v1/notifications/unread-count
2026-09-06T17:29:08.443Z [INFO] [slaReminder] SLA_SCAN cases=1 respRemind=0 respEsc=0 closureRemind=0 closureEsc=0 surveyExpired=0
2026-09-06T17:29:10.515Z [INFO] [http] GET /api/v1/notifications/unread-count
2026-09-06T17:29:40.513Z [INFO] [http] GET /api/v1/notifications/unread-count
2026-09-06T17:30:08.459Z [INFO] [slaReminder] SLA_SCAN cases=1 respRemind=0 respEsc=0 closureRemind=0 closureEsc=0 surveyExpired=0
2026-09-06T17:30:10.523Z [INFO] [http] GET /api/v1/notifications/unread-count
2026-09-06T17:30:40.514Z [INFO] [http] GET /api/v1/notifications/unread-count
2026-09-06T17:31:08.463Z [INFO] [slaReminder] SLA_SCAN cases=1 respRemind=0 respEsc=0 closureRemind=0 closureEsc=0 surveyExpired=0
2026-09-06T17:31:10.208Z [INFO] [http] GET /api/v1/notifications/unread-count
2026-09-06T17:31:40.511Z [INFO] [http] GET /api/v1/notifications/unread-count
2026-09-06T17:32:08.468Z [INFO] [slaReminder] SLA_SCAN cases=1 respRemind=0 respEsc=0 closureRemind=0 closureEsc=0 surveyExpired=0
2026-09-06T17:32:10.209Z [INFO] [http] GET /api/v1/notifications/unread-count
2026-09-06T17:32:40.512Z [INFO] [http] GET /api/v1/notifications/unread-count
2026-09-06T17:33:08.476Z [INFO] [slaReminder] SLA_SCAN cases=1 respRemind=0 respEsc=0 closureRemind=0 closureEsc=0 surveyExpired=0
2026-09-06T17:33:10.209Z [INFO] [http] GET /api/v1/notifications/unread-count
2026-09-06T17:33:40.516Z [INFO] [http] GET /api/v1/notifications/unread-count
2026-09-06T17:34:08.479Z [INFO] [slaReminder] SLA_SCAN cases=1 respRemind=0 respEsc=0 closureRemind=0 closureEsc=0 surveyExpired=0
2026-09-06T17:34:10.524Z [INFO] [http] GET /api/v1/notifications/unread-count
2026-09-06T17:34:40.518Z [INFO] [http] GET /api/v1/notifications/unread-count
2026-09-06T17:35:08.485Z [INFO] [slaReminder] SLA_SCAN cases=1 respRemind=0 respEsc=0 closureRemind=0 closureEsc=0 surveyExpired=0
2026-09-06T17:35:10.514Z [INFO] [http] GET /api/v1/notifications/unread-count
2026-09-06T17:35:40.515Z [INFO] [http] GET /api/v1/notifications/unread-count
2026-09-06T17:36:08.492Z [INFO] [slaReminder] SLA_SCAN cases=1 respRemind=0 respEsc=0 closureRemind=0 closureEsc=0 surveyExpired=0
2026-09-06T17:36:10.512Z [INFO] [http] GET /api/v1/notifications/unread-count
2026-09-06T17:36:40.202Z [INFO] [http] GET /api/v1/notifications/unread-count
2026-09-06T17:37:08.506Z [INFO] [slaReminder] SLA_SCAN cases=1 respRemind=0 respEsc=0 closureRemind=0 closureEsc=0 surveyExpired=0
2026-09-06T17:37:10.513Z [INFO] [http] GET /api/v1/notifications/unread-count
2026-09-06T17:37:40.212Z [INFO] [http] GET /api/v1/notifications/unread-count
2026-09-06T17:38:08.508Z [INFO] [slaReminder] SLA_SCAN cases=1 respRemind=0 respEsc=0 closureRemind=0 closureEsc=0 surveyExpired=0
2026-09-06T17:38:10.517Z [INFO] [http] GET /api/v1/notifications/unread-count
2026-09-06T17:38:40.214Z [INFO] [http] GET /api/v1/notifications/unread-count
2026-09-06T17:39:08.510Z [INFO] [slaReminder] SLA_SCAN cases=1 respRemind=0 respEsc=0 closureRemind=0 closureEsc=0 surveyExpired=0
2026-09-06T17:39:10.524Z [INFO] [http] GET /api/v1/notifications/unread-count
2026-09-06T17:39:40.512Z [INFO] [http] GET /api/v1/notifications/unread-count
2026-09-06T17:40:08.514Z [INFO] [slaReminder] SLA_SCAN cases=1 respRemind=0 respEsc=0 closureRemind=0 closureEsc=0 surveyExpired=0
2026-09-06T17:40:10.519Z [INFO] [http] GET /api/v1/notifications/unread-count
2026-09-06T17:40:40.518Z [INFO] [http] GET /api/v1/notifications/unread-count
2026-09-06T17:41:08.519Z [INFO] [slaReminder] SLA_SCAN cases=1 respRemind=0 respEsc=0 closureRemind=0 closureEsc=0 surveyExpired=0
2026-09-06T17:41:10.518Z [INFO] [http] GET /api/v1/notifications/unread-count
2026-09-06T17:41:40.513Z [INFO] [http] GET /api/v1/notifications/unread-count
2026-09-06T17:42:08.529Z [INFO] [slaReminder] SLA_SCAN cases=1 respRemind=0 respEsc=0 closureRemind=0 closureEsc=0 surveyExpired=0
2026-09-06T17:42:10.201Z [INFO] [http] GET /api/v1/notifications/unread-count
2026-09-06T17:42:40.510Z [INFO] [http] GET /api/v1/notifications/unread-count
2026-09-06T17:43:08.532Z [INFO] [slaReminder] SLA_SCAN cases=1 respRemind=0 respEsc=0 closureRemind=0 closureEsc=0 surveyExpired=0
2026-09-06T17:43:10.513Z [INFO] [http] GET /api/v1/notifications/unread-count
2026-09-06T17:43:40.206Z [INFO] [http] GET /api/v1/notifications/unread-count
2026-09-06T17:44:08.546Z [INFO] [slaReminder] SLA_SCAN cases=1 respRemind=0 respEsc=0 closureRemind=0 closureEsc=0 surveyExpired=0
2026-09-06T17:44:10.518Z [INFO] [http] GET /api/v1/notifications/unread-count
2026-09-06T17:44:40.197Z [INFO] [http] GET /api/v1/notifications/unread-count
2026-09-06T17:45:08.556Z [INFO] [slaReminder] SLA_SCAN cases=1 respRemind=0 respEsc=0 closureRemind=0 closureEsc=0 surveyExpired=0
2026-09-06T17:45:10.523Z [INFO] [http] GET /api/v1/notifications/unread-count
2026-09-06T17:45:40.514Z [INFO] [http] GET /api/v1/notifications/unread-count
2026-09-06T17:46:08.557Z [INFO] [slaReminder] SLA_SCAN cases=1 respRemind=0 respEsc=0 closureRemind=0 closureEsc=0 surveyExpired=0
2026-09-06T17:46:10.504Z [INFO] [http] GET /api/v1/notifications/unread-count
2026-09-06T17:46:40.211Z [INFO] [http] GET /api/v1/notifications/unread-count
2026-09-06T17:47:08.566Z [INFO] [slaReminder] SLA_SCAN cases=1 respRemind=0 respEsc=0 closureRemind=0 closureEsc=0 surveyExpired=0
2026-09-06T17:47:10.521Z [INFO] [http] GET /api/v1/notifications/unread-count
2026-09-06T17:47:40.197Z [INFO] [http] GET /api/v1/notifications/unread-count
2026-09-06T17:48:08.569Z [INFO] [slaReminder] SLA_SCAN cases=1 respRemind=0 respEsc=0 closureRemind=0 closureEsc=0 surveyExpired=0
2026-09-06T17:48:10.522Z [INFO] [http] GET /api/v1/notifications/unread-count
2026-09-06T17:48:40.200Z [INFO] [http] GET /api/v1/notifications/unread-count
2026-09-06T17:49:08.585Z [INFO] [slaReminder] SLA_SCAN cases=1 respRemind=0 respEsc=0 closureRemind=0 closureEsc=0 surveyExpired=0
2026-09-06T17:49:10.515Z [INFO] [http] GET /api/v1/notifications/unread-count
2026-09-06T17:49:40.515Z [INFO] [http] GET /api/v1/notifications/unread-count
2026-09-06T17:50:08.589Z [INFO] [slaReminder] SLA_SCAN cases=1 respRemind=0 respEsc=0 closureRemind=0 closureEsc=0 surveyExpired=0
2026-09-06T17:50:10.513Z [INFO] [http] GET /api/v1/notifications/unread-count
2026-09-06T17:50:40.195Z [INFO] [http] GET /api/v1/notifications/unread-count
2026-09-06T17:51:08.599Z [INFO] [slaReminder] SLA_SCAN cases=1 respRemind=0 respEsc=0 closureRemind=0 closureEsc=0 surveyExpired=0
2026-09-06T17:51:10.513Z [INFO] [http] GET /api/v1/notifications/unread-count
2026-09-06T17:51:40.213Z [INFO] [http] GET /api/v1/notifications/unread-count
2026-09-06T17:52:08.609Z [INFO] [slaReminder] SLA_SCAN cases=1 respRemind=0 respEsc=0 closureRemind=0 closureEsc=0 surveyExpired=0
2026-09-06T17:52:10.512Z [INFO] [http] GET /api/v1/notifications/unread-count
2026-09-06T17:52:40.210Z [INFO] [http] GET /api/v1/notifications/unread-count
2026-09-06T17:53:08.615Z [INFO] [slaReminder] SLA_SCAN cases=1 respRemind=0 respEsc=0 closureRemind=0 closureEsc=0 surveyExpired=0
2026-09-06T17:53:10.511Z [INFO] [http] GET /api/v1/notifications/unread-count
2026-09-06T17:53:40.202Z [INFO] [http] GET /api/v1/notifications/unread-count
2026-09-06T17:54:08.623Z [INFO] [slaReminder] SLA_SCAN cases=1 respRemind=0 respEsc=0 closureRemind=0 closureEsc=0 surveyExpired=0
2026-09-06T17:54:10.511Z [INFO] [http] GET /api/v1/notifications/unread-count
2026-09-06T17:54:40.516Z [INFO] [http] GET /api/v1/notifications/unread-count
2026-09-06T17:55:08.633Z [INFO] [slaReminder] SLA_SCAN cases=1 respRemind=0 respEsc=0 closureRemind=0 closureEsc=0 surveyExpired=0
2026-09-06T17:55:10.211Z [INFO] [http] GET /api/v1/notifications/unread-count
2026-09-06T17:55:40.534Z [INFO] [http] GET /api/v1/notifications/unread-count
2026-09-06T17:56:08.640Z [INFO] [slaReminder] SLA_SCAN cases=1 respRemind=0 respEsc=0 closureRemind=0 closureEsc=0 surveyExpired=0
2026-09-06T17:56:10.211Z [INFO] [http] GET /api/v1/notifications/unread-count
2026-09-06T17:56:40.513Z [INFO] [http] GET /api/v1/notifications/unread-count
2026-09-06T17:57:08.655Z [INFO] [slaReminder] SLA_SCAN cases=1 respRemind=0 respEsc=0 closureRemind=0 closureEsc=0 surveyExpired=0
2026-09-06T17:57:10.208Z [INFO] [http] GET /api/v1/notifications/unread-count
2026-09-06T17:57:40.508Z [INFO] [http] GET /api/v1/notifications/unread-count
2026-09-06T17:58:08.662Z [INFO] [slaReminder] SLA_SCAN cases=1 respRemind=0 respEsc=0 closureRemind=0 closureEsc=0 surveyExpired=0
2026-09-06T17:58:10.204Z [INFO] [http] GET /api/v1/notifications/unread-count
2026-09-06T17:58:40.520Z [INFO] [http] GET /api/v1/notifications/unread-count
2026-09-06T17:59:08.665Z [INFO] [slaReminder] SLA_SCAN cases=1 respRemind=0 respEsc=0 closureRemind=0 closureEsc=0 surveyExpired=0
2026-09-06T17:59:10.204Z [INFO] [http] GET /api/v1/notifications/unread-count
2026-09-06T17:59:40.524Z [INFO] [http] GET /api/v1/notifications/unread-count
2026-09-06T18:00:08.675Z [INFO] [slaReminder] SLA_SCAN cases=1 respRemind=0 respEsc=0 closureRemind=0 closureEsc=0 surveyExpired=0
2026-09-06T18:00:10.198Z [INFO] [http] GET /api/v1/notifications/unread-count
2026-09-06T18:00:40.512Z [INFO] [http] GET /api/v1/notifications/unread-count
2026-09-06T18:01:08.684Z [INFO] [slaReminder] SLA_SCAN cases=1 respRemind=0 respEsc=0 closureRemind=0 closureEsc=0 surveyExpired=0
2026-09-06T18:01:10.208Z [INFO] [http] GET /api/v1/notifications/unread-count
2026-09-06T18:01:40.508Z [INFO] [http] GET /api/v1/notifications/unread-count
2026-09-06T18:02:08.689Z [INFO] [slaReminder] SLA_SCAN cases=1 respRemind=0 respEsc=0 closureRemind=0 closureEsc=0 surveyExpired=0
2026-09-06T18:02:10.199Z [INFO] [http] GET /api/v1/notifications/unread-count
2026-09-06T18:02:40.520Z [INFO] [http] GET /api/v1/notifications/unread-count
2026-09-06T18:03:08.694Z [INFO] [slaReminder] SLA_SCAN cases=1 respRemind=0 respEsc=0 closureRemind=0 closureEsc=0 surveyExpired=0
2026-09-06T18:03:10.208Z [INFO] [http] GET /api/v1/notifications/unread-count
2026-09-06T18:03:40.504Z [INFO] [http] GET /api/v1/notifications/unread-count
2026-09-06T18:04:08.697Z [INFO] [slaReminder] SLA_SCAN cases=1 respRemind=0 respEsc=0 closureRemind=0 closureEsc=0 surveyExpired=0
2026-09-06T18:04:10.205Z [INFO] [http] GET /api/v1/notifications/unread-count
2026-09-06T18:04:40.508Z [INFO] [http] GET /api/v1/notifications/unread-count
2026-09-06T18:05:08.703Z [INFO] [slaReminder] SLA_SCAN cases=1 respRemind=0 respEsc=0 closureRemind=0 closureEsc=0 surveyExpired=0
2026-09-06T18:05:10.201Z [INFO] [http] GET /api/v1/notifications/unread-count
2026-09-06T18:05:40.515Z [INFO] [http] GET /api/v1/notifications/unread-count
2026-09-06T18:06:08.713Z [INFO] [slaReminder] SLA_SCAN cases=1 respRemind=0 respEsc=0 closureRemind=0 closureEsc=0 surveyExpired=0
2026-09-06T18:06:10.211Z [INFO] [http] GET /api/v1/notifications/unread-count
2026-09-06T18:06:40.503Z [INFO] [http] GET /api/v1/notifications/unread-count
2026-09-06T18:07:08.722Z [INFO] [slaReminder] SLA_SCAN cases=1 respRemind=0 respEsc=0 closureRemind=0 closureEsc=0 surveyExpired=0
2026-09-06T18:07:10.201Z [INFO] [http] GET /api/v1/notifications/unread-count
2026-09-06T18:07:40.508Z [INFO] [http] GET /api/v1/notifications/unread-count
2026-09-06T18:08:08.730Z [INFO] [slaReminder] SLA_SCAN cases=1 respRemind=0 respEsc=0 closureRemind=0 closureEsc=0 surveyExpired=0
2026-09-06T18:08:10.199Z [INFO] [http] GET /api/v1/notifications/unread-count
2026-09-06T18:08:40.506Z [INFO] [http] GET /api/v1/notifications/unread-count
2026-09-06T18:09:08.728Z [INFO] [slaReminder] SLA_SCAN cases=1 respRemind=0 respEsc=0 closureRemind=0 closureEsc=0 surveyExpired=0
2026-09-06T18:09:10.208Z [INFO] [http] GET /api/v1/notifications/unread-count
2026-09-06T18:09:40.507Z [INFO] [http] GET /api/v1/notifications/unread-count
2026-09-06T18:10:08.739Z [INFO] [slaReminder] SLA_SCAN cases=1 respRemind=0 respEsc=0 closureRemind=0 closureEsc=0 surveyExpired=0
2026-09-06T18:10:10.205Z [INFO] [http] GET /api/v1/notifications/unread-count
2026-09-06T18:10:40.524Z [INFO] [http] GET /api/v1/notifications/unread-count
2026-09-06T18:11:08.757Z [INFO] [slaReminder] SLA_SCAN cases=1 respRemind=0 respEsc=0 closureRemind=0 closureEsc=0 surveyExpired=0
2026-09-06T18:11:10.202Z [INFO] [http] GET /api/v1/notifications/unread-count
2026-09-06T18:11:40.519Z [INFO] [http] GET /api/v1/notifications/unread-count
2026-09-06T18:12:08.760Z [INFO] [slaReminder] SLA_SCAN cases=1 respRemind=0 respEsc=0 closureRemind=0 closureEsc=0 surveyExpired=0
2026-09-06T18:12:10.204Z [INFO] [http] GET /api/v1/notifications/unread-count
2026-09-06T18:12:40.517Z [INFO] [http] GET /api/v1/notifications/unread-count
2026-09-06T18:13:08.765Z [INFO] [slaReminder] SLA_SCAN cases=1 respRemind=0 respEsc=0 closureRemind=0 closureEsc=0 surveyExpired=0
2026-09-06T18:13:10.201Z [INFO] [http] GET /api/v1/notifications/unread-count
2026-09-06T18:13:40.515Z [INFO] [http] GET /api/v1/notifications/unread-count
2026-09-06T18:14:08.774Z [INFO] [slaReminder] SLA_SCAN cases=1 respRemind=0 respEsc=0 closureRemind=0 closureEsc=0 surveyExpired=0
2026-09-06T18:14:10.204Z [INFO] [http] GET /api/v1/notifications/unread-count
2026-09-06T18:14:40.504Z [INFO] [http] GET /api/v1/notifications/unread-count
2026-09-06T18:15:08.777Z [INFO] [slaReminder] SLA_SCAN cases=1 respRemind=0 respEsc=0 closureRemind=0 closureEsc=0 surveyExpired=0
2026-09-06T18:15:10.196Z [INFO] [http] GET /api/v1/notifications/unread-count
2026-09-06T18:15:40.511Z [INFO] [http] GET /api/v1/notifications/unread-count
2026-09-06T18:16:08.780Z [INFO] [slaReminder] SLA_SCAN cases=1 respRemind=0 respEsc=0 closureRemind=0 closureEsc=0 surveyExpired=0
2026-09-06T18:16:10.208Z [INFO] [http] GET /api/v1/notifications/unread-count
2026-09-06T18:16:40.517Z [INFO] [http] GET /api/v1/notifications/unread-count
2026-09-06T18:17:08.780Z [INFO] [slaReminder] SLA_SCAN cases=1 respRemind=0 respEsc=0 closureRemind=0 closureEsc=0 surveyExpired=0
2026-09-06T18:17:10.210Z [INFO] [http] GET /api/v1/notifications/unread-count
2026-09-06T18:17:40.514Z [INFO] [http] GET /api/v1/notifications/unread-count
2026-09-06T18:18:08.782Z [INFO] [slaReminder] SLA_SCAN cases=1 respRemind=0 respEsc=0 closureRemind=0 closureEsc=0 surveyExpired=0
2026-09-06T18:18:10.208Z [INFO] [http] GET /api/v1/notifications/unread-count
2026-09-06T18:18:40.512Z [INFO] [http] GET /api/v1/notifications/unread-count
2026-09-06T18:19:08.795Z [INFO] [slaReminder] SLA_SCAN cases=1 respRemind=0 respEsc=0 closureRemind=0 closureEsc=0 surveyExpired=0
2026-09-06T18:19:10.206Z [INFO] [http] GET /api/v1/notifications/unread-count
2026-09-06T18:19:40.514Z [INFO] [http] GET /api/v1/notifications/unread-count
2026-09-06T18:20:08.810Z [INFO] [slaReminder] SLA_SCAN cases=1 respRemind=0 respEsc=0 closureRemind=0 closureEsc=0 surveyExpired=0
2026-09-06T18:20:10.515Z [INFO] [http] GET /api/v1/notifications/unread-count
2026-09-06T18:20:40.210Z [INFO] [http] GET /api/v1/notifications/unread-count
2026-09-06T18:21:08.820Z [INFO] [slaReminder] SLA_SCAN cases=1 respRemind=0 respEsc=0 closureRemind=0 closureEsc=0 surveyExpired=0
2026-09-06T18:21:10.512Z [INFO] [http] GET /api/v1/notifications/unread-count
2026-09-06T18:21:40.201Z [INFO] [http] GET /api/v1/notifications/unread-count
2026-09-06T18:22:08.835Z [INFO] [slaReminder] SLA_SCAN cases=1 respRemind=0 respEsc=0 closureRemind=0 closureEsc=0 surveyExpired=0
2026-09-06T18:22:10.516Z [INFO] [http] GET /api/v1/notifications/unread-count
2026-09-06T18:22:40.204Z [INFO] [http] GET /api/v1/notifications/unread-count
2026-09-06T18:23:08.837Z [INFO] [slaReminder] SLA_SCAN cases=1 respRemind=0 respEsc=0 closureRemind=0 closureEsc=0 surveyExpired=0
2026-09-06T18:23:10.507Z [INFO] [http] GET /api/v1/notifications/unread-count
2026-09-06T18:23:40.195Z [INFO] [http] GET /api/v1/notifications/unread-count
2026-09-06T18:24:08.848Z [INFO] [slaReminder] SLA_SCAN cases=1 respRemind=0 respEsc=0 closureRemind=0 closureEsc=0 surveyExpired=0
2026-09-06T18:24:10.507Z [INFO] [http] GET /api/v1/notifications/unread-count
2026-09-06T18:24:40.521Z [INFO] [http] GET /api/v1/notifications/unread-count
2026-09-06T18:25:08.857Z [INFO] [slaReminder] SLA_SCAN cases=1 respRemind=0 respEsc=0 closureRemind=0 closureEsc=0 surveyExpired=0
2026-09-06T18:25:10.209Z [INFO] [http] GET /api/v1/notifications/unread-count
2026-09-06T18:25:40.507Z [INFO] [http] GET /api/v1/notifications/unread-count
2026-09-06T18:26:08.869Z [INFO] [slaReminder] SLA_SCAN cases=1 respRemind=0 respEsc=0 closureRemind=0 closureEsc=0 surveyExpired=0
2026-09-06T18:26:10.202Z [INFO] [http] GET /api/v1/notifications/unread-count
2026-09-06T18:26:40.510Z [INFO] [http] GET /api/v1/notifications/unread-count
2026-09-06T18:27:08.880Z [INFO] [slaReminder] SLA_SCAN cases=1 respRemind=0 respEsc=0 closureRemind=0 closureEsc=0 surveyExpired=0
2026-09-06T18:27:10.196Z [INFO] [http] GET /api/v1/notifications/unread-count
2026-09-06T18:27:40.504Z [INFO] [http] GET /api/v1/notifications/unread-count
2026-09-06T18:28:08.887Z [INFO] [slaReminder] SLA_SCAN cases=1 respRemind=0 respEsc=0 closureRemind=0 closureEsc=0 surveyExpired=0
2026-09-06T18:28:10.198Z [INFO] [http] GET /api/v1/notifications/unread-count
2026-09-06T18:28:40.520Z [INFO] [http] GET /api/v1/notifications/unread-count
2026-09-06T18:29:08.887Z [INFO] [slaReminder] SLA_SCAN cases=1 respRemind=0 respEsc=0 closureRemind=0 closureEsc=0 surveyExpired=0
2026-09-06T18:29:10.210Z [INFO] [http] GET /api/v1/notifications/unread-count
2026-09-06T18:29:40.515Z [INFO] [http] GET /api/v1/notifications/unread-count
2026-09-06T18:30:08.893Z [INFO] [slaReminder] SLA_SCAN cases=1 respRemind=0 respEsc=0 closureRemind=0 closureEsc=0 surveyExpired=0
2026-09-06T18:30:10.207Z [INFO] [http] GET /api/v1/notifications/unread-count
2026-09-06T18:30:40.518Z [INFO] [http] GET /api/v1/notifications/unread-count
2026-09-06T18:31:08.904Z [INFO] [slaReminder] SLA_SCAN cases=1 respRemind=0 respEsc=0 closureRemind=0 closureEsc=0 surveyExpired=0
2026-09-06T18:31:10.208Z [INFO] [http] GET /api/v1/notifications/unread-count
2026-09-06T18:31:40.509Z [INFO] [http] GET /api/v1/notifications/unread-count
2026-09-06T18:32:08.907Z [INFO] [slaReminder] SLA_SCAN cases=1 respRemind=0 respEsc=0 closureRemind=0 closureEsc=0 surveyExpired=0
2026-09-06T18:32:10.198Z [INFO] [http] GET /api/v1/notifications/unread-count
2026-09-06T18:32:40.520Z [INFO] [http] GET /api/v1/notifications/unread-count
2026-09-06T18:33:08.914Z [INFO] [slaReminder] SLA_SCAN cases=1 respRemind=0 respEsc=0 closureRemind=0 closureEsc=0 surveyExpired=0
2026-09-06T18:33:10.196Z [INFO] [http] GET /api/v1/notifications/unread-count
2026-09-06T18:33:40.511Z [INFO] [http] GET /api/v1/notifications/unread-count
2026-09-06T18:34:08.925Z [INFO] [slaReminder] SLA_SCAN cases=1 respRemind=0 respEsc=0 closureRemind=0 closureEsc=0 surveyExpired=0
2026-09-06T18:34:10.515Z [INFO] [http] GET /api/v1/notifications/unread-count
2026-09-06T18:34:40.504Z [INFO] [http] GET /api/v1/notifications/unread-count
2026-09-06T18:35:08.933Z [INFO] [slaReminder] SLA_SCAN cases=1 respRemind=0 respEsc=0 closureRemind=0 closureEsc=0 surveyExpired=0
2026-09-06T18:35:10.506Z [INFO] [http] GET /api/v1/notifications/unread-count
2026-09-06T18:35:40.505Z [INFO] [http] GET /api/v1/notifications/unread-count
2026-09-06T18:36:08.943Z [INFO] [slaReminder] SLA_SCAN cases=1 respRemind=0 respEsc=0 closureRemind=0 closureEsc=0 surveyExpired=0
2026-09-06T18:36:10.512Z [INFO] [http] GET /api/v1/notifications/unread-count
2026-09-06T18:36:40.199Z [INFO] [http] GET /api/v1/notifications/unread-count
2026-09-06T18:37:08.958Z [INFO] [slaReminder] SLA_SCAN cases=1 respRemind=0 respEsc=0 closureRemind=0 closureEsc=0 surveyExpired=0
2026-09-06T18:37:10.517Z [INFO] [http] GET /api/v1/notifications/unread-count
2026-09-06T18:37:40.201Z [INFO] [http] GET /api/v1/notifications/unread-count
2026-09-06T18:38:08.968Z [INFO] [slaReminder] SLA_SCAN cases=1 respRemind=0 respEsc=0 closureRemind=0 closureEsc=0 surveyExpired=0
2026-09-06T18:38:10.514Z [INFO] [http] GET /api/v1/notifications/unread-count
2026-09-06T18:38:40.198Z [INFO] [http] GET /api/v1/notifications/unread-count
2026-09-06T18:39:08.976Z [INFO] [slaReminder] SLA_SCAN cases=1 respRemind=0 respEsc=0 closureRemind=0 closureEsc=0 surveyExpired=0
2026-09-06T18:39:10.511Z [INFO] [http] GET /api/v1/notifications/unread-count
2026-09-06T18:39:40.507Z [INFO] [http] GET /api/v1/notifications/unread-count
2026-09-06T18:40:08.987Z [INFO] [slaReminder] SLA_SCAN cases=1 respRemind=0 respEsc=0 closureRemind=0 closureEsc=0 surveyExpired=0
2026-09-06T18:40:10.208Z [INFO] [http] GET /api/v1/notifications/unread-count
2026-09-06T18:40:40.515Z [INFO] [http] GET /api/v1/notifications/unread-count
2026-09-06T18:41:09.001Z [INFO] [slaReminder] SLA_SCAN cases=1 respRemind=0 respEsc=0 closureRemind=0 closureEsc=0 surveyExpired=0
2026-09-06T18:41:10.514Z [INFO] [http] GET /api/v1/notifications/unread-count
2026-09-06T18:41:40.199Z [INFO] [http] GET /api/v1/notifications/unread-count
2026-09-06T18:42:09.015Z [INFO] [slaReminder] SLA_SCAN cases=1 respRemind=0 respEsc=0 closureRemind=0 closureEsc=0 surveyExpired=0
2026-09-06T18:42:10.508Z [INFO] [http] GET /api/v1/notifications/unread-count
2026-09-06T18:42:40.205Z [INFO] [http] GET /api/v1/notifications/unread-count
2026-09-06T18:43:09.020Z [INFO] [slaReminder] SLA_SCAN cases=1 respRemind=0 respEsc=0 closureRemind=0 closureEsc=0 surveyExpired=0
2026-09-06T18:43:10.517Z [INFO] [http] GET /api/v1/notifications/unread-count
2026-09-06T18:43:40.202Z [INFO] [http] GET /api/v1/notifications/unread-count
2026-09-06T18:44:09.028Z [INFO] [slaReminder] SLA_SCAN cases=1 respRemind=0 respEsc=0 closureRemind=0 closureEsc=0 surveyExpired=0
2026-09-06T18:44:10.516Z [INFO] [http] GET /api/v1/notifications/unread-count
2026-09-06T18:44:40.510Z [INFO] [http] GET /api/v1/notifications/unread-count
2026-09-06T18:45:09.035Z [INFO] [slaReminder] SLA_SCAN cases=1 respRemind=0 respEsc=0 closureRemind=0 closureEsc=0 surveyExpired=0
2026-09-06T18:45:10.197Z [INFO] [http] GET /api/v1/notifications/unread-count
2026-09-06T18:45:40.517Z [INFO] [http] GET /api/v1/notifications/unread-count
2026-09-06T18:46:09.045Z [INFO] [slaReminder] SLA_SCAN cases=1 respRemind=0 respEsc=0 closureRemind=0 closureEsc=0 surveyExpired=0
2026-09-06T18:46:10.513Z [INFO] [http] GET /api/v1/notifications/unread-count
2026-09-06T18:46:40.215Z [INFO] [http] GET /api/v1/notifications/unread-count
2026-09-06T18:47:09.050Z [INFO] [slaReminder] SLA_SCAN cases=1 respRemind=0 respEsc=0 closureRemind=0 closureEsc=0 surveyExpired=0
2026-09-06T18:47:10.514Z [INFO] [http] GET /api/v1/notifications/unread-count
2026-09-06T18:47:40.203Z [INFO] [http] GET /api/v1/notifications/unread-count
2026-09-06T18:48:09.055Z [INFO] [slaReminder] SLA_SCAN cases=1 respRemind=0 respEsc=0 closureRemind=0 closureEsc=0 surveyExpired=0
2026-09-06T18:48:10.511Z [INFO] [http] GET /api/v1/notifications/unread-count
2026-09-06T18:48:40.200Z [INFO] [http] GET /api/v1/notifications/unread-count
2026-09-06T18:49:09.061Z [INFO] [slaReminder] SLA_SCAN cases=1 respRemind=0 respEsc=0 closureRemind=0 closureEsc=0 surveyExpired=0
2026-09-06T18:49:10.517Z [INFO] [http] GET /api/v1/notifications/unread-count
2026-09-06T18:49:40.508Z [INFO] [http] GET /api/v1/notifications/unread-count
2026-09-06T18:50:09.071Z [INFO] [slaReminder] SLA_SCAN cases=1 respRemind=0 respEsc=0 closureRemind=0 closureEsc=0 surveyExpired=0
2026-09-06T18:50:10.199Z [INFO] [http] GET /api/v1/notifications/unread-count
2026-09-06T18:50:40.516Z [INFO] [http] GET /api/v1/notifications/unread-count
2026-09-06T18:51:09.080Z [INFO] [slaReminder] SLA_SCAN cases=1 respRemind=0 respEsc=0 closureRemind=0 closureEsc=0 surveyExpired=0
2026-09-06T18:51:10.204Z [INFO] [http] GET /api/v1/notifications/unread-count
2026-09-06T18:51:40.514Z [INFO] [http] GET /api/v1/notifications/unread-count
2026-09-06T18:52:09.092Z [INFO] [slaReminder] SLA_SCAN cases=1 respRemind=0 respEsc=0 closureRemind=0 closureEsc=0 surveyExpired=0
2026-09-06T18:52:10.206Z [INFO] [http] GET /api/v1/notifications/unread-count
2026-09-06T18:52:40.512Z [INFO] [http] GET /api/v1/notifications/unread-count
2026-09-06T18:53:09.102Z [INFO] [slaReminder] SLA_SCAN cases=1 respRemind=0 respEsc=0 closureRemind=0 closureEsc=0 surveyExpired=0
2026-09-06T18:53:10.201Z [INFO] [http] GET /api/v1/notifications/unread-count
2026-09-06T18:53:40.512Z [INFO] [http] GET /api/v1/notifications/unread-count
2026-09-06T18:54:09.112Z [INFO] [slaReminder] SLA_SCAN cases=1 respRemind=0 respEsc=0 closureRemind=0 closureEsc=0 surveyExpired=0
2026-09-06T18:54:10.199Z [INFO] [http] GET /api/v1/notifications/unread-count
2026-09-06T18:54:40.511Z [INFO] [http] GET /api/v1/notifications/unread-count
2026-09-06T18:55:09.122Z [INFO] [slaReminder] SLA_SCAN cases=1 respRemind=0 respEsc=0 closureRemind=0 closureEsc=0 surveyExpired=0
2026-09-06T18:55:10.192Z [INFO] [http] GET /api/v1/notifications/unread-count
2026-09-06T18:55:40.507Z [INFO] [http] GET /api/v1/notifications/unread-count
2026-09-06T18:56:09.134Z [INFO] [slaReminder] SLA_SCAN cases=1 respRemind=0 respEsc=0 closureRemind=0 closureEsc=0 surveyExpired=0
2026-09-06T18:56:10.193Z [INFO] [http] GET /api/v1/notifications/unread-count
2026-09-06T18:56:40.512Z [INFO] [http] GET /api/v1/notifications/unread-count
2026-09-06T18:57:09.138Z [INFO] [slaReminder] SLA_SCAN cases=1 respRemind=0 respEsc=0 closureRemind=0 closureEsc=0 surveyExpired=0
2026-09-06T18:57:10.197Z [INFO] [http] GET /api/v1/notifications/unread-count
2026-09-06T18:57:40.511Z [INFO] [http] GET /api/v1/notifications/unread-count
2026-09-06T18:58:09.148Z [INFO] [slaReminder] SLA_SCAN cases=1 respRemind=0 respEsc=0 closureRemind=0 closureEsc=0 surveyExpired=0
2026-09-06T18:58:10.199Z [INFO] [http] GET /api/v1/notifications/unread-count
2026-09-06T18:58:40.504Z [INFO] [http] GET /api/v1/notifications/unread-count
2026-09-06T18:59:09.155Z [INFO] [slaReminder] SLA_SCAN cases=1 respRemind=0 respEsc=0 closureRemind=0 closureEsc=0 surveyExpired=0
2026-09-06T18:59:10.204Z [INFO] [http] GET /api/v1/notifications/unread-count
2026-09-06T18:59:40.505Z [INFO] [http] GET /api/v1/notifications/unread-count
2026-09-06T19:00:09.165Z [INFO] [slaReminder] SLA_SCAN cases=1 respRemind=0 respEsc=0 closureRemind=0 closureEsc=0 surveyExpired=0
2026-09-06T19:00:10.205Z [INFO] [http] GET /api/v1/notifications/unread-count
2026-09-06T19:00:40.511Z [INFO] [http] GET /api/v1/notifications/unread-count
2026-09-06T19:01:09.179Z [INFO] [slaReminder] SLA_SCAN cases=1 respRemind=0 respEsc=0 closureRemind=0 closureEsc=0 surveyExpired=0
2026-09-06T19:01:10.209Z [INFO] [http] GET /api/v1/notifications/unread-count
2026-09-06T19:01:40.505Z [INFO] [http] GET /api/v1/notifications/unread-count
2026-09-06T19:02:09.197Z [INFO] [slaReminder] SLA_SCAN cases=1 respRemind=0 respEsc=0 closureRemind=0 closureEsc=0 surveyExpired=0
2026-09-06T19:02:10.203Z [INFO] [http] GET /api/v1/notifications/unread-count
2026-09-06T19:02:40.506Z [INFO] [http] GET /api/v1/notifications/unread-count
2026-09-06T19:03:09.213Z [INFO] [slaReminder] SLA_SCAN cases=1 respRemind=0 respEsc=0 closureRemind=0 closureEsc=0 surveyExpired=0
2026-09-06T19:03:10.517Z [INFO] [http] GET /api/v1/notifications/unread-count
2026-09-06T19:03:40.508Z [INFO] [http] GET /api/v1/notifications/unread-count
2026-09-06T19:04:09.220Z [INFO] [slaReminder] SLA_SCAN cases=1 respRemind=0 respEsc=0 closureRemind=0 closureEsc=0 surveyExpired=0
2026-09-06T19:04:10.512Z [INFO] [http] GET /api/v1/notifications/unread-count
2026-09-06T19:04:40.504Z [INFO] [http] GET /api/v1/notifications/unread-count
2026-09-06T19:05:09.222Z [INFO] [slaReminder] SLA_SCAN cases=1 respRemind=0 respEsc=0 closureRemind=0 closureEsc=0 surveyExpired=0
2026-09-06T19:05:10.515Z [INFO] [http] GET /api/v1/notifications/unread-count
2026-09-06T19:05:40.499Z [INFO] [http] GET /api/v1/notifications/unread-count
2026-09-06T19:06:09.223Z [INFO] [slaReminder] SLA_SCAN cases=1 respRemind=0 respEsc=0 closureRemind=0 closureEsc=0 surveyExpired=0
2026-09-06T19:06:10.515Z [INFO] [http] GET /api/v1/notifications/unread-count
2026-09-06T19:06:40.501Z [INFO] [http] GET /api/v1/notifications/unread-count
2026-09-06T19:07:09.236Z [INFO] [slaReminder] SLA_SCAN cases=1 respRemind=0 respEsc=0 closureRemind=0 closureEsc=0 surveyExpired=0
2026-09-06T19:07:10.199Z [INFO] [http] GET /api/v1/notifications/unread-count
2026-09-06T19:07:40.510Z [INFO] [http] GET /api/v1/notifications/unread-count
2026-09-06T19:08:09.244Z [INFO] [slaReminder] SLA_SCAN cases=1 respRemind=0 respEsc=0 closureRemind=0 closureEsc=0 surveyExpired=0
2026-09-06T19:08:10.519Z [INFO] [http] GET /api/v1/notifications/unread-count
2026-09-06T19:08:40.510Z [INFO] [http] GET /api/v1/notifications/unread-count
2026-09-06T19:09:09.247Z [INFO] [slaReminder] SLA_SCAN cases=1 respRemind=0 respEsc=0 closureRemind=0 closureEsc=0 surveyExpired=0
2026-09-06T19:09:10.554Z [INFO] [http] GET /api/v1/notifications/unread-count
2026-09-06T19:09:40.511Z [INFO] [http] GET /api/v1/notifications/unread-count
2026-09-06T19:10:09.263Z [INFO] [slaReminder] SLA_SCAN cases=1 respRemind=0 respEsc=0 closureRemind=0 closureEsc=0 surveyExpired=0
2026-09-06T19:10:10.510Z [INFO] [http] GET /api/v1/notifications/unread-count
2026-09-06T19:10:40.511Z [INFO] [http] GET /api/v1/notifications/unread-count
2026-09-06T19:11:09.276Z [INFO] [slaReminder] SLA_SCAN cases=1 respRemind=0 respEsc=0 closureRemind=0 closureEsc=0 surveyExpired=0
2026-09-06T19:11:10.502Z [INFO] [http] GET /api/v1/notifications/unread-count
2026-09-06T19:11:40.511Z [INFO] [http] GET /api/v1/notifications/unread-count
2026-09-06T19:12:09.282Z [INFO] [slaReminder] SLA_SCAN cases=1 respRemind=0 respEsc=0 closureRemind=0 closureEsc=0 surveyExpired=0
2026-09-06T19:12:10.201Z [INFO] [http] GET /api/v1/notifications/unread-count
2026-09-06T19:12:40.517Z [INFO] [http] GET /api/v1/notifications/unread-count
2026-09-06T19:13:09.294Z [INFO] [slaReminder] SLA_SCAN cases=1 respRemind=0 respEsc=0 closureRemind=0 closureEsc=0 surveyExpired=0
2026-09-06T19:13:10.196Z [INFO] [http] GET /api/v1/notifications/unread-count
2026-09-06T19:13:40.519Z [INFO] [http] GET /api/v1/notifications/unread-count
2026-09-06T19:14:09.299Z [INFO] [slaReminder] SLA_SCAN cases=1 respRemind=0 respEsc=0 closureRemind=0 closureEsc=0 surveyExpired=0
2026-09-06T19:14:10.200Z [INFO] [http] GET /api/v1/notifications/unread-count
2026-09-06T19:14:40.513Z [INFO] [http] GET /api/v1/notifications/unread-count
2026-09-06T19:15:09.308Z [INFO] [slaReminder] SLA_SCAN cases=1 respRemind=0 respEsc=0 closureRemind=0 closureEsc=0 surveyExpired=0
2026-09-06T19:15:10.197Z [INFO] [http] GET /api/v1/notifications/unread-count
2026-09-06T19:15:40.510Z [INFO] [http] GET /api/v1/notifications/unread-count
2026-09-06T19:16:09.307Z [INFO] [slaReminder] SLA_SCAN cases=1 respRemind=0 respEsc=0 closureRemind=0 closureEsc=0 surveyExpired=0
2026-09-06T19:16:10.200Z [INFO] [http] GET /api/v1/notifications/unread-count
2026-09-06T19:16:40.514Z [INFO] [http] GET /api/v1/notifications/unread-count
2026-09-06T19:17:09.320Z [INFO] [slaReminder] SLA_SCAN cases=1 respRemind=0 respEsc=0 closureRemind=0 closureEsc=0 surveyExpired=0
2026-09-06T19:17:10.192Z [INFO] [http] GET /api/v1/notifications/unread-count
2026-09-06T19:17:40.515Z [INFO] [http] GET /api/v1/notifications/unread-count
2026-09-06T19:18:09.322Z [INFO] [slaReminder] SLA_SCAN cases=1 respRemind=0 respEsc=0 closureRemind=0 closureEsc=0 surveyExpired=0
2026-09-06T19:18:10.194Z [INFO] [http] GET /api/v1/notifications/unread-count
2026-09-06T19:18:40.520Z [INFO] [http] GET /api/v1/notifications/unread-count
2026-09-06T19:19:09.338Z [INFO] [slaReminder] SLA_SCAN cases=1 respRemind=0 respEsc=0 closureRemind=0 closureEsc=0 surveyExpired=0
2026-09-06T19:19:10.505Z [INFO] [http] GET /api/v1/notifications/unread-count
2026-09-06T19:19:40.512Z [INFO] [http] GET /api/v1/notifications/unread-count
2026-09-06T19:20:09.340Z [INFO] [slaReminder] SLA_SCAN cases=1 respRemind=0 respEsc=0 closureRemind=0 closureEsc=0 surveyExpired=0
2026-09-06T19:20:10.508Z [INFO] [http] GET /api/v1/notifications/unread-count
2026-09-06T19:20:40.517Z [INFO] [http] GET /api/v1/notifications/unread-count
2026-09-06T19:21:09.350Z [INFO] [slaReminder] SLA_SCAN cases=1 respRemind=0 respEsc=0 closureRemind=0 closureEsc=0 surveyExpired=0
2026-09-06T19:21:10.508Z [INFO] [http] GET /api/v1/notifications/unread-count
2026-09-06T19:21:40.513Z [INFO] [http] GET /api/v1/notifications/unread-count
2026-09-06T19:22:09.362Z [INFO] [slaReminder] SLA_SCAN cases=1 respRemind=0 respEsc=0 closureRemind=0 closureEsc=0 surveyExpired=0
2026-09-06T19:22:10.512Z [INFO] [http] GET /api/v1/notifications/unread-count
2026-09-06T19:22:40.513Z [INFO] [http] GET /api/v1/notifications/unread-count
2026-09-06T19:23:09.364Z [INFO] [slaReminder] SLA_SCAN cases=1 respRemind=0 respEsc=0 closureRemind=0 closureEsc=0 surveyExpired=0
2026-09-06T19:23:10.509Z [INFO] [http] GET /api/v1/notifications/unread-count
2026-09-06T19:23:40.509Z [INFO] [http] GET /api/v1/notifications/unread-count
2026-09-06T19:24:09.369Z [INFO] [slaReminder] SLA_SCAN cases=1 respRemind=0 respEsc=0 closureRemind=0 closureEsc=0 surveyExpired=0
2026-09-06T19:24:10.504Z [INFO] [http] GET /api/v1/notifications/unread-count
2026-09-06T19:24:40.507Z [INFO] [http] GET /api/v1/notifications/unread-count
2026-09-06T19:25:09.382Z [INFO] [slaReminder] SLA_SCAN cases=1 respRemind=0 respEsc=0 closureRemind=0 closureEsc=0 surveyExpired=0
2026-09-06T19:25:10.516Z [INFO] [http] GET /api/v1/notifications/unread-count
2026-09-06T19:25:40.507Z [INFO] [http] GET /api/v1/notifications/unread-count
2026-09-06T19:26:09.386Z [INFO] [slaReminder] SLA_SCAN cases=1 respRemind=0 respEsc=0 closureRemind=0 closureEsc=0 surveyExpired=0
2026-09-06T19:26:10.505Z [INFO] [http] GET /api/v1/notifications/unread-count
2026-09-06T19:26:40.502Z [INFO] [http] GET /api/v1/notifications/unread-count
2026-09-06T19:27:09.395Z [INFO] [slaReminder] SLA_SCAN cases=1 respRemind=0 respEsc=0 closureRemind=0 closureEsc=0 surveyExpired=0
2026-09-06T19:27:10.193Z [INFO] [http] GET /api/v1/notifications/unread-count
2026-09-06T19:27:40.515Z [INFO] [http] GET /api/v1/notifications/unread-count
2026-09-06T19:28:09.402Z [INFO] [slaReminder] SLA_SCAN cases=1 respRemind=0 respEsc=0 closureRemind=0 closureEsc=0 surveyExpired=0
2026-09-06T19:28:10.206Z [INFO] [http] GET /api/v1/notifications/unread-count
2026-09-06T19:28:40.513Z [INFO] [http] GET /api/v1/notifications/unread-count
2026-09-06T19:29:09.410Z [INFO] [slaReminder] SLA_SCAN cases=1 respRemind=0 respEsc=0 closureRemind=0 closureEsc=0 surveyExpired=0
2026-09-06T19:29:10.198Z [INFO] [http] GET /api/v1/notifications/unread-count
2026-09-06T19:29:40.506Z [INFO] [http] GET /api/v1/notifications/unread-count
2026-09-06T19:30:09.413Z [INFO] [slaReminder] SLA_SCAN cases=1 respRemind=0 respEsc=0 closureRemind=0 closureEsc=0 surveyExpired=0
2026-09-06T19:30:10.500Z [INFO] [http] GET /api/v1/notifications/unread-count
2026-09-06T19:30:40.195Z [INFO] [http] GET /api/v1/notifications/unread-count
2026-09-06T19:31:09.427Z [INFO] [slaReminder] SLA_SCAN cases=1 respRemind=0 respEsc=0 closureRemind=0 closureEsc=0 surveyExpired=0
2026-09-06T19:31:10.510Z [INFO] [http] GET /api/v1/notifications/unread-count
2026-09-06T19:31:40.505Z [INFO] [http] GET /api/v1/notifications/unread-count
2026-09-06T19:32:09.431Z [INFO] [slaReminder] SLA_SCAN cases=1 respRemind=0 respEsc=0 closureRemind=0 closureEsc=0 surveyExpired=0
2026-09-06T19:32:10.193Z [INFO] [http] GET /api/v1/notifications/unread-count
2026-09-06T19:32:40.508Z [INFO] [http] GET /api/v1/notifications/unread-count
2026-09-06T19:33:09.446Z [INFO] [slaReminder] SLA_SCAN cases=1 respRemind=0 respEsc=0 closureRemind=0 closureEsc=0 surveyExpired=0
2026-09-06T19:33:10.199Z [INFO] [http] GET /api/v1/notifications/unread-count
2026-09-06T19:33:40.505Z [INFO] [http] GET /api/v1/notifications/unread-count
2026-09-06T19:34:09.453Z [INFO] [slaReminder] SLA_SCAN cases=1 respRemind=0 respEsc=0 closureRemind=0 closureEsc=0 surveyExpired=0
2026-09-06T19:34:10.512Z [INFO] [http] GET /api/v1/notifications/unread-count
2026-09-06T19:34:40.499Z [INFO] [http] GET /api/v1/notifications/unread-count
2026-09-06T19:35:09.460Z [INFO] [slaReminder] SLA_SCAN cases=1 respRemind=0 respEsc=0 closureRemind=0 closureEsc=0 surveyExpired=0
2026-09-06T19:35:10.501Z [INFO] [http] GET /api/v1/notifications/unread-count
2026-09-06T19:35:40.511Z [INFO] [http] GET /api/v1/notifications/unread-count
2026-09-06T19:36:09.468Z [INFO] [slaReminder] SLA_SCAN cases=1 respRemind=0 respEsc=0 closureRemind=0 closureEsc=0 surveyExpired=0
2026-09-06T19:36:10.202Z [INFO] [http] GET /api/v1/notifications/unread-count
2026-09-06T19:36:40.508Z [INFO] [http] GET /api/v1/notifications/unread-count
2026-09-06T19:37:09.482Z [INFO] [slaReminder] SLA_SCAN cases=1 respRemind=0 respEsc=0 closureRemind=0 closureEsc=0 surveyExpired=0
2026-09-06T19:37:10.201Z [INFO] [http] GET /api/v1/notifications/unread-count
2026-09-06T19:37:40.517Z [INFO] [http] GET /api/v1/notifications/unread-count
2026-09-06T19:38:09.486Z [INFO] [slaReminder] SLA_SCAN cases=1 respRemind=0 respEsc=0 closureRemind=0 closureEsc=0 surveyExpired=0
2026-09-06T19:38:10.204Z [INFO] [http] GET /api/v1/notifications/unread-count
2026-09-06T19:38:40.504Z [INFO] [http] GET /api/v1/notifications/unread-count
2026-09-06T19:39:09.492Z [INFO] [slaReminder] SLA_SCAN cases=1 respRemind=0 respEsc=0 closureRemind=0 closureEsc=0 surveyExpired=0
2026-09-06T19:39:10.504Z [INFO] [http] GET /api/v1/notifications/unread-count
2026-09-06T19:39:40.503Z [INFO] [http] GET /api/v1/notifications/unread-count
2026-09-06T19:40:09.494Z [INFO] [slaReminder] SLA_SCAN cases=1 respRemind=0 respEsc=0 closureRemind=0 closureEsc=0 surveyExpired=0
2026-09-06T19:40:10.195Z [INFO] [http] GET /api/v1/notifications/unread-count
2026-09-06T19:40:40.503Z [INFO] [http] GET /api/v1/notifications/unread-count
2026-09-06T19:41:09.510Z [INFO] [slaReminder] SLA_SCAN cases=1 respRemind=0 respEsc=0 closureRemind=0 closureEsc=0 surveyExpired=0
2026-09-06T19:41:10.198Z [INFO] [http] GET /api/v1/notifications/unread-count
2026-09-06T19:41:40.509Z [INFO] [http] GET /api/v1/notifications/unread-count
2026-09-06T19:42:09.522Z [INFO] [slaReminder] SLA_SCAN cases=1 respRemind=0 respEsc=0 closureRemind=0 closureEsc=0 surveyExpired=0
2026-09-06T19:42:10.204Z [INFO] [http] GET /api/v1/notifications/unread-count
2026-09-06T19:42:40.504Z [INFO] [http] GET /api/v1/notifications/unread-count
2026-09-06T19:43:09.529Z [INFO] [slaReminder] SLA_SCAN cases=1 respRemind=0 respEsc=0 closureRemind=0 closureEsc=0 surveyExpired=0
2026-09-06T19:43:10.193Z [INFO] [http] GET /api/v1/notifications/unread-count
2026-09-06T19:43:40.505Z [INFO] [http] GET /api/v1/notifications/unread-count
2026-09-06T19:44:09.541Z [INFO] [slaReminder] SLA_SCAN cases=1 respRemind=0 respEsc=0 closureRemind=0 closureEsc=0 surveyExpired=0
2026-09-06T19:44:10.508Z [INFO] [http] GET /api/v1/notifications/unread-count
2026-09-06T19:44:40.503Z [INFO] [http] GET /api/v1/notifications/unread-count
2026-09-06T19:45:09.546Z [INFO] [slaReminder] SLA_SCAN cases=1 respRemind=0 respEsc=0 closureRemind=0 closureEsc=0 surveyExpired=0
2026-09-06T19:45:10.202Z [INFO] [http] GET /api/v1/notifications/unread-count
2026-09-06T19:45:40.522Z [INFO] [http] GET /api/v1/notifications/unread-count
2026-09-06T19:46:09.561Z [INFO] [slaReminder] SLA_SCAN cases=1 respRemind=0 respEsc=0 closureRemind=0 closureEsc=0 surveyExpired=0
2026-09-06T19:46:10.516Z [INFO] [http] GET /api/v1/notifications/unread-count
2026-09-06T19:46:40.500Z [INFO] [http] GET /api/v1/notifications/unread-count
2026-09-06T19:47:09.578Z [INFO] [slaReminder] SLA_SCAN cases=1 respRemind=0 respEsc=0 closureRemind=0 closureEsc=0 surveyExpired=0
2026-09-06T19:47:10.224Z [INFO] [http] GET /api/v1/notifications/unread-count
2026-09-06T19:47:40.504Z [INFO] [http] GET /api/v1/notifications/unread-count
2026-09-06T19:48:09.588Z [INFO] [slaReminder] SLA_SCAN cases=1 respRemind=0 respEsc=0 closureRemind=0 closureEsc=0 surveyExpired=0
2026-09-06T19:48:10.519Z [INFO] [http] GET /api/v1/notifications/unread-count
2026-09-06T19:48:40.199Z [INFO] [http] GET /api/v1/notifications/unread-count
2026-09-06T19:49:09.600Z [INFO] [slaReminder] SLA_SCAN cases=1 respRemind=0 respEsc=0 closureRemind=0 closureEsc=0 surveyExpired=0
2026-09-06T19:49:10.509Z [INFO] [http] GET /api/v1/notifications/unread-count
2026-09-06T19:49:40.577Z [INFO] [http] GET /api/v1/notifications/unread-count
2026-09-06T19:50:09.609Z [INFO] [slaReminder] SLA_SCAN cases=1 respRemind=0 respEsc=0 closureRemind=0 closureEsc=0 surveyExpired=0
2026-09-06T19:50:10.515Z [INFO] [http] GET /api/v1/notifications/unread-count
2026-09-06T19:50:40.508Z [INFO] [http] GET /api/v1/notifications/unread-count
2026-09-06T19:51:09.621Z [INFO] [slaReminder] SLA_SCAN cases=1 respRemind=0 respEsc=0 closureRemind=0 closureEsc=0 surveyExpired=0
2026-09-06T19:51:10.519Z [INFO] [http] GET /api/v1/notifications/unread-count
2026-09-06T19:51:40.504Z [INFO] [http] GET /api/v1/notifications/unread-count
2026-09-06T19:52:09.627Z [INFO] [slaReminder] SLA_SCAN cases=1 respRemind=0 respEsc=0 closureRemind=0 closureEsc=0 surveyExpired=0
2026-09-06T19:52:10.204Z [INFO] [http] GET /api/v1/notifications/unread-count
2026-09-06T19:52:40.511Z [INFO] [http] GET /api/v1/notifications/unread-count
2026-09-06T19:53:09.631Z [INFO] [slaReminder] SLA_SCAN cases=1 respRemind=0 respEsc=0 closureRemind=0 closureEsc=0 surveyExpired=0
2026-09-06T19:53:10.189Z [INFO] [http] GET /api/v1/notifications/unread-count
2026-09-06T19:53:40.510Z [INFO] [http] GET /api/v1/notifications/unread-count
2026-09-06T19:54:09.643Z [INFO] [slaReminder] SLA_SCAN cases=1 respRemind=0 respEsc=0 closureRemind=0 closureEsc=0 surveyExpired=0
2026-09-06T19:54:10.190Z [INFO] [http] GET /api/v1/notifications/unread-count
2026-09-06T19:54:40.500Z [INFO] [http] GET /api/v1/notifications/unread-count
2026-09-06T19:55:09.656Z [INFO] [slaReminder] SLA_SCAN cases=1 respRemind=0 respEsc=0 closureRemind=0 closureEsc=0 surveyExpired=0
2026-09-06T19:55:10.189Z [INFO] [http] GET /api/v1/notifications/unread-count
2026-09-06T19:55:40.502Z [INFO] [http] GET /api/v1/notifications/unread-count
2026-09-06T19:56:09.661Z [INFO] [slaReminder] SLA_SCAN cases=1 respRemind=0 respEsc=0 closureRemind=0 closureEsc=0 surveyExpired=0
2026-09-06T19:56:10.194Z [INFO] [http] GET /api/v1/notifications/unread-count
2026-09-06T19:56:40.504Z [INFO] [http] GET /api/v1/notifications/unread-count
2026-09-06T19:57:09.663Z [INFO] [slaReminder] SLA_SCAN cases=1 respRemind=0 respEsc=0 closureRemind=0 closureEsc=0 surveyExpired=0
2026-09-06T19:57:10.204Z [INFO] [http] GET /api/v1/notifications/unread-count
2026-09-06T19:57:40.505Z [INFO] [http] GET /api/v1/notifications/unread-count
2026-09-06T19:58:09.668Z [INFO] [slaReminder] SLA_SCAN cases=1 respRemind=0 respEsc=0 closureRemind=0 closureEsc=0 surveyExpired=0
2026-09-06T19:58:10.201Z [INFO] [http] GET /api/v1/notifications/unread-count
2026-09-06T19:58:40.503Z [INFO] [http] GET /api/v1/notifications/unread-count
2026-09-06T19:59:09.678Z [INFO] [slaReminder] SLA_SCAN cases=1 respRemind=0 respEsc=0 closureRemind=0 closureEsc=0 surveyExpired=0
2026-09-06T19:59:10.192Z [INFO] [http] GET /api/v1/notifications/unread-count
2026-09-06T19:59:40.505Z [INFO] [http] GET /api/v1/notifications/unread-count
2026-09-06T20:00:09.691Z [INFO] [slaReminder] SLA_SCAN cases=1 respRemind=0 respEsc=0 closureRemind=0 closureEsc=0 surveyExpired=0
2026-09-06T20:00:10.192Z [INFO] [http] GET /api/v1/notifications/unread-count
2026-09-06T20:00:40.504Z [INFO] [http] GET /api/v1/notifications/unread-count
2026-09-06T20:01:09.708Z [INFO] [slaReminder] SLA_SCAN cases=1 respRemind=0 respEsc=0 closureRemind=0 closureEsc=0 surveyExpired=0
2026-09-06T20:01:10.193Z [INFO] [http] GET /api/v1/notifications/unread-count
2026-09-06T20:01:40.513Z [INFO] [http] GET /api/v1/notifications/unread-count
2026-09-06T20:02:09.709Z [INFO] [slaReminder] SLA_SCAN cases=1 respRemind=0 respEsc=0 closureRemind=0 closureEsc=0 surveyExpired=0
2026-09-06T20:02:10.194Z [INFO] [http] GET /api/v1/notifications/unread-count
2026-09-06T20:02:40.512Z [INFO] [http] GET /api/v1/notifications/unread-count
2026-09-06T20:03:09.722Z [INFO] [slaReminder] SLA_SCAN cases=1 respRemind=0 respEsc=0 closureRemind=0 closureEsc=0 surveyExpired=0
2026-09-06T20:03:10.201Z [INFO] [http] GET /api/v1/notifications/unread-count
2026-09-06T20:03:40.503Z [INFO] [http] GET /api/v1/notifications/unread-count
2026-09-06T20:04:09.731Z [INFO] [slaReminder] SLA_SCAN cases=1 respRemind=0 respEsc=0 closureRemind=0 closureEsc=0 surveyExpired=0
2026-09-06T20:04:10.200Z [INFO] [http] GET /api/v1/notifications/unread-count
2026-09-06T20:04:40.507Z [INFO] [http] GET /api/v1/notifications/unread-count
2026-09-06T20:05:09.736Z [INFO] [slaReminder] SLA_SCAN cases=1 respRemind=0 respEsc=0 closureRemind=0 closureEsc=0 surveyExpired=0
2026-09-06T20:05:10.189Z [INFO] [http] GET /api/v1/notifications/unread-count
2026-09-06T20:05:40.514Z [INFO] [http] GET /api/v1/notifications/unread-count
2026-09-06T20:06:09.746Z [INFO] [slaReminder] SLA_SCAN cases=1 respRemind=0 respEsc=0 closureRemind=0 closureEsc=0 surveyExpired=0
2026-09-06T20:06:10.220Z [INFO] [http] GET /api/v1/notifications/unread-count
2026-09-06T20:06:40.512Z [INFO] [http] GET /api/v1/notifications/unread-count
2026-09-06T20:07:09.757Z [INFO] [slaReminder] SLA_SCAN cases=1 respRemind=0 respEsc=0 closureRemind=0 closureEsc=0 surveyExpired=0
2026-09-06T20:07:10.196Z [INFO] [http] GET /api/v1/notifications/unread-count
2026-09-06T20:07:40.504Z [INFO] [http] GET /api/v1/notifications/unread-count
2026-09-06T20:08:09.757Z [INFO] [slaReminder] SLA_SCAN cases=1 respRemind=0 respEsc=0 closureRemind=0 closureEsc=0 surveyExpired=0
2026-09-06T20:08:10.194Z [INFO] [http] GET /api/v1/notifications/unread-count
2026-09-06T20:08:40.506Z [INFO] [http] GET /api/v1/notifications/unread-count
2026-09-06T20:09:09.769Z [INFO] [slaReminder] SLA_SCAN cases=1 respRemind=0 respEsc=0 closureRemind=0 closureEsc=0 surveyExpired=0
2026-09-06T20:09:10.204Z [INFO] [http] GET /api/v1/notifications/unread-count
2026-09-06T20:09:40.510Z [INFO] [http] GET /api/v1/notifications/unread-count
2026-09-06T20:10:09.781Z [INFO] [slaReminder] SLA_SCAN cases=1 respRemind=0 respEsc=0 closureRemind=0 closureEsc=0 surveyExpired=0
2026-09-06T20:10:10.203Z [INFO] [http] GET /api/v1/notifications/unread-count
2026-09-06T20:10:40.512Z [INFO] [http] GET /api/v1/notifications/unread-count
2026-09-06T20:11:09.793Z [INFO] [slaReminder] SLA_SCAN cases=1 respRemind=0 respEsc=0 closureRemind=0 closureEsc=0 surveyExpired=0
2026-09-06T20:11:10.194Z [INFO] [http] GET /api/v1/notifications/unread-count
2026-09-06T20:11:40.504Z [INFO] [http] GET /api/v1/notifications/unread-count
2026-09-06T20:12:09.798Z [INFO] [slaReminder] SLA_SCAN cases=1 respRemind=0 respEsc=0 closureRemind=0 closureEsc=0 surveyExpired=0
2026-09-06T20:12:10.189Z [INFO] [http] GET /api/v1/notifications/unread-count
2026-09-06T20:12:40.510Z [INFO] [http] GET /api/v1/notifications/unread-count
2026-09-06T20:13:09.810Z [INFO] [slaReminder] SLA_SCAN cases=1 respRemind=0 respEsc=0 closureRemind=0 closureEsc=0 surveyExpired=0
2026-09-06T20:13:10.200Z [INFO] [http] GET /api/v1/notifications/unread-count
2026-09-06T20:13:40.511Z [INFO] [http] GET /api/v1/notifications/unread-count
2026-09-06T20:14:09.826Z [INFO] [slaReminder] SLA_SCAN cases=1 respRemind=0 respEsc=0 closureRemind=0 closureEsc=0 surveyExpired=0
2026-09-06T20:14:10.509Z [INFO] [http] GET /api/v1/notifications/unread-count
2026-09-06T20:14:40.499Z [INFO] [http] GET /api/v1/notifications/unread-count
2026-09-06T20:15:09.838Z [INFO] [slaReminder] SLA_SCAN cases=1 respRemind=0 respEsc=0 closureRemind=0 closureEsc=0 surveyExpired=0
2026-09-06T20:15:10.510Z [INFO] [http] GET /api/v1/notifications/unread-count
2026-09-06T20:15:40.516Z [INFO] [http] GET /api/v1/notifications/unread-count
2026-09-06T20:16:09.850Z [INFO] [slaReminder] SLA_SCAN cases=1 respRemind=0 respEsc=0 closureRemind=0 closureEsc=0 surveyExpired=0
2026-09-06T20:16:10.504Z [INFO] [http] GET /api/v1/notifications/unread-count
2026-09-06T20:16:40.511Z [INFO] [http] GET /api/v1/notifications/unread-count
2026-09-06T20:17:09.856Z [INFO] [slaReminder] SLA_SCAN cases=1 respRemind=0 respEsc=0 closureRemind=0 closureEsc=0 surveyExpired=0
2026-09-06T20:17:10.511Z [INFO] [http] GET /api/v1/notifications/unread-count
2026-09-06T20:17:40.504Z [INFO] [http] GET /api/v1/notifications/unread-count
2026-09-06T20:18:09.858Z [INFO] [slaReminder] SLA_SCAN cases=1 respRemind=0 respEsc=0 closureRemind=0 closureEsc=0 surveyExpired=0
2026-09-06T20:18:10.512Z [INFO] [http] GET /api/v1/notifications/unread-count
2026-09-06T20:18:40.506Z [INFO] [http] GET /api/v1/notifications/unread-count
2026-09-06T20:19:09.873Z [INFO] [slaReminder] SLA_SCAN cases=1 respRemind=0 respEsc=0 closureRemind=0 closureEsc=0 surveyExpired=0
2026-09-06T20:19:10.504Z [INFO] [http] GET /api/v1/notifications/unread-count
2026-09-06T20:19:40.503Z [INFO] [http] GET /api/v1/notifications/unread-count
2026-09-06T20:20:09.877Z [INFO] [slaReminder] SLA_SCAN cases=1 respRemind=0 respEsc=0 closureRemind=0 closureEsc=0 surveyExpired=0
2026-09-06T20:20:10.503Z [INFO] [http] GET /api/v1/notifications/unread-count
2026-09-06T20:20:40.500Z [INFO] [http] GET /api/v1/notifications/unread-count
2026-09-06T20:21:09.888Z [INFO] [slaReminder] SLA_SCAN cases=1 respRemind=0 respEsc=0 closureRemind=0 closureEsc=0 surveyExpired=0
2026-09-06T20:21:10.199Z [INFO] [http] GET /api/v1/notifications/unread-count
2026-09-06T20:21:40.511Z [INFO] [http] GET /api/v1/notifications/unread-count
2026-09-06T20:22:09.895Z [INFO] [slaReminder] SLA_SCAN cases=1 respRemind=0 respEsc=0 closureRemind=0 closureEsc=0 surveyExpired=0
2026-09-06T20:22:10.192Z [INFO] [http] GET /api/v1/notifications/unread-count
2026-09-06T20:22:40.510Z [INFO] [http] GET /api/v1/notifications/unread-count
2026-09-06T20:23:09.897Z [INFO] [slaReminder] SLA_SCAN cases=1 respRemind=0 respEsc=0 closureRemind=0 closureEsc=0 surveyExpired=0
2026-09-06T20:23:10.503Z [INFO] [http] GET /api/v1/notifications/unread-count
2026-09-06T20:23:40.195Z [INFO] [http] GET /api/v1/notifications/unread-count
2026-09-06T20:24:09.905Z [INFO] [slaReminder] SLA_SCAN cases=1 respRemind=0 respEsc=0 closureRemind=0 closureEsc=0 surveyExpired=0
2026-09-06T20:24:10.511Z [INFO] [http] GET /api/v1/notifications/unread-count
2026-09-06T20:24:40.499Z [INFO] [http] GET /api/v1/notifications/unread-count
2026-09-06T20:25:09.916Z [INFO] [slaReminder] SLA_SCAN cases=1 respRemind=0 respEsc=0 closureRemind=0 closureEsc=0 surveyExpired=0
2026-09-06T20:25:10.510Z [INFO] [http] GET /api/v1/notifications/unread-count
2026-09-06T20:25:40.501Z [INFO] [http] GET /api/v1/notifications/unread-count
2026-09-06T20:26:09.923Z [INFO] [slaReminder] SLA_SCAN cases=1 respRemind=0 respEsc=0 closureRemind=0 closureEsc=0 surveyExpired=0
2026-09-06T20:26:10.500Z [INFO] [http] GET /api/v1/notifications/unread-count
2026-09-06T20:26:40.511Z [INFO] [http] GET /api/v1/notifications/unread-count
2026-09-06T20:27:09.935Z [INFO] [slaReminder] SLA_SCAN cases=1 respRemind=0 respEsc=0 closureRemind=0 closureEsc=0 surveyExpired=0
2026-09-06T20:27:10.200Z [INFO] [http] GET /api/v1/notifications/unread-count
2026-09-06T20:27:40.501Z [INFO] [http] GET /api/v1/notifications/unread-count
2026-09-06T20:28:09.943Z [INFO] [slaReminder] SLA_SCAN cases=1 respRemind=0 respEsc=0 closureRemind=0 closureEsc=0 surveyExpired=0
2026-09-06T20:28:10.191Z [INFO] [http] GET /api/v1/notifications/unread-count
2026-09-06T20:28:40.507Z [INFO] [http] GET /api/v1/notifications/unread-count
2026-09-06T20:29:09.950Z [INFO] [slaReminder] SLA_SCAN cases=1 respRemind=0 respEsc=0 closureRemind=0 closureEsc=0 surveyExpired=0
2026-09-06T20:29:10.200Z [INFO] [http] GET /api/v1/notifications/unread-count
2026-09-06T20:29:40.500Z [INFO] [http] GET /api/v1/notifications/unread-count
2026-09-06T20:30:09.961Z [INFO] [slaReminder] SLA_SCAN cases=1 respRemind=0 respEsc=0 closureRemind=0 closureEsc=0 surveyExpired=0
2026-09-06T20:30:10.198Z [INFO] [http] GET /api/v1/notifications/unread-count
2026-09-06T20:30:40.508Z [INFO] [http] GET /api/v1/notifications/unread-count
2026-09-06T20:31:09.964Z [INFO] [slaReminder] SLA_SCAN cases=1 respRemind=0 respEsc=0 closureRemind=0 closureEsc=0 surveyExpired=0
2026-09-06T20:31:10.201Z [INFO] [http] GET /api/v1/notifications/unread-count
2026-09-06T20:31:40.500Z [INFO] [http] GET /api/v1/notifications/unread-count
2026-09-06T20:32:09.976Z [INFO] [slaReminder] SLA_SCAN cases=1 respRemind=0 respEsc=0 closureRemind=0 closureEsc=0 surveyExpired=0
2026-09-06T20:32:10.197Z [INFO] [http] GET /api/v1/notifications/unread-count
2026-09-06T20:32:40.505Z [INFO] [http] GET /api/v1/notifications/unread-count
2026-09-06T20:33:09.994Z [INFO] [slaReminder] SLA_SCAN cases=1 respRemind=0 respEsc=0 closureRemind=0 closureEsc=0 surveyExpired=0
2026-09-06T20:33:10.192Z [INFO] [http] GET /api/v1/notifications/unread-count
2026-09-06T20:33:40.501Z [INFO] [http] GET /api/v1/notifications/unread-count
2026-09-06T20:34:10.002Z [INFO] [slaReminder] SLA_SCAN cases=1 respRemind=0 respEsc=0 closureRemind=0 closureEsc=0 surveyExpired=0
2026-09-06T20:34:10.504Z [INFO] [http] GET /api/v1/notifications/unread-count
2026-09-06T20:34:40.511Z [INFO] [http] GET /api/v1/notifications/unread-count
2026-09-06T20:35:10.003Z [INFO] [slaReminder] SLA_SCAN cases=1 respRemind=0 respEsc=0 closureRemind=0 closureEsc=0 surveyExpired=0
2026-09-06T20:35:10.504Z [INFO] [http] GET /api/v1/notifications/unread-count
2026-09-06T20:35:40.507Z [INFO] [http] GET /api/v1/notifications/unread-count
2026-09-06T20:36:10.011Z [INFO] [slaReminder] SLA_SCAN cases=1 respRemind=0 respEsc=0 closureRemind=0 closureEsc=0 surveyExpired=0
2026-09-06T20:36:10.511Z [INFO] [http] GET /api/v1/notifications/unread-count
2026-09-06T20:36:40.506Z [INFO] [http] GET /api/v1/notifications/unread-count
2026-09-06T20:37:10.014Z [INFO] [slaReminder] SLA_SCAN cases=1 respRemind=0 respEsc=0 closureRemind=0 closureEsc=0 surveyExpired=0
2026-09-06T20:37:10.497Z [INFO] [http] GET /api/v1/notifications/unread-count
2026-09-06T20:37:40.510Z [INFO] [http] GET /api/v1/notifications/unread-count
2026-09-06T20:38:10.020Z [INFO] [slaReminder] SLA_SCAN cases=1 respRemind=0 respEsc=0 closureRemind=0 closureEsc=0 surveyExpired=0
2026-09-06T20:38:10.508Z [INFO] [http] GET /api/v1/notifications/unread-count
2026-09-06T20:38:40.503Z [INFO] [http] GET /api/v1/notifications/unread-count
2026-09-06T20:39:10.021Z [INFO] [slaReminder] SLA_SCAN cases=1 respRemind=0 respEsc=0 closureRemind=0 closureEsc=0 surveyExpired=0
2026-09-06T20:39:10.504Z [INFO] [http] GET /api/v1/notifications/unread-count
2026-09-06T20:39:40.498Z [INFO] [http] GET /api/v1/notifications/unread-count
2026-09-06T20:40:10.031Z [INFO] [slaReminder] SLA_SCAN cases=1 respRemind=0 respEsc=0 closureRemind=0 closureEsc=0 surveyExpired=0
2026-09-06T20:40:10.510Z [INFO] [http] GET /api/v1/notifications/unread-count
2026-09-06T20:40:40.500Z [INFO] [http] GET /api/v1/notifications/unread-count
2026-09-06T20:41:10.036Z [INFO] [slaReminder] SLA_SCAN cases=1 respRemind=0 respEsc=0 closureRemind=0 closureEsc=0 surveyExpired=0
2026-09-06T20:41:10.527Z [INFO] [http] GET /api/v1/notifications/unread-count
2026-09-06T20:41:40.507Z [INFO] [http] GET /api/v1/notifications/unread-count
2026-09-06T20:42:10.048Z [INFO] [slaReminder] SLA_SCAN cases=1 respRemind=0 respEsc=0 closureRemind=0 closureEsc=0 surveyExpired=0
2026-09-06T20:42:10.501Z [INFO] [http] GET /api/v1/notifications/unread-count
2026-09-06T20:42:40.511Z [INFO] [http] GET /api/v1/notifications/unread-count
2026-09-06T20:43:10.060Z [INFO] [slaReminder] SLA_SCAN cases=1 respRemind=0 respEsc=0 closureRemind=0 closureEsc=0 surveyExpired=0
2026-09-06T20:43:10.498Z [INFO] [http] GET /api/v1/notifications/unread-count
2026-09-06T20:43:40.503Z [INFO] [http] GET /api/v1/notifications/unread-count
2026-09-06T20:44:10.076Z [INFO] [slaReminder] SLA_SCAN cases=1 respRemind=0 respEsc=0 closureRemind=0 closureEsc=0 surveyExpired=0
2026-09-06T20:44:10.500Z [INFO] [http] GET /api/v1/notifications/unread-count
2026-09-06T20:44:40.202Z [INFO] [http] GET /api/v1/notifications/unread-count
2026-09-06T20:45:10.078Z [INFO] [slaReminder] SLA_SCAN cases=1 respRemind=0 respEsc=0 closureRemind=0 closureEsc=0 surveyExpired=0
2026-09-06T20:45:10.498Z [INFO] [http] GET /api/v1/notifications/unread-count
2026-09-06T20:45:40.502Z [INFO] [http] GET /api/v1/notifications/unread-count
2026-09-06T20:46:10.085Z [INFO] [slaReminder] SLA_SCAN cases=1 respRemind=0 respEsc=0 closureRemind=0 closureEsc=0 surveyExpired=0
2026-09-06T20:46:10.198Z [INFO] [http] GET /api/v1/notifications/unread-count
2026-09-06T20:46:40.510Z [INFO] [http] GET /api/v1/notifications/unread-count
2026-09-06T20:47:10.090Z [INFO] [slaReminder] SLA_SCAN cases=1 respRemind=0 respEsc=0 closureRemind=0 closureEsc=0 surveyExpired=0
2026-09-06T20:47:10.202Z [INFO] [http] GET /api/v1/notifications/unread-count
2026-09-06T20:47:40.508Z [INFO] [http] GET /api/v1/notifications/unread-count
2026-09-06T20:48:10.097Z [INFO] [slaReminder] SLA_SCAN cases=1 respRemind=0 respEsc=0 closureRemind=0 closureEsc=0 surveyExpired=0
2026-09-06T20:48:10.192Z [INFO] [http] GET /api/v1/notifications/unread-count
2026-09-06T20:48:40.494Z [INFO] [http] GET /api/v1/notifications/unread-count
2026-09-06T20:49:10.099Z [INFO] [slaReminder] SLA_SCAN cases=1 respRemind=0 respEsc=0 closureRemind=0 closureEsc=0 surveyExpired=0
2026-09-06T20:49:10.196Z [INFO] [http] GET /api/v1/notifications/unread-count
2026-09-06T20:49:40.506Z [INFO] [http] GET /api/v1/notifications/unread-count
2026-09-06T20:50:10.105Z [INFO] [slaReminder] SLA_SCAN cases=1 respRemind=0 respEsc=0 closureRemind=0 closureEsc=0 surveyExpired=0
2026-09-06T20:50:10.513Z [INFO] [http] GET /api/v1/notifications/unread-count
2026-09-06T20:50:40.503Z [INFO] [http] GET /api/v1/notifications/unread-count
2026-09-06T20:51:10.109Z [INFO] [slaReminder] SLA_SCAN cases=1 respRemind=0 respEsc=0 closureRemind=0 closureEsc=0 surveyExpired=0
2026-09-06T20:51:10.188Z [INFO] [http] GET /api/v1/notifications/unread-count
2026-09-06T20:51:40.503Z [INFO] [http] GET /api/v1/notifications/unread-count
2026-09-06T20:52:10.111Z [INFO] [slaReminder] SLA_SCAN cases=1 respRemind=0 respEsc=0 closureRemind=0 closureEsc=0 surveyExpired=0
2026-09-06T20:52:10.191Z [INFO] [http] GET /api/v1/notifications/unread-count
2026-09-06T20:52:40.501Z [INFO] [http] GET /api/v1/notifications/unread-count
2026-09-06T20:53:10.123Z [INFO] [slaReminder] SLA_SCAN cases=1 respRemind=0 respEsc=0 closureRemind=0 closureEsc=0 surveyExpired=0
2026-09-06T20:53:10.202Z [INFO] [http] GET /api/v1/notifications/unread-count
2026-09-06T20:53:40.501Z [INFO] [http] GET /api/v1/notifications/unread-count
2026-09-06T20:54:10.127Z [INFO] [slaReminder] SLA_SCAN cases=1 respRemind=0 respEsc=0 closureRemind=0 closureEsc=0 surveyExpired=0
2026-09-06T20:54:10.191Z [INFO] [http] GET /api/v1/notifications/unread-count
2026-09-06T20:54:40.508Z [INFO] [http] GET /api/v1/notifications/unread-count
2026-09-06T20:55:10.136Z [INFO] [slaReminder] SLA_SCAN cases=1 respRemind=0 respEsc=0 closureRemind=0 closureEsc=0 surveyExpired=0
2026-09-06T20:55:10.200Z [INFO] [http] GET /api/v1/notifications/unread-count
2026-09-06T20:55:40.499Z [INFO] [http] GET /api/v1/notifications/unread-count
2026-09-06T20:56:10.148Z [INFO] [slaReminder] SLA_SCAN cases=1 respRemind=0 respEsc=0 closureRemind=0 closureEsc=0 surveyExpired=0
2026-09-06T20:56:10.197Z [INFO] [http] GET /api/v1/notifications/unread-count
2026-09-06T20:56:40.507Z [INFO] [http] GET /api/v1/notifications/unread-count
2026-09-06T20:57:10.154Z [INFO] [slaReminder] SLA_SCAN cases=1 respRemind=0 respEsc=0 closureRemind=0 closureEsc=0 surveyExpired=0
2026-09-06T20:57:10.188Z [INFO] [http] GET /api/v1/notifications/unread-count
2026-09-06T20:57:40.514Z [INFO] [http] GET /api/v1/notifications/unread-count
2026-09-06T20:58:10.164Z [INFO] [slaReminder] SLA_SCAN cases=1 respRemind=0 respEsc=0 closureRemind=0 closureEsc=0 surveyExpired=0
2026-09-06T20:58:10.198Z [INFO] [http] GET /api/v1/notifications/unread-count
2026-09-06T20:58:40.505Z [INFO] [http] GET /api/v1/notifications/unread-count
2026-09-06T20:59:10.171Z [INFO] [slaReminder] SLA_SCAN cases=1 respRemind=0 respEsc=0 closureRemind=0 closureEsc=0 surveyExpired=0
2026-09-06T20:59:10.190Z [INFO] [http] GET /api/v1/notifications/unread-count
2026-09-06T20:59:40.506Z [INFO] [http] GET /api/v1/notifications/unread-count
2026-09-06T21:00:10.177Z [INFO] [slaReminder] SLA_SCAN cases=1 respRemind=0 respEsc=0 closureRemind=0 closureEsc=0 surveyExpired=0
2026-09-06T21:00:10.196Z [INFO] [http] GET /api/v1/notifications/unread-count
2026-09-06T21:00:40.501Z [INFO] [http] GET /api/v1/notifications/unread-count
2026-09-06T21:01:10.184Z [INFO] [slaReminder] SLA_SCAN cases=1 respRemind=0 respEsc=0 closureRemind=0 closureEsc=0 surveyExpired=0
2026-09-06T21:01:10.203Z [INFO] [http] GET /api/v1/notifications/unread-count
2026-09-06T21:01:40.505Z [INFO] [http] GET /api/v1/notifications/unread-count
2026-09-06T21:02:10.198Z [INFO] [slaReminder] SLA_SCAN cases=1 respRemind=0 respEsc=0 closureRemind=0 closureEsc=0 surveyExpired=0
2026-09-06T21:02:10.201Z [INFO] [http] GET /api/v1/notifications/unread-count
2026-09-06T21:02:40.503Z [INFO] [http] GET /api/v1/notifications/unread-count
2026-09-06T21:03:10.193Z [INFO] [http] GET /api/v1/notifications/unread-count
2026-09-06T21:03:10.203Z [INFO] [slaReminder] SLA_SCAN cases=1 respRemind=0 respEsc=0 closureRemind=0 closureEsc=0 surveyExpired=0
2026-09-06T21:03:40.513Z [INFO] [http] GET /api/v1/notifications/unread-count
2026-09-06T21:04:10.196Z [INFO] [http] GET /api/v1/notifications/unread-count
2026-09-06T21:04:10.208Z [INFO] [slaReminder] SLA_SCAN cases=1 respRemind=0 respEsc=0 closureRemind=0 closureEsc=0 surveyExpired=0
2026-09-06T21:04:40.506Z [INFO] [http] GET /api/v1/notifications/unread-count
2026-09-06T21:05:10.195Z [INFO] [http] GET /api/v1/notifications/unread-count
2026-09-06T21:05:10.223Z [INFO] [slaReminder] SLA_SCAN cases=1 respRemind=0 respEsc=0 closureRemind=0 closureEsc=0 surveyExpired=0
2026-09-06T21:05:40.508Z [INFO] [http] GET /api/v1/notifications/unread-count
2026-09-06T21:06:10.192Z [INFO] [http] GET /api/v1/notifications/unread-count
2026-09-06T21:06:10.236Z [INFO] [slaReminder] SLA_SCAN cases=1 respRemind=0 respEsc=0 closureRemind=0 closureEsc=0 surveyExpired=0
2026-09-06T21:06:40.516Z [INFO] [http] GET /api/v1/notifications/unread-count
2026-09-06T21:07:10.207Z [INFO] [http] GET /api/v1/notifications/unread-count
2026-09-06T21:07:10.252Z [INFO] [slaReminder] SLA_SCAN cases=1 respRemind=0 respEsc=0 closureRemind=0 closureEsc=0 surveyExpired=0
2026-09-06T21:07:40.509Z [INFO] [http] GET /api/v1/notifications/unread-count
2026-09-06T21:08:10.194Z [INFO] [http] GET /api/v1/notifications/unread-count
2026-09-06T21:08:10.255Z [INFO] [slaReminder] SLA_SCAN cases=1 respRemind=0 respEsc=0 closureRemind=0 closureEsc=0 surveyExpired=0
2026-09-06T21:08:40.503Z [INFO] [http] GET /api/v1/notifications/unread-count
2026-09-06T21:09:10.194Z [INFO] [http] GET /api/v1/notifications/unread-count
2026-09-06T21:09:10.268Z [INFO] [slaReminder] SLA_SCAN cases=1 respRemind=0 respEsc=0 closureRemind=0 closureEsc=0 surveyExpired=0
2026-09-06T21:09:40.508Z [INFO] [http] GET /api/v1/notifications/unread-count
2026-09-06T21:10:10.269Z [INFO] [slaReminder] SLA_SCAN cases=1 respRemind=0 respEsc=0 closureRemind=0 closureEsc=0 surveyExpired=0
2026-09-06T21:10:10.501Z [INFO] [http] GET /api/v1/notifications/unread-count
2026-09-06T21:10:40.506Z [INFO] [http] GET /api/v1/notifications/unread-count
2026-09-06T21:11:10.279Z [INFO] [slaReminder] SLA_SCAN cases=1 respRemind=0 respEsc=0 closureRemind=0 closureEsc=0 surveyExpired=0
2026-09-06T21:11:10.511Z [INFO] [http] GET /api/v1/notifications/unread-count
2026-09-06T21:11:40.514Z [INFO] [http] GET /api/v1/notifications/unread-count
2026-09-06T21:12:10.195Z [INFO] [http] GET /api/v1/notifications/unread-count
2026-09-06T21:12:10.286Z [INFO] [slaReminder] SLA_SCAN cases=1 respRemind=0 respEsc=0 closureRemind=0 closureEsc=0 surveyExpired=0
2026-09-06T21:12:40.505Z [INFO] [http] GET /api/v1/notifications/unread-count
2026-09-06T21:13:10.297Z [INFO] [slaReminder] SLA_SCAN cases=1 respRemind=0 respEsc=0 closureRemind=0 closureEsc=0 surveyExpired=0
2026-09-06T21:13:10.517Z [INFO] [http] GET /api/v1/notifications/unread-count
2026-09-06T21:13:40.518Z [INFO] [http] GET /api/v1/notifications/unread-count
2026-09-06T21:14:10.311Z [INFO] [slaReminder] SLA_SCAN cases=1 respRemind=0 respEsc=0 closureRemind=0 closureEsc=0 surveyExpired=0
2026-09-06T21:14:10.516Z [INFO] [http] GET /api/v1/notifications/unread-count
2026-09-06T21:14:40.522Z [INFO] [http] GET /api/v1/notifications/unread-count
2026-09-06T21:15:10.327Z [INFO] [slaReminder] SLA_SCAN cases=1 respRemind=0 respEsc=0 closureRemind=0 closureEsc=0 surveyExpired=0
2026-09-06T21:15:10.514Z [INFO] [http] GET /api/v1/notifications/unread-count
2026-09-06T21:15:40.512Z [INFO] [http] GET /api/v1/notifications/unread-count
2026-09-06T21:16:10.341Z [INFO] [slaReminder] SLA_SCAN cases=1 respRemind=0 respEsc=0 closureRemind=0 closureEsc=0 surveyExpired=0
2026-09-06T21:16:10.516Z [INFO] [http] GET /api/v1/notifications/unread-count
2026-09-06T21:16:40.524Z [INFO] [http] GET /api/v1/notifications/unread-count
2026-09-06T21:17:10.352Z [INFO] [slaReminder] SLA_SCAN cases=1 respRemind=0 respEsc=0 closureRemind=0 closureEsc=0 surveyExpired=0
2026-09-06T21:17:10.508Z [INFO] [http] GET /api/v1/notifications/unread-count
2026-09-06T21:17:40.514Z [INFO] [http] GET /api/v1/notifications/unread-count
2026-09-06T21:18:10.361Z [INFO] [slaReminder] SLA_SCAN cases=1 respRemind=0 respEsc=0 closureRemind=0 closureEsc=0 surveyExpired=0
2026-09-06T21:18:10.521Z [INFO] [http] GET /api/v1/notifications/unread-count
2026-09-06T21:18:40.515Z [INFO] [http] GET /api/v1/notifications/unread-count
2026-09-06T21:19:10.364Z [INFO] [slaReminder] SLA_SCAN cases=1 respRemind=0 respEsc=0 closureRemind=0 closureEsc=0 surveyExpired=0
2026-09-06T21:19:10.525Z [INFO] [http] GET /api/v1/notifications/unread-count
2026-09-06T21:19:40.231Z [INFO] [http] GET /api/v1/notifications/unread-count
2026-09-06T21:20:10.367Z [INFO] [slaReminder] SLA_SCAN cases=1 respRemind=0 respEsc=0 closureRemind=0 closureEsc=0 surveyExpired=0
2026-09-06T21:20:10.511Z [INFO] [http] GET /api/v1/notifications/unread-count
2026-09-06T21:20:40.524Z [INFO] [http] GET /api/v1/notifications/unread-count
2026-09-06T21:21:10.382Z [INFO] [slaReminder] SLA_SCAN cases=1 respRemind=0 respEsc=0 closureRemind=0 closureEsc=0 surveyExpired=0
2026-09-06T21:21:10.512Z [INFO] [http] GET /api/v1/notifications/unread-count
2026-09-06T21:21:40.524Z [INFO] [http] GET /api/v1/notifications/unread-count
2026-09-06T21:22:10.383Z [INFO] [slaReminder] SLA_SCAN cases=1 respRemind=0 respEsc=0 closureRemind=0 closureEsc=0 surveyExpired=0
2026-09-06T21:22:10.510Z [INFO] [http] GET /api/v1/notifications/unread-count
2026-09-06T21:22:40.519Z [INFO] [http] GET /api/v1/notifications/unread-count
2026-09-06T21:23:10.391Z [INFO] [slaReminder] SLA_SCAN cases=1 respRemind=0 respEsc=0 closureRemind=0 closureEsc=0 surveyExpired=0
2026-09-06T21:23:10.519Z [INFO] [http] GET /api/v1/notifications/unread-count
2026-09-06T21:23:40.519Z [INFO] [http] GET /api/v1/notifications/unread-count
2026-09-06T21:24:10.397Z [INFO] [slaReminder] SLA_SCAN cases=1 respRemind=0 respEsc=0 closureRemind=0 closureEsc=0 surveyExpired=0
2026-09-06T21:24:10.525Z [INFO] [http] GET /api/v1/notifications/unread-count
2026-09-06T21:24:40.529Z [INFO] [http] GET /api/v1/notifications/unread-count
2026-09-06T21:25:10.405Z [INFO] [slaReminder] SLA_SCAN cases=1 respRemind=0 respEsc=0 closureRemind=0 closureEsc=0 surveyExpired=0
2026-09-06T21:25:10.513Z [INFO] [http] GET /api/v1/notifications/unread-count
2026-09-06T21:25:40.514Z [INFO] [http] GET /api/v1/notifications/unread-count
2026-09-06T21:26:10.417Z [INFO] [slaReminder] SLA_SCAN cases=1 respRemind=0 respEsc=0 closureRemind=0 closureEsc=0 surveyExpired=0
2026-09-06T21:26:10.511Z [INFO] [http] GET /api/v1/notifications/unread-count
2026-09-06T21:26:40.203Z [INFO] [http] GET /api/v1/notifications/unread-count
2026-09-06T21:27:10.422Z [INFO] [slaReminder] SLA_SCAN cases=1 respRemind=0 respEsc=0 closureRemind=0 closureEsc=0 surveyExpired=0
2026-09-06T21:27:10.517Z [INFO] [http] GET /api/v1/notifications/unread-count
2026-09-06T21:27:40.208Z [INFO] [http] GET /api/v1/notifications/unread-count
2026-09-06T21:28:10.428Z [INFO] [slaReminder] SLA_SCAN cases=1 respRemind=0 respEsc=0 closureRemind=0 closureEsc=0 surveyExpired=0
2026-09-06T21:28:10.524Z [INFO] [http] GET /api/v1/notifications/unread-count
2026-09-06T21:28:40.214Z [INFO] [http] GET /api/v1/notifications/unread-count
2026-09-06T21:29:10.437Z [INFO] [slaReminder] SLA_SCAN cases=1 respRemind=0 respEsc=0 closureRemind=0 closureEsc=0 surveyExpired=0
2026-09-06T21:29:10.516Z [INFO] [http] GET /api/v1/notifications/unread-count
2026-09-06T21:29:40.204Z [INFO] [http] GET /api/v1/notifications/unread-count
2026-09-06T21:30:10.444Z [INFO] [slaReminder] SLA_SCAN cases=1 respRemind=0 respEsc=0 closureRemind=0 closureEsc=0 surveyExpired=0
2026-09-06T21:30:10.523Z [INFO] [http] GET /api/v1/notifications/unread-count
2026-09-06T21:30:40.204Z [INFO] [http] GET /api/v1/notifications/unread-count
2026-09-06T21:31:10.461Z [INFO] [slaReminder] SLA_SCAN cases=1 respRemind=0 respEsc=0 closureRemind=0 closureEsc=0 surveyExpired=0
2026-09-06T21:31:10.526Z [INFO] [http] GET /api/v1/notifications/unread-count
2026-09-06T21:31:40.203Z [INFO] [http] GET /api/v1/notifications/unread-count
2026-09-06T21:32:10.474Z [INFO] [slaReminder] SLA_SCAN cases=1 respRemind=0 respEsc=0 closureRemind=0 closureEsc=0 surveyExpired=0
2026-09-06T21:32:10.523Z [INFO] [http] GET /api/v1/notifications/unread-count
2026-09-06T21:32:40.217Z [INFO] [http] GET /api/v1/notifications/unread-count
2026-09-06T21:33:10.489Z [INFO] [slaReminder] SLA_SCAN cases=1 respRemind=0 respEsc=0 closureRemind=0 closureEsc=0 surveyExpired=0
2026-09-06T21:33:10.529Z [INFO] [http] GET /api/v1/notifications/unread-count
2026-09-06T21:33:40.203Z [INFO] [http] GET /api/v1/notifications/unread-count
2026-09-06T21:34:10.503Z [INFO] [slaReminder] SLA_SCAN cases=1 respRemind=0 respEsc=0 closureRemind=0 closureEsc=0 surveyExpired=0
2026-09-06T21:34:10.519Z [INFO] [http] GET /api/v1/notifications/unread-count
2026-09-06T21:34:40.515Z [INFO] [http] GET /api/v1/notifications/unread-count
2026-09-06T21:35:10.505Z [INFO] [slaReminder] SLA_SCAN cases=1 respRemind=0 respEsc=0 closureRemind=0 closureEsc=0 surveyExpired=0
2026-09-06T21:35:10.522Z [INFO] [http] GET /api/v1/notifications/unread-count
2026-09-06T21:35:40.524Z [INFO] [http] GET /api/v1/notifications/unread-count
2026-09-06T21:36:10.205Z [INFO] [http] GET /api/v1/notifications/unread-count
2026-09-06T21:36:10.513Z [INFO] [slaReminder] SLA_SCAN cases=1 respRemind=0 respEsc=0 closureRemind=0 closureEsc=0 surveyExpired=0
2026-09-06T21:36:40.531Z [INFO] [http] GET /api/v1/notifications/unread-count
2026-09-06T21:37:10.516Z [INFO] [slaReminder] SLA_SCAN cases=1 respRemind=0 respEsc=0 closureRemind=0 closureEsc=0 surveyExpired=0
2026-09-06T21:37:10.520Z [INFO] [http] GET /api/v1/notifications/unread-count
2026-09-06T21:37:40.522Z [INFO] [http] GET /api/v1/notifications/unread-count
2026-09-06T21:38:10.209Z [INFO] [http] GET /api/v1/notifications/unread-count
2026-09-06T21:38:10.532Z [INFO] [slaReminder] SLA_SCAN cases=1 respRemind=0 respEsc=0 closureRemind=0 closureEsc=0 surveyExpired=0
2026-09-06T21:38:40.525Z [INFO] [http] GET /api/v1/notifications/unread-count
2026-09-06T21:39:10.528Z [INFO] [http] GET /api/v1/notifications/unread-count
2026-09-06T21:39:10.540Z [INFO] [slaReminder] SLA_SCAN cases=1 respRemind=0 respEsc=0 closureRemind=0 closureEsc=0 surveyExpired=0
2026-09-06T21:39:40.521Z [INFO] [http] GET /api/v1/notifications/unread-count
2026-09-06T21:40:10.521Z [INFO] [http] GET /api/v1/notifications/unread-count
2026-09-06T21:40:10.550Z [INFO] [slaReminder] SLA_SCAN cases=1 respRemind=0 respEsc=0 closureRemind=0 closureEsc=0 surveyExpired=0
2026-09-06T21:40:40.515Z [INFO] [http] GET /api/v1/notifications/unread-count
2026-09-06T21:41:10.528Z [INFO] [http] GET /api/v1/notifications/unread-count
2026-09-06T21:41:10.556Z [INFO] [slaReminder] SLA_SCAN cases=1 respRemind=0 respEsc=0 closureRemind=0 closureEsc=0 surveyExpired=0
2026-09-06T21:41:40.530Z [INFO] [http] GET /api/v1/notifications/unread-count
2026-09-06T21:42:10.210Z [INFO] [http] GET /api/v1/notifications/unread-count
2026-09-06T21:42:10.566Z [INFO] [slaReminder] SLA_SCAN cases=1 respRemind=0 respEsc=0 closureRemind=0 closureEsc=0 surveyExpired=0
2026-09-06T21:42:40.524Z [INFO] [http] GET /api/v1/notifications/unread-count
2026-09-06T21:43:10.297Z [INFO] [http] GET /api/v1/notifications/unread-count
2026-09-06T21:43:10.581Z [INFO] [slaReminder] SLA_SCAN cases=1 respRemind=0 respEsc=0 closureRemind=0 closureEsc=0 surveyExpired=0
2026-09-06T21:43:40.518Z [INFO] [http] GET /api/v1/notifications/unread-count
2026-09-06T21:44:10.217Z [INFO] [http] GET /api/v1/notifications/unread-count
2026-09-06T21:44:10.583Z [INFO] [slaReminder] SLA_SCAN cases=1 respRemind=0 respEsc=0 closureRemind=0 closureEsc=0 surveyExpired=0
2026-09-06T21:44:40.520Z [INFO] [http] GET /api/v1/notifications/unread-count
2026-09-06T21:45:10.221Z [INFO] [http] GET /api/v1/notifications/unread-count
2026-09-06T21:45:10.594Z [INFO] [slaReminder] SLA_SCAN cases=1 respRemind=0 respEsc=0 closureRemind=0 closureEsc=0 surveyExpired=0
2026-09-06T21:45:40.519Z [INFO] [http] GET /api/v1/notifications/unread-count
2026-09-06T21:46:10.211Z [INFO] [http] GET /api/v1/notifications/unread-count
2026-09-06T21:46:10.595Z [INFO] [slaReminder] SLA_SCAN cases=1 respRemind=0 respEsc=0 closureRemind=0 closureEsc=0 surveyExpired=0
2026-09-06T21:46:40.523Z [INFO] [http] GET /api/v1/notifications/unread-count
2026-09-06T21:47:10.214Z [INFO] [http] GET /api/v1/notifications/unread-count
2026-09-06T21:47:10.596Z [INFO] [slaReminder] SLA_SCAN cases=1 respRemind=0 respEsc=0 closureRemind=0 closureEsc=0 surveyExpired=0
2026-09-06T21:47:40.528Z [INFO] [http] GET /api/v1/notifications/unread-count
2026-09-06T21:48:10.211Z [INFO] [http] GET /api/v1/notifications/unread-count
2026-09-06T21:48:10.608Z [INFO] [slaReminder] SLA_SCAN cases=1 respRemind=0 respEsc=0 closureRemind=0 closureEsc=0 surveyExpired=0
2026-09-06T21:48:40.528Z [INFO] [http] GET /api/v1/notifications/unread-count
2026-09-06T21:49:10.214Z [INFO] [http] GET /api/v1/notifications/unread-count
2026-09-06T21:49:10.614Z [INFO] [slaReminder] SLA_SCAN cases=1 respRemind=0 respEsc=0 closureRemind=0 closureEsc=0 surveyExpired=0
2026-09-06T21:49:40.520Z [INFO] [http] GET /api/v1/notifications/unread-count
2026-09-06T21:50:10.218Z [INFO] [http] GET /api/v1/notifications/unread-count
2026-09-06T21:50:10.622Z [INFO] [slaReminder] SLA_SCAN cases=1 respRemind=0 respEsc=0 closureRemind=0 closureEsc=0 surveyExpired=0
2026-09-06T21:50:40.524Z [INFO] [http] GET /api/v1/notifications/unread-count
2026-09-06T21:51:10.213Z [INFO] [http] GET /api/v1/notifications/unread-count
2026-09-06T21:51:10.628Z [INFO] [slaReminder] SLA_SCAN cases=1 respRemind=0 respEsc=0 closureRemind=0 closureEsc=0 surveyExpired=0
2026-09-06T21:51:40.526Z [INFO] [http] GET /api/v1/notifications/unread-count
2026-09-06T21:52:10.221Z [INFO] [http] GET /api/v1/notifications/unread-count
2026-09-06T21:52:10.632Z [INFO] [slaReminder] SLA_SCAN cases=1 respRemind=0 respEsc=0 closureRemind=0 closureEsc=0 surveyExpired=0
2026-09-06T21:52:40.524Z [INFO] [http] GET /api/v1/notifications/unread-count
2026-09-06T21:53:10.532Z [INFO] [http] GET /api/v1/notifications/unread-count
2026-09-06T21:53:10.639Z [INFO] [slaReminder] SLA_SCAN cases=1 respRemind=0 respEsc=0 closureRemind=0 closureEsc=0 surveyExpired=0
2026-09-06T21:53:40.524Z [INFO] [http] GET /api/v1/notifications/unread-count
2026-09-06T21:54:10.530Z [INFO] [http] GET /api/v1/notifications/unread-count
2026-09-06T21:54:10.653Z [INFO] [slaReminder] SLA_SCAN cases=1 respRemind=0 respEsc=0 closureRemind=0 closureEsc=0 surveyExpired=0
2026-09-06T21:54:40.524Z [INFO] [http] GET /api/v1/notifications/unread-count
2026-09-06T21:55:10.533Z [INFO] [http] GET /api/v1/notifications/unread-count
2026-09-06T21:55:10.654Z [INFO] [slaReminder] SLA_SCAN cases=1 respRemind=0 respEsc=0 closureRemind=0 closureEsc=0 surveyExpired=0
2026-09-06T21:55:40.535Z [INFO] [http] GET /api/v1/notifications/unread-count
2026-09-06T21:56:10.521Z [INFO] [http] GET /api/v1/notifications/unread-count
2026-09-06T21:56:10.658Z [INFO] [slaReminder] SLA_SCAN cases=1 respRemind=0 respEsc=0 closureRemind=0 closureEsc=0 surveyExpired=0
2026-09-06T21:56:40.526Z [INFO] [http] GET /api/v1/notifications/unread-count
2026-09-06T21:57:10.221Z [INFO] [http] GET /api/v1/notifications/unread-count
2026-09-06T21:57:10.664Z [INFO] [slaReminder] SLA_SCAN cases=1 respRemind=0 respEsc=0 closureRemind=0 closureEsc=0 surveyExpired=0
2026-09-06T21:57:40.532Z [INFO] [http] GET /api/v1/notifications/unread-count
2026-09-06T21:58:10.218Z [INFO] [http] GET /api/v1/notifications/unread-count
2026-09-06T21:58:10.665Z [INFO] [slaReminder] SLA_SCAN cases=1 respRemind=0 respEsc=0 closureRemind=0 closureEsc=0 surveyExpired=0
2026-09-06T21:58:40.521Z [INFO] [http] GET /api/v1/notifications/unread-count
2026-09-06T21:59:10.529Z [INFO] [http] GET /api/v1/notifications/unread-count
2026-09-06T21:59:10.679Z [INFO] [slaReminder] SLA_SCAN cases=1 respRemind=0 respEsc=0 closureRemind=0 closureEsc=0 surveyExpired=0
2026-09-06T21:59:40.526Z [INFO] [http] GET /api/v1/notifications/unread-count
2026-09-06T22:00:10.217Z [INFO] [http] GET /api/v1/notifications/unread-count
2026-09-06T22:00:10.680Z [INFO] [slaReminder] SLA_SCAN cases=1 respRemind=0 respEsc=0 closureRemind=0 closureEsc=0 surveyExpired=0
2026-09-06T22:00:40.538Z [INFO] [http] GET /api/v1/notifications/unread-count
2026-09-06T22:01:10.223Z [INFO] [http] GET /api/v1/notifications/unread-count
2026-09-06T22:01:10.683Z [INFO] [slaReminder] SLA_SCAN cases=1 respRemind=0 respEsc=0 closureRemind=0 closureEsc=0 surveyExpired=0
2026-09-06T22:01:40.535Z [INFO] [http] GET /api/v1/notifications/unread-count
2026-09-06T22:02:10.236Z [INFO] [http] GET /api/v1/notifications/unread-count
2026-09-06T22:02:10.693Z [INFO] [slaReminder] SLA_SCAN cases=1 respRemind=0 respEsc=0 closureRemind=0 closureEsc=0 surveyExpired=0
2026-09-06T22:02:40.532Z [INFO] [http] GET /api/v1/notifications/unread-count
2026-09-06T22:03:10.230Z [INFO] [http] GET /api/v1/notifications/unread-count
2026-09-06T22:03:10.703Z [INFO] [slaReminder] SLA_SCAN cases=1 respRemind=0 respEsc=0 closureRemind=0 closureEsc=0 surveyExpired=0
2026-09-06T22:03:40.533Z [INFO] [http] GET /api/v1/notifications/unread-count
2026-09-06T22:04:10.228Z [INFO] [http] GET /api/v1/notifications/unread-count
2026-09-06T22:04:10.714Z [INFO] [slaReminder] SLA_SCAN cases=1 respRemind=0 respEsc=0 closureRemind=0 closureEsc=0 surveyExpired=0
2026-09-06T22:04:40.525Z [INFO] [http] GET /api/v1/notifications/unread-count
2026-09-06T22:05:10.218Z [INFO] [http] GET /api/v1/notifications/unread-count
2026-09-06T22:05:10.716Z [INFO] [slaReminder] SLA_SCAN cases=1 respRemind=0 respEsc=0 closureRemind=0 closureEsc=0 surveyExpired=0
2026-09-06T22:05:40.534Z [INFO] [http] GET /api/v1/notifications/unread-count
2026-09-06T22:06:10.222Z [INFO] [http] GET /api/v1/notifications/unread-count
2026-09-06T22:06:10.720Z [INFO] [slaReminder] SLA_SCAN cases=1 respRemind=0 respEsc=0 closureRemind=0 closureEsc=0 surveyExpired=0
2026-09-06T22:06:40.526Z [INFO] [http] GET /api/v1/notifications/unread-count
2026-09-06T22:07:10.219Z [INFO] [http] GET /api/v1/notifications/unread-count
2026-09-06T22:07:10.727Z [INFO] [slaReminder] SLA_SCAN cases=1 respRemind=0 respEsc=0 closureRemind=0 closureEsc=0 surveyExpired=0
2026-09-06T22:07:40.528Z [INFO] [http] GET /api/v1/notifications/unread-count
2026-09-06T22:08:10.220Z [INFO] [http] GET /api/v1/notifications/unread-count
2026-09-06T22:08:10.742Z [INFO] [slaReminder] SLA_SCAN cases=1 respRemind=0 respEsc=0 closureRemind=0 closureEsc=0 surveyExpired=0
2026-09-06T22:08:40.537Z [INFO] [http] GET /api/v1/notifications/unread-count
2026-09-06T22:09:10.222Z [INFO] [http] GET /api/v1/notifications/unread-count
2026-09-06T22:09:10.752Z [INFO] [slaReminder] SLA_SCAN cases=1 respRemind=0 respEsc=0 closureRemind=0 closureEsc=0 surveyExpired=0
2026-09-06T22:09:40.533Z [INFO] [http] GET /api/v1/notifications/unread-count
2026-09-06T22:10:10.219Z [INFO] [http] GET /api/v1/notifications/unread-count
2026-09-06T22:10:10.760Z [INFO] [slaReminder] SLA_SCAN cases=1 respRemind=0 respEsc=0 closureRemind=0 closureEsc=0 surveyExpired=0
2026-09-06T22:10:40.528Z [INFO] [http] GET /api/v1/notifications/unread-count
2026-09-06T22:11:10.216Z [INFO] [http] GET /api/v1/notifications/unread-count
2026-09-06T22:11:10.761Z [INFO] [slaReminder] SLA_SCAN cases=1 respRemind=0 respEsc=0 closureRemind=0 closureEsc=0 surveyExpired=0
2026-09-06T22:11:40.529Z [INFO] [http] GET /api/v1/notifications/unread-count
2026-09-06T22:12:10.228Z [INFO] [http] GET /api/v1/notifications/unread-count
2026-09-06T22:12:10.771Z [INFO] [slaReminder] SLA_SCAN cases=1 respRemind=0 respEsc=0 closureRemind=0 closureEsc=0 surveyExpired=0
2026-09-06T22:12:40.538Z [INFO] [http] GET /api/v1/notifications/unread-count
2026-09-06T22:13:10.225Z [INFO] [http] GET /api/v1/notifications/unread-count
2026-09-06T22:13:10.782Z [INFO] [slaReminder] SLA_SCAN cases=1 respRemind=0 respEsc=0 closureRemind=0 closureEsc=0 surveyExpired=0
2026-09-06T22:13:40.530Z [INFO] [http] GET /api/v1/notifications/unread-count
2026-09-06T22:14:10.228Z [INFO] [http] GET /api/v1/notifications/unread-count
2026-09-06T22:14:10.782Z [INFO] [slaReminder] SLA_SCAN cases=1 respRemind=0 respEsc=0 closureRemind=0 closureEsc=0 surveyExpired=0
2026-09-06T22:14:40.529Z [INFO] [http] GET /api/v1/notifications/unread-count
2026-09-06T22:15:10.230Z [INFO] [http] GET /api/v1/notifications/unread-count
2026-09-06T22:15:10.785Z [INFO] [slaReminder] SLA_SCAN cases=1 respRemind=0 respEsc=0 closureRemind=0 closureEsc=0 surveyExpired=0
2026-09-06T22:15:40.539Z [INFO] [http] GET /api/v1/notifications/unread-count
2026-09-06T22:16:10.228Z [INFO] [http] GET /api/v1/notifications/unread-count
2026-09-06T22:16:10.799Z [INFO] [slaReminder] SLA_SCAN cases=1 respRemind=0 respEsc=0 closureRemind=0 closureEsc=0 surveyExpired=0
2026-09-06T22:16:40.543Z [INFO] [http] GET /api/v1/notifications/unread-count
2026-09-06T22:17:10.218Z [INFO] [http] GET /api/v1/notifications/unread-count
2026-09-06T22:17:10.810Z [INFO] [slaReminder] SLA_SCAN cases=1 respRemind=0 respEsc=0 closureRemind=0 closureEsc=0 surveyExpired=0
2026-09-06T22:17:40.536Z [INFO] [http] GET /api/v1/notifications/unread-count
2026-09-06T22:18:10.232Z [INFO] [http] GET /api/v1/notifications/unread-count
2026-09-06T22:18:10.820Z [INFO] [slaReminder] SLA_SCAN cases=1 respRemind=0 respEsc=0 closureRemind=0 closureEsc=0 surveyExpired=0
2026-09-06T22:18:40.541Z [INFO] [http] GET /api/v1/notifications/unread-count
2026-09-06T22:19:10.231Z [INFO] [http] GET /api/v1/notifications/unread-count
2026-09-06T22:19:10.832Z [INFO] [slaReminder] SLA_SCAN cases=1 respRemind=0 respEsc=0 closureRemind=0 closureEsc=0 surveyExpired=0
2026-09-06T22:19:40.530Z [INFO] [http] GET /api/v1/notifications/unread-count
2026-09-06T22:20:10.230Z [INFO] [http] GET /api/v1/notifications/unread-count
2026-09-06T22:20:10.847Z [INFO] [slaReminder] SLA_SCAN cases=1 respRemind=0 respEsc=0 closureRemind=0 closureEsc=0 surveyExpired=0
2026-09-06T22:20:40.529Z [INFO] [http] GET /api/v1/notifications/unread-count
2026-09-06T22:21:10.227Z [INFO] [http] GET /api/v1/notifications/unread-count
2026-09-06T22:21:10.850Z [INFO] [slaReminder] SLA_SCAN cases=1 respRemind=0 respEsc=0 closureRemind=0 closureEsc=0 surveyExpired=0
2026-09-06T22:21:40.532Z [INFO] [http] GET /api/v1/notifications/unread-count
2026-09-06T22:22:10.220Z [INFO] [http] GET /api/v1/notifications/unread-count
2026-09-06T22:22:10.857Z [INFO] [slaReminder] SLA_SCAN cases=1 respRemind=0 respEsc=0 closureRemind=0 closureEsc=0 surveyExpired=0
2026-09-06T22:22:40.534Z [INFO] [http] GET /api/v1/notifications/unread-count
2026-09-06T22:23:10.227Z [INFO] [http] GET /api/v1/notifications/unread-count
2026-09-06T22:23:10.865Z [INFO] [slaReminder] SLA_SCAN cases=1 respRemind=0 respEsc=0 closureRemind=0 closureEsc=0 surveyExpired=0
2026-09-06T22:23:40.541Z [INFO] [http] GET /api/v1/notifications/unread-count
2026-09-06T22:24:10.222Z [INFO] [http] GET /api/v1/notifications/unread-count
2026-09-06T22:24:10.874Z [INFO] [slaReminder] SLA_SCAN cases=1 respRemind=0 respEsc=0 closureRemind=0 closureEsc=0 surveyExpired=0
2026-09-06T22:24:40.541Z [INFO] [http] GET /api/v1/notifications/unread-count
2026-09-06T22:25:10.223Z [INFO] [http] GET /api/v1/notifications/unread-count
2026-09-06T22:25:10.875Z [INFO] [slaReminder] SLA_SCAN cases=1 respRemind=0 respEsc=0 closureRemind=0 closureEsc=0 surveyExpired=0
2026-09-06T22:25:40.545Z [INFO] [http] GET /api/v1/notifications/unread-count
2026-09-06T22:26:10.218Z [INFO] [http] GET /api/v1/notifications/unread-count
2026-09-06T22:26:10.882Z [INFO] [slaReminder] SLA_SCAN cases=1 respRemind=0 respEsc=0 closureRemind=0 closureEsc=0 surveyExpired=0
2026-09-06T22:26:40.540Z [INFO] [http] GET /api/v1/notifications/unread-count
2026-09-06T22:27:10.243Z [INFO] [http] GET /api/v1/notifications/unread-count
2026-09-06T22:27:10.883Z [INFO] [slaReminder] SLA_SCAN cases=1 respRemind=0 respEsc=0 closureRemind=0 closureEsc=0 surveyExpired=0
2026-09-06T22:27:40.536Z [INFO] [http] GET /api/v1/notifications/unread-count
2026-09-06T22:28:10.229Z [INFO] [http] GET /api/v1/notifications/unread-count
2026-09-06T22:28:10.884Z [INFO] [slaReminder] SLA_SCAN cases=1 respRemind=0 respEsc=0 closureRemind=0 closureEsc=0 surveyExpired=0
2026-09-06T22:28:40.530Z [INFO] [http] GET /api/v1/notifications/unread-count
2026-09-06T22:29:10.234Z [INFO] [http] GET /api/v1/notifications/unread-count
2026-09-06T22:29:10.885Z [INFO] [slaReminder] SLA_SCAN cases=1 respRemind=0 respEsc=0 closureRemind=0 closureEsc=0 surveyExpired=0
2026-09-06T22:29:40.536Z [INFO] [http] GET /api/v1/notifications/unread-count
2026-09-06T22:30:10.221Z [INFO] [http] GET /api/v1/notifications/unread-count
2026-09-06T22:30:10.894Z [INFO] [slaReminder] SLA_SCAN cases=1 respRemind=0 respEsc=0 closureRemind=0 closureEsc=0 surveyExpired=0
2026-09-06T22:30:40.532Z [INFO] [http] GET /api/v1/notifications/unread-count
2026-09-06T22:31:10.247Z [INFO] [http] GET /api/v1/notifications/unread-count
2026-09-06T22:31:10.900Z [INFO] [slaReminder] SLA_SCAN cases=1 respRemind=0 respEsc=0 closureRemind=0 closureEsc=0 surveyExpired=0
2026-09-06T22:31:40.538Z [INFO] [http] GET /api/v1/notifications/unread-count
2026-09-06T22:32:10.230Z [INFO] [http] GET /api/v1/notifications/unread-count
2026-09-06T22:32:10.914Z [INFO] [slaReminder] SLA_SCAN cases=1 respRemind=0 respEsc=0 closureRemind=0 closureEsc=0 surveyExpired=0
2026-09-06T22:32:40.545Z [INFO] [http] GET /api/v1/notifications/unread-count
2026-09-06T22:33:10.222Z [INFO] [http] GET /api/v1/notifications/unread-count
2026-09-06T22:33:10.916Z [INFO] [slaReminder] SLA_SCAN cases=1 respRemind=0 respEsc=0 closureRemind=0 closureEsc=0 surveyExpired=0
2026-09-06T22:33:40.534Z [INFO] [http] GET /api/v1/notifications/unread-count
2026-09-06T22:34:10.225Z [INFO] [http] GET /api/v1/notifications/unread-count
2026-09-06T22:34:10.918Z [INFO] [slaReminder] SLA_SCAN cases=1 respRemind=0 respEsc=0 closureRemind=0 closureEsc=0 surveyExpired=0
2026-09-06T22:34:40.548Z [INFO] [http] GET /api/v1/notifications/unread-count
2026-09-06T22:35:10.235Z [INFO] [http] GET /api/v1/notifications/unread-count
2026-09-06T22:35:10.922Z [INFO] [slaReminder] SLA_SCAN cases=1 respRemind=0 respEsc=0 closureRemind=0 closureEsc=0 surveyExpired=0
2026-09-06T22:35:40.551Z [INFO] [http] GET /api/v1/notifications/unread-count
2026-09-06T22:36:10.231Z [INFO] [http] GET /api/v1/notifications/unread-count
2026-09-06T22:36:10.930Z [INFO] [slaReminder] SLA_SCAN cases=1 respRemind=0 respEsc=0 closureRemind=0 closureEsc=0 surveyExpired=0
2026-09-06T22:36:40.528Z [INFO] [http] GET /api/v1/notifications/unread-count
2026-09-06T22:37:10.245Z [INFO] [http] GET /api/v1/notifications/unread-count
2026-09-06T22:37:10.933Z [INFO] [slaReminder] SLA_SCAN cases=1 respRemind=0 respEsc=0 closureRemind=0 closureEsc=0 surveyExpired=0
2026-09-06T22:37:40.536Z [INFO] [http] GET /api/v1/notifications/unread-count
2026-09-06T22:38:10.232Z [INFO] [http] GET /api/v1/notifications/unread-count
2026-09-06T22:38:10.947Z [INFO] [slaReminder] SLA_SCAN cases=1 respRemind=0 respEsc=0 closureRemind=0 closureEsc=0 surveyExpired=0
2026-09-06T22:38:40.535Z [INFO] [http] GET /api/v1/notifications/unread-count
2026-09-06T22:39:10.224Z [INFO] [http] GET /api/v1/notifications/unread-count
2026-09-06T22:39:10.949Z [INFO] [slaReminder] SLA_SCAN cases=1 respRemind=0 respEsc=0 closureRemind=0 closureEsc=0 surveyExpired=0
2026-09-06T22:39:40.550Z [INFO] [http] GET /api/v1/notifications/unread-count
2026-09-06T22:40:10.231Z [INFO] [http] GET /api/v1/notifications/unread-count
2026-09-06T22:40:10.955Z [INFO] [slaReminder] SLA_SCAN cases=1 respRemind=0 respEsc=0 closureRemind=0 closureEsc=0 surveyExpired=0
2026-09-06T22:40:40.538Z [INFO] [http] GET /api/v1/notifications/unread-count
2026-09-06T22:41:10.225Z [INFO] [http] GET /api/v1/notifications/unread-count
2026-09-06T22:41:10.956Z [INFO] [slaReminder] SLA_SCAN cases=1 respRemind=0 respEsc=0 closureRemind=0 closureEsc=0 surveyExpired=0
2026-09-06T22:41:40.542Z [INFO] [http] GET /api/v1/notifications/unread-count
2026-09-06T22:42:10.231Z [INFO] [http] GET /api/v1/notifications/unread-count
2026-09-06T22:42:10.970Z [INFO] [slaReminder] SLA_SCAN cases=1 respRemind=0 respEsc=0 closureRemind=0 closureEsc=0 surveyExpired=0
2026-09-06T22:42:40.533Z [INFO] [http] GET /api/v1/notifications/unread-count
2026-09-06T22:43:10.228Z [INFO] [http] GET /api/v1/notifications/unread-count
2026-09-06T22:43:10.972Z [INFO] [slaReminder] SLA_SCAN cases=1 respRemind=0 respEsc=0 closureRemind=0 closureEsc=0 surveyExpired=0
2026-09-06T22:43:40.543Z [INFO] [http] GET /api/v1/notifications/unread-count
2026-09-06T22:44:10.225Z [INFO] [http] GET /api/v1/notifications/unread-count
2026-09-06T22:44:10.983Z [INFO] [slaReminder] SLA_SCAN cases=1 respRemind=0 respEsc=0 closureRemind=0 closureEsc=0 surveyExpired=0
2026-09-06T22:44:40.542Z [INFO] [http] GET /api/v1/notifications/unread-count
2026-09-06T22:45:10.228Z [INFO] [http] GET /api/v1/notifications/unread-count
2026-09-06T22:45:10.986Z [INFO] [slaReminder] SLA_SCAN cases=1 respRemind=0 respEsc=0 closureRemind=0 closureEsc=0 surveyExpired=0
2026-09-06T22:45:40.551Z [INFO] [http] GET /api/v1/notifications/unread-count
2026-09-06T22:46:10.237Z [INFO] [http] GET /api/v1/notifications/unread-count
2026-09-06T22:46:11.000Z [INFO] [slaReminder] SLA_SCAN cases=1 respRemind=0 respEsc=0 closureRemind=0 closureEsc=0 surveyExpired=0
2026-09-06T22:46:40.550Z [INFO] [http] GET /api/v1/notifications/unread-count
2026-09-06T22:47:10.237Z [INFO] [http] GET /api/v1/notifications/unread-count
2026-09-06T22:47:11.011Z [INFO] [slaReminder] SLA_SCAN cases=1 respRemind=0 respEsc=0 closureRemind=0 closureEsc=0 surveyExpired=0
2026-09-06T22:47:40.542Z [INFO] [http] GET /api/v1/notifications/unread-count
2026-09-06T22:48:10.238Z [INFO] [http] GET /api/v1/notifications/unread-count
2026-09-06T22:48:11.013Z [INFO] [slaReminder] SLA_SCAN cases=1 respRemind=0 respEsc=0 closureRemind=0 closureEsc=0 surveyExpired=0
2026-09-06T22:48:40.547Z [INFO] [http] GET /api/v1/notifications/unread-count
2026-09-06T22:49:10.224Z [INFO] [http] GET /api/v1/notifications/unread-count
2026-09-06T22:49:11.018Z [INFO] [slaReminder] SLA_SCAN cases=1 respRemind=0 respEsc=0 closureRemind=0 closureEsc=0 surveyExpired=0
2026-09-06T22:49:40.538Z [INFO] [http] GET /api/v1/notifications/unread-count
2026-09-06T22:50:10.226Z [INFO] [http] GET /api/v1/notifications/unread-count
2026-09-06T22:50:11.024Z [INFO] [slaReminder] SLA_SCAN cases=1 respRemind=0 respEsc=0 closureRemind=0 closureEsc=0 surveyExpired=0
2026-09-06T22:50:40.544Z [INFO] [http] GET /api/v1/notifications/unread-count
2026-09-06T22:51:10.234Z [INFO] [http] GET /api/v1/notifications/unread-count
2026-09-06T22:51:11.030Z [INFO] [slaReminder] SLA_SCAN cases=1 respRemind=0 respEsc=0 closureRemind=0 closureEsc=0 surveyExpired=0
2026-09-06T22:51:40.544Z [INFO] [http] GET /api/v1/notifications/unread-count
2026-09-06T22:52:10.228Z [INFO] [http] GET /api/v1/notifications/unread-count
2026-09-06T22:52:11.037Z [INFO] [slaReminder] SLA_SCAN cases=1 respRemind=0 respEsc=0 closureRemind=0 closureEsc=0 surveyExpired=0
2026-09-06T22:52:40.597Z [INFO] [http] GET /api/v1/notifications/unread-count
2026-09-06T22:53:10.227Z [INFO] [http] GET /api/v1/notifications/unread-count
2026-09-06T22:53:11.050Z [INFO] [slaReminder] SLA_SCAN cases=1 respRemind=0 respEsc=0 closureRemind=0 closureEsc=0 surveyExpired=0
2026-09-06T22:53:40.548Z [INFO] [http] GET /api/v1/notifications/unread-count
2026-09-06T22:54:10.229Z [INFO] [http] GET /api/v1/notifications/unread-count
2026-09-06T22:54:11.053Z [INFO] [slaReminder] SLA_SCAN cases=1 respRemind=0 respEsc=0 closureRemind=0 closureEsc=0 surveyExpired=0
2026-09-06T22:54:40.553Z [INFO] [http] GET /api/v1/notifications/unread-count
2026-09-06T22:55:10.234Z [INFO] [http] GET /api/v1/notifications/unread-count
2026-09-06T22:55:11.062Z [INFO] [slaReminder] SLA_SCAN cases=1 respRemind=0 respEsc=0 closureRemind=0 closureEsc=0 surveyExpired=0
2026-09-06T22:55:40.544Z [INFO] [http] GET /api/v1/notifications/unread-count
2026-09-06T22:56:10.235Z [INFO] [http] GET /api/v1/notifications/unread-count
2026-09-06T22:56:11.069Z [INFO] [slaReminder] SLA_SCAN cases=1 respRemind=0 respEsc=0 closureRemind=0 closureEsc=0 surveyExpired=0
2026-09-06T22:56:40.543Z [INFO] [http] GET /api/v1/notifications/unread-count
2026-09-06T22:57:10.233Z [INFO] [http] GET /api/v1/notifications/unread-count
2026-09-06T22:57:11.070Z [INFO] [slaReminder] SLA_SCAN cases=1 respRemind=0 respEsc=0 closureRemind=0 closureEsc=0 surveyExpired=0
2026-09-06T22:57:40.547Z [INFO] [http] GET /api/v1/notifications/unread-count
2026-09-06T22:58:10.231Z [INFO] [http] GET /api/v1/notifications/unread-count
2026-09-06T22:58:11.075Z [INFO] [slaReminder] SLA_SCAN cases=1 respRemind=0 respEsc=0 closureRemind=0 closureEsc=0 surveyExpired=0
2026-09-06T22:58:40.545Z [INFO] [http] GET /api/v1/notifications/unread-count
2026-09-06T22:59:10.231Z [INFO] [http] GET /api/v1/notifications/unread-count
2026-09-06T22:59:11.085Z [INFO] [slaReminder] SLA_SCAN cases=1 respRemind=0 respEsc=0 closureRemind=0 closureEsc=0 surveyExpired=0
2026-09-06T22:59:40.535Z [INFO] [http] GET /api/v1/notifications/unread-count
2026-09-06T23:00:10.230Z [INFO] [http] GET /api/v1/notifications/unread-count
2026-09-06T23:00:11.098Z [INFO] [slaReminder] SLA_SCAN cases=1 respRemind=0 respEsc=0 closureRemind=0 closureEsc=0 surveyExpired=0
2026-09-06T23:00:40.551Z [INFO] [http] GET /api/v1/notifications/unread-count
2026-09-06T23:01:10.239Z [INFO] [http] GET /api/v1/notifications/unread-count
2026-09-06T23:01:11.107Z [INFO] [slaReminder] SLA_SCAN cases=1 respRemind=0 respEsc=0 closureRemind=0 closureEsc=0 surveyExpired=0
2026-09-06T23:01:40.546Z [INFO] [http] GET /api/v1/notifications/unread-count
2026-09-06T23:02:10.234Z [INFO] [http] GET /api/v1/notifications/unread-count
2026-09-06T23:02:11.113Z [INFO] [slaReminder] SLA_SCAN cases=1 respRemind=0 respEsc=0 closureRemind=0 closureEsc=0 surveyExpired=0
2026-09-06T23:02:40.552Z [INFO] [http] GET /api/v1/notifications/unread-count
2026-09-06T23:03:10.232Z [INFO] [http] GET /api/v1/notifications/unread-count
2026-09-06T23:03:11.116Z [INFO] [slaReminder] SLA_SCAN cases=1 respRemind=0 respEsc=0 closureRemind=0 closureEsc=0 surveyExpired=0
2026-09-06T23:03:40.542Z [INFO] [http] GET /api/v1/notifications/unread-count
2026-09-06T23:04:10.228Z [INFO] [http] GET /api/v1/notifications/unread-count
2026-09-06T23:04:11.119Z [INFO] [slaReminder] SLA_SCAN cases=1 respRemind=0 respEsc=0 closureRemind=0 closureEsc=0 surveyExpired=0
2026-09-06T23:04:40.546Z [INFO] [http] GET /api/v1/notifications/unread-count
2026-09-06T23:05:10.228Z [INFO] [http] GET /api/v1/notifications/unread-count
2026-09-06T23:05:11.127Z [INFO] [slaReminder] SLA_SCAN cases=1 respRemind=0 respEsc=0 closureRemind=0 closureEsc=0 surveyExpired=0
2026-09-06T23:05:40.546Z [INFO] [http] GET /api/v1/notifications/unread-count
2026-09-06T23:06:10.239Z [INFO] [http] GET /api/v1/notifications/unread-count
2026-09-06T23:06:11.140Z [INFO] [slaReminder] SLA_SCAN cases=1 respRemind=0 respEsc=0 closureRemind=0 closureEsc=0 surveyExpired=0
2026-09-06T23:06:40.538Z [INFO] [http] GET /api/v1/notifications/unread-count
2026-09-06T23:07:10.230Z [INFO] [http] GET /api/v1/notifications/unread-count
2026-09-06T23:07:11.144Z [INFO] [slaReminder] SLA_SCAN cases=1 respRemind=0 respEsc=0 closureRemind=0 closureEsc=0 surveyExpired=0
2026-09-06T23:07:40.552Z [INFO] [http] GET /api/v1/notifications/unread-count
2026-09-06T23:08:10.234Z [INFO] [http] GET /api/v1/notifications/unread-count
2026-09-06T23:08:11.160Z [INFO] [slaReminder] SLA_SCAN cases=1 respRemind=0 respEsc=0 closureRemind=0 closureEsc=0 surveyExpired=0
2026-09-06T23:08:40.537Z [INFO] [http] GET /api/v1/notifications/unread-count
2026-09-06T23:09:10.239Z [INFO] [http] GET /api/v1/notifications/unread-count
2026-09-06T23:09:11.167Z [INFO] [slaReminder] SLA_SCAN cases=1 respRemind=0 respEsc=0 closureRemind=0 closureEsc=0 surveyExpired=0
2026-09-06T23:09:40.547Z [INFO] [http] GET /api/v1/notifications/unread-count
2026-09-06T23:10:10.235Z [INFO] [http] GET /api/v1/notifications/unread-count
2026-09-06T23:10:11.178Z [INFO] [slaReminder] SLA_SCAN cases=1 respRemind=0 respEsc=0 closureRemind=0 closureEsc=0 surveyExpired=0
2026-09-06T23:10:40.539Z [INFO] [http] GET /api/v1/notifications/unread-count
2026-09-06T23:11:10.236Z [INFO] [http] GET /api/v1/notifications/unread-count
2026-09-06T23:11:11.193Z [INFO] [slaReminder] SLA_SCAN cases=1 respRemind=0 respEsc=0 closureRemind=0 closureEsc=0 surveyExpired=0
2026-09-06T23:11:40.545Z [INFO] [http] GET /api/v1/notifications/unread-count
2026-09-06T23:12:10.249Z [INFO] [http] GET /api/v1/notifications/unread-count
2026-09-06T23:12:11.204Z [INFO] [slaReminder] SLA_SCAN cases=1 respRemind=0 respEsc=0 closureRemind=0 closureEsc=0 surveyExpired=0
2026-09-06T23:12:40.546Z [INFO] [http] GET /api/v1/notifications/unread-count
2026-09-06T23:13:10.234Z [INFO] [http] GET /api/v1/notifications/unread-count
2026-09-06T23:13:11.210Z [INFO] [slaReminder] SLA_SCAN cases=1 respRemind=0 respEsc=0 closureRemind=0 closureEsc=0 surveyExpired=0
2026-09-06T23:13:40.551Z [INFO] [http] GET /api/v1/notifications/unread-count
2026-09-06T23:14:10.244Z [INFO] [http] GET /api/v1/notifications/unread-count
2026-09-06T23:14:11.215Z [INFO] [slaReminder] SLA_SCAN cases=1 respRemind=0 respEsc=0 closureRemind=0 closureEsc=0 surveyExpired=0
2026-09-06T23:14:40.542Z [INFO] [http] GET /api/v1/notifications/unread-count
2026-09-06T23:15:10.243Z [INFO] [http] GET /api/v1/notifications/unread-count
2026-09-06T23:15:11.217Z [INFO] [slaReminder] SLA_SCAN cases=1 respRemind=0 respEsc=0 closureRemind=0 closureEsc=0 surveyExpired=0
2026-09-06T23:15:40.541Z [INFO] [http] GET /api/v1/notifications/unread-count
2026-09-06T23:16:10.235Z [INFO] [http] GET /api/v1/notifications/unread-count
2026-09-06T23:16:11.229Z [INFO] [slaReminder] SLA_SCAN cases=1 respRemind=0 respEsc=0 closureRemind=0 closureEsc=0 surveyExpired=0
2026-09-06T23:16:40.552Z [INFO] [http] GET /api/v1/notifications/unread-count
2026-09-06T23:17:10.239Z [INFO] [http] GET /api/v1/notifications/unread-count
2026-09-06T23:17:11.231Z [INFO] [slaReminder] SLA_SCAN cases=1 respRemind=0 respEsc=0 closureRemind=0 closureEsc=0 surveyExpired=0
2026-09-06T23:17:40.546Z [INFO] [http] GET /api/v1/notifications/unread-count
2026-09-06T23:18:10.238Z [INFO] [http] GET /api/v1/notifications/unread-count
2026-09-06T23:18:11.234Z [INFO] [slaReminder] SLA_SCAN cases=1 respRemind=0 respEsc=0 closureRemind=0 closureEsc=0 surveyExpired=0
2026-09-06T23:18:40.546Z [INFO] [http] GET /api/v1/notifications/unread-count
2026-09-06T23:19:10.239Z [INFO] [http] GET /api/v1/notifications/unread-count
2026-09-06T23:19:11.245Z [INFO] [slaReminder] SLA_SCAN cases=1 respRemind=0 respEsc=0 closureRemind=0 closureEsc=0 surveyExpired=0
2026-09-06T23:19:40.539Z [INFO] [http] GET /api/v1/notifications/unread-count
2026-09-06T23:20:10.234Z [INFO] [http] GET /api/v1/notifications/unread-count
2026-09-06T23:20:11.261Z [INFO] [slaReminder] SLA_SCAN cases=1 respRemind=0 respEsc=0 closureRemind=0 closureEsc=0 surveyExpired=0
2026-09-06T23:20:40.546Z [INFO] [http] GET /api/v1/notifications/unread-count
2026-09-06T23:21:10.237Z [INFO] [http] GET /api/v1/notifications/unread-count
2026-09-06T23:21:11.270Z [INFO] [slaReminder] SLA_SCAN cases=1 respRemind=0 respEsc=0 closureRemind=0 closureEsc=0 surveyExpired=0
2026-09-06T23:21:40.553Z [INFO] [http] GET /api/v1/notifications/unread-count
2026-09-06T23:22:10.296Z [INFO] [http] GET /api/v1/notifications/unread-count
2026-09-06T23:22:11.280Z [INFO] [slaReminder] SLA_SCAN cases=1 respRemind=0 respEsc=0 closureRemind=0 closureEsc=0 surveyExpired=0
2026-09-06T23:22:40.546Z [INFO] [http] GET /api/v1/notifications/unread-count
2026-09-06T23:23:10.241Z [INFO] [http] GET /api/v1/notifications/unread-count
2026-09-06T23:23:11.284Z [INFO] [slaReminder] SLA_SCAN cases=1 respRemind=0 respEsc=0 closureRemind=0 closureEsc=0 surveyExpired=0
2026-09-06T23:23:40.549Z [INFO] [http] GET /api/v1/notifications/unread-count
2026-09-06T23:24:10.246Z [INFO] [http] GET /api/v1/notifications/unread-count
2026-09-06T23:24:11.299Z [INFO] [slaReminder] SLA_SCAN cases=1 respRemind=0 respEsc=0 closureRemind=0 closureEsc=0 surveyExpired=0
2026-09-06T23:24:40.547Z [INFO] [http] GET /api/v1/notifications/unread-count
2026-09-06T23:25:10.237Z [INFO] [http] GET /api/v1/notifications/unread-count
2026-09-06T23:25:11.306Z [INFO] [slaReminder] SLA_SCAN cases=1 respRemind=0 respEsc=0 closureRemind=0 closureEsc=0 surveyExpired=0
2026-09-06T23:25:40.544Z [INFO] [http] GET /api/v1/notifications/unread-count
2026-09-06T23:26:10.237Z [INFO] [http] GET /api/v1/notifications/unread-count
2026-09-06T23:26:11.322Z [INFO] [slaReminder] SLA_SCAN cases=1 respRemind=0 respEsc=0 closureRemind=0 closureEsc=0 surveyExpired=0
2026-09-06T23:26:40.552Z [INFO] [http] GET /api/v1/notifications/unread-count
2026-09-06T23:27:10.239Z [INFO] [http] GET /api/v1/notifications/unread-count
2026-09-06T23:27:11.334Z [INFO] [slaReminder] SLA_SCAN cases=1 respRemind=0 respEsc=0 closureRemind=0 closureEsc=0 surveyExpired=0
2026-09-06T23:27:40.549Z [INFO] [http] GET /api/v1/notifications/unread-count
2026-09-06T23:28:10.244Z [INFO] [http] GET /api/v1/notifications/unread-count
2026-09-06T23:28:11.343Z [INFO] [slaReminder] SLA_SCAN cases=1 respRemind=0 respEsc=0 closureRemind=0 closureEsc=0 surveyExpired=0
2026-09-06T23:28:40.555Z [INFO] [http] GET /api/v1/notifications/unread-count
2026-09-06T23:29:10.253Z [INFO] [http] GET /api/v1/notifications/unread-count
2026-09-06T23:29:11.347Z [INFO] [slaReminder] SLA_SCAN cases=1 respRemind=0 respEsc=0 closureRemind=0 closureEsc=0 surveyExpired=0
2026-09-06T23:29:40.554Z [INFO] [http] GET /api/v1/notifications/unread-count
2026-09-06T23:30:10.236Z [INFO] [http] GET /api/v1/notifications/unread-count
2026-09-06T23:30:11.351Z [INFO] [slaReminder] SLA_SCAN cases=1 respRemind=0 respEsc=0 closureRemind=0 closureEsc=0 surveyExpired=0
2026-09-06T23:30:40.553Z [INFO] [http] GET /api/v1/notifications/unread-count
2026-09-06T23:31:10.237Z [INFO] [http] GET /api/v1/notifications/unread-count
2026-09-06T23:31:11.358Z [INFO] [slaReminder] SLA_SCAN cases=1 respRemind=0 respEsc=0 closureRemind=0 closureEsc=0 surveyExpired=0
2026-09-06T23:31:40.543Z [INFO] [http] GET /api/v1/notifications/unread-count
2026-09-06T23:32:10.245Z [INFO] [http] GET /api/v1/notifications/unread-count
2026-09-06T23:32:11.371Z [INFO] [slaReminder] SLA_SCAN cases=1 respRemind=0 respEsc=0 closureRemind=0 closureEsc=0 surveyExpired=0
2026-09-06T23:32:40.543Z [INFO] [http] GET /api/v1/notifications/unread-count
2026-09-06T23:33:10.241Z [INFO] [http] GET /api/v1/notifications/unread-count
2026-09-06T23:33:11.383Z [INFO] [slaReminder] SLA_SCAN cases=1 respRemind=0 respEsc=0 closureRemind=0 closureEsc=0 surveyExpired=0
2026-09-06T23:33:40.537Z [INFO] [http] GET /api/v1/notifications/unread-count
2026-09-06T23:34:10.542Z [INFO] [http] GET /api/v1/notifications/unread-count
2026-09-06T23:34:11.393Z [INFO] [slaReminder] SLA_SCAN cases=1 respRemind=0 respEsc=0 closureRemind=0 closureEsc=0 surveyExpired=0
2026-09-06T23:34:40.545Z [INFO] [http] GET /api/v1/notifications/unread-count
2026-09-06T23:35:10.556Z [INFO] [http] GET /api/v1/notifications/unread-count
2026-09-06T23:35:11.395Z [INFO] [slaReminder] SLA_SCAN cases=1 respRemind=0 respEsc=0 closureRemind=0 closureEsc=0 surveyExpired=0
2026-09-06T23:35:40.544Z [INFO] [http] GET /api/v1/notifications/unread-count
2026-09-06T23:36:10.541Z [INFO] [http] GET /api/v1/notifications/unread-count
2026-09-06T23:36:11.407Z [INFO] [slaReminder] SLA_SCAN cases=1 respRemind=0 respEsc=0 closureRemind=0 closureEsc=0 surveyExpired=0
2026-09-06T23:36:40.547Z [INFO] [http] GET /api/v1/notifications/unread-count
2026-09-06T23:37:10.239Z [INFO] [http] GET /api/v1/notifications/unread-count
2026-09-06T23:37:11.410Z [INFO] [slaReminder] SLA_SCAN cases=1 respRemind=0 respEsc=0 closureRemind=0 closureEsc=0 surveyExpired=0
2026-09-06T23:37:40.556Z [INFO] [http] GET /api/v1/notifications/unread-count
2026-09-06T23:38:10.236Z [INFO] [http] GET /api/v1/notifications/unread-count
2026-09-06T23:38:11.411Z [INFO] [slaReminder] SLA_SCAN cases=1 respRemind=0 respEsc=0 closureRemind=0 closureEsc=0 surveyExpired=0
2026-09-06T23:38:40.551Z [INFO] [http] GET /api/v1/notifications/unread-count
2026-09-06T23:39:10.234Z [INFO] [http] GET /api/v1/notifications/unread-count
2026-09-06T23:39:11.415Z [INFO] [slaReminder] SLA_SCAN cases=1 respRemind=0 respEsc=0 closureRemind=0 closureEsc=0 surveyExpired=0
2026-09-06T23:39:40.564Z [INFO] [http] GET /api/v1/notifications/unread-count
2026-09-06T23:40:10.240Z [INFO] [http] GET /api/v1/notifications/unread-count
2026-09-06T23:40:11.431Z [INFO] [slaReminder] SLA_SCAN cases=1 respRemind=0 respEsc=0 closureRemind=0 closureEsc=0 surveyExpired=0
2026-09-06T23:40:40.546Z [INFO] [http] GET /api/v1/notifications/unread-count
2026-09-06T23:41:10.238Z [INFO] [http] GET /api/v1/notifications/unread-count
2026-09-06T23:41:11.431Z [INFO] [slaReminder] SLA_SCAN cases=1 respRemind=0 respEsc=0 closureRemind=0 closureEsc=0 surveyExpired=0
2026-09-06T23:41:40.544Z [INFO] [http] GET /api/v1/notifications/unread-count
2026-09-06T23:42:10.237Z [INFO] [http] GET /api/v1/notifications/unread-count
2026-09-06T23:42:11.432Z [INFO] [slaReminder] SLA_SCAN cases=1 respRemind=0 respEsc=0 closureRemind=0 closureEsc=0 surveyExpired=0
2026-09-06T23:42:40.552Z [INFO] [http] GET /api/v1/notifications/unread-count
2026-09-06T23:43:10.241Z [INFO] [http] GET /api/v1/notifications/unread-count
2026-09-06T23:43:11.446Z [INFO] [slaReminder] SLA_SCAN cases=1 respRemind=0 respEsc=0 closureRemind=0 closureEsc=0 surveyExpired=0
2026-09-06T23:43:40.548Z [INFO] [http] GET /api/v1/notifications/unread-count
2026-09-06T23:44:10.557Z [INFO] [http] GET /api/v1/notifications/unread-count
2026-09-06T23:44:11.455Z [INFO] [slaReminder] SLA_SCAN cases=1 respRemind=0 respEsc=0 closureRemind=0 closureEsc=0 surveyExpired=0
2026-09-06T23:44:40.542Z [INFO] [http] GET /api/v1/notifications/unread-count
2026-09-06T23:45:10.241Z [INFO] [http] GET /api/v1/notifications/unread-count
2026-09-06T23:45:11.464Z [INFO] [slaReminder] SLA_SCAN cases=1 respRemind=0 respEsc=0 closureRemind=0 closureEsc=0 surveyExpired=0
2026-09-06T23:45:40.548Z [INFO] [http] GET /api/v1/notifications/unread-count
2026-09-06T23:46:10.248Z [INFO] [http] GET /api/v1/notifications/unread-count
2026-09-06T23:46:11.470Z [INFO] [slaReminder] SLA_SCAN cases=1 respRemind=0 respEsc=0 closureRemind=0 closureEsc=0 surveyExpired=0
2026-09-06T23:46:40.549Z [INFO] [http] GET /api/v1/notifications/unread-count
2026-09-06T23:47:10.245Z [INFO] [http] GET /api/v1/notifications/unread-count
2026-09-06T23:47:11.479Z [INFO] [slaReminder] SLA_SCAN cases=1 respRemind=0 respEsc=0 closureRemind=0 closureEsc=0 surveyExpired=0
2026-09-06T23:47:40.543Z [INFO] [http] GET /api/v1/notifications/unread-count
2026-09-06T23:48:10.248Z [INFO] [http] GET /api/v1/notifications/unread-count
2026-09-06T23:48:11.483Z [INFO] [slaReminder] SLA_SCAN cases=1 respRemind=0 respEsc=0 closureRemind=0 closureEsc=0 surveyExpired=0
2026-09-06T23:48:40.551Z [INFO] [http] GET /api/v1/notifications/unread-count
2026-09-06T23:49:10.241Z [INFO] [http] GET /api/v1/notifications/unread-count
2026-09-06T23:49:11.488Z [INFO] [slaReminder] SLA_SCAN cases=1 respRemind=0 respEsc=0 closureRemind=0 closureEsc=0 surveyExpired=0
2026-09-06T23:49:40.557Z [INFO] [http] GET /api/v1/notifications/unread-count
2026-09-06T23:50:10.245Z [INFO] [http] GET /api/v1/notifications/unread-count
2026-09-06T23:50:11.503Z [INFO] [slaReminder] SLA_SCAN cases=1 respRemind=0 respEsc=0 closureRemind=0 closureEsc=0 surveyExpired=0
2026-09-06T23:50:40.550Z [INFO] [http] GET /api/v1/notifications/unread-count
2026-09-06T23:51:10.249Z [INFO] [http] GET /api/v1/notifications/unread-count
2026-09-06T23:51:11.505Z [INFO] [slaReminder] SLA_SCAN cases=1 respRemind=0 respEsc=0 closureRemind=0 closureEsc=0 surveyExpired=0
2026-09-06T23:51:40.546Z [INFO] [http] GET /api/v1/notifications/unread-count
2026-09-06T23:52:10.247Z [INFO] [http] GET /api/v1/notifications/unread-count
2026-09-06T23:52:11.517Z [INFO] [slaReminder] SLA_SCAN cases=1 respRemind=0 respEsc=0 closureRemind=0 closureEsc=0 surveyExpired=0
2026-09-06T23:52:40.557Z [INFO] [http] GET /api/v1/notifications/unread-count
2026-09-06T23:53:10.242Z [INFO] [http] GET /api/v1/notifications/unread-count
2026-09-06T23:53:11.522Z [INFO] [slaReminder] SLA_SCAN cases=1 respRemind=0 respEsc=0 closureRemind=0 closureEsc=0 surveyExpired=0
2026-09-06T23:53:40.554Z [INFO] [http] GET /api/v1/notifications/unread-count
2026-09-06T23:54:10.557Z [INFO] [http] GET /api/v1/notifications/unread-count
2026-09-06T23:54:11.529Z [INFO] [slaReminder] SLA_SCAN cases=1 respRemind=0 respEsc=0 closureRemind=0 closureEsc=0 surveyExpired=0
2026-09-06T23:54:40.556Z [INFO] [http] GET /api/v1/notifications/unread-count
2026-09-06T23:55:10.548Z [INFO] [http] GET /api/v1/notifications/unread-count
2026-09-06T23:55:11.542Z [INFO] [slaReminder] SLA_SCAN cases=1 respRemind=0 respEsc=0 closureRemind=0 closureEsc=0 surveyExpired=0
2026-09-06T23:55:40.555Z [INFO] [http] GET /api/v1/notifications/unread-count
2026-09-06T23:56:10.549Z [INFO] [http] GET /api/v1/notifications/unread-count
2026-09-06T23:56:11.553Z [INFO] [slaReminder] SLA_SCAN cases=1 respRemind=0 respEsc=0 closureRemind=0 closureEsc=0 surveyExpired=0
2026-09-06T23:56:40.545Z [INFO] [http] GET /api/v1/notifications/unread-count
2026-09-06T23:57:10.248Z [INFO] [http] GET /api/v1/notifications/unread-count
2026-09-06T23:57:11.556Z [INFO] [slaReminder] SLA_SCAN cases=1 respRemind=0 respEsc=0 closureRemind=0 closureEsc=0 surveyExpired=0
2026-09-06T23:57:40.543Z [INFO] [http] GET /api/v1/notifications/unread-count
2026-09-06T23:58:10.242Z [INFO] [http] GET /api/v1/notifications/unread-count
2026-09-06T23:58:11.561Z [INFO] [slaReminder] SLA_SCAN cases=1 respRemind=0 respEsc=0 closureRemind=0 closureEsc=0 surveyExpired=0
2026-09-06T23:58:40.554Z [INFO] [http] GET /api/v1/notifications/unread-count
2026-09-06T23:59:10.547Z [INFO] [http] GET /api/v1/notifications/unread-count
2026-09-06T23:59:11.562Z [INFO] [slaReminder] SLA_SCAN cases=1 respRemind=0 respEsc=0 closureRemind=0 closureEsc=0 surveyExpired=0
2026-09-06T23:59:40.571Z [INFO] [http] GET /api/v1/notifications/unread-count
2026-09-07T00:00:10.552Z [INFO] [http] GET /api/v1/notifications/unread-count
2026-09-07T00:00:11.573Z [INFO] [slaReminder] SLA_SCAN cases=1 respRemind=0 respEsc=0 closureRemind=0 closureEsc=0 surveyExpired=0
2026-09-07T00:00:40.245Z [INFO] [http] GET /api/v1/notifications/unread-count
2026-09-07T00:01:10.556Z [INFO] [http] GET /api/v1/notifications/unread-count
2026-09-07T00:01:11.578Z [INFO] [slaReminder] SLA_SCAN cases=1 respRemind=0 respEsc=0 closureRemind=0 closureEsc=0 surveyExpired=0
2026-09-07T00:01:40.238Z [INFO] [http] GET /api/v1/notifications/unread-count
2026-09-07T00:02:10.552Z [INFO] [http] GET /api/v1/notifications/unread-count
2026-09-07T00:02:11.579Z [INFO] [slaReminder] SLA_SCAN cases=1 respRemind=0 respEsc=0 closureRemind=0 closureEsc=0 surveyExpired=0
2026-09-07T00:02:40.546Z [INFO] [http] GET /api/v1/notifications/unread-count
2026-09-07T00:03:10.237Z [INFO] [http] GET /api/v1/notifications/unread-count
2026-09-07T00:03:11.593Z [INFO] [slaReminder] SLA_SCAN cases=1 respRemind=0 respEsc=0 closureRemind=0 closureEsc=0 surveyExpired=0
2026-09-07T00:03:40.552Z [INFO] [http] GET /api/v1/notifications/unread-count
2026-09-07T00:04:10.550Z [INFO] [http] GET /api/v1/notifications/unread-count
2026-09-07T00:04:11.608Z [INFO] [slaReminder] SLA_SCAN cases=1 respRemind=0 respEsc=0 closureRemind=0 closureEsc=0 surveyExpired=0
2026-09-07T00:04:40.565Z [INFO] [http] GET /api/v1/notifications/unread-count
2026-09-07T00:05:10.549Z [INFO] [http] GET /api/v1/notifications/unread-count
2026-09-07T00:05:11.618Z [INFO] [slaReminder] SLA_SCAN cases=1 respRemind=0 respEsc=0 closureRemind=0 closureEsc=0 surveyExpired=0
2026-09-07T00:05:40.551Z [INFO] [http] GET /api/v1/notifications/unread-count
2026-09-07T00:06:10.552Z [INFO] [http] GET /api/v1/notifications/unread-count
2026-09-07T00:06:11.631Z [INFO] [slaReminder] SLA_SCAN cases=1 respRemind=0 respEsc=0 closureRemind=0 closureEsc=0 surveyExpired=0
2026-09-07T00:06:40.234Z [INFO] [http] GET /api/v1/notifications/unread-count
2026-09-07T00:07:10.545Z [INFO] [http] GET /api/v1/notifications/unread-count
2026-09-07T00:07:11.638Z [INFO] [slaReminder] SLA_SCAN cases=1 respRemind=0 respEsc=0 closureRemind=0 closureEsc=0 surveyExpired=0
2026-09-07T00:07:40.547Z [INFO] [http] GET /api/v1/notifications/unread-count
2026-09-07T00:08:10.237Z [INFO] [http] GET /api/v1/notifications/unread-count
2026-09-07T00:08:11.640Z [INFO] [slaReminder] SLA_SCAN cases=1 respRemind=0 respEsc=0 closureRemind=0 closureEsc=0 surveyExpired=0
2026-09-07T00:08:40.547Z [INFO] [http] GET /api/v1/notifications/unread-count
2026-09-07T00:09:10.543Z [INFO] [http] GET /api/v1/notifications/unread-count
2026-09-07T00:09:11.653Z [INFO] [slaReminder] SLA_SCAN cases=1 respRemind=0 respEsc=0 closureRemind=0 closureEsc=0 surveyExpired=0
2026-09-07T00:09:40.551Z [INFO] [http] GET /api/v1/notifications/unread-count
2026-09-07T00:10:10.552Z [INFO] [http] GET /api/v1/notifications/unread-count
2026-09-07T00:10:11.658Z [INFO] [slaReminder] SLA_SCAN cases=1 respRemind=0 respEsc=0 closureRemind=0 closureEsc=0 surveyExpired=0
2026-09-07T00:10:40.562Z [INFO] [http] GET /api/v1/notifications/unread-count
2026-09-07T00:11:10.561Z [INFO] [http] GET /api/v1/notifications/unread-count
2026-09-07T00:11:11.668Z [INFO] [slaReminder] SLA_SCAN cases=1 respRemind=0 respEsc=0 closureRemind=0 closureEsc=0 surveyExpired=0
2026-09-07T00:11:40.561Z [INFO] [http] GET /api/v1/notifications/unread-count
2026-09-07T00:12:10.552Z [INFO] [http] GET /api/v1/notifications/unread-count
2026-09-07T00:12:11.672Z [INFO] [slaReminder] SLA_SCAN cases=1 respRemind=0 respEsc=0 closureRemind=0 closureEsc=0 surveyExpired=0
2026-09-07T00:12:40.602Z [INFO] [http] GET /api/v1/notifications/unread-count
2026-09-07T00:13:10.561Z [INFO] [http] GET /api/v1/notifications/unread-count
2026-09-07T00:13:11.681Z [INFO] [slaReminder] SLA_SCAN cases=1 respRemind=0 respEsc=0 closureRemind=0 closureEsc=0 surveyExpired=0
2026-09-07T00:13:40.552Z [INFO] [http] GET /api/v1/notifications/unread-count
2026-09-07T00:14:10.558Z [INFO] [http] GET /api/v1/notifications/unread-count
2026-09-07T00:14:11.693Z [INFO] [slaReminder] SLA_SCAN cases=1 respRemind=0 respEsc=0 closureRemind=0 closureEsc=0 surveyExpired=0
2026-09-07T00:14:40.556Z [INFO] [http] GET /api/v1/notifications/unread-count
2026-09-07T00:15:10.553Z [INFO] [http] GET /api/v1/notifications/unread-count
2026-09-07T00:15:11.703Z [INFO] [slaReminder] SLA_SCAN cases=1 respRemind=0 respEsc=0 closureRemind=0 closureEsc=0 surveyExpired=0
2026-09-07T00:15:40.249Z [INFO] [http] GET /api/v1/notifications/unread-count
2026-09-07T00:16:10.547Z [INFO] [http] GET /api/v1/notifications/unread-count
2026-09-07T00:16:11.713Z [INFO] [slaReminder] SLA_SCAN cases=1 respRemind=0 respEsc=0 closureRemind=0 closureEsc=0 surveyExpired=0
2026-09-07T00:16:40.240Z [INFO] [http] GET /api/v1/notifications/unread-count
2026-09-07T00:17:10.550Z [INFO] [http] GET /api/v1/notifications/unread-count
2026-09-07T00:17:11.723Z [INFO] [slaReminder] SLA_SCAN cases=1 respRemind=0 respEsc=0 closureRemind=0 closureEsc=0 surveyExpired=0
2026-09-07T00:17:40.243Z [INFO] [http] GET /api/v1/notifications/unread-count
2026-09-07T00:18:10.558Z [INFO] [http] GET /api/v1/notifications/unread-count
2026-09-07T00:18:11.728Z [INFO] [slaReminder] SLA_SCAN cases=1 respRemind=0 respEsc=0 closureRemind=0 closureEsc=0 surveyExpired=0
2026-09-07T00:18:40.236Z [INFO] [http] GET /api/v1/notifications/unread-count
2026-09-07T00:19:10.560Z [INFO] [http] GET /api/v1/notifications/unread-count
2026-09-07T00:19:11.742Z [INFO] [slaReminder] SLA_SCAN cases=1 respRemind=0 respEsc=0 closureRemind=0 closureEsc=0 surveyExpired=0
2026-09-07T00:19:40.564Z [INFO] [http] GET /api/v1/notifications/unread-count
2026-09-07T00:20:10.551Z [INFO] [http] GET /api/v1/notifications/unread-count
2026-09-07T00:20:11.743Z [INFO] [slaReminder] SLA_SCAN cases=1 respRemind=0 respEsc=0 closureRemind=0 closureEsc=0 surveyExpired=0
2026-09-07T00:20:40.556Z [INFO] [http] GET /api/v1/notifications/unread-count
2026-09-07T00:21:10.558Z [INFO] [http] GET /api/v1/notifications/unread-count
2026-09-07T00:21:11.749Z [INFO] [slaReminder] SLA_SCAN cases=1 respRemind=0 respEsc=0 closureRemind=0 closureEsc=0 surveyExpired=0
2026-09-07T00:21:40.251Z [INFO] [http] GET /api/v1/notifications/unread-count
2026-09-07T00:22:10.557Z [INFO] [http] GET /api/v1/notifications/unread-count
2026-09-07T00:22:11.759Z [INFO] [slaReminder] SLA_SCAN cases=1 respRemind=0 respEsc=0 closureRemind=0 closureEsc=0 surveyExpired=0
2026-09-07T00:22:40.251Z [INFO] [http] GET /api/v1/notifications/unread-count
2026-09-07T00:23:10.559Z [INFO] [http] GET /api/v1/notifications/unread-count
2026-09-07T00:23:11.771Z [INFO] [slaReminder] SLA_SCAN cases=1 respRemind=0 respEsc=0 closureRemind=0 closureEsc=0 surveyExpired=0
2026-09-07T00:23:40.251Z [INFO] [http] GET /api/v1/notifications/unread-count
2026-09-07T00:24:10.563Z [INFO] [http] GET /api/v1/notifications/unread-count
2026-09-07T00:24:11.778Z [INFO] [slaReminder] SLA_SCAN cases=1 respRemind=0 respEsc=0 closureRemind=0 closureEsc=0 surveyExpired=0
2026-09-07T00:24:40.556Z [INFO] [http] GET /api/v1/notifications/unread-count
2026-09-07T00:25:10.255Z [INFO] [http] GET /api/v1/notifications/unread-count
2026-09-07T00:25:11.785Z [INFO] [slaReminder] SLA_SCAN cases=1 respRemind=0 respEsc=0 closureRemind=0 closureEsc=0 surveyExpired=0
2026-09-07T00:25:40.576Z [INFO] [http] GET /api/v1/notifications/unread-count
2026-09-07T00:26:10.240Z [INFO] [http] GET /api/v1/notifications/unread-count
2026-09-07T00:26:11.792Z [INFO] [slaReminder] SLA_SCAN cases=1 respRemind=0 respEsc=0 closureRemind=0 closureEsc=0 surveyExpired=0
2026-09-07T00:26:40.555Z [INFO] [http] GET /api/v1/notifications/unread-count
2026-09-07T00:27:10.243Z [INFO] [http] GET /api/v1/notifications/unread-count
2026-09-07T00:27:11.802Z [INFO] [slaReminder] SLA_SCAN cases=1 respRemind=0 respEsc=0 closureRemind=0 closureEsc=0 surveyExpired=0
2026-09-07T00:27:40.557Z [INFO] [http] GET /api/v1/notifications/unread-count
2026-09-07T00:28:10.237Z [INFO] [http] GET /api/v1/notifications/unread-count
2026-09-07T00:28:11.813Z [INFO] [slaReminder] SLA_SCAN cases=1 respRemind=0 respEsc=0 closureRemind=0 closureEsc=0 surveyExpired=0
2026-09-07T00:28:40.559Z [INFO] [http] GET /api/v1/notifications/unread-count
2026-09-07T00:29:10.248Z [INFO] [http] GET /api/v1/notifications/unread-count
2026-09-07T00:29:11.821Z [INFO] [slaReminder] SLA_SCAN cases=1 respRemind=0 respEsc=0 closureRemind=0 closureEsc=0 surveyExpired=0
2026-09-07T00:29:40.555Z [INFO] [http] GET /api/v1/notifications/unread-count
2026-09-07T00:30:10.245Z [INFO] [http] GET /api/v1/notifications/unread-count
2026-09-07T00:30:11.832Z [INFO] [slaReminder] SLA_SCAN cases=1 respRemind=0 respEsc=0 closureRemind=0 closureEsc=0 surveyExpired=0
2026-09-07T00:30:40.555Z [INFO] [http] GET /api/v1/notifications/unread-count
2026-09-07T00:31:10.251Z [INFO] [http] GET /api/v1/notifications/unread-count
2026-09-07T00:31:11.841Z [INFO] [slaReminder] SLA_SCAN cases=1 respRemind=0 respEsc=0 closureRemind=0 closureEsc=0 surveyExpired=0
2026-09-07T00:31:40.549Z [INFO] [http] GET /api/v1/notifications/unread-count
2026-09-07T00:32:10.248Z [INFO] [http] GET /api/v1/notifications/unread-count
2026-09-07T00:32:11.854Z [INFO] [slaReminder] SLA_SCAN cases=1 respRemind=0 respEsc=0 closureRemind=0 closureEsc=0 surveyExpired=0
2026-09-07T00:32:40.564Z [INFO] [http] GET /api/v1/notifications/unread-count
2026-09-07T00:33:10.249Z [INFO] [http] GET /api/v1/notifications/unread-count
2026-09-07T00:33:11.858Z [INFO] [slaReminder] SLA_SCAN cases=1 respRemind=0 respEsc=0 closureRemind=0 closureEsc=0 surveyExpired=0
2026-09-07T00:33:40.553Z [INFO] [http] GET /api/v1/notifications/unread-count
2026-09-07T00:34:10.253Z [INFO] [http] GET /api/v1/notifications/unread-count
2026-09-07T00:34:11.870Z [INFO] [slaReminder] SLA_SCAN cases=1 respRemind=0 respEsc=0 closureRemind=0 closureEsc=0 surveyExpired=0
2026-09-07T00:34:40.552Z [INFO] [http] GET /api/v1/notifications/unread-count
2026-09-07T00:35:10.244Z [INFO] [http] GET /api/v1/notifications/unread-count
2026-09-07T00:35:11.880Z [INFO] [slaReminder] SLA_SCAN cases=1 respRemind=0 respEsc=0 closureRemind=0 closureEsc=0 surveyExpired=0
2026-09-07T00:35:40.554Z [INFO] [http] GET /api/v1/notifications/unread-count
2026-09-07T00:36:10.250Z [INFO] [http] GET /api/v1/notifications/unread-count
2026-09-07T00:36:11.892Z [INFO] [slaReminder] SLA_SCAN cases=1 respRemind=0 respEsc=0 closureRemind=0 closureEsc=0 surveyExpired=0
2026-09-07T00:36:40.561Z [INFO] [http] GET /api/v1/notifications/unread-count
2026-09-07T00:37:10.244Z [INFO] [http] GET /api/v1/notifications/unread-count
2026-09-07T00:37:11.907Z [INFO] [slaReminder] SLA_SCAN cases=1 respRemind=0 respEsc=0 closureRemind=0 closureEsc=0 surveyExpired=0
2026-09-07T00:37:40.554Z [INFO] [http] GET /api/v1/notifications/unread-count
2026-09-07T00:38:10.248Z [INFO] [http] GET /api/v1/notifications/unread-count
2026-09-07T00:38:11.917Z [INFO] [slaReminder] SLA_SCAN cases=1 respRemind=0 respEsc=0 closureRemind=0 closureEsc=0 surveyExpired=0
2026-09-07T00:38:40.552Z [INFO] [http] GET /api/v1/notifications/unread-count
2026-09-07T00:39:10.246Z [INFO] [http] GET /api/v1/notifications/unread-count
2026-09-07T00:39:11.927Z [INFO] [slaReminder] SLA_SCAN cases=1 respRemind=0 respEsc=0 closureRemind=0 closureEsc=0 surveyExpired=0
2026-09-07T00:39:40.563Z [INFO] [http] GET /api/v1/notifications/unread-count
2026-09-07T00:40:10.240Z [INFO] [http] GET /api/v1/notifications/unread-count
2026-09-07T00:40:11.938Z [INFO] [slaReminder] SLA_SCAN cases=1 respRemind=0 respEsc=0 closureRemind=0 closureEsc=0 surveyExpired=0
2026-09-07T00:40:40.553Z [INFO] [http] GET /api/v1/notifications/unread-count
2026-09-07T00:41:10.249Z [INFO] [http] GET /api/v1/notifications/unread-count
2026-09-07T00:41:11.954Z [INFO] [slaReminder] SLA_SCAN cases=1 respRemind=0 respEsc=0 closureRemind=0 closureEsc=0 surveyExpired=0
2026-09-07T00:41:40.551Z [INFO] [http] GET /api/v1/notifications/unread-count
2026-09-07T00:42:10.238Z [INFO] [http] GET /api/v1/notifications/unread-count
2026-09-07T00:42:11.962Z [INFO] [slaReminder] SLA_SCAN cases=1 respRemind=0 respEsc=0 closureRemind=0 closureEsc=0 surveyExpired=0
2026-09-07T00:42:40.563Z [INFO] [http] GET /api/v1/notifications/unread-count
2026-09-07T00:43:10.253Z [INFO] [http] GET /api/v1/notifications/unread-count
2026-09-07T00:43:11.977Z [INFO] [slaReminder] SLA_SCAN cases=1 respRemind=0 respEsc=0 closureRemind=0 closureEsc=0 surveyExpired=0
2026-09-07T00:43:40.554Z [INFO] [http] GET /api/v1/notifications/unread-count
2026-09-07T00:44:10.553Z [INFO] [http] GET /api/v1/notifications/unread-count
2026-09-07T00:44:11.984Z [INFO] [slaReminder] SLA_SCAN cases=1 respRemind=0 respEsc=0 closureRemind=0 closureEsc=0 surveyExpired=0
2026-09-07T00:44:40.557Z [INFO] [http] GET /api/v1/notifications/unread-count
2026-09-07T00:45:10.553Z [INFO] [http] GET /api/v1/notifications/unread-count
2026-09-07T00:45:12.000Z [INFO] [slaReminder] SLA_SCAN cases=1 respRemind=0 respEsc=0 closureRemind=0 closureEsc=0 surveyExpired=0
2026-09-07T00:45:40.239Z [INFO] [http] GET /api/v1/notifications/unread-count
2026-09-07T00:46:10.559Z [INFO] [http] GET /api/v1/notifications/unread-count
2026-09-07T00:46:12.009Z [INFO] [slaReminder] SLA_SCAN cases=1 respRemind=0 respEsc=0 closureRemind=0 closureEsc=0 surveyExpired=0
2026-09-07T00:46:40.239Z [INFO] [http] GET /api/v1/notifications/unread-count
2026-09-07T00:47:10.561Z [INFO] [http] GET /api/v1/notifications/unread-count
2026-09-07T00:47:12.026Z [INFO] [slaReminder] SLA_SCAN cases=1 respRemind=0 respEsc=0 closureRemind=0 closureEsc=0 surveyExpired=0
2026-09-07T00:47:40.249Z [INFO] [http] GET /api/v1/notifications/unread-count
2026-09-07T00:48:10.566Z [INFO] [http] GET /api/v1/notifications/unread-count
2026-09-07T00:48:12.026Z [INFO] [slaReminder] SLA_SCAN cases=1 respRemind=0 respEsc=0 closureRemind=0 closureEsc=0 surveyExpired=0
2026-09-07T00:48:40.253Z [INFO] [http] GET /api/v1/notifications/unread-count
2026-09-07T00:49:10.562Z [INFO] [http] GET /api/v1/notifications/unread-count
2026-09-07T00:49:12.033Z [INFO] [slaReminder] SLA_SCAN cases=1 respRemind=0 respEsc=0 closureRemind=0 closureEsc=0 surveyExpired=0
2026-09-07T00:49:40.560Z [INFO] [http] GET /api/v1/notifications/unread-count
2026-09-07T00:50:10.564Z [INFO] [http] GET /api/v1/notifications/unread-count
2026-09-07T00:50:12.039Z [INFO] [slaReminder] SLA_SCAN cases=1 respRemind=0 respEsc=0 closureRemind=0 closureEsc=0 surveyExpired=0
2026-09-07T00:50:40.550Z [INFO] [http] GET /api/v1/notifications/unread-count
2026-09-07T00:51:10.249Z [INFO] [http] GET /api/v1/notifications/unread-count
2026-09-07T00:51:12.041Z [INFO] [slaReminder] SLA_SCAN cases=1 respRemind=0 respEsc=0 closureRemind=0 closureEsc=0 surveyExpired=0
2026-09-07T00:51:40.549Z [INFO] [http] GET /api/v1/notifications/unread-count
2026-09-07T00:52:10.551Z [INFO] [http] GET /api/v1/notifications/unread-count
2026-09-07T00:52:12.046Z [INFO] [slaReminder] SLA_SCAN cases=1 respRemind=0 respEsc=0 closureRemind=0 closureEsc=0 surveyExpired=0
2026-09-07T00:52:40.551Z [INFO] [http] GET /api/v1/notifications/unread-count
2026-09-07T00:53:10.560Z [INFO] [http] GET /api/v1/notifications/unread-count
2026-09-07T00:53:12.062Z [INFO] [slaReminder] SLA_SCAN cases=1 respRemind=0 respEsc=0 closureRemind=0 closureEsc=0 surveyExpired=0
2026-09-07T00:53:40.561Z [INFO] [http] GET /api/v1/notifications/unread-count
2026-09-07T00:54:10.554Z [INFO] [http] GET /api/v1/notifications/unread-count
2026-09-07T00:54:12.062Z [INFO] [slaReminder] SLA_SCAN cases=1 respRemind=0 respEsc=0 closureRemind=0 closureEsc=0 surveyExpired=0
2026-09-07T00:54:40.557Z [INFO] [http] GET /api/v1/notifications/unread-count
2026-09-07T00:55:10.552Z [INFO] [http] GET /api/v1/notifications/unread-count
2026-09-07T00:55:12.072Z [INFO] [slaReminder] SLA_SCAN cases=1 respRemind=0 respEsc=0 closureRemind=0 closureEsc=0 surveyExpired=0
2026-09-07T00:55:40.563Z [INFO] [http] GET /api/v1/notifications/unread-count
2026-09-07T00:56:10.565Z [INFO] [http] GET /api/v1/notifications/unread-count
2026-09-07T00:56:12.075Z [INFO] [slaReminder] SLA_SCAN cases=1 respRemind=0 respEsc=0 closureRemind=0 closureEsc=0 surveyExpired=0
2026-09-07T00:56:40.560Z [INFO] [http] GET /api/v1/notifications/unread-count
2026-09-07T00:57:10.247Z [INFO] [http] GET /api/v1/notifications/unread-count
2026-09-07T00:57:12.089Z [INFO] [slaReminder] SLA_SCAN cases=1 respRemind=0 respEsc=0 closureRemind=0 closureEsc=0 surveyExpired=0
2026-09-07T00:57:40.560Z [INFO] [http] GET /api/v1/notifications/unread-count
2026-09-07T00:58:10.248Z [INFO] [http] GET /api/v1/notifications/unread-count
2026-09-07T00:58:12.102Z [INFO] [slaReminder] SLA_SCAN cases=1 respRemind=0 respEsc=0 closureRemind=0 closureEsc=0 surveyExpired=0
2026-09-07T00:58:40.556Z [INFO] [http] GET /api/v1/notifications/unread-count
2026-09-07T00:59:10.559Z [INFO] [http] GET /api/v1/notifications/unread-count
2026-09-07T00:59:12.118Z [INFO] [slaReminder] SLA_SCAN cases=1 respRemind=0 respEsc=0 closureRemind=0 closureEsc=0 surveyExpired=0
2026-09-07T00:59:40.560Z [INFO] [http] GET /api/v1/notifications/unread-count
2026-09-07T01:00:10.549Z [INFO] [http] GET /api/v1/notifications/unread-count
2026-09-07T01:00:12.126Z [INFO] [slaReminder] SLA_SCAN cases=1 respRemind=0 respEsc=0 closureRemind=0 closureEsc=0 surveyExpired=0
2026-09-07T01:00:40.240Z [INFO] [http] GET /api/v1/notifications/unread-count
2026-09-07T01:01:10.560Z [INFO] [http] GET /api/v1/notifications/unread-count
2026-09-07T01:01:12.134Z [INFO] [slaReminder] SLA_SCAN cases=1 respRemind=0 respEsc=0 closureRemind=0 closureEsc=0 surveyExpired=0
2026-09-07T01:01:40.254Z [INFO] [http] GET /api/v1/notifications/unread-count
2026-09-07T01:02:10.565Z [INFO] [http] GET /api/v1/notifications/unread-count
2026-09-07T01:02:12.136Z [INFO] [slaReminder] SLA_SCAN cases=1 respRemind=0 respEsc=0 closureRemind=0 closureEsc=0 surveyExpired=0
2026-09-07T01:02:40.254Z [INFO] [http] GET /api/v1/notifications/unread-count
2026-09-07T01:03:10.561Z [INFO] [http] GET /api/v1/notifications/unread-count
2026-09-07T01:03:12.152Z [INFO] [slaReminder] SLA_SCAN cases=1 respRemind=0 respEsc=0 closureRemind=0 closureEsc=0 surveyExpired=0
2026-09-07T01:03:40.250Z [INFO] [http] GET /api/v1/notifications/unread-count
2026-09-07T01:04:10.544Z [INFO] [http] GET /api/v1/notifications/unread-count
2026-09-07T01:04:12.159Z [INFO] [slaReminder] SLA_SCAN cases=1 respRemind=0 respEsc=0 closureRemind=0 closureEsc=0 surveyExpired=0
2026-09-07T01:04:40.555Z [INFO] [http] GET /api/v1/notifications/unread-count
2026-09-07T01:05:10.564Z [INFO] [http] GET /api/v1/notifications/unread-count
2026-09-07T01:05:12.171Z [INFO] [slaReminder] SLA_SCAN cases=1 respRemind=0 respEsc=0 closureRemind=0 closureEsc=0 surveyExpired=0
2026-09-07T01:05:40.554Z [INFO] [http] GET /api/v1/notifications/unread-count
2026-09-07T01:06:10.553Z [INFO] [http] GET /api/v1/notifications/unread-count
2026-09-07T01:06:12.174Z [INFO] [slaReminder] SLA_SCAN cases=1 respRemind=0 respEsc=0 closureRemind=0 closureEsc=0 surveyExpired=0
2026-09-07T01:06:40.250Z [INFO] [http] GET /api/v1/notifications/unread-count
Restarting 'src/server.js'
Restarting 'src/server.js'
Restarting 'src/server.js'
2026-09-07T01:07:03.134Z [INFO] [static] serving frontend dist at C:\Users\606610\CodeBuddy\QRCode 客戶意見反饋\frontend\dist
2026-09-07T01:07:03.141Z [INFO] [server] QRCode 客戶意見反饋骨架已啟動 http://localhost:3000/api/v1
2026-09-07T01:07:03.141Z [INFO] [scheduler] SLA 掃描定時器已啟動（每 60000ms）
2026-09-07T01:07:03.141Z [WARN] [scheduler] 週報定時器停用（WEEKLY_REPORT_CHECK_MS 為 0/未設定）
Restarting 'src/server.js'
2026-09-07T01:07:05.533Z [INFO] [static] serving frontend dist at C:\Users\606610\CodeBuddy\QRCode 客戶意見反饋\frontend\dist
node:events:496
      throw er; // Unhandled 'error' event
      ^

Error: listen EADDRINUSE: address already in use :::3000
    at Server.setupListenHandle [as _listen2] (node:net:1937:16)
    at listenInCluster (node:net:1994:12)
    at Server.listen (node:net:2099:7)
    at Function.listen (C:\Users\606610\CodeBuddy\QRCode 客戶意見反饋\backend\node_modules\express\lib\application.js:635:24)
    at Object.<anonymous> (C:\Users\606610\CodeBuddy\QRCode 客戶意見反饋\backend\src\server.js:13:5)
    at Module._compile (node:internal/modules/cjs/loader:1554:14)
    at Object..js (node:internal/modules/cjs/loader:1706:10)
    at Module.load (node:internal/modules/cjs/loader:1289:32)
    at Function._load (node:internal/modules/cjs/loader:1108:12)
    at TracingChannel.traceSync (node:diagnostics_channel:322:14)
    at wrapModuleLoad (node:internal/modules/cjs/loader:220:24)
    at Function.executeUserEntryPoint [as runMain] (node:internal/modules/run_main:170:5)
    at node:internal/main/run_main_module:36:49
Emitted 'error' event on Server instance at:
    at emitErrorNT (node:net:1973:8)
    at process.processTicksAndRejections (node:internal/process/task_queues:90:21) {
  code: 'EADDRINUSE',
  errno: -4091,
  syscall: 'listen',
  address: '::',
  port: 3000
}

Node.js v22.14.0
Failed running 'src/server.js'
Restarting 'src/server.js'
Restarting 'src/server.js'
Restarting 'src/server.js'
Waiting for graceful termination...
Gracefully restarted 'src/server.js'
Restarting 'src/server.js'
Waiting for graceful termination...
Gracefully restarted 'src/server.js'
2026-09-07T02:19:06.076Z [INFO] [static] serving frontend dist at C:\Users\606610\CodeBuddy\QRCode 客戶意見反饋\frontend\dist
2026-09-07T02:19:06.095Z [INFO] [server] QRCode 客戶意見反饋骨架已啟動 http://localhost:3000/api/v1
2026-09-07T02:19:06.095Z [INFO] [scheduler] SLA 掃描定時器已啟動（每 60000ms）
2026-09-07T02:19:06.096Z [WARN] [scheduler] 週報定時器停用（WEEKLY_REPORT_CHECK_MS 為 0/未設定）
Restarting 'src/server.js'
2026-09-07T02:19:14.213Z [INFO] [static] serving frontend dist at C:\Users\606610\CodeBuddy\QRCode 客戶意見反饋\frontend\dist
node:events:496
      throw er; // Unhandled 'error' event
      ^

Error: listen EADDRINUSE: address already in use :::3000
    at Server.setupListenHandle [as _listen2] (node:net:1937:16)
    at listenInCluster (node:net:1994:12)
    at Server.listen (node:net:2099:7)
    at Function.listen (C:\Users\606610\CodeBuddy\QRCode 客戶意見反饋\backend\node_modules\express\lib\application.js:635:24)
    at Object.<anonymous> (C:\Users\606610\CodeBuddy\QRCode 客戶意見反饋\backend\src\server.js:13:5)
    at Module._compile (node:internal/modules/cjs/loader:1554:14)
    at Object..js (node:internal/modules/cjs/loader:1706:10)
    at Module.load (node:internal/modules/cjs/loader:1289:32)
    at Function._load (node:internal/modules/cjs/loader:1108:12)
    at TracingChannel.traceSync (node:diagnostics_channel:322:14)
    at wrapModuleLoad (node:internal/modules/cjs/loader:220:24)
    at Function.executeUserEntryPoint [as runMain] (node:internal/modules/run_main:170:5)
    at node:internal/main/run_main_module:36:49
Emitted 'error' event on Server instance at:
    at emitErrorNT (node:net:1973:8)
    at process.processTicksAndRejections (node:internal/process/task_queues:90:21) {
  code: 'EADDRINUSE',
  errno: -4091,
  syscall: 'listen',
  address: '::',
  port: 3000
}

Node.js v22.14.0
Failed running 'src/server.js'
Restarting 'src/server.js'
2026-09-07T02:45:46.364Z [INFO] [static] serving frontend dist at C:\Users\606610\CodeBuddy\QRCode 客戶意見反饋\frontend\dist
node:events:496
      throw er; // Unhandled 'error' event
      ^

Error: listen EADDRINUSE: address already in use :::3000
    at Server.setupListenHandle [as _listen2] (node:net:1937:16)
    at listenInCluster (node:net:1994:12)
    at Server.listen (node:net:2099:7)
    at Function.listen (C:\Users\606610\CodeBuddy\QRCode 客戶意見反饋\backend\node_modules\express\lib\application.js:635:24)
    at Object.<anonymous> (C:\Users\606610\CodeBuddy\QRCode 客戶意見反饋\backend\src\server.js:13:5)
    at Module._compile (node:internal/modules/cjs/loader:1554:14)
    at Object..js (node:internal/modules/cjs/loader:1706:10)
    at Module.load (node:internal/modules/cjs/loader:1289:32)
    at Function._load (node:internal/modules/cjs/loader:1108:12)
    at TracingChannel.traceSync (node:diagnostics_channel:322:14)
    at wrapModuleLoad (node:internal/modules/cjs/loader:220:24)
    at Function.executeUserEntryPoint [as runMain] (node:internal/modules/run_main:170:5)
    at node:internal/main/run_main_module:36:49
Emitted 'error' event on Server instance at:
    at emitErrorNT (node:net:1973:8)
    at process.processTicksAndRejections (node:internal/process/task_queues:90:21) {
  code: 'EADDRINUSE',
  errno: -4091,
  syscall: 'listen',
  address: '::',
  port: 3000
}

Node.js v22.14.0
Failed running 'src/server.js'
Restarting 'src/server.js'
2026-09-07T02:46:55.675Z [INFO] [static] serving frontend dist at C:\Users\606610\CodeBuddy\QRCode 客戶意見反饋\frontend\dist
2026-09-07T02:46:55.682Z [INFO] [server] QRCode 客戶意見反饋骨架已啟動 http://localhost:3000/api/v1
2026-09-07T02:46:55.682Z [INFO] [scheduler] SLA 掃描定時器已啟動（每 60000ms）
2026-09-07T02:46:55.682Z [WARN] [scheduler] 週報定時器停用（WEEKLY_REPORT_CHECK_MS 為 0/未設定）
Restarting 'src/server.js'
2026-09-07T02:47:04.161Z [INFO] [static] serving frontend dist at C:\Users\606610\CodeBuddy\QRCode 客戶意見反饋\frontend\dist
node:events:496
      throw er; // Unhandled 'error' event
      ^

Error: listen EADDRINUSE: address already in use :::3000
    at Server.setupListenHandle [as _listen2] (node:net:1937:16)
    at listenInCluster (node:net:1994:12)
    at Server.listen (node:net:2099:7)
    at Function.listen (C:\Users\606610\CodeBuddy\QRCode 客戶意見反饋\backend\node_modules\express\lib\application.js:635:24)
    at Object.<anonymous> (C:\Users\606610\CodeBuddy\QRCode 客戶意見反饋\backend\src\server.js:13:5)
    at Module._compile (node:internal/modules/cjs/loader:1554:14)
    at Object..js (node:internal/modules/cjs/loader:1706:10)
    at Module.load (node:internal/modules/cjs/loader:1289:32)
    at Function._load (node:internal/modules/cjs/loader:1108:12)
    at TracingChannel.traceSync (node:diagnostics_channel:322:14)
    at wrapModuleLoad (node:internal/modules/cjs/loader:220:24)
    at Function.executeUserEntryPoint [as runMain] (node:internal/modules/run_main:170:5)
    at node:internal/main/run_main_module:36:49
Emitted 'error' event on Server instance at:
    at emitErrorNT (node:net:1973:8)
    at process.processTicksAndRejections (node:internal/process/task_queues:90:21) {
  code: 'EADDRINUSE',
  errno: -4091,
  syscall: 'listen',
  address: '::',
  port: 3000
}

Node.js v22.14.0
Failed running 'src/server.js'
Restarting 'src/server.js'
2026-09-07T02:47:29.960Z [INFO] [static] serving frontend dist at C:\Users\606610\CodeBuddy\QRCode 客戶意見反饋\frontend\dist
2026-09-07T02:47:29.966Z [INFO] [server] QRCode 客戶意見反饋骨架已啟動 http://localhost:3000/api/v1
2026-09-07T02:47:29.966Z [INFO] [scheduler] SLA 掃描定時器已啟動（每 60000ms）
2026-09-07T02:47:29.966Z [WARN] [scheduler] 週報定時器停用（WEEKLY_REPORT_CHECK_MS 為 0/未設定）
Restarting 'src/server.js'
2026-09-07T02:47:34.134Z [INFO] [static] serving frontend dist at C:\Users\606610\CodeBuddy\QRCode 客戶意見反饋\frontend\dist
node:events:496
      throw er; // Unhandled 'error' event
      ^

Error: listen EADDRINUSE: address already in use :::3000
    at Server.setupListenHandle [as _listen2] (node:net:1937:16)
    at listenInCluster (node:net:1994:12)
    at Server.listen (node:net:2099:7)
    at Function.listen (C:\Users\606610\CodeBuddy\QRCode 客戶意見反饋\backend\node_modules\express\lib\application.js:635:24)
    at Object.<anonymous> (C:\Users\606610\CodeBuddy\QRCode 客戶意見反饋\backend\src\server.js:13:5)
    at Module._compile (node:internal/modules/cjs/loader:1554:14)
    at Object..js (node:internal/modules/cjs/loader:1706:10)
    at Module.load (node:internal/modules/cjs/loader:1289:32)
    at Function._load (node:internal/modules/cjs/loader:1108:12)
    at TracingChannel.traceSync (node:diagnostics_channel:322:14)
    at wrapModuleLoad (node:internal/modules/cjs/loader:220:24)
    at Function.executeUserEntryPoint [as runMain] (node:internal/modules/run_main:170:5)
    at node:internal/main/run_main_module:36:49
Emitted 'error' event on Server instance at:
    at emitErrorNT (node:net:1973:8)
    at process.processTicksAndRejections (node:internal/process/task_queues:90:21) {
  code: 'EADDRINUSE',
  errno: -4091,
  syscall: 'listen',
  address: '::',
  port: 3000
}

Node.js v22.14.0
Failed running 'src/server.js'
Restarting 'src/server.js'
2026-09-07T02:47:38.586Z [INFO] [static] serving frontend dist at C:\Users\606610\CodeBuddy\QRCode 客戶意見反饋\frontend\dist
node:events:496
      throw er; // Unhandled 'error' event
      ^

Error: listen EADDRINUSE: address already in use :::3000
    at Server.setupListenHandle [as _listen2] (node:net:1937:16)
    at listenInCluster (node:net:1994:12)
    at Server.listen (node:net:2099:7)
    at Function.listen (C:\Users\606610\CodeBuddy\QRCode 客戶意見反饋\backend\node_modules\express\lib\application.js:635:24)
    at Object.<anonymous> (C:\Users\606610\CodeBuddy\QRCode 客戶意見反饋\backend\src\server.js:13:5)
    at Module._compile (node:internal/modules/cjs/loader:1554:14)
    at Object..js (node:internal/modules/cjs/loader:1706:10)
    at Module.load (node:internal/modules/cjs/loader:1289:32)
    at Function._load (node:internal/modules/cjs/loader:1108:12)
    at TracingChannel.traceSync (node:diagnostics_channel:322:14)
    at wrapModuleLoad (node:internal/modules/cjs/loader:220:24)
    at Function.executeUserEntryPoint [as runMain] (node:internal/modules/run_main:170:5)
    at node:internal/main/run_main_module:36:49
Emitted 'error' event on Server instance at:
    at emitErrorNT (node:net:1973:8)
    at process.processTicksAndRejections (node:internal/process/task_queues:90:21) {
  code: 'EADDRINUSE',
  errno: -4091,
  syscall: 'listen',
  address: '::',
  port: 3000
}

Node.js v22.14.0
Failed running 'src/server.js'
Restarting 'src/server.js'
2026-09-07T02:47:42.531Z [INFO] [static] serving frontend dist at C:\Users\606610\CodeBuddy\QRCode 客戶意見反饋\frontend\dist
node:events:496
      throw er; // Unhandled 'error' event
      ^

Error: listen EADDRINUSE: address already in use :::3000
    at Server.setupListenHandle [as _listen2] (node:net:1937:16)
    at listenInCluster (node:net:1994:12)
    at Server.listen (node:net:2099:7)
    at Function.listen (C:\Users\606610\CodeBuddy\QRCode 客戶意見反饋\backend\node_modules\express\lib\application.js:635:24)
    at Object.<anonymous> (C:\Users\606610\CodeBuddy\QRCode 客戶意見反饋\backend\src\server.js:13:5)
    at Module._compile (node:internal/modules/cjs/loader:1554:14)
    at Object..js (node:internal/modules/cjs/loader:1706:10)
    at Module.load (node:internal/modules/cjs/loader:1289:32)
    at Function._load (node:internal/modules/cjs/loader:1108:12)
    at TracingChannel.traceSync (node:diagnostics_channel:322:14)
    at wrapModuleLoad (node:internal/modules/cjs/loader:220:24)
    at Function.executeUserEntryPoint [as runMain] (node:internal/modules/run_main:170:5)
    at node:internal/main/run_main_module:36:49
Emitted 'error' event on Server instance at:
    at emitErrorNT (node:net:1973:8)
    at process.processTicksAndRejections (node:internal/process/task_queues:90:21) {
  code: 'EADDRINUSE',
  errno: -4091,
  syscall: 'listen',
  address: '::',
  port: 3000
}

Node.js v22.14.0
Failed running 'src/server.js'
Restarting 'src/server.js'
2026-09-07T02:48:07.458Z [INFO] [static] serving frontend dist at C:\Users\606610\CodeBuddy\QRCode 客戶意見反饋\frontend\dist
2026-09-07T02:48:07.465Z [INFO] [server] QRCode 客戶意見反饋骨架已啟動 http://localhost:3000/api/v1
2026-09-07T02:48:07.465Z [INFO] [scheduler] SLA 掃描定時器已啟動（每 60000ms）
2026-09-07T02:48:07.465Z [WARN] [scheduler] 週報定時器停用（WEEKLY_REPORT_CHECK_MS 為 0/未設定）
Restarting 'src/server.js'
2026-09-07T02:48:11.320Z [INFO] [static] serving frontend dist at C:\Users\606610\CodeBuddy\QRCode 客戶意見反饋\frontend\dist
2026-09-07T02:48:11.329Z [INFO] [server] QRCode 客戶意見反饋骨架已啟動 http://localhost:3000/api/v1
2026-09-07T02:48:11.329Z [INFO] [scheduler] SLA 掃描定時器已啟動（每 60000ms）
2026-09-07T02:48:11.330Z [WARN] [scheduler] 週報定時器停用（WEEKLY_REPORT_CHECK_MS 為 0/未設定）
Restarting 'src/server.js'
2026-09-07T02:48:42.001Z [INFO] [static] serving frontend dist at C:\Users\606610\CodeBuddy\QRCode 客戶意見反饋\frontend\dist
node:events:496
      throw er; // Unhandled 'error' event
      ^

Error: listen EADDRINUSE: address already in use :::3000
    at Server.setupListenHandle [as _listen2] (node:net:1937:16)
    at listenInCluster (node:net:1994:12)
    at Server.listen (node:net:2099:7)
    at Function.listen (C:\Users\606610\CodeBuddy\QRCode 客戶意見反饋\backend\node_modules\express\lib\application.js:635:24)
    at Object.<anonymous> (C:\Users\606610\CodeBuddy\QRCode 客戶意見反饋\backend\src\server.js:13:5)
    at Module._compile (node:internal/modules/cjs/loader:1554:14)
    at Object..js (node:internal/modules/cjs/loader:1706:10)
    at Module.load (node:internal/modules/cjs/loader:1289:32)
    at Function._load (node:internal/modules/cjs/loader:1108:12)
    at TracingChannel.traceSync (node:diagnostics_channel:322:14)
    at wrapModuleLoad (node:internal/modules/cjs/loader:220:24)
    at Function.executeUserEntryPoint [as runMain] (node:internal/modules/run_main:170:5)
    at node:internal/main/run_main_module:36:49
Emitted 'error' event on Server instance at:
    at emitErrorNT (node:net:1973:8)
    at process.processTicksAndRejections (node:internal/process/task_queues:90:21) {
  code: 'EADDRINUSE',
  errno: -4091,
  syscall: 'listen',
  address: '::',
  port: 3000
}

Node.js v22.14.0
Failed running 'src/server.js'
Restarting 'src/server.js'
2026-09-07T02:48:46.591Z [INFO] [static] serving frontend dist at C:\Users\606610\CodeBuddy\QRCode 客戶意見反饋\frontend\dist
2026-09-07T02:48:46.599Z [INFO] [server] QRCode 客戶意見反饋骨架已啟動 http://localhost:3000/api/v1
2026-09-07T02:48:46.599Z [INFO] [scheduler] SLA 掃描定時器已啟動（每 60000ms）
2026-09-07T02:48:46.599Z [WARN] [scheduler] 週報定時器停用（WEEKLY_REPORT_CHECK_MS 為 0/未設定）
Restarting 'src/server.js'
2026-09-07T02:48:51.036Z [INFO] [static] serving frontend dist at C:\Users\606610\CodeBuddy\QRCode 客戶意見反饋\frontend\dist
node:events:496
      throw er; // Unhandled 'error' event
      ^

Error: listen EADDRINUSE: address already in use :::3000
    at Server.setupListenHandle [as _listen2] (node:net:1937:16)
    at listenInCluster (node:net:1994:12)
    at Server.listen (node:net:2099:7)
    at Function.listen (C:\Users\606610\CodeBuddy\QRCode 客戶意見反饋\backend\node_modules\express\lib\application.js:635:24)
    at Object.<anonymous> (C:\Users\606610\CodeBuddy\QRCode 客戶意見反饋\backend\src\server.js:13:5)
    at Module._compile (node:internal/modules/cjs/loader:1554:14)
    at Object..js (node:internal/modules/cjs/loader:1706:10)
    at Module.load (node:internal/modules/cjs/loader:1289:32)
    at Function._load (node:internal/modules/cjs/loader:1108:12)
    at TracingChannel.traceSync (node:diagnostics_channel:322:14)
    at wrapModuleLoad (node:internal/modules/cjs/loader:220:24)
    at Function.executeUserEntryPoint [as runMain] (node:internal/modules/run_main:170:5)
    at node:internal/main/run_main_module:36:49
Emitted 'error' event on Server instance at:
    at emitErrorNT (node:net:1973:8)
    at process.processTicksAndRejections (node:internal/process/task_queues:90:21) {
  code: 'EADDRINUSE',
  errno: -4091,
  syscall: 'listen',
  address: '::',
  port: 3000
}

Node.js v22.14.0
Failed running 'src/server.js'
Restarting 'src/server.js'
2026-09-07T02:48:56.873Z [INFO] [static] serving frontend dist at C:\Users\606610\CodeBuddy\QRCode 客戶意見反饋\frontend\dist
node:events:496
      throw er; // Unhandled 'error' event
      ^

Error: listen EADDRINUSE: address already in use :::3000
    at Server.setupListenHandle [as _listen2] (node:net:1937:16)
    at listenInCluster (node:net:1994:12)
    at Server.listen (node:net:2099:7)
    at Function.listen (C:\Users\606610\CodeBuddy\QRCode 客戶意見反饋\backend\node_modules\express\lib\application.js:635:24)
    at Object.<anonymous> (C:\Users\606610\CodeBuddy\QRCode 客戶意見反饋\backend\src\server.js:13:5)
    at Module._compile (node:internal/modules/cjs/loader:1554:14)
    at Object..js (node:internal/modules/cjs/loader:1706:10)
    at Module.load (node:internal/modules/cjs/loader:1289:32)
    at Function._load (node:internal/modules/cjs/loader:1108:12)
    at TracingChannel.traceSync (node:diagnostics_channel:322:14)
    at wrapModuleLoad (node:internal/modules/cjs/loader:220:24)
    at Function.executeUserEntryPoint [as runMain] (node:internal/modules/run_main:170:5)
    at node:internal/main/run_main_module:36:49
Emitted 'error' event on Server instance at:
    at emitErrorNT (node:net:1973:8)
    at process.processTicksAndRejections (node:internal/process/task_queues:90:21) {
  code: 'EADDRINUSE',
  errno: -4091,
  syscall: 'listen',
  address: '::',
  port: 3000
}

Node.js v22.14.0
Failed running 'src/server.js'
Restarting 'src/server.js'
2026-09-07T02:49:27.209Z [INFO] [static] serving frontend dist at C:\Users\606610\CodeBuddy\QRCode 客戶意見反饋\frontend\dist
node:events:496
      throw er; // Unhandled 'error' event
      ^

Error: listen EADDRINUSE: address already in use :::3000
    at Server.setupListenHandle [as _listen2] (node:net:1937:16)
    at listenInCluster (node:net:1994:12)
    at Server.listen (node:net:2099:7)
    at Function.listen (C:\Users\606610\CodeBuddy\QRCode 客戶意見反饋\backend\node_modules\express\lib\application.js:635:24)
    at Object.<anonymous> (C:\Users\606610\CodeBuddy\QRCode 客戶意見反饋\backend\src\server.js:13:5)
    at Module._compile (node:internal/modules/cjs/loader:1554:14)
    at Object..js (node:internal/modules/cjs/loader:1706:10)
    at Module.load (node:internal/modules/cjs/loader:1289:32)
    at Function._load (node:internal/modules/cjs/loader:1108:12)
    at TracingChannel.traceSync (node:diagnostics_channel:322:14)
    at wrapModuleLoad (node:internal/modules/cjs/loader:220:24)
    at Function.executeUserEntryPoint [as runMain] (node:internal/modules/run_main:170:5)
    at node:internal/main/run_main_module:36:49
Emitted 'error' event on Server instance at:
    at emitErrorNT (node:net:1973:8)
    at process.processTicksAndRejections (node:internal/process/task_queues:90:21) {
  code: 'EADDRINUSE',
  errno: -4091,
  syscall: 'listen',
  address: '::',
  port: 3000
}

Node.js v22.14.0
Failed running 'src/server.js'
Restarting 'src/server.js'
2026-09-07T02:49:31.194Z [INFO] [static] serving frontend dist at C:\Users\606610\CodeBuddy\QRCode 客戶意見反饋\frontend\dist
2026-09-07T02:49:31.201Z [INFO] [server] QRCode 客戶意見反饋骨架已啟動 http://localhost:3000/api/v1
2026-09-07T02:49:31.201Z [INFO] [scheduler] SLA 掃描定時器已啟動（每 60000ms）
2026-09-07T02:49:31.201Z [WARN] [scheduler] 週報定時器停用（WEEKLY_REPORT_CHECK_MS 為 0/未設定）
Restarting 'src/server.js'
2026-09-07T02:49:35.639Z [INFO] [static] serving frontend dist at C:\Users\606610\CodeBuddy\QRCode 客戶意見反饋\frontend\dist
2026-09-07T02:49:35.645Z [INFO] [server] QRCode 客戶意見反饋骨架已啟動 http://localhost:3000/api/v1
2026-09-07T02:49:35.645Z [INFO] [scheduler] SLA 掃描定時器已啟動（每 60000ms）
2026-09-07T02:49:35.645Z [WARN] [scheduler] 週報定時器停用（WEEKLY_REPORT_CHECK_MS 為 0/未設定）
Restarting 'src/server.js'
2026-09-07T02:49:46.824Z [INFO] [static] serving frontend dist at C:\Users\606610\CodeBuddy\QRCode 客戶意見反饋\frontend\dist
node:events:496
      throw er; // Unhandled 'error' event
      ^

Error: listen EADDRINUSE: address already in use :::3000
    at Server.setupListenHandle [as _listen2] (node:net:1937:16)
    at listenInCluster (node:net:1994:12)
    at Server.listen (node:net:2099:7)
    at Function.listen (C:\Users\606610\CodeBuddy\QRCode 客戶意見反饋\backend\node_modules\express\lib\application.js:635:24)
    at Object.<anonymous> (C:\Users\606610\CodeBuddy\QRCode 客戶意見反饋\backend\src\server.js:13:5)
    at Module._compile (node:internal/modules/cjs/loader:1554:14)
    at Object..js (node:internal/modules/cjs/loader:1706:10)
    at Module.load (node:internal/modules/cjs/loader:1289:32)
    at Function._load (node:internal/modules/cjs/loader:1108:12)
    at TracingChannel.traceSync (node:diagnostics_channel:322:14)
    at wrapModuleLoad (node:internal/modules/cjs/loader:220:24)
    at Function.executeUserEntryPoint [as runMain] (node:internal/modules/run_main:170:5)
    at node:internal/main/run_main_module:36:49
Emitted 'error' event on Server instance at:
    at emitErrorNT (node:net:1973:8)
    at process.processTicksAndRejections (node:internal/process/task_queues:90:21) {
  code: 'EADDRINUSE',
  errno: -4091,
  syscall: 'listen',
  address: '::',
  port: 3000
}

Node.js v22.14.0
Failed running 'src/server.js'
Restarting 'src/server.js'
2026-09-07T02:49:50.404Z [INFO] [static] serving frontend dist at C:\Users\606610\CodeBuddy\QRCode 客戶意見反饋\frontend\dist
node:events:496
      throw er; // Unhandled 'error' event
      ^

Error: listen EADDRINUSE: address already in use :::3000
    at Server.setupListenHandle [as _listen2] (node:net:1937:16)
    at listenInCluster (node:net:1994:12)
    at Server.listen (node:net:2099:7)
    at Function.listen (C:\Users\606610\CodeBuddy\QRCode 客戶意見反饋\backend\node_modules\express\lib\application.js:635:24)
    at Object.<anonymous> (C:\Users\606610\CodeBuddy\QRCode 客戶意見反饋\backend\src\server.js:13:5)
    at Module._compile (node:internal/modules/cjs/loader:1554:14)
    at Object..js (node:internal/modules/cjs/loader:1706:10)
    at Module.load (node:internal/modules/cjs/loader:1289:32)
    at Function._load (node:internal/modules/cjs/loader:1108:12)
    at TracingChannel.traceSync (node:diagnostics_channel:322:14)
    at wrapModuleLoad (node:internal/modules/cjs/loader:220:24)
    at Function.executeUserEntryPoint [as runMain] (node:internal/modules/run_main:170:5)
    at node:internal/main/run_main_module:36:49
Emitted 'error' event on Server instance at:
    at emitErrorNT (node:net:1973:8)
    at process.processTicksAndRejections (node:internal/process/task_queues:90:21) {
  code: 'EADDRINUSE',
  errno: -4091,
  syscall: 'listen',
  address: '::',
  port: 3000
}

Node.js v22.14.0
Failed running 'src/server.js'
Restarting 'src/server.js'
Restarting 'src/server.js'
Restarting 'src/server.js'
2026-09-07T03:28:53.368Z [INFO] [static] serving frontend dist at C:\Users\606610\CodeBuddy\QRCode 客戶意見反饋\frontend\dist
node:events:496
      throw er; // Unhandled 'error' event
      ^

Error: listen EADDRINUSE: address already in use :::3000
    at Server.setupListenHandle [as _listen2] (node:net:1937:16)
    at listenInCluster (node:net:1994:12)
    at Server.listen (node:net:2099:7)
    at Function.listen (C:\Users\606610\CodeBuddy\QRCode 客戶意見反饋\backend\node_modules\express\lib\application.js:635:24)
    at Object.<anonymous> (C:\Users\606610\CodeBuddy\QRCode 客戶意見反饋\backend\src\server.js:13:5)
    at Module._compile (node:internal/modules/cjs/loader:1554:14)
    at Object..js (node:internal/modules/cjs/loader:1706:10)
    at Module.load (node:internal/modules/cjs/loader:1289:32)
    at Function._load (node:internal/modules/cjs/loader:1108:12)
    at TracingChannel.traceSync (node:diagnostics_channel:322:14)
    at wrapModuleLoad (node:internal/modules/cjs/loader:220:24)
    at Function.executeUserEntryPoint [as runMain] (node:internal/modules/run_main:170:5)
    at node:internal/main/run_main_module:36:49
Emitted 'error' event on Server instance at:
    at emitErrorNT (node:net:1973:8)
    at process.processTicksAndRejections (node:internal/process/task_queues:90:21) {
  code: 'EADDRINUSE',
  errno: -4091,
  syscall: 'listen',
  address: '::',
  port: 3000
}

Node.js v22.14.0
Failed running 'src/server.js'
Restarting 'src/server.js'
Restarting 'src/server.js'
2026-09-07T04:19:24.689Z [INFO] [static] serving frontend dist at C:\Users\606610\CodeBuddy\QRCode 客戶意見反饋\frontend\dist
node:events:496
      throw er; // Unhandled 'error' event
      ^

Error: listen EADDRINUSE: address already in use :::3000
    at Server.setupListenHandle [as _listen2] (node:net:1937:16)
    at listenInCluster (node:net:1994:12)
    at Server.listen (node:net:2099:7)
    at Function.listen (C:\Users\606610\CodeBuddy\QRCode 客戶意見反饋\backend\node_modules\express\lib\application.js:635:24)
    at Object.<anonymous> (C:\Users\606610\CodeBuddy\QRCode 客戶意見反饋\backend\src\server.js:13:5)
    at Module._compile (node:internal/modules/cjs/loader:1554:14)
    at Object..js (node:internal/modules/cjs/loader:1706:10)
    at Module.load (node:internal/modules/cjs/loader:1289:32)
    at Function._load (node:internal/modules/cjs/loader:1108:12)
    at TracingChannel.traceSync (node:diagnostics_channel:322:14)
    at wrapModuleLoad (node:internal/modules/cjs/loader:220:24)
    at Function.executeUserEntryPoint [as runMain] (node:internal/modules/run_main:170:5)
    at node:internal/main/run_main_module:36:49
Emitted 'error' event on Server instance at:
    at emitErrorNT (node:net:1973:8)
    at process.processTicksAndRejections (node:internal/process/task_queues:90:21) {
  code: 'EADDRINUSE',
  errno: -4091,
  syscall: 'listen',
  address: '::',
  port: 3000
}

Node.js v22.14.0
Failed running 'src/server.js'
Restarting 'src/server.js'
2026-09-07T04:19:27.026Z [INFO] [static] serving frontend dist at C:\Users\606610\CodeBuddy\QRCode 客戶意見反饋\frontend\dist
2026-09-07T04:19:27.034Z [INFO] [server] QRCode 客戶意見反饋骨架已啟動 http://localhost:3000/api/v1
2026-09-07T04:19:27.034Z [INFO] [scheduler] SLA 掃描定時器已啟動（每 60000ms）
2026-09-07T04:19:27.034Z [WARN] [scheduler] 週報定時器停用（WEEKLY_REPORT_CHECK_MS 為 0/未設定）
2026-09-07T04:19:27.034Z [INFO] [scheduler] QR 自動到期掃描已啟動（每 60000ms）
2026-09-07T04:19:39.863Z [INFO] [http] GET /api/v1/notifications/unread-count
2026-09-07T04:19:39.881Z [INFO] [http] GET /api/v1/cases?sortBy=createdAt&sortDir=desc&page=1&pageSize=20
2026-09-07T04:19:39.905Z [INFO] [http] GET /api/v1/notifications/unread-count
2026-09-07T04:19:40.211Z [INFO] [http] GET /api/v1/cases?sortBy=createdAt&sortDir=desc&page=1&pageSize=20
2026-09-07T04:19:42.155Z [INFO] [http] GET /api/v1/qr/overview
2026-09-07T04:19:42.420Z [INFO] [http] GET /api/v1/qr/overview
2026-09-07T04:19:42.542Z [INFO] [http] GET /api/v1/qr/10/image?format=png&size=220
2026-09-07T04:19:42.864Z [INFO] [http] GET /api/v1/qr/6/image?format=png&size=220
2026-09-07T04:19:42.882Z [INFO] [http] GET /api/v1/qr/8/image?format=png&size=220
2026-09-07T04:19:42.895Z [INFO] [http] GET /api/v1/qr/2/image?format=png&size=220
2026-09-07T04:19:47.110Z [INFO] [http] GET /api/v1/notifications/unread-count
2026-09-07T04:19:47.112Z [INFO] [http] GET /api/v1/cases?sortBy=createdAt&sortDir=desc&page=1&pageSize=20
2026-09-07T04:19:47.369Z [INFO] [http] GET /api/v1/notifications/unread-count
2026-09-07T04:19:47.432Z [INFO] [http] GET /api/v1/cases?sortBy=createdAt&sortDir=desc&page=1&pageSize=20
2026-09-07T04:19:47.925Z [INFO] [http] GET /api/v1/qr/overview
2026-09-07T04:19:48.245Z [INFO] [http] GET /api/v1/qr/overview
2026-09-07T04:19:55.059Z [INFO] [http] GET /api/v1/notifications/unread-count
2026-09-07T04:19:55.372Z [INFO] [http] GET /api/v1/notifications/unread-count
2026-09-07T04:19:55.374Z [INFO] [http] GET /api/v1/cases?sortBy=createdAt&sortDir=desc&page=1&pageSize=20
2026-09-07T04:19:55.715Z [INFO] [http] GET /api/v1/cases?sortBy=createdAt&sortDir=desc&page=1&pageSize=20
2026-09-07T04:19:57.111Z [INFO] [http] GET /api/v1/notifications/unread-count
2026-09-07T04:19:57.418Z [INFO] [http] GET /api/v1/surveys/stats
2026-09-07T04:19:57.433Z [INFO] [http] GET /api/v1/notifications/unread-count
2026-09-07T04:19:57.747Z [INFO] [http] GET /api/v1/surveys/stats
2026-09-07T04:20:00.290Z [INFO] [http] GET /api/v1/cases?sortBy=createdAt&sortDir=desc&page=1&pageSize=20
2026-09-07T04:20:00.294Z [INFO] [http] GET /api/v1/notifications/unread-count
2026-09-07T04:20:00.556Z [INFO] [http] GET /api/v1/cases?sortBy=createdAt&sortDir=desc&page=1&pageSize=20
2026-09-07T04:20:00.619Z [INFO] [http] GET /api/v1/notifications/unread-count
2026-09-07T04:20:02.743Z [INFO] [http] GET /api/v1/notifications/unread-count
2026-09-07T04:20:03.053Z [INFO] [http] GET /api/v1/config
2026-09-07T04:20:03.069Z [INFO] [http] GET /api/v1/notifications/unread-count
2026-09-07T04:20:03.393Z [INFO] [http] GET /api/v1/config
2026-09-07T04:20:09.361Z [INFO] [http] GET /api/v1/cases?sortBy=createdAt&sortDir=desc&page=1&pageSize=20
2026-09-07T04:20:09.365Z [INFO] [http] GET /api/v1/notifications/unread-count
2026-09-07T04:20:09.628Z [INFO] [http] GET /api/v1/cases?sortBy=createdAt&sortDir=desc&page=1&pageSize=20
2026-09-07T04:20:09.691Z [INFO] [http] GET /api/v1/notifications/unread-count
2026-09-07T04:20:13.163Z [INFO] [http] GET /api/v1/users?active=1
2026-09-07T04:20:13.481Z [INFO] [http] GET /api/v1/roles
2026-09-07T04:20:13.486Z [INFO] [http] GET /api/v1/notifications/unread-count
2026-09-07T04:20:13.493Z [INFO] [http] GET /api/v1/users?active=1
2026-09-07T04:20:13.821Z [INFO] [http] GET /api/v1/roles
2026-09-07T04:20:13.825Z [INFO] [http] GET /api/v1/notifications/unread-count
2026-09-07T04:20:18.084Z [INFO] [http] GET /api/v1/cases?sortBy=createdAt&sortDir=desc&page=1&pageSize=20
2026-09-07T04:20:18.089Z [INFO] [http] GET /api/v1/notifications/unread-count
2026-09-07T04:20:18.338Z [INFO] [http] GET /api/v1/cases?sortBy=createdAt&sortDir=desc&page=1&pageSize=20
2026-09-07T04:20:18.418Z [INFO] [http] GET /api/v1/notifications/unread-count
2026-09-07T04:20:19.755Z [INFO] [http] GET /api/v1/qr/overview
2026-09-07T04:20:20.086Z [INFO] [http] GET /api/v1/qr/overview
2026-09-07T04:20:27.049Z [INFO] [slaReminder] SLA_SCAN cases=0 respRemind=0 respEsc=0 closureRemind=0 closureEsc=0 surveyExpired=0
2026-09-07T04:20:27.324Z [INFO] [http] GET /api/v1/notifications/unread-count
2026-09-07T04:20:27.638Z [INFO] [http] GET /api/v1/notifications/unread-count
2026-09-07T04:20:27.642Z [INFO] [http] GET /api/v1/cases?sortBy=createdAt&sortDir=desc&page=1&pageSize=20
2026-09-07T04:20:27.975Z [INFO] [http] GET /api/v1/cases?sortBy=createdAt&sortDir=desc&page=1&pageSize=20
2026-09-07T04:20:29.146Z [INFO] [http] GET /api/v1/notifications/unread-count
2026-09-07T04:20:29.466Z [INFO] [http] GET /api/v1/config
2026-09-07T04:20:29.470Z [INFO] [http] GET /api/v1/notifications/unread-count
2026-09-07T04:20:29.796Z [INFO] [http] GET /api/v1/config
2026-09-07T04:20:59.510Z [INFO] [http] GET /api/v1/notifications/unread-count
2026-09-07T04:21:16.044Z [INFO] [http] GET /api/v1/config/audit?limit=50
2026-09-07T04:21:20.159Z [INFO] [http] GET /api/v1/cases?sortBy=createdAt&sortDir=desc&page=1&pageSize=20
2026-09-07T04:21:20.165Z [INFO] [http] GET /api/v1/notifications/unread-count
2026-09-07T04:21:20.416Z [INFO] [http] GET /api/v1/cases?sortBy=createdAt&sortDir=desc&page=1&pageSize=20
2026-09-07T04:21:20.496Z [INFO] [http] GET /api/v1/notifications/unread-count
2026-09-07T04:21:24.185Z [INFO] [http] GET /api/v1/qr/overview
2026-09-07T04:21:24.504Z [INFO] [http] GET /api/v1/qr/overview
2026-09-07T04:21:27.062Z [INFO] [slaReminder] SLA_SCAN cases=0 respRemind=0 respEsc=0 closureRemind=0 closureEsc=0 surveyExpired=0
2026-09-07T04:22:27.070Z [INFO] [slaReminder] SLA_SCAN cases=0 respRemind=0 respEsc=0 closureRemind=0 closureEsc=0 surveyExpired=0
2026-09-07T04:23:27.075Z [INFO] [slaReminder] SLA_SCAN cases=0 respRemind=0 respEsc=0 closureRemind=0 closureEsc=0 surveyExpired=0
2026-09-07T04:24:27.079Z [INFO] [slaReminder] SLA_SCAN cases=0 respRemind=0 respEsc=0 closureRemind=0 closureEsc=0 surveyExpired=0
2026-09-07T04:25:27.093Z [INFO] [slaReminder] SLA_SCAN cases=0 respRemind=0 respEsc=0 closureRemind=0 closureEsc=0 surveyExpired=0
2026-09-07T04:26:27.105Z [INFO] [slaReminder] SLA_SCAN cases=0 respRemind=0 respEsc=0 closureRemind=0 closureEsc=0 surveyExpired=0
2026-09-07T04:27:27.117Z [INFO] [slaReminder] SLA_SCAN cases=0 respRemind=0 respEsc=0 closureRemind=0 closureEsc=0 surveyExpired=0
2026-09-07T04:28:27.118Z [INFO] [slaReminder] SLA_SCAN cases=0 respRemind=0 respEsc=0 closureRemind=0 closureEsc=0 surveyExpired=0
2026-09-07T04:29:27.128Z [INFO] [slaReminder] SLA_SCAN cases=0 respRemind=0 respEsc=0 closureRemind=0 closureEsc=0 surveyExpired=0
2026-09-07T04:30:27.131Z [INFO] [slaReminder] SLA_SCAN cases=0 respRemind=0 respEsc=0 closureRemind=0 closureEsc=0 surveyExpired=0
2026-09-07T04:31:27.132Z [INFO] [slaReminder] SLA_SCAN cases=0 respRemind=0 respEsc=0 closureRemind=0 closureEsc=0 surveyExpired=0
2026-09-07T04:32:27.145Z [INFO] [slaReminder] SLA_SCAN cases=0 respRemind=0 respEsc=0 closureRemind=0 closureEsc=0 surveyExpired=0
2026-09-07T04:33:27.153Z [INFO] [slaReminder] SLA_SCAN cases=0 respRemind=0 respEsc=0 closureRemind=0 closureEsc=0 surveyExpired=0
2026-09-07T04:34:27.162Z [INFO] [slaReminder] SLA_SCAN cases=0 respRemind=0 respEsc=0 closureRemind=0 closureEsc=0 surveyExpired=0
2026-09-07T04:35:27.168Z [INFO] [slaReminder] SLA_SCAN cases=0 respRemind=0 respEsc=0 closureRemind=0 closureEsc=0 surveyExpired=0
2026-09-07T04:36:27.183Z [INFO] [slaReminder] SLA_SCAN cases=0 respRemind=0 respEsc=0 closureRemind=0 closureEsc=0 surveyExpired=0
2026-09-07T04:37:27.192Z [INFO] [slaReminder] SLA_SCAN cases=0 respRemind=0 respEsc=0 closureRemind=0 closureEsc=0 surveyExpired=0
2026-09-07T04:38:27.202Z [INFO] [slaReminder] SLA_SCAN cases=0 respRemind=0 respEsc=0 closureRemind=0 closureEsc=0 surveyExpired=0
2026-09-07T04:39:27.212Z [INFO] [slaReminder] SLA_SCAN cases=0 respRemind=0 respEsc=0 closureRemind=0 closureEsc=0 surveyExpired=0
2026-09-07T04:40:27.226Z [INFO] [slaReminder] SLA_SCAN cases=0 respRemind=0 respEsc=0 closureRemind=0 closureEsc=0 surveyExpired=0
2026-09-07T04:41:27.237Z [INFO] [slaReminder] SLA_SCAN cases=0 respRemind=0 respEsc=0 closureRemind=0 closureEsc=0 surveyExpired=0
2026-09-07T04:42:27.249Z [INFO] [slaReminder] SLA_SCAN cases=0 respRemind=0 respEsc=0 closureRemind=0 closureEsc=0 surveyExpired=0
2026-09-07T04:43:27.251Z [INFO] [slaReminder] SLA_SCAN cases=0 respRemind=0 respEsc=0 closureRemind=0 closureEsc=0 surveyExpired=0
2026-09-07T04:44:27.255Z [INFO] [slaReminder] SLA_SCAN cases=0 respRemind=0 respEsc=0 closureRemind=0 closureEsc=0 surveyExpired=0
2026-09-07T04:45:27.271Z [INFO] [slaReminder] SLA_SCAN cases=0 respRemind=0 respEsc=0 closureRemind=0 closureEsc=0 surveyExpired=0
2026-09-07T04:46:27.285Z [INFO] [slaReminder] SLA_SCAN cases=0 respRemind=0 respEsc=0 closureRemind=0 closureEsc=0 surveyExpired=0
2026-09-07T04:47:27.297Z [INFO] [slaReminder] SLA_SCAN cases=0 respRemind=0 respEsc=0 closureRemind=0 closureEsc=0 surveyExpired=0
2026-09-07T04:48:27.301Z [INFO] [slaReminder] SLA_SCAN cases=0 respRemind=0 respEsc=0 closureRemind=0 closureEsc=0 surveyExpired=0
2026-09-07T04:49:27.314Z [INFO] [slaReminder] SLA_SCAN cases=0 respRemind=0 respEsc=0 closureRemind=0 closureEsc=0 surveyExpired=0
2026-09-07T04:50:27.337Z [INFO] [slaReminder] SLA_SCAN cases=0 respRemind=0 respEsc=0 closureRemind=0 closureEsc=0 surveyExpired=0
2026-09-07T04:51:27.324Z [INFO] [slaReminder] SLA_SCAN cases=0 respRemind=0 respEsc=0 closureRemind=0 closureEsc=0 surveyExpired=0
2026-09-07T04:52:27.331Z [INFO] [slaReminder] SLA_SCAN cases=0 respRemind=0 respEsc=0 closureRemind=0 closureEsc=0 surveyExpired=0
2026-09-07T04:53:27.339Z [INFO] [slaReminder] SLA_SCAN cases=0 respRemind=0 respEsc=0 closureRemind=0 closureEsc=0 surveyExpired=0
2026-09-07T04:54:27.341Z [INFO] [slaReminder] SLA_SCAN cases=0 respRemind=0 respEsc=0 closureRemind=0 closureEsc=0 surveyExpired=0
2026-09-07T04:55:27.346Z [INFO] [slaReminder] SLA_SCAN cases=0 respRemind=0 respEsc=0 closureRemind=0 closureEsc=0 surveyExpired=0
2026-09-07T04:56:27.352Z [INFO] [slaReminder] SLA_SCAN cases=0 respRemind=0 respEsc=0 closureRemind=0 closureEsc=0 surveyExpired=0
2026-09-07T04:57:27.364Z [INFO] [slaReminder] SLA_SCAN cases=0 respRemind=0 respEsc=0 closureRemind=0 closureEsc=0 surveyExpired=0
2026-09-07T04:58:27.372Z [INFO] [slaReminder] SLA_SCAN cases=0 respRemind=0 respEsc=0 closureRemind=0 closureEsc=0 surveyExpired=0
2026-09-07T04:59:27.376Z [INFO] [slaReminder] SLA_SCAN cases=0 respRemind=0 respEsc=0 closureRemind=0 closureEsc=0 surveyExpired=0
2026-09-07T05:00:27.375Z [INFO] [slaReminder] SLA_SCAN cases=0 respRemind=0 respEsc=0 closureRemind=0 closureEsc=0 surveyExpired=0
2026-09-07T05:01:27.389Z [INFO] [slaReminder] SLA_SCAN cases=0 respRemind=0 respEsc=0 closureRemind=0 closureEsc=0 surveyExpired=0
2026-09-07T05:02:27.399Z [INFO] [slaReminder] SLA_SCAN cases=0 respRemind=0 respEsc=0 closureRemind=0 closureEsc=0 surveyExpired=0
2026-09-07T05:03:27.407Z [INFO] [slaReminder] SLA_SCAN cases=0 respRemind=0 respEsc=0 closureRemind=0 closureEsc=0 surveyExpired=0
2026-09-07T05:04:27.415Z [INFO] [slaReminder] SLA_SCAN cases=0 respRemind=0 respEsc=0 closureRemind=0 closureEsc=0 surveyExpired=0
2026-09-07T05:05:27.424Z [INFO] [slaReminder] SLA_SCAN cases=0 respRemind=0 respEsc=0 closureRemind=0 closureEsc=0 surveyExpired=0
2026-09-07T05:06:27.425Z [INFO] [slaReminder] SLA_SCAN cases=0 respRemind=0 respEsc=0 closureRemind=0 closureEsc=0 surveyExpired=0
2026-09-07T05:07:27.440Z [INFO] [slaReminder] SLA_SCAN cases=0 respRemind=0 respEsc=0 closureRemind=0 closureEsc=0 surveyExpired=0
2026-09-07T05:08:27.449Z [INFO] [slaReminder] SLA_SCAN cases=0 respRemind=0 respEsc=0 closureRemind=0 closureEsc=0 surveyExpired=0
2026-09-07T05:09:27.456Z [INFO] [slaReminder] SLA_SCAN cases=0 respRemind=0 respEsc=0 closureRemind=0 closureEsc=0 surveyExpired=0
2026-09-07T05:10:27.456Z [INFO] [slaReminder] SLA_SCAN cases=0 respRemind=0 respEsc=0 closureRemind=0 closureEsc=0 surveyExpired=0
2026-09-07T05:11:27.467Z [INFO] [slaReminder] SLA_SCAN cases=0 respRemind=0 respEsc=0 closureRemind=0 closureEsc=0 surveyExpired=0
2026-09-07T05:12:27.480Z [INFO] [slaReminder] SLA_SCAN cases=0 respRemind=0 respEsc=0 closureRemind=0 closureEsc=0 surveyExpired=0
2026-09-07T05:13:27.486Z [INFO] [slaReminder] SLA_SCAN cases=0 respRemind=0 respEsc=0 closureRemind=0 closureEsc=0 surveyExpired=0
2026-09-07T05:14:27.489Z [INFO] [slaReminder] SLA_SCAN cases=0 respRemind=0 respEsc=0 closureRemind=0 closureEsc=0 surveyExpired=0
2026-09-07T05:15:27.501Z [INFO] [slaReminder] SLA_SCAN cases=0 respRemind=0 respEsc=0 closureRemind=0 closureEsc=0 surveyExpired=0
2026-09-07T05:16:27.504Z [INFO] [slaReminder] SLA_SCAN cases=0 respRemind=0 respEsc=0 closureRemind=0 closureEsc=0 surveyExpired=0
2026-09-07T05:17:27.508Z [INFO] [slaReminder] SLA_SCAN cases=0 respRemind=0 respEsc=0 closureRemind=0 closureEsc=0 surveyExpired=0
2026-09-07T05:18:27.516Z [INFO] [slaReminder] SLA_SCAN cases=0 respRemind=0 respEsc=0 closureRemind=0 closureEsc=0 surveyExpired=0
2026-09-07T05:19:27.519Z [INFO] [slaReminder] SLA_SCAN cases=0 respRemind=0 respEsc=0 closureRemind=0 closureEsc=0 surveyExpired=0
2026-09-07T05:20:27.526Z [INFO] [slaReminder] SLA_SCAN cases=0 respRemind=0 respEsc=0 closureRemind=0 closureEsc=0 surveyExpired=0
2026-09-07T05:21:27.529Z [INFO] [slaReminder] SLA_SCAN cases=0 respRemind=0 respEsc=0 closureRemind=0 closureEsc=0 surveyExpired=0
2026-09-07T05:22:27.543Z [INFO] [slaReminder] SLA_SCAN cases=0 respRemind=0 respEsc=0 closureRemind=0 closureEsc=0 surveyExpired=0
2026-09-07T05:23:27.545Z [INFO] [slaReminder] SLA_SCAN cases=0 respRemind=0 respEsc=0 closureRemind=0 closureEsc=0 surveyExpired=0
2026-09-07T05:24:27.551Z [INFO] [slaReminder] SLA_SCAN cases=0 respRemind=0 respEsc=0 closureRemind=0 closureEsc=0 surveyExpired=0
2026-09-07T05:25:27.560Z [INFO] [slaReminder] SLA_SCAN cases=0 respRemind=0 respEsc=0 closureRemind=0 closureEsc=0 surveyExpired=0
2026-09-07T05:26:27.576Z [INFO] [slaReminder] SLA_SCAN cases=0 respRemind=0 respEsc=0 closureRemind=0 closureEsc=0 surveyExpired=0
2026-09-07T05:27:27.587Z [INFO] [slaReminder] SLA_SCAN cases=0 respRemind=0 respEsc=0 closureRemind=0 closureEsc=0 surveyExpired=0
2026-09-07T05:28:27.594Z [INFO] [slaReminder] SLA_SCAN cases=0 respRemind=0 respEsc=0 closureRemind=0 closureEsc=0 surveyExpired=0
2026-09-07T05:29:27.596Z [INFO] [slaReminder] SLA_SCAN cases=0 respRemind=0 respEsc=0 closureRemind=0 closureEsc=0 surveyExpired=0
2026-09-07T05:30:27.604Z [INFO] [slaReminder] SLA_SCAN cases=0 respRemind=0 respEsc=0 closureRemind=0 closureEsc=0 surveyExpired=0
2026-09-07T05:31:27.619Z [INFO] [slaReminder] SLA_SCAN cases=0 respRemind=0 respEsc=0 closureRemind=0 closureEsc=0 surveyExpired=0
2026-09-07T05:32:27.627Z [INFO] [slaReminder] SLA_SCAN cases=0 respRemind=0 respEsc=0 closureRemind=0 closureEsc=0 surveyExpired=0
Restarting 'src/server.js'
Restarting 'src/server.js'
Restarting 'src/server.js'
Restarting 'src/server.js'
Restarting 'src/server.js'
2026-09-07T05:33:17.815Z [INFO] [static] serving frontend dist at C:\Users\606610\CodeBuddy\QRCode 客戶意見反饋\frontend\dist
2026-09-07T05:33:17.821Z [INFO] [server] QRCode 客戶意見反饋骨架已啟動 http://localhost:3000/api/v1
2026-09-07T05:33:17.821Z [INFO] [scheduler] SLA 掃描定時器已啟動（每 60000ms）
2026-09-07T05:33:17.822Z [WARN] [scheduler] 週報定時器停用（WEEKLY_REPORT_CHECK_MS 為 0/未設定）
2026-09-07T05:33:17.822Z [INFO] [scheduler] QR 自動到期掃描已啟動（每 60000ms）
2026-09-07T05:34:17.836Z [INFO] [slaReminder] SLA_SCAN cases=0 respRemind=0 respEsc=0 closureRemind=0 closureEsc=0 surveyExpired=0
2026-09-07T05:35:17.843Z [INFO] [slaReminder] SLA_SCAN cases=0 respRemind=0 respEsc=0 closureRemind=0 closureEsc=0 surveyExpired=0
2026-09-07T05:36:17.855Z [INFO] [slaReminder] SLA_SCAN cases=0 respRemind=0 respEsc=0 closureRemind=0 closureEsc=0 surveyExpired=0
2026-09-07T05:37:17.862Z [INFO] [slaReminder] SLA_SCAN cases=0 respRemind=0 respEsc=0 closureRemind=0 closureEsc=0 surveyExpired=0
2026-09-07T05:38:17.873Z [INFO] [slaReminder] SLA_SCAN cases=0 respRemind=0 respEsc=0 closureRemind=0 closureEsc=0 surveyExpired=0
2026-09-07T05:39:17.888Z [INFO] [slaReminder] SLA_SCAN cases=0 respRemind=0 respEsc=0 closureRemind=0 closureEsc=0 surveyExpired=0
2026-09-07T05:40:17.897Z [INFO] [slaReminder] SLA_SCAN cases=0 respRemind=0 respEsc=0 closureRemind=0 closureEsc=0 surveyExpired=0
2026-09-07T05:41:17.899Z [INFO] [slaReminder] SLA_SCAN cases=0 respRemind=0 respEsc=0 closureRemind=0 closureEsc=0 surveyExpired=0
2026-09-07T05:42:17.914Z [INFO] [slaReminder] SLA_SCAN cases=0 respRemind=0 respEsc=0 closureRemind=0 closureEsc=0 surveyExpired=0
2026-09-07T05:43:17.928Z [INFO] [slaReminder] SLA_SCAN cases=0 respRemind=0 respEsc=0 closureRemind=0 closureEsc=0 surveyExpired=0
2026-09-07T05:44:17.932Z [INFO] [slaReminder] SLA_SCAN cases=0 respRemind=0 respEsc=0 closureRemind=0 closureEsc=0 surveyExpired=0
2026-09-07T05:45:17.936Z [INFO] [slaReminder] SLA_SCAN cases=0 respRemind=0 respEsc=0 closureRemind=0 closureEsc=0 surveyExpired=0
2026-09-07T05:46:17.942Z [INFO] [slaReminder] SLA_SCAN cases=0 respRemind=0 respEsc=0 closureRemind=0 closureEsc=0 surveyExpired=0
2026-09-07T05:47:17.949Z [INFO] [slaReminder] SLA_SCAN cases=0 respRemind=0 respEsc=0 closureRemind=0 closureEsc=0 surveyExpired=0
2026-09-07T05:48:17.953Z [INFO] [slaReminder] SLA_SCAN cases=0 respRemind=0 respEsc=0 closureRemind=0 closureEsc=0 surveyExpired=0
2026-09-07T05:49:17.959Z [INFO] [slaReminder] SLA_SCAN cases=0 respRemind=0 respEsc=0 closureRemind=0 closureEsc=0 surveyExpired=0
2026-09-07T05:50:17.961Z [INFO] [slaReminder] SLA_SCAN cases=0 respRemind=0 respEsc=0 closureRemind=0 closureEsc=0 surveyExpired=0
2026-09-07T05:51:17.970Z [INFO] [slaReminder] SLA_SCAN cases=0 respRemind=0 respEsc=0 closureRemind=0 closureEsc=0 surveyExpired=0
2026-09-07T05:52:17.989Z [INFO] [slaReminder] SLA_SCAN cases=0 respRemind=0 respEsc=0 closureRemind=0 closureEsc=0 surveyExpired=0
2026-09-07T05:53:18.004Z [INFO] [slaReminder] SLA_SCAN cases=0 respRemind=0 respEsc=0 closureRemind=0 closureEsc=0 surveyExpired=0
2026-09-07T05:54:18.011Z [INFO] [slaReminder] SLA_SCAN cases=0 respRemind=0 respEsc=0 closureRemind=0 closureEsc=0 surveyExpired=0
2026-09-07T05:55:18.014Z [INFO] [slaReminder] SLA_SCAN cases=0 respRemind=0 respEsc=0 closureRemind=0 closureEsc=0 surveyExpired=0
2026-09-07T05:56:18.017Z [INFO] [slaReminder] SLA_SCAN cases=0 respRemind=0 respEsc=0 closureRemind=0 closureEsc=0 surveyExpired=0
2026-09-07T05:57:18.038Z [INFO] [slaReminder] SLA_SCAN cases=0 respRemind=0 respEsc=0 closureRemind=0 closureEsc=0 surveyExpired=0
2026-09-07T05:58:18.049Z [INFO] [slaReminder] SLA_SCAN cases=0 respRemind=0 respEsc=0 closureRemind=0 closureEsc=0 surveyExpired=0
2026-09-07T05:59:18.056Z [INFO] [slaReminder] SLA_SCAN cases=0 respRemind=0 respEsc=0 closureRemind=0 closureEsc=0 surveyExpired=0
2026-09-07T06:00:18.059Z [INFO] [slaReminder] SLA_SCAN cases=0 respRemind=0 respEsc=0 closureRemind=0 closureEsc=0 surveyExpired=0
2026-09-07T06:01:18.076Z [INFO] [slaReminder] SLA_SCAN cases=0 respRemind=0 respEsc=0 closureRemind=0 closureEsc=0 surveyExpired=0
2026-09-07T06:02:18.084Z [INFO] [slaReminder] SLA_SCAN cases=0 respRemind=0 respEsc=0 closureRemind=0 closureEsc=0 surveyExpired=0
2026-09-07T06:03:18.128Z [INFO] [slaReminder] SLA_SCAN cases=0 respRemind=0 respEsc=0 closureRemind=0 closureEsc=0 surveyExpired=0
2026-09-07T06:04:18.156Z [INFO] [slaReminder] SLA_SCAN cases=0 respRemind=0 respEsc=0 closureRemind=0 closureEsc=0 surveyExpired=0
Restarting 'src/server.js'
2026-09-07T06:04:59.927Z [INFO] [static] serving frontend dist at C:\Users\606610\CodeBuddy\QRCode 客戶意見反饋\frontend\dist
2026-09-07T06:04:59.933Z [INFO] [server] QRCode 客戶意見反饋骨架已啟動 http://localhost:3000/api/v1
2026-09-07T06:04:59.934Z [INFO] [scheduler] SLA 掃描定時器已啟動（每 60000ms）
2026-09-07T06:04:59.934Z [WARN] [scheduler] 週報定時器停用（WEEKLY_REPORT_CHECK_MS 為 0/未設定）
2026-09-07T06:04:59.934Z [INFO] [scheduler] QR 自動到期掃描已啟動（每 60000ms）
Restarting 'src/server.js'
2026-09-07T06:05:06.167Z [INFO] [static] serving frontend dist at C:\Users\606610\CodeBuddy\QRCode 客戶意見反饋\frontend\dist
2026-09-07T06:05:06.174Z [INFO] [server] QRCode 客戶意見反饋骨架已啟動 http://localhost:3000/api/v1
2026-09-07T06:05:06.175Z [INFO] [scheduler] SLA 掃描定時器已啟動（每 60000ms）
2026-09-07T06:05:06.175Z [WARN] [scheduler] 週報定時器停用（WEEKLY_REPORT_CHECK_MS 為 0/未設定）
2026-09-07T06:05:06.175Z [INFO] [scheduler] QR 自動到期掃描已啟動（每 60000ms）
Restarting 'src/server.js'
2026-09-07T06:05:12.230Z [INFO] [static] serving frontend dist at C:\Users\606610\CodeBuddy\QRCode 客戶意見反饋\frontend\dist
node:events:496
      throw er; // Unhandled 'error' event
      ^

Error: listen EADDRINUSE: address already in use :::3000
    at Server.setupListenHandle [as _listen2] (node:net:1937:16)
    at listenInCluster (node:net:1994:12)
    at Server.listen (node:net:2099:7)
    at Function.listen (C:\Users\606610\CodeBuddy\QRCode 客戶意見反饋\backend\node_modules\express\lib\application.js:635:24)
    at Object.<anonymous> (C:\Users\606610\CodeBuddy\QRCode 客戶意見反饋\backend\src\server.js:13:5)
    at Module._compile (node:internal/modules/cjs/loader:1554:14)
    at Object..js (node:internal/modules/cjs/loader:1706:10)
    at Module.load (node:internal/modules/cjs/loader:1289:32)
    at Function._load (node:internal/modules/cjs/loader:1108:12)
    at TracingChannel.traceSync (node:diagnostics_channel:322:14)
    at wrapModuleLoad (node:internal/modules/cjs/loader:220:24)
    at Function.executeUserEntryPoint [as runMain] (node:internal/modules/run_main:170:5)
    at node:internal/main/run_main_module:36:49
Emitted 'error' event on Server instance at:
    at emitErrorNT (node:net:1973:8)
    at process.processTicksAndRejections (node:internal/process/task_queues:90:21) {
  code: 'EADDRINUSE',
  errno: -4091,
  syscall: 'listen',
  address: '::',
  port: 3000
}

Node.js v22.14.0
Failed running 'src/server.js'
Restarting 'src/server.js'
2026-09-07T06:05:17.281Z [INFO] [static] serving frontend dist at C:\Users\606610\CodeBuddy\QRCode 客戶意見反饋\frontend\dist
2026-09-07T06:05:17.295Z [INFO] [server] QRCode 客戶意見反饋骨架已啟動 http://localhost:3000/api/v1
2026-09-07T06:05:17.295Z [INFO] [scheduler] SLA 掃描定時器已啟動（每 60000ms）
2026-09-07T06:05:17.295Z [WARN] [scheduler] 週報定時器停用（WEEKLY_REPORT_CHECK_MS 為 0/未設定）
2026-09-07T06:05:17.297Z [INFO] [scheduler] QR 自動到期掃描已啟動（每 60000ms）
Restarting 'src/server.js'
2026-09-07T06:05:21.612Z [INFO] [static] serving frontend dist at C:\Users\606610\CodeBuddy\QRCode 客戶意見反饋\frontend\dist
node:events:496
      throw er; // Unhandled 'error' event
      ^

Error: listen EADDRINUSE: address already in use :::3000
    at Server.setupListenHandle [as _listen2] (node:net:1937:16)
    at listenInCluster (node:net:1994:12)
    at Server.listen (node:net:2099:7)
    at Function.listen (C:\Users\606610\CodeBuddy\QRCode 客戶意見反饋\backend\node_modules\express\lib\application.js:635:24)
    at Object.<anonymous> (C:\Users\606610\CodeBuddy\QRCode 客戶意見反饋\backend\src\server.js:13:5)
    at Module._compile (node:internal/modules/cjs/loader:1554:14)
    at Object..js (node:internal/modules/cjs/loader:1706:10)
    at Module.load (node:internal/modules/cjs/loader:1289:32)
    at Function._load (node:internal/modules/cjs/loader:1108:12)
    at TracingChannel.traceSync (node:diagnostics_channel:322:14)
    at wrapModuleLoad (node:internal/modules/cjs/loader:220:24)
    at Function.executeUserEntryPoint [as runMain] (node:internal/modules/run_main:170:5)
    at node:internal/main/run_main_module:36:49
Emitted 'error' event on Server instance at:
    at emitErrorNT (node:net:1973:8)
    at process.processTicksAndRejections (node:internal/process/task_queues:90:21) {
  code: 'EADDRINUSE',
  errno: -4091,
  syscall: 'listen',
  address: '::',
  port: 3000
}

Node.js v22.14.0
Failed running 'src/server.js'
Restarting 'src/server.js'
Restarting 'src/server.js'
Restarting 'src/server.js'
Restarting 'src/server.js'
Restarting 'src/server.js'
2026-09-07T07:17:58.491Z [INFO] [static] serving frontend dist at C:\Users\606610\CodeBuddy\QRCode 客戶意見反饋\frontend\dist
2026-09-07T07:17:58.500Z [INFO] [server] QRCode 客戶意見反饋骨架已啟動 http://localhost:3000/api/v1
2026-09-07T07:17:58.500Z [INFO] [scheduler] SLA 掃描定時器已啟動（每 60000ms）
2026-09-07T07:17:58.500Z [WARN] [scheduler] 週報定時器停用（WEEKLY_REPORT_CHECK_MS 為 0/未設定）
2026-09-07T07:17:58.501Z [INFO] [scheduler] QR 自動到期掃描已啟動（每 60000ms）
2026-09-07T07:17:59.401Z [INFO] [http] GET /api/v1/notifications/unread-count
2026-09-07T07:18:28.731Z [INFO] [http] GET /api/v1/notifications/unread-count
2026-09-07T07:18:58.512Z [INFO] [slaReminder] SLA_SCAN cases=0 respRemind=0 respEsc=0 closureRemind=0 closureEsc=0 surveyExpired=0
2026-09-07T07:18:58.688Z [INFO] [http] GET /api/v1/notifications/unread-count
2026-09-07T07:19:58.253Z [INFO] [http] GET /api/v1/notifications/unread-count
2026-09-07T07:19:58.512Z [INFO] [slaReminder] SLA_SCAN cases=0 respRemind=0 respEsc=0 closureRemind=0 closureEsc=0 surveyExpired=0
2026-09-07T07:20:58.523Z [INFO] [slaReminder] SLA_SCAN cases=0 respRemind=0 respEsc=0 closureRemind=0 closureEsc=0 surveyExpired=0
2026-09-07T07:20:59.560Z [INFO] [http] GET /api/v1/notifications/unread-count
2026-09-07T07:21:58.527Z [INFO] [slaReminder] SLA_SCAN cases=0 respRemind=0 respEsc=0 closureRemind=0 closureEsc=0 surveyExpired=0
2026-09-07T07:22:00.554Z [INFO] [http] GET /api/v1/notifications/unread-count
2026-09-07T07:22:58.537Z [INFO] [slaReminder] SLA_SCAN cases=0 respRemind=0 respEsc=0 closureRemind=0 closureEsc=0 surveyExpired=0
2026-09-07T07:23:01.558Z [INFO] [http] GET /api/v1/notifications/unread-count
2026-09-07T07:23:58.541Z [INFO] [slaReminder] SLA_SCAN cases=0 respRemind=0 respEsc=0 closureRemind=0 closureEsc=0 surveyExpired=0
2026-09-07T07:24:02.564Z [INFO] [http] GET /api/v1/notifications/unread-count
2026-09-07T07:24:58.548Z [INFO] [slaReminder] SLA_SCAN cases=0 respRemind=0 respEsc=0 closureRemind=0 closureEsc=0 surveyExpired=0
2026-09-07T07:25:03.551Z [INFO] [http] GET /api/v1/notifications/unread-count
2026-09-07T07:25:58.555Z [INFO] [slaReminder] SLA_SCAN cases=0 respRemind=0 respEsc=0 closureRemind=0 closureEsc=0 surveyExpired=0
2026-09-07T07:26:04.556Z [INFO] [http] GET /api/v1/notifications/unread-count
2026-09-07T07:26:58.555Z [INFO] [slaReminder] SLA_SCAN cases=0 respRemind=0 respEsc=0 closureRemind=0 closureEsc=0 surveyExpired=0
2026-09-07T07:27:05.570Z [INFO] [http] GET /api/v1/notifications/unread-count
2026-09-07T07:27:58.569Z [INFO] [slaReminder] SLA_SCAN cases=0 respRemind=0 respEsc=0 closureRemind=0 closureEsc=0 surveyExpired=0
2026-09-07T07:28:06.566Z [INFO] [http] GET /api/v1/notifications/unread-count
2026-09-07T07:28:58.570Z [INFO] [slaReminder] SLA_SCAN cases=0 respRemind=0 respEsc=0 closureRemind=0 closureEsc=0 surveyExpired=0
2026-09-07T07:29:06.296Z [INFO] [http] GET /api/v1/notifications/unread-count
2026-09-07T07:29:58.581Z [INFO] [slaReminder] SLA_SCAN cases=0 respRemind=0 respEsc=0 closureRemind=0 closureEsc=0 surveyExpired=0
2026-09-07T07:30:06.594Z [INFO] [http] GET /api/v1/notifications/unread-count
2026-09-07T07:30:58.596Z [INFO] [slaReminder] SLA_SCAN cases=0 respRemind=0 respEsc=0 closureRemind=0 closureEsc=0 surveyExpired=0
2026-09-07T07:31:06.258Z [INFO] [http] GET /api/v1/notifications/unread-count
2026-09-07T07:31:58.611Z [INFO] [slaReminder] SLA_SCAN cases=0 respRemind=0 respEsc=0 closureRemind=0 closureEsc=0 surveyExpired=0
2026-09-07T07:32:06.580Z [INFO] [http] GET /api/v1/notifications/unread-count
2026-09-07T07:32:58.626Z [INFO] [slaReminder] SLA_SCAN cases=0 respRemind=0 respEsc=0 closureRemind=0 closureEsc=0 surveyExpired=0
2026-09-07T07:33:06.588Z [INFO] [http] GET /api/v1/notifications/unread-count
2026-09-07T07:33:58.640Z [INFO] [slaReminder] SLA_SCAN cases=0 respRemind=0 respEsc=0 closureRemind=0 closureEsc=0 surveyExpired=0
2026-09-07T07:34:06.251Z [INFO] [http] GET /api/v1/notifications/unread-count
2026-09-07T07:34:58.652Z [INFO] [slaReminder] SLA_SCAN cases=0 respRemind=0 respEsc=0 closureRemind=0 closureEsc=0 surveyExpired=0
2026-09-07T07:35:06.584Z [INFO] [http] GET /api/v1/notifications/unread-count
2026-09-07T07:35:58.658Z [INFO] [slaReminder] SLA_SCAN cases=0 respRemind=0 respEsc=0 closureRemind=0 closureEsc=0 surveyExpired=0
2026-09-07T07:36:06.254Z [INFO] [http] GET /api/v1/notifications/unread-count
2026-09-07T07:36:58.668Z [INFO] [slaReminder] SLA_SCAN cases=0 respRemind=0 respEsc=0 closureRemind=0 closureEsc=0 surveyExpired=0
2026-09-07T07:37:06.590Z [INFO] [http] GET /api/v1/notifications/unread-count
2026-09-07T07:37:58.732Z [INFO] [slaReminder] SLA_SCAN cases=0 respRemind=0 respEsc=0 closureRemind=0 closureEsc=0 surveyExpired=0
2026-09-07T07:38:06.260Z [INFO] [http] GET /api/v1/notifications/unread-count
2026-09-07T07:38:58.732Z [INFO] [slaReminder] SLA_SCAN cases=0 respRemind=0 respEsc=0 closureRemind=0 closureEsc=0 surveyExpired=0
2026-09-07T07:39:06.591Z [INFO] [http] GET /api/v1/notifications/unread-count
2026-09-07T07:39:58.744Z [INFO] [slaReminder] SLA_SCAN cases=0 respRemind=0 respEsc=0 closureRemind=0 closureEsc=0 surveyExpired=0
2026-09-07T07:40:06.263Z [INFO] [http] GET /api/v1/notifications/unread-count
2026-09-07T07:40:58.745Z [INFO] [slaReminder] SLA_SCAN cases=0 respRemind=0 respEsc=0 closureRemind=0 closureEsc=0 surveyExpired=0
2026-09-07T07:41:06.563Z [INFO] [http] GET /api/v1/notifications/unread-count
2026-09-07T07:41:58.750Z [INFO] [slaReminder] SLA_SCAN cases=0 respRemind=0 respEsc=0 closureRemind=0 closureEsc=0 surveyExpired=0
2026-09-07T07:42:07.195Z [INFO] [http] GET /api/v1/notifications/unread-count
2026-09-07T07:42:58.761Z [INFO] [slaReminder] SLA_SCAN cases=0 respRemind=0 respEsc=0 closureRemind=0 closureEsc=0 surveyExpired=0
2026-09-07T07:43:06.253Z [INFO] [http] GET /api/v1/notifications/unread-count
2026-09-07T07:43:58.761Z [INFO] [slaReminder] SLA_SCAN cases=0 respRemind=0 respEsc=0 closureRemind=0 closureEsc=0 surveyExpired=0
2026-09-07T07:44:06.579Z [INFO] [http] GET /api/v1/notifications/unread-count
2026-09-07T07:44:48.442Z [INFO] [http] GET /api/v1/notifications/unread-count
2026-09-07T07:44:55.028Z [INFO] [http] GET /api/v1/notifications/unread-count
2026-09-07T07:44:58.770Z [INFO] [slaReminder] SLA_SCAN cases=0 respRemind=0 respEsc=0 closureRemind=0 closureEsc=0 surveyExpired=0
2026-09-07T07:44:59.371Z [INFO] [http] POST /api/v1/cases/CRPM%2FSR%2FCWC%2F260907001/approve
2026-09-07T07:44:59.394Z [INFO] [notification] EMAIL_QUEUE template=notif_case recipient=cwcsup@***
2026-09-07T07:44:59.395Z [INFO] [notification] EMAIL_QUEUE template=case_closed_thanks recipient=marcus.chan@***
2026-09-07T07:44:59.399Z [INFO] [notification] EMAIL_QUEUE template=satisfaction_survey recipient=marcus.chan@***
2026-09-07T07:44:59.399Z [INFO] [surveyService] SURVEY_CREATE CRPM/SR/CWC/260907001 surveyId=1 expires=2026-09-21 07:44:59
Restarting 'src/server.js'
2026-09-07T07:45:02.531Z [INFO] [static] serving frontend dist at C:\Users\606610\CodeBuddy\QRCode 客戶意見反饋\frontend\dist
2026-09-07T07:45:02.537Z [INFO] [server] QRCode 客戶意見反饋骨架已啟動 http://localhost:3000/api/v1
2026-09-07T07:45:02.537Z [INFO] [scheduler] SLA 掃描定時器已啟動（每 60000ms）
2026-09-07T07:45:02.537Z [WARN] [scheduler] 週報定時器停用（WEEKLY_REPORT_CHECK_MS 為 0/未設定）
2026-09-07T07:45:02.538Z [INFO] [scheduler] QR 自動到期掃描已啟動（每 60000ms）
2026-09-07T07:45:13.936Z [INFO] [http] GET /api/v1/notifications/unread-count
2026-09-07T07:45:14.264Z [INFO] [http] GET /api/v1/notifications/unread-count
2026-09-07T07:45:14.293Z [INFO] [http] GET /api/v1/cases?sortBy=createdAt&sortDir=desc&page=1&pageSize=20
2026-09-07T07:45:14.315Z [INFO] [http] GET /api/v1/cases?sortBy=createdAt&sortDir=desc&page=1&pageSize=20
2026-09-07T07:45:18.945Z [INFO] [http] GET /api/v1/notifications/unread-count
2026-09-07T07:45:19.259Z [INFO] [http] GET /api/v1/surveys/stats
2026-09-07T07:45:19.273Z [INFO] [http] GET /api/v1/notifications/unread-count
2026-09-07T07:45:19.584Z [INFO] [http] GET /api/v1/surveys/stats
2026-09-07T07:45:49.263Z [INFO] [http] GET /api/v1/notifications/unread-count
2026-09-07T07:46:02.554Z [INFO] [slaReminder] SLA_SCAN cases=0 respRemind=0 respEsc=0 closureRemind=0 closureEsc=0 surveyExpired=0
2026-09-07T07:46:18.943Z [INFO] [http] GET /api/v1/notifications/unread-count
2026-09-07T07:46:44.521Z [INFO] [http] GET /api/v1/cases?sortBy=createdAt&sortDir=desc&page=1&pageSize=20
2026-09-07T07:46:44.525Z [INFO] [http] GET /api/v1/notifications/unread-count
2026-09-07T07:46:44.763Z [INFO] [http] GET /api/v1/cases?sortBy=createdAt&sortDir=desc&page=1&pageSize=20
2026-09-07T07:46:44.840Z [INFO] [http] GET /api/v1/notifications/unread-count
2026-09-07T07:46:46.970Z [INFO] [http] GET /api/v1/cases/CRPM%2FSR%2FCWC%2F260907001
2026-09-07T07:46:47.309Z [INFO] [http] GET /api/v1/cases/CRPM%2FSR%2FCWC%2F260907001
2026-09-07T07:46:47.558Z [INFO] [http] GET /api/v1/notifications/unread-count
2026-09-07T07:46:47.670Z [INFO] [http] GET /api/v1/notifications/unread-count
2026-09-07T07:46:53.730Z [INFO] [http] POST /api/v1/surveys/1/resend
2026-09-07T07:46:53.735Z [INFO] [notification] EMAIL_QUEUE template=satisfaction_survey_reminder recipient=marcus.chan@***
2026-09-07T07:46:54.061Z [INFO] [http] GET /api/v1/cases/CRPM%2FSR%2FCWC%2F260907001
2026-09-07T07:46:55.603Z [INFO] [http] POST /api/v1/surveys/1/resend
2026-09-07T07:47:02.560Z [INFO] [slaReminder] SLA_SCAN cases=0 respRemind=0 respEsc=0 closureRemind=0 closureEsc=0 surveyExpired=0
2026-09-07T07:47:08.177Z [INFO] [http] GET /api/v1/notifications/unread-count
2026-09-07T07:47:08.179Z [INFO] [http] GET /api/v1/cases?sortBy=createdAt&sortDir=desc&page=1&pageSize=20
2026-09-07T07:47:08.444Z [INFO] [http] GET /api/v1/notifications/unread-count
2026-09-07T07:47:08.502Z [INFO] [http] GET /api/v1/cases?sortBy=createdAt&sortDir=desc&page=1&pageSize=20
2026-09-07T07:47:12.760Z [INFO] [http] GET /api/v1/notifications/unread-count
2026-09-07T07:47:13.074Z [INFO] [http] GET /api/v1/notifications/unread-count
2026-09-07T07:47:13.077Z [INFO] [http] GET /api/v1/surveys/stats
2026-09-07T07:47:13.401Z [INFO] [http] GET /api/v1/surveys/stats
2026-09-07T07:47:17.100Z [INFO] [http] GET /api/v1/notifications/unread-count
2026-09-07T07:47:17.404Z [INFO] [http] GET /api/v1/cases?sortBy=createdAt&sortDir=desc&page=1&pageSize=20
2026-09-07T07:47:17.418Z [INFO] [http] GET /api/v1/notifications/unread-count
2026-09-07T07:47:17.727Z [INFO] [http] GET /api/v1/cases?sortBy=createdAt&sortDir=desc&page=1&pageSize=20
2026-09-07T07:47:20.989Z [INFO] [http] GET /api/v1/audit?
2026-09-07T07:47:20.993Z [INFO] [http] GET /api/v1/notifications/unread-count
2026-09-07T07:47:21.252Z [INFO] [http] GET /api/v1/notifications/unread-count
2026-09-07T07:47:21.312Z [INFO] [http] GET /api/v1/audit?
2026-09-07T07:47:51.251Z [INFO] [http] GET /api/v1/notifications/unread-count
2026-09-07T07:47:55.741Z [INFO] [http] GET /SURVEY
2026-09-07T07:47:55.986Z [INFO] [http] GET /assets/index-BrTCdClv.js
2026-09-07T07:47:58.410Z [INFO] [http] GET /favicon.ico
2026-09-07T07:48:02.573Z [INFO] [slaReminder] SLA_SCAN cases=0 respRemind=0 respEsc=0 closureRemind=0 closureEsc=0 surveyExpired=0
2026-09-07T07:48:21.557Z [INFO] [http] GET /api/v1/notifications/unread-count
2026-09-07T07:48:51.242Z [INFO] [http] GET /api/v1/notifications/unread-count
2026-09-07T07:49:02.576Z [INFO] [slaReminder] SLA_SCAN cases=0 respRemind=0 respEsc=0 closureRemind=0 closureEsc=0 surveyExpired=0
2026-09-07T07:49:21.552Z [INFO] [http] GET /api/v1/notifications/unread-count
2026-09-07T07:49:51.252Z [INFO] [http] GET /api/v1/notifications/unread-count
2026-09-07T07:50:02.583Z [INFO] [slaReminder] SLA_SCAN cases=0 respRemind=0 respEsc=0 closureRemind=0 closureEsc=0 surveyExpired=0
2026-09-07T07:50:21.564Z [INFO] [http] GET /api/v1/notifications/unread-count
2026-09-07T07:51:02.594Z [INFO] [slaReminder] SLA_SCAN cases=0 respRemind=0 respEsc=0 closureRemind=0 closureEsc=0 surveyExpired=0
2026-09-07T07:51:06.251Z [INFO] [http] GET /api/v1/notifications/unread-count
2026-09-07T07:52:02.604Z [INFO] [slaReminder] SLA_SCAN cases=0 respRemind=0 respEsc=0 closureRemind=0 closureEsc=0 surveyExpired=0
2026-09-07T07:52:06.561Z [INFO] [http] GET /api/v1/notifications/unread-count
2026-09-07T07:53:02.606Z [INFO] [slaReminder] SLA_SCAN cases=0 respRemind=0 respEsc=0 closureRemind=0 closureEsc=0 surveyExpired=0
2026-09-07T07:53:06.255Z [INFO] [http] GET /api/v1/notifications/unread-count
2026-09-07T07:54:02.608Z [INFO] [slaReminder] SLA_SCAN cases=0 respRemind=0 respEsc=0 closureRemind=0 closureEsc=0 surveyExpired=0
2026-09-07T07:54:09.349Z [INFO] [http] GET /api/v1/notifications/unread-count
2026-09-07T07:55:02.623Z [INFO] [slaReminder] SLA_SCAN cases=0 respRemind=0 respEsc=0 closureRemind=0 closureEsc=0 surveyExpired=0
2026-09-07T07:55:06.257Z [INFO] [http] GET /api/v1/notifications/unread-count
2026-09-07T07:56:02.624Z [INFO] [slaReminder] SLA_SCAN cases=0 respRemind=0 respEsc=0 closureRemind=0 closureEsc=0 surveyExpired=0
2026-09-07T07:56:06.565Z [INFO] [http] GET /api/v1/notifications/unread-count
2026-09-07T07:57:02.636Z [INFO] [slaReminder] SLA_SCAN cases=0 respRemind=0 respEsc=0 closureRemind=0 closureEsc=0 surveyExpired=0
2026-09-07T07:57:06.260Z [INFO] [http] GET /api/v1/notifications/unread-count
2026-09-07T07:58:02.651Z [INFO] [slaReminder] SLA_SCAN cases=0 respRemind=0 respEsc=0 closureRemind=0 closureEsc=0 surveyExpired=0
2026-09-07T07:58:06.576Z [INFO] [http] GET /api/v1/notifications/unread-count
2026-09-07T07:59:02.652Z [INFO] [slaReminder] SLA_SCAN cases=0 respRemind=0 respEsc=0 closureRemind=0 closureEsc=0 surveyExpired=0
2026-09-07T07:59:06.255Z [INFO] [http] GET /api/v1/notifications/unread-count
2026-09-07T08:00:02.666Z [INFO] [slaReminder] SLA_SCAN cases=0 respRemind=0 respEsc=0 closureRemind=0 closureEsc=0 surveyExpired=0
2026-09-07T08:00:06.563Z [INFO] [http] GET /api/v1/notifications/unread-count
2026-09-07T08:01:02.679Z [INFO] [slaReminder] SLA_SCAN cases=0 respRemind=0 respEsc=0 closureRemind=0 closureEsc=0 surveyExpired=0
2026-09-07T08:01:06.250Z [INFO] [http] GET /api/v1/notifications/unread-count
2026-09-07T08:02:02.691Z [INFO] [slaReminder] SLA_SCAN cases=0 respRemind=0 respEsc=0 closureRemind=0 closureEsc=0 surveyExpired=0
2026-09-07T08:02:06.573Z [INFO] [http] GET /api/v1/notifications/unread-count
2026-09-07T08:03:02.701Z [INFO] [slaReminder] SLA_SCAN cases=0 respRemind=0 respEsc=0 closureRemind=0 closureEsc=0 surveyExpired=0
2026-09-07T08:03:06.553Z [INFO] [http] GET /api/v1/notifications/unread-count
2026-09-07T08:04:02.708Z [INFO] [slaReminder] SLA_SCAN cases=0 respRemind=0 respEsc=0 closureRemind=0 closureEsc=0 surveyExpired=0
2026-09-07T08:04:06.237Z [INFO] [http] GET /api/v1/notifications/unread-count
2026-09-07T08:05:02.721Z [INFO] [slaReminder] SLA_SCAN cases=0 respRemind=0 respEsc=0 closureRemind=0 closureEsc=0 surveyExpired=0
2026-09-07T08:05:06.569Z [INFO] [http] GET /api/v1/notifications/unread-count
2026-09-07T08:06:02.733Z [INFO] [slaReminder] SLA_SCAN cases=0 respRemind=0 respEsc=0 closureRemind=0 closureEsc=0 surveyExpired=0
2026-09-07T08:06:06.262Z [INFO] [http] GET /api/v1/notifications/unread-count
2026-09-07T08:07:02.737Z [INFO] [slaReminder] SLA_SCAN cases=0 respRemind=0 respEsc=0 closureRemind=0 closureEsc=0 surveyExpired=0
2026-09-07T08:07:06.562Z [INFO] [http] GET /api/v1/notifications/unread-count
2026-09-07T08:07:47.966Z [INFO] [http] GET /api/v1/notifications/unread-count
2026-09-07T08:07:51.005Z [INFO] [http] GET /api/v1/notifications/unread-count
2026-09-07T08:08:02.748Z [INFO] [slaReminder] SLA_SCAN cases=0 respRemind=0 respEsc=0 closureRemind=0 closureEsc=0 surveyExpired=0
2026-09-07T08:08:21.249Z [INFO] [http] GET /api/v1/notifications/unread-count
2026-09-07T08:08:51.550Z [INFO] [http] GET /api/v1/notifications/unread-count
2026-09-07T08:09:02.751Z [INFO] [slaReminder] SLA_SCAN cases=0 respRemind=0 respEsc=0 closureRemind=0 closureEsc=0 surveyExpired=0
2026-09-07T08:09:52.563Z [INFO] [http] GET /api/v1/notifications/unread-count
2026-09-07T08:10:02.760Z [INFO] [slaReminder] SLA_SCAN cases=0 respRemind=0 respEsc=0 closureRemind=0 closureEsc=0 surveyExpired=0
