2026-09-04T06:30:59.775Z [INFO] [static] serving frontend dist at C:\Users\606610\CodeBuddy\QRCode 客戶意見反饋\frontend\dist
2026-09-04T06:30:59.796Z [INFO] [server] QRCode 客戶意見反饋骨架已啟動 http://localhost:3100/api/v1
2026-09-04T06:30:59.801Z [INFO] [scheduler] SLA 掃描定時器已啟動（每 60000ms）
2026-09-04T06:30:59.806Z [WARN] [scheduler] 週報定時器停用（WEEKLY_REPORT_CHECK_MS 為 0/未設定）
2026-09-04T06:31:06.106Z [INFO] [http] POST /api/v1/auth/login
2026-09-04T06:31:33.857Z [INFO] [http] POST /api/v1/auth/login
2026-09-04T06:31:33.890Z [INFO] [http] GET /api/v1/dashboard/summary?range=thisMonth
2026-09-04T06:31:33.909Z [INFO] [http] GET /api/v1/dashboard/summary?range=custom&from=2026-08-01&to=2026-08-31
2026-09-04T06:31:33.918Z [INFO] [http] GET /api/v1/dashboard/trend?from=2025-09-01&to=2026-08-31
2026-09-04T06:31:33.926Z [INFO] [http] GET /api/v1/dashboard/distribution?range=thisMonth
2026-09-04T06:31:33.933Z [INFO] [http] GET /api/v1/dashboard/handlers?range=thisMonth
2026-09-04T06:31:33.940Z [INFO] [http] GET /api/v1/dashboard/anomalies
2026-09-04T06:31:33.947Z [INFO] [http] GET /api/v1/dashboard/export?range=thisMonth
2026-09-04T06:31:33.956Z [INFO] [http] POST /api/v1/dashboard/weekly-report/run
2026-09-04T06:31:33.962Z [INFO] [notification] EMAIL_QUEUE template=weekly_report recipient=admin@***
2026-09-04T06:31:33.963Z [INFO] [notification] EMAIL_QUEUE template=weekly_report recipient=ccsup@***
2026-09-04T06:31:33.964Z [INFO] [notification] EMAIL_QUEUE template=weekly_report recipient=cwcsup@***
2026-09-04T06:31:33.964Z [INFO] [notification] EMAIL_QUEUE template=weekly_report recipient=yprsup@***
2026-09-04T06:31:33.964Z [INFO] [notification] EMAIL_QUEUE template=weekly_report recipient=chngsup@***
2026-09-04T06:31:33.965Z [INFO] [notification] EMAIL_QUEUE template=weekly_report recipient=dahfsup@***
2026-09-04T06:31:33.965Z [INFO] [weeklyReport] WEEKLY_REPORT 2026-08-24~2026-08-30 recipients=6 emailQueued=6
2026-09-04T06:31:33.970Z [INFO] [http] GET /api/v1/dashboard/weekly-report/list
2026-09-04T06:31:33.976Z [INFO] [http] GET /api/v1/config
2026-09-04T06:31:33.983Z [INFO] [http] PUT /api/v1/config/sla.closure_days
2026-09-04T06:31:33.992Z [INFO] [http] PUT /api/v1/config/sla.closure_days
2026-09-04T06:31:33.999Z [INFO] [http] PUT /api/v1/config/sla.closure_days
2026-09-04T06:31:34.004Z [INFO] [http] GET /api/v1/config/audit?key=sla.closure_days
2026-09-04T06:31:34.011Z [INFO] [http] POST /api/v1/auth/login
2026-09-04T06:31:34.020Z [INFO] [http] GET /api/v1/dashboard/summary?range=thisMonth
2026-09-04T06:31:34.026Z [INFO] [http] GET /api/v1/config
2026-09-04T06:31:34.032Z [INFO] [http] PUT /api/v1/config/sla.closure_days
2026-09-04T06:31:34.038Z [INFO] [http] POST /api/v1/auth/login
2026-09-04T06:31:34.048Z [INFO] [http] GET /api/v1/dashboard/summary?range=thisMonth
2026-09-04T06:31:34.052Z [INFO] [http] GET /api/v1/config
2026-09-04T06:31:52.460Z [INFO] [http] POST /api/v1/auth/login
2026-09-04T06:31:52.586Z [INFO] [http] GET /api/v1/dashboard/summary?range=thisMonth
2026-09-04T06:31:52.594Z [INFO] [http] GET /api/v1/dashboard/summary?range=custom&from=2026-08-01&to=2026-08-31
2026-09-04T06:31:52.601Z [INFO] [http] GET /api/v1/dashboard/trend?from=2025-09-01&to=2026-08-31
2026-09-04T06:31:52.606Z [INFO] [http] GET /api/v1/dashboard/distribution?range=thisMonth
2026-09-04T06:31:52.613Z [INFO] [http] GET /api/v1/dashboard/handlers?range=thisMonth
2026-09-04T06:31:52.618Z [INFO] [http] GET /api/v1/dashboard/anomalies
2026-09-04T06:31:52.625Z [INFO] [http] GET /api/v1/dashboard/export?range=thisMonth
2026-09-04T06:31:52.633Z [INFO] [http] POST /api/v1/dashboard/weekly-report/run
2026-09-04T06:31:52.639Z [INFO] [http] GET /api/v1/dashboard/weekly-report/list
2026-09-04T06:31:52.645Z [INFO] [http] GET /api/v1/config
2026-09-04T06:31:52.651Z [INFO] [http] PUT /api/v1/config/sla.closure_days
2026-09-04T06:31:52.658Z [INFO] [http] PUT /api/v1/config/sla.closure_days
2026-09-04T06:31:52.665Z [INFO] [http] PUT /api/v1/config/sla.closure_days
2026-09-04T06:31:52.729Z [INFO] [http] GET /api/v1/config/audit?key=sla.closure_days
2026-09-04T06:31:52.735Z [INFO] [http] POST /api/v1/auth/login
2026-09-04T06:31:52.738Z [INFO] [http] POST /api/v1/auth/login
2026-09-04T06:31:59.819Z [INFO] [notification] EMAIL_QUEUE template=notif_escalation recipient=chngsup@***
2026-09-04T06:31:59.852Z [INFO] [slaReminder] SLA_SCAN cases=1 respRemind=0 respEsc=1 closureRemind=0 closureEsc=0 surveyExpired=0
2026-09-04T06:32:09.670Z [INFO] [http] POST /api/v1/auth/login
2026-09-04T06:32:09.694Z [INFO] [http] POST /api/v1/auth/login
2026-09-04T06:32:09.707Z [INFO] [http] POST /api/v1/auth/login
2026-09-04T06:32:09.719Z [INFO] [http] POST /api/v1/auth/login
2026-09-04T06:32:09.730Z [INFO] [http] GET /api/v1/config/audit?key=sla.closure_days
2026-09-04T06:32:15.510Z [INFO] [http] POST /api/v1/auth/login
2026-09-04T06:32:15.533Z [INFO] [http] GET /api/v1/dashboard/summary?range=thisMonth
2026-09-04T06:32:15.540Z [INFO] [http] GET /api/v1/dashboard/summary?range=custom&from=2026-08-01&to=2026-08-31
2026-09-04T06:32:15.547Z [INFO] [http] GET /api/v1/dashboard/trend?from=2025-09-01&to=2026-08-31
2026-09-04T06:32:15.552Z [INFO] [http] GET /api/v1/dashboard/distribution?range=thisMonth
2026-09-04T06:32:15.558Z [INFO] [http] GET /api/v1/dashboard/handlers?range=thisMonth
2026-09-04T06:32:15.565Z [INFO] [http] GET /api/v1/dashboard/anomalies
2026-09-04T06:32:15.570Z [INFO] [http] GET /api/v1/dashboard/export?range=thisMonth
2026-09-04T06:32:15.579Z [INFO] [http] POST /api/v1/dashboard/weekly-report/run
2026-09-04T06:32:15.585Z [INFO] [http] GET /api/v1/dashboard/weekly-report/list
2026-09-04T06:32:15.590Z [INFO] [http] GET /api/v1/config
2026-09-04T06:32:15.597Z [INFO] [http] PUT /api/v1/config/sla.closure_days
2026-09-04T06:32:15.603Z [INFO] [http] PUT /api/v1/config/sla.closure_days
2026-09-04T06:32:15.610Z [INFO] [http] PUT /api/v1/config/sla.closure_days
2026-09-04T06:32:15.615Z [INFO] [http] GET /api/v1/config/audit?key=sla.closure_days
2026-09-04T06:32:15.620Z [INFO] [http] POST /api/v1/auth/login
2026-09-04T06:32:15.623Z [INFO] [http] POST /api/v1/auth/login
2026-09-04T06:32:59.826Z [INFO] [slaReminder] SLA_SCAN cases=1 respRemind=0 respEsc=0 closureRemind=0 closureEsc=0 surveyExpired=0
2026-09-04T06:33:42.905Z [INFO] [http] POST /api/v1/auth/login
2026-09-04T06:33:42.926Z [INFO] [http] GET /api/v1/dashboard/summary?range=thisMonth
2026-09-04T06:33:42.933Z [INFO] [http] GET /api/v1/dashboard/summary?range=custom&from=2026-08-01&to=2026-08-31
2026-09-04T06:33:42.940Z [INFO] [http] GET /api/v1/dashboard/trend?from=2025-09-01&to=2026-08-31
2026-09-04T06:33:42.946Z [INFO] [http] GET /api/v1/dashboard/distribution?range=thisMonth
2026-09-04T06:33:42.952Z [INFO] [http] GET /api/v1/dashboard/handlers?range=thisMonth
2026-09-04T06:33:42.958Z [INFO] [http] GET /api/v1/dashboard/anomalies
2026-09-04T06:33:42.963Z [INFO] [http] GET /api/v1/dashboard/export?range=thisMonth
2026-09-04T06:33:42.971Z [INFO] [http] POST /api/v1/dashboard/weekly-report/run
2026-09-04T06:33:42.977Z [INFO] [http] GET /api/v1/dashboard/weekly-report/list
2026-09-04T06:33:42.982Z [INFO] [http] GET /api/v1/config
2026-09-04T06:33:42.989Z [INFO] [http] PUT /api/v1/config/sla.closure_days
2026-09-04T06:33:42.995Z [INFO] [http] PUT /api/v1/config/sla.closure_days
2026-09-04T06:33:43.002Z [INFO] [http] PUT /api/v1/config/sla.closure_days
2026-09-04T06:33:43.007Z [INFO] [http] GET /api/v1/config/audit?key=sla.closure_days
2026-09-04T06:33:59.839Z [INFO] [slaReminder] SLA_SCAN cases=1 respRemind=0 respEsc=0 closureRemind=0 closureEsc=0 surveyExpired=0
2026-09-04T06:34:32.543Z [INFO] [http] POST /api/v1/auth/login
2026-09-04T06:34:32.562Z [INFO] [http] GET /api/v1/config
2026-09-04T06:34:32.569Z [INFO] [http] PUT /api/v1/config/sla.closure_days
2026-09-04T06:34:32.577Z [INFO] [http] PUT /api/v1/config/sla.closure_days
2026-09-04T06:34:32.583Z [INFO] [http] PUT /api/v1/config/sla.closure_days
2026-09-04T06:34:32.589Z [INFO] [http] GET /api/v1/config/audit?key=sla.closure_days
2026-09-04T06:34:32.594Z [INFO] [http] GET /api/v1/config/audit
2026-09-04T06:34:59.835Z [INFO] [slaReminder] SLA_SCAN cases=1 respRemind=0 respEsc=0 closureRemind=0 closureEsc=0 surveyExpired=0
2026-09-04T06:35:49.610Z [INFO] [http] POST /api/v1/auth/login
2026-09-04T06:35:49.631Z [INFO] [http] GET /api/v1/dashboard/summary?range=thisMonth
2026-09-04T06:35:49.640Z [INFO] [http] GET /api/v1/dashboard/summary?range=custom&from=2026-08-01&to=2026-08-31
2026-09-04T06:35:49.646Z [INFO] [http] GET /api/v1/dashboard/trend?from=2025-09-01&to=2026-08-31
2026-09-04T06:35:49.652Z [INFO] [http] GET /api/v1/dashboard/distribution?range=thisMonth
2026-09-04T06:35:49.659Z [INFO] [http] GET /api/v1/dashboard/handlers?range=thisMonth
2026-09-04T06:35:49.665Z [INFO] [http] GET /api/v1/dashboard/anomalies
2026-09-04T06:35:49.671Z [INFO] [http] GET /api/v1/dashboard/export?range=thisMonth
2026-09-04T06:35:49.679Z [INFO] [http] POST /api/v1/dashboard/weekly-report/run
2026-09-04T06:35:49.687Z [INFO] [http] GET /api/v1/dashboard/weekly-report/list
2026-09-04T06:35:49.693Z [INFO] [http] GET /api/v1/config
2026-09-04T06:35:49.699Z [INFO] [http] PUT /api/v1/config/sla.closure_days
2026-09-04T06:35:49.707Z [INFO] [http] PUT /api/v1/config/sla.closure_days
2026-09-04T06:35:49.713Z [INFO] [http] PUT /api/v1/config/sla.closure_days
2026-09-04T06:35:49.720Z [INFO] [http] GET /api/v1/config/audit?key=sla.closure_days
2026-09-04T06:35:59.850Z [INFO] [slaReminder] SLA_SCAN cases=1 respRemind=0 respEsc=0 closureRemind=0 closureEsc=0 surveyExpired=0
2026-09-04T06:36:59.858Z [INFO] [slaReminder] SLA_SCAN cases=1 respRemind=0 respEsc=0 closureRemind=0 closureEsc=0 surveyExpired=0
2026-09-04T06:37:59.872Z [INFO] [slaReminder] SLA_SCAN cases=1 respRemind=0 respEsc=0 closureRemind=0 closureEsc=0 surveyExpired=0
2026-09-04T06:38:59.882Z [INFO] [slaReminder] SLA_SCAN cases=1 respRemind=0 respEsc=0 closureRemind=0 closureEsc=0 surveyExpired=0
2026-09-04T06:39:59.887Z [INFO] [slaReminder] SLA_SCAN cases=1 respRemind=0 respEsc=0 closureRemind=0 closureEsc=0 surveyExpired=0
2026-09-04T06:40:59.896Z [INFO] [slaReminder] SLA_SCAN cases=1 respRemind=0 respEsc=0 closureRemind=0 closureEsc=0 surveyExpired=0
2026-09-04T06:41:59.907Z [INFO] [slaReminder] SLA_SCAN cases=1 respRemind=0 respEsc=0 closureRemind=0 closureEsc=0 surveyExpired=0
2026-09-04T06:42:59.912Z [INFO] [slaReminder] SLA_SCAN cases=1 respRemind=0 respEsc=0 closureRemind=0 closureEsc=0 surveyExpired=0
2026-09-04T06:43:59.987Z [INFO] [slaReminder] SLA_SCAN cases=1 respRemind=0 respEsc=0 closureRemind=0 closureEsc=0 surveyExpired=0
2026-09-04T06:45:00.007Z [INFO] [slaReminder] SLA_SCAN cases=1 respRemind=0 respEsc=0 closureRemind=0 closureEsc=0 surveyExpired=0
2026-09-04T06:46:00.027Z [INFO] [slaReminder] SLA_SCAN cases=1 respRemind=0 respEsc=0 closureRemind=0 closureEsc=0 surveyExpired=0
2026-09-04T06:47:00.041Z [INFO] [slaReminder] SLA_SCAN cases=1 respRemind=0 respEsc=0 closureRemind=0 closureEsc=0 surveyExpired=0
2026-09-04T06:48:00.054Z [INFO] [slaReminder] SLA_SCAN cases=1 respRemind=0 respEsc=0 closureRemind=0 closureEsc=0 surveyExpired=0
2026-09-04T06:49:00.051Z [INFO] [slaReminder] SLA_SCAN cases=1 respRemind=0 respEsc=0 closureRemind=0 closureEsc=0 surveyExpired=0
2026-09-04T06:50:00.055Z [INFO] [slaReminder] SLA_SCAN cases=1 respRemind=0 respEsc=0 closureRemind=0 closureEsc=0 surveyExpired=0
2026-09-04T06:51:00.062Z [INFO] [slaReminder] SLA_SCAN cases=1 respRemind=0 respEsc=0 closureRemind=0 closureEsc=0 surveyExpired=0
2026-09-04T06:52:00.074Z [INFO] [slaReminder] SLA_SCAN cases=1 respRemind=0 respEsc=0 closureRemind=0 closureEsc=0 surveyExpired=0
2026-09-04T06:53:00.081Z [INFO] [slaReminder] SLA_SCAN cases=1 respRemind=0 respEsc=0 closureRemind=0 closureEsc=0 surveyExpired=0
2026-09-04T06:54:00.222Z [INFO] [slaReminder] SLA_SCAN cases=1 respRemind=0 respEsc=0 closureRemind=0 closureEsc=0 surveyExpired=0
2026-09-04T06:55:00.271Z [INFO] [slaReminder] SLA_SCAN cases=1 respRemind=0 respEsc=0 closureRemind=0 closureEsc=0 surveyExpired=0
2026-09-04T06:56:00.261Z [INFO] [slaReminder] SLA_SCAN cases=1 respRemind=0 respEsc=0 closureRemind=0 closureEsc=0 surveyExpired=0
2026-09-04T06:57:00.255Z [INFO] [slaReminder] SLA_SCAN cases=1 respRemind=0 respEsc=0 closureRemind=0 closureEsc=0 surveyExpired=0
2026-09-04T06:58:00.260Z [INFO] [slaReminder] SLA_SCAN cases=1 respRemind=0 respEsc=0 closureRemind=0 closureEsc=0 surveyExpired=0
2026-09-04T06:59:00.272Z [INFO] [slaReminder] SLA_SCAN cases=1 respRemind=0 respEsc=0 closureRemind=0 closureEsc=0 surveyExpired=0
2026-09-04T07:00:00.362Z [INFO] [slaReminder] SLA_SCAN cases=1 respRemind=0 respEsc=0 closureRemind=0 closureEsc=0 surveyExpired=0
2026-09-04T07:01:00.486Z [INFO] [slaReminder] SLA_SCAN cases=1 respRemind=0 respEsc=0 closureRemind=0 closureEsc=0 surveyExpired=0
2026-09-04T07:02:00.489Z [INFO] [slaReminder] SLA_SCAN cases=1 respRemind=0 respEsc=0 closureRemind=0 closureEsc=0 surveyExpired=0
2026-09-04T07:03:00.521Z [INFO] [slaReminder] SLA_SCAN cases=1 respRemind=0 respEsc=0 closureRemind=0 closureEsc=0 surveyExpired=0
2026-09-04T07:04:00.564Z [INFO] [slaReminder] SLA_SCAN cases=1 respRemind=0 respEsc=0 closureRemind=0 closureEsc=0 surveyExpired=0
2026-09-04T07:05:00.591Z [INFO] [slaReminder] SLA_SCAN cases=1 respRemind=0 respEsc=0 closureRemind=0 closureEsc=0 surveyExpired=0
2026-09-04T07:06:00.602Z [INFO] [slaReminder] SLA_SCAN cases=1 respRemind=0 respEsc=0 closureRemind=0 closureEsc=0 surveyExpired=0
2026-09-04T07:07:00.635Z [INFO] [slaReminder] SLA_SCAN cases=1 respRemind=0 respEsc=0 closureRemind=0 closureEsc=0 surveyExpired=0
2026-09-04T07:08:00.649Z [INFO] [slaReminder] SLA_SCAN cases=1 respRemind=0 respEsc=0 closureRemind=0 closureEsc=0 surveyExpired=0
2026-09-04T07:09:00.682Z [INFO] [slaReminder] SLA_SCAN cases=1 respRemind=0 respEsc=0 closureRemind=0 closureEsc=0 surveyExpired=0
2026-09-04T07:10:00.687Z [INFO] [slaReminder] SLA_SCAN cases=1 respRemind=0 respEsc=0 closureRemind=0 closureEsc=0 surveyExpired=0
2026-09-04T07:11:00.689Z [INFO] [slaReminder] SLA_SCAN cases=1 respRemind=0 respEsc=0 closureRemind=0 closureEsc=0 surveyExpired=0
2026-09-04T07:12:00.703Z [INFO] [slaReminder] SLA_SCAN cases=1 respRemind=0 respEsc=0 closureRemind=0 closureEsc=0 surveyExpired=0
2026-09-04T07:13:00.749Z [INFO] [slaReminder] SLA_SCAN cases=1 respRemind=0 respEsc=0 closureRemind=0 closureEsc=0 surveyExpired=0
2026-09-04T07:14:00.756Z [INFO] [slaReminder] SLA_SCAN cases=1 respRemind=0 respEsc=0 closureRemind=0 closureEsc=0 surveyExpired=0
2026-09-04T07:15:00.825Z [INFO] [slaReminder] SLA_SCAN cases=1 respRemind=0 respEsc=0 closureRemind=0 closureEsc=0 surveyExpired=0
2026-09-04T07:16:00.767Z [INFO] [slaReminder] SLA_SCAN cases=1 respRemind=0 respEsc=0 closureRemind=0 closureEsc=0 surveyExpired=0
2026-09-04T07:17:00.806Z [INFO] [slaReminder] SLA_SCAN cases=1 respRemind=0 respEsc=0 closureRemind=0 closureEsc=0 surveyExpired=0
2026-09-04T07:18:00.825Z [INFO] [slaReminder] SLA_SCAN cases=1 respRemind=0 respEsc=0 closureRemind=0 closureEsc=0 surveyExpired=0
2026-09-04T07:19:00.845Z [INFO] [slaReminder] SLA_SCAN cases=1 respRemind=0 respEsc=0 closureRemind=0 closureEsc=0 surveyExpired=0
2026-09-04T07:20:00.879Z [INFO] [slaReminder] SLA_SCAN cases=1 respRemind=0 respEsc=0 closureRemind=0 closureEsc=0 surveyExpired=0
2026-09-04T07:21:00.887Z [INFO] [slaReminder] SLA_SCAN cases=1 respRemind=0 respEsc=0 closureRemind=0 closureEsc=0 surveyExpired=0
2026-09-04T07:22:00.890Z [INFO] [slaReminder] SLA_SCAN cases=1 respRemind=0 respEsc=0 closureRemind=0 closureEsc=0 surveyExpired=0
2026-09-04T07:23:00.906Z [INFO] [slaReminder] SLA_SCAN cases=1 respRemind=0 respEsc=0 closureRemind=0 closureEsc=0 surveyExpired=0
2026-09-04T07:24:00.939Z [INFO] [slaReminder] SLA_SCAN cases=1 respRemind=0 respEsc=0 closureRemind=0 closureEsc=0 surveyExpired=0
2026-09-04T07:25:00.947Z [INFO] [slaReminder] SLA_SCAN cases=1 respRemind=0 respEsc=0 closureRemind=0 closureEsc=0 surveyExpired=0
2026-09-04T07:26:00.956Z [INFO] [slaReminder] SLA_SCAN cases=1 respRemind=0 respEsc=0 closureRemind=0 closureEsc=0 surveyExpired=0
2026-09-04T07:27:00.961Z [INFO] [slaReminder] SLA_SCAN cases=1 respRemind=0 respEsc=0 closureRemind=0 closureEsc=0 surveyExpired=0
2026-09-04T07:28:00.970Z [INFO] [slaReminder] SLA_SCAN cases=1 respRemind=0 respEsc=0 closureRemind=0 closureEsc=0 surveyExpired=0
2026-09-04T07:29:01.221Z [INFO] [slaReminder] SLA_SCAN cases=1 respRemind=0 respEsc=0 closureRemind=0 closureEsc=0 surveyExpired=0
2026-09-04T07:30:01.227Z [INFO] [slaReminder] SLA_SCAN cases=1 respRemind=0 respEsc=0 closureRemind=0 closureEsc=0 surveyExpired=0
2026-09-04T07:31:01.233Z [INFO] [slaReminder] SLA_SCAN cases=1 respRemind=0 respEsc=0 closureRemind=0 closureEsc=0 surveyExpired=0
2026-09-04T07:32:01.241Z [INFO] [slaReminder] SLA_SCAN cases=1 respRemind=0 respEsc=0 closureRemind=0 closureEsc=0 surveyExpired=0
2026-09-04T07:33:01.250Z [INFO] [slaReminder] SLA_SCAN cases=1 respRemind=0 respEsc=0 closureRemind=0 closureEsc=0 surveyExpired=0
2026-09-04T07:34:01.263Z [INFO] [slaReminder] SLA_SCAN cases=1 respRemind=0 respEsc=0 closureRemind=0 closureEsc=0 surveyExpired=0
2026-09-04T07:35:01.271Z [INFO] [slaReminder] SLA_SCAN cases=1 respRemind=0 respEsc=0 closureRemind=0 closureEsc=0 surveyExpired=0
2026-09-04T07:36:01.273Z [INFO] [slaReminder] SLA_SCAN cases=1 respRemind=0 respEsc=0 closureRemind=0 closureEsc=0 surveyExpired=0
2026-09-04T07:37:01.275Z [INFO] [slaReminder] SLA_SCAN cases=1 respRemind=0 respEsc=0 closureRemind=0 closureEsc=0 surveyExpired=0
2026-09-04T07:38:01.287Z [INFO] [slaReminder] SLA_SCAN cases=1 respRemind=0 respEsc=0 closureRemind=0 closureEsc=0 surveyExpired=0
2026-09-04T07:39:01.295Z [INFO] [slaReminder] SLA_SCAN cases=1 respRemind=0 respEsc=0 closureRemind=0 closureEsc=0 surveyExpired=0
2026-09-04T07:40:01.380Z [INFO] [slaReminder] SLA_SCAN cases=1 respRemind=0 respEsc=0 closureRemind=0 closureEsc=0 surveyExpired=0
2026-09-04T07:41:01.393Z [INFO] [slaReminder] SLA_SCAN cases=1 respRemind=0 respEsc=0 closureRemind=0 closureEsc=0 surveyExpired=0
2026-09-04T07:42:01.418Z [INFO] [slaReminder] SLA_SCAN cases=1 respRemind=0 respEsc=0 closureRemind=0 closureEsc=0 surveyExpired=0
2026-09-04T07:43:01.429Z [INFO] [slaReminder] SLA_SCAN cases=1 respRemind=0 respEsc=0 closureRemind=0 closureEsc=0 surveyExpired=0
2026-09-04T07:44:01.481Z [INFO] [slaReminder] SLA_SCAN cases=1 respRemind=0 respEsc=0 closureRemind=0 closureEsc=0 surveyExpired=0
2026-09-04T07:45:01.488Z [INFO] [slaReminder] SLA_SCAN cases=1 respRemind=0 respEsc=0 closureRemind=0 closureEsc=0 surveyExpired=0
2026-09-04T07:46:01.575Z [INFO] [slaReminder] SLA_SCAN cases=1 respRemind=0 respEsc=0 closureRemind=0 closureEsc=0 surveyExpired=0
2026-09-04T07:47:01.584Z [INFO] [slaReminder] SLA_SCAN cases=1 respRemind=0 respEsc=0 closureRemind=0 closureEsc=0 surveyExpired=0
2026-09-04T07:48:01.668Z [INFO] [slaReminder] SLA_SCAN cases=1 respRemind=0 respEsc=0 closureRemind=0 closureEsc=0 surveyExpired=0
2026-09-04T07:49:01.698Z [INFO] [slaReminder] SLA_SCAN cases=1 respRemind=0 respEsc=0 closureRemind=0 closureEsc=0 surveyExpired=0
2026-09-04T07:50:01.822Z [INFO] [slaReminder] SLA_SCAN cases=1 respRemind=0 respEsc=0 closureRemind=0 closureEsc=0 surveyExpired=0
2026-09-04T07:51:02.030Z [INFO] [slaReminder] SLA_SCAN cases=1 respRemind=0 respEsc=0 closureRemind=0 closureEsc=0 surveyExpired=0
2026-09-04T07:52:02.085Z [INFO] [slaReminder] SLA_SCAN cases=1 respRemind=0 respEsc=0 closureRemind=0 closureEsc=0 surveyExpired=0
2026-09-04T07:53:02.167Z [INFO] [slaReminder] SLA_SCAN cases=1 respRemind=0 respEsc=0 closureRemind=0 closureEsc=0 surveyExpired=0
2026-09-04T07:54:02.226Z [INFO] [slaReminder] SLA_SCAN cases=1 respRemind=0 respEsc=0 closureRemind=0 closureEsc=0 surveyExpired=0
2026-09-04T07:55:02.256Z [INFO] [slaReminder] SLA_SCAN cases=1 respRemind=0 respEsc=0 closureRemind=0 closureEsc=0 surveyExpired=0
2026-09-04T07:56:02.269Z [INFO] [slaReminder] SLA_SCAN cases=1 respRemind=0 respEsc=0 closureRemind=0 closureEsc=0 surveyExpired=0
2026-09-04T07:57:02.280Z [INFO] [slaReminder] SLA_SCAN cases=1 respRemind=0 respEsc=0 closureRemind=0 closureEsc=0 surveyExpired=0
2026-09-04T07:58:02.479Z [INFO] [slaReminder] SLA_SCAN cases=1 respRemind=0 respEsc=0 closureRemind=0 closureEsc=0 surveyExpired=0
2026-09-04T07:59:02.493Z [INFO] [slaReminder] SLA_SCAN cases=1 respRemind=0 respEsc=0 closureRemind=0 closureEsc=0 surveyExpired=0
2026-09-04T08:00:02.509Z [INFO] [slaReminder] SLA_SCAN cases=1 respRemind=0 respEsc=0 closureRemind=0 closureEsc=0 surveyExpired=0
2026-09-04T08:01:02.517Z [INFO] [slaReminder] SLA_SCAN cases=1 respRemind=0 respEsc=0 closureRemind=0 closureEsc=0 surveyExpired=0
2026-09-04T08:02:02.519Z [INFO] [slaReminder] SLA_SCAN cases=1 respRemind=0 respEsc=0 closureRemind=0 closureEsc=0 surveyExpired=0
2026-09-04T08:03:02.533Z [INFO] [slaReminder] SLA_SCAN cases=1 respRemind=0 respEsc=0 closureRemind=0 closureEsc=0 surveyExpired=0
2026-09-04T08:04:02.584Z [INFO] [slaReminder] SLA_SCAN cases=1 respRemind=0 respEsc=0 closureRemind=0 closureEsc=0 surveyExpired=0
2026-09-04T08:05:02.601Z [INFO] [slaReminder] SLA_SCAN cases=1 respRemind=0 respEsc=0 closureRemind=0 closureEsc=0 surveyExpired=0
2026-09-04T08:06:02.603Z [INFO] [slaReminder] SLA_SCAN cases=1 respRemind=0 respEsc=0 closureRemind=0 closureEsc=0 surveyExpired=0
2026-09-04T08:07:02.603Z [INFO] [slaReminder] SLA_SCAN cases=1 respRemind=0 respEsc=0 closureRemind=0 closureEsc=0 surveyExpired=0
2026-09-04T08:08:02.604Z [INFO] [slaReminder] SLA_SCAN cases=1 respRemind=0 respEsc=0 closureRemind=0 closureEsc=0 surveyExpired=0
2026-09-04T08:09:02.628Z [INFO] [slaReminder] SLA_SCAN cases=1 respRemind=0 respEsc=0 closureRemind=0 closureEsc=0 surveyExpired=0
2026-09-04T08:10:02.638Z [INFO] [slaReminder] SLA_SCAN cases=1 respRemind=0 respEsc=0 closureRemind=0 closureEsc=0 surveyExpired=0
2026-09-04T08:11:02.649Z [INFO] [slaReminder] SLA_SCAN cases=1 respRemind=0 respEsc=0 closureRemind=0 closureEsc=0 surveyExpired=0
2026-09-04T08:12:02.656Z [INFO] [slaReminder] SLA_SCAN cases=1 respRemind=0 respEsc=0 closureRemind=0 closureEsc=0 surveyExpired=0
2026-09-04T08:13:02.676Z [INFO] [slaReminder] SLA_SCAN cases=1 respRemind=0 respEsc=0 closureRemind=0 closureEsc=0 surveyExpired=0
2026-09-04T08:14:02.688Z [INFO] [slaReminder] SLA_SCAN cases=1 respRemind=0 respEsc=0 closureRemind=0 closureEsc=0 surveyExpired=0
2026-09-04T08:15:02.697Z [INFO] [slaReminder] SLA_SCAN cases=1 respRemind=0 respEsc=0 closureRemind=0 closureEsc=0 surveyExpired=0
2026-09-04T08:16:02.706Z [INFO] [slaReminder] SLA_SCAN cases=1 respRemind=0 respEsc=0 closureRemind=0 closureEsc=0 surveyExpired=0
2026-09-04T08:17:02.720Z [INFO] [slaReminder] SLA_SCAN cases=1 respRemind=0 respEsc=0 closureRemind=0 closureEsc=0 surveyExpired=0
2026-09-04T08:18:02.736Z [INFO] [slaReminder] SLA_SCAN cases=1 respRemind=0 respEsc=0 closureRemind=0 closureEsc=0 surveyExpired=0
2026-09-04T08:19:02.747Z [INFO] [slaReminder] SLA_SCAN cases=1 respRemind=0 respEsc=0 closureRemind=0 closureEsc=0 surveyExpired=0
2026-09-04T08:20:02.762Z [INFO] [slaReminder] SLA_SCAN cases=1 respRemind=0 respEsc=0 closureRemind=0 closureEsc=0 surveyExpired=0
2026-09-04T08:21:02.775Z [INFO] [slaReminder] SLA_SCAN cases=1 respRemind=0 respEsc=0 closureRemind=0 closureEsc=0 surveyExpired=0
2026-09-04T08:22:02.782Z [INFO] [slaReminder] SLA_SCAN cases=1 respRemind=0 respEsc=0 closureRemind=0 closureEsc=0 surveyExpired=0
2026-09-04T08:23:02.798Z [INFO] [slaReminder] SLA_SCAN cases=1 respRemind=0 respEsc=0 closureRemind=0 closureEsc=0 surveyExpired=0
2026-09-04T08:24:02.807Z [INFO] [slaReminder] SLA_SCAN cases=1 respRemind=0 respEsc=0 closureRemind=0 closureEsc=0 surveyExpired=0
2026-09-04T08:25:02.815Z [INFO] [slaReminder] SLA_SCAN cases=1 respRemind=0 respEsc=0 closureRemind=0 closureEsc=0 surveyExpired=0
2026-09-04T08:26:02.876Z [INFO] [slaReminder] SLA_SCAN cases=1 respRemind=0 respEsc=0 closureRemind=0 closureEsc=0 surveyExpired=0
2026-09-04T08:27:02.882Z [INFO] [slaReminder] SLA_SCAN cases=1 respRemind=0 respEsc=0 closureRemind=0 closureEsc=0 surveyExpired=0
2026-09-04T08:28:02.895Z [INFO] [slaReminder] SLA_SCAN cases=1 respRemind=0 respEsc=0 closureRemind=0 closureEsc=0 surveyExpired=0
2026-09-04T08:29:02.912Z [INFO] [slaReminder] SLA_SCAN cases=1 respRemind=0 respEsc=0 closureRemind=0 closureEsc=0 surveyExpired=0
2026-09-04T08:30:02.919Z [INFO] [slaReminder] SLA_SCAN cases=1 respRemind=0 respEsc=0 closureRemind=0 closureEsc=0 surveyExpired=0
2026-09-04T08:31:02.928Z [INFO] [slaReminder] SLA_SCAN cases=1 respRemind=0 respEsc=0 closureRemind=0 closureEsc=0 surveyExpired=0
2026-09-04T08:32:02.943Z [INFO] [slaReminder] SLA_SCAN cases=1 respRemind=0 respEsc=0 closureRemind=0 closureEsc=0 surveyExpired=0
2026-09-04T08:33:02.946Z [INFO] [slaReminder] SLA_SCAN cases=1 respRemind=0 respEsc=0 closureRemind=0 closureEsc=0 surveyExpired=0
2026-09-04T08:34:02.959Z [INFO] [slaReminder] SLA_SCAN cases=1 respRemind=0 respEsc=0 closureRemind=0 closureEsc=0 surveyExpired=0
2026-09-04T08:35:02.965Z [INFO] [slaReminder] SLA_SCAN cases=1 respRemind=0 respEsc=0 closureRemind=0 closureEsc=0 surveyExpired=0
2026-09-04T08:36:02.974Z [INFO] [slaReminder] SLA_SCAN cases=1 respRemind=0 respEsc=0 closureRemind=0 closureEsc=0 surveyExpired=0
2026-09-04T08:37:02.977Z [INFO] [slaReminder] SLA_SCAN cases=1 respRemind=0 respEsc=0 closureRemind=0 closureEsc=0 surveyExpired=0
2026-09-04T08:38:02.989Z [INFO] [slaReminder] SLA_SCAN cases=1 respRemind=0 respEsc=0 closureRemind=0 closureEsc=0 surveyExpired=0
2026-09-04T08:39:03.000Z [INFO] [slaReminder] SLA_SCAN cases=1 respRemind=0 respEsc=0 closureRemind=0 closureEsc=0 surveyExpired=0
2026-09-04T08:40:03.012Z [INFO] [slaReminder] SLA_SCAN cases=1 respRemind=0 respEsc=0 closureRemind=0 closureEsc=0 surveyExpired=0
2026-09-04T08:41:03.013Z [INFO] [slaReminder] SLA_SCAN cases=1 respRemind=0 respEsc=0 closureRemind=0 closureEsc=0 surveyExpired=0
2026-09-04T08:42:03.019Z [INFO] [slaReminder] SLA_SCAN cases=1 respRemind=0 respEsc=0 closureRemind=0 closureEsc=0 surveyExpired=0
2026-09-04T08:43:03.036Z [INFO] [slaReminder] SLA_SCAN cases=1 respRemind=0 respEsc=0 closureRemind=0 closureEsc=0 surveyExpired=0
2026-09-04T08:44:03.058Z [INFO] [slaReminder] SLA_SCAN cases=1 respRemind=0 respEsc=0 closureRemind=0 closureEsc=0 surveyExpired=0
2026-09-04T08:45:03.050Z [INFO] [slaReminder] SLA_SCAN cases=1 respRemind=0 respEsc=0 closureRemind=0 closureEsc=0 surveyExpired=0
2026-09-04T08:46:03.080Z [INFO] [slaReminder] SLA_SCAN cases=1 respRemind=0 respEsc=0 closureRemind=0 closureEsc=0 surveyExpired=0
2026-09-04T08:47:03.090Z [INFO] [slaReminder] SLA_SCAN cases=1 respRemind=0 respEsc=0 closureRemind=0 closureEsc=0 surveyExpired=0
2026-09-04T08:48:04.087Z [INFO] [slaReminder] SLA_SCAN cases=1 respRemind=0 respEsc=0 closureRemind=0 closureEsc=0 surveyExpired=0
2026-09-04T08:49:03.110Z [INFO] [slaReminder] SLA_SCAN cases=1 respRemind=0 respEsc=0 closureRemind=0 closureEsc=0 surveyExpired=0
2026-09-04T08:50:03.117Z [INFO] [slaReminder] SLA_SCAN cases=1 respRemind=0 respEsc=0 closureRemind=0 closureEsc=0 surveyExpired=0
2026-09-04T08:51:03.144Z [INFO] [slaReminder] SLA_SCAN cases=1 respRemind=0 respEsc=0 closureRemind=0 closureEsc=0 surveyExpired=0
2026-09-04T08:52:03.154Z [INFO] [slaReminder] SLA_SCAN cases=1 respRemind=0 respEsc=0 closureRemind=0 closureEsc=0 surveyExpired=0
2026-09-04T08:53:03.166Z [INFO] [slaReminder] SLA_SCAN cases=1 respRemind=0 respEsc=0 closureRemind=0 closureEsc=0 surveyExpired=0
2026-09-04T08:54:03.178Z [INFO] [slaReminder] SLA_SCAN cases=1 respRemind=0 respEsc=0 closureRemind=0 closureEsc=0 surveyExpired=0
2026-09-04T08:55:03.192Z [INFO] [slaReminder] SLA_SCAN cases=1 respRemind=0 respEsc=0 closureRemind=0 closureEsc=0 surveyExpired=0
2026-09-04T08:56:03.202Z [INFO] [slaReminder] SLA_SCAN cases=1 respRemind=0 respEsc=0 closureRemind=0 closureEsc=0 surveyExpired=0
2026-09-04T08:57:03.208Z [INFO] [slaReminder] SLA_SCAN cases=1 respRemind=0 respEsc=0 closureRemind=0 closureEsc=0 surveyExpired=0
2026-09-04T08:58:03.223Z [INFO] [slaReminder] SLA_SCAN cases=1 respRemind=0 respEsc=0 closureRemind=0 closureEsc=0 surveyExpired=0
2026-09-04T08:59:03.232Z [INFO] [slaReminder] SLA_SCAN cases=1 respRemind=0 respEsc=0 closureRemind=0 closureEsc=0 surveyExpired=0
2026-09-04T09:00:03.238Z [INFO] [slaReminder] SLA_SCAN cases=1 respRemind=0 respEsc=0 closureRemind=0 closureEsc=0 surveyExpired=0
2026-09-04T09:01:03.238Z [INFO] [slaReminder] SLA_SCAN cases=1 respRemind=0 respEsc=0 closureRemind=0 closureEsc=0 surveyExpired=0
2026-09-04T09:02:03.251Z [INFO] [slaReminder] SLA_SCAN cases=1 respRemind=0 respEsc=0 closureRemind=0 closureEsc=0 surveyExpired=0
2026-09-04T09:03:03.306Z [INFO] [slaReminder] SLA_SCAN cases=1 respRemind=0 respEsc=0 closureRemind=0 closureEsc=0 surveyExpired=0
2026-09-04T09:04:03.316Z [INFO] [slaReminder] SLA_SCAN cases=1 respRemind=0 respEsc=0 closureRemind=0 closureEsc=0 surveyExpired=0
2026-09-04T09:05:03.325Z [INFO] [slaReminder] SLA_SCAN cases=1 respRemind=0 respEsc=0 closureRemind=0 closureEsc=0 surveyExpired=0
2026-09-04T09:06:03.330Z [INFO] [slaReminder] SLA_SCAN cases=1 respRemind=0 respEsc=0 closureRemind=0 closureEsc=0 surveyExpired=0
2026-09-04T09:07:03.340Z [INFO] [slaReminder] SLA_SCAN cases=1 respRemind=0 respEsc=0 closureRemind=0 closureEsc=0 surveyExpired=0
2026-09-04T09:08:03.354Z [INFO] [slaReminder] SLA_SCAN cases=1 respRemind=0 respEsc=0 closureRemind=0 closureEsc=0 surveyExpired=0
2026-09-04T09:09:03.367Z [INFO] [slaReminder] SLA_SCAN cases=1 respRemind=0 respEsc=0 closureRemind=0 closureEsc=0 surveyExpired=0
2026-09-04T09:10:03.370Z [INFO] [slaReminder] SLA_SCAN cases=1 respRemind=0 respEsc=0 closureRemind=0 closureEsc=0 surveyExpired=0
2026-09-04T09:11:03.383Z [INFO] [slaReminder] SLA_SCAN cases=1 respRemind=0 respEsc=0 closureRemind=0 closureEsc=0 surveyExpired=0
2026-09-04T09:12:03.397Z [INFO] [slaReminder] SLA_SCAN cases=1 respRemind=0 respEsc=0 closureRemind=0 closureEsc=0 surveyExpired=0
2026-09-04T09:13:03.402Z [INFO] [slaReminder] SLA_SCAN cases=1 respRemind=0 respEsc=0 closureRemind=0 closureEsc=0 surveyExpired=0
2026-09-04T09:14:03.434Z [INFO] [slaReminder] SLA_SCAN cases=1 respRemind=0 respEsc=0 closureRemind=0 closureEsc=0 surveyExpired=0
2026-09-04T09:15:03.442Z [INFO] [slaReminder] SLA_SCAN cases=1 respRemind=0 respEsc=0 closureRemind=0 closureEsc=0 surveyExpired=0
2026-09-04T09:16:03.470Z [INFO] [slaReminder] SLA_SCAN cases=1 respRemind=0 respEsc=0 closureRemind=0 closureEsc=0 surveyExpired=0
2026-09-04T09:17:03.567Z [INFO] [slaReminder] SLA_SCAN cases=1 respRemind=0 respEsc=0 closureRemind=0 closureEsc=0 surveyExpired=0
2026-09-04T09:18:03.622Z [INFO] [slaReminder] SLA_SCAN cases=1 respRemind=0 respEsc=0 closureRemind=0 closureEsc=0 surveyExpired=0
2026-09-04T09:19:03.636Z [INFO] [slaReminder] SLA_SCAN cases=1 respRemind=0 respEsc=0 closureRemind=0 closureEsc=0 surveyExpired=0
2026-09-04T09:20:03.639Z [INFO] [slaReminder] SLA_SCAN cases=1 respRemind=0 respEsc=0 closureRemind=0 closureEsc=0 surveyExpired=0
2026-09-04T09:21:03.656Z [INFO] [slaReminder] SLA_SCAN cases=1 respRemind=0 respEsc=0 closureRemind=0 closureEsc=0 surveyExpired=0
2026-09-04T09:22:03.666Z [INFO] [slaReminder] SLA_SCAN cases=1 respRemind=0 respEsc=0 closureRemind=0 closureEsc=0 surveyExpired=0
2026-09-04T09:23:03.686Z [INFO] [slaReminder] SLA_SCAN cases=1 respRemind=0 respEsc=0 closureRemind=0 closureEsc=0 surveyExpired=0
2026-09-04T09:24:03.684Z [INFO] [slaReminder] SLA_SCAN cases=1 respRemind=0 respEsc=0 closureRemind=0 closureEsc=0 surveyExpired=0
2026-09-04T09:25:03.690Z [INFO] [slaReminder] SLA_SCAN cases=1 respRemind=0 respEsc=0 closureRemind=0 closureEsc=0 surveyExpired=0
2026-09-04T09:26:03.697Z [INFO] [slaReminder] SLA_SCAN cases=1 respRemind=0 respEsc=0 closureRemind=0 closureEsc=0 surveyExpired=0
2026-09-04T09:27:03.707Z [INFO] [slaReminder] SLA_SCAN cases=1 respRemind=0 respEsc=0 closureRemind=0 closureEsc=0 surveyExpired=0
2026-09-04T09:28:03.713Z [INFO] [slaReminder] SLA_SCAN cases=1 respRemind=0 respEsc=0 closureRemind=0 closureEsc=0 surveyExpired=0
2026-09-04T09:29:03.780Z [INFO] [slaReminder] SLA_SCAN cases=1 respRemind=0 respEsc=0 closureRemind=0 closureEsc=0 surveyExpired=0
2026-09-04T09:30:03.792Z [INFO] [slaReminder] SLA_SCAN cases=1 respRemind=0 respEsc=0 closureRemind=0 closureEsc=0 surveyExpired=0
2026-09-04T09:31:03.793Z [INFO] [slaReminder] SLA_SCAN cases=1 respRemind=0 respEsc=0 closureRemind=0 closureEsc=0 surveyExpired=0
2026-09-04T09:32:03.801Z [INFO] [slaReminder] SLA_SCAN cases=1 respRemind=0 respEsc=0 closureRemind=0 closureEsc=0 surveyExpired=0
2026-09-04T09:33:03.807Z [INFO] [slaReminder] SLA_SCAN cases=1 respRemind=0 respEsc=0 closureRemind=0 closureEsc=0 surveyExpired=0
2026-09-04T09:34:03.815Z [INFO] [slaReminder] SLA_SCAN cases=1 respRemind=0 respEsc=0 closureRemind=0 closureEsc=0 surveyExpired=0
2026-09-04T09:35:03.815Z [INFO] [slaReminder] SLA_SCAN cases=1 respRemind=0 respEsc=0 closureRemind=0 closureEsc=0 surveyExpired=0
2026-09-04T09:36:03.834Z [INFO] [slaReminder] SLA_SCAN cases=1 respRemind=0 respEsc=0 closureRemind=0 closureEsc=0 surveyExpired=0
2026-09-04T09:37:03.832Z [INFO] [slaReminder] SLA_SCAN cases=1 respRemind=0 respEsc=0 closureRemind=0 closureEsc=0 surveyExpired=0
2026-09-04T09:38:03.834Z [INFO] [slaReminder] SLA_SCAN cases=1 respRemind=0 respEsc=0 closureRemind=0 closureEsc=0 surveyExpired=0
2026-09-04T09:39:03.851Z [INFO] [slaReminder] SLA_SCAN cases=1 respRemind=0 respEsc=0 closureRemind=0 closureEsc=0 surveyExpired=0
2026-09-04T09:40:03.862Z [INFO] [slaReminder] SLA_SCAN cases=1 respRemind=0 respEsc=0 closureRemind=0 closureEsc=0 surveyExpired=0
2026-09-04T09:41:03.871Z [INFO] [slaReminder] SLA_SCAN cases=1 respRemind=0 respEsc=0 closureRemind=0 closureEsc=0 surveyExpired=0
2026-09-04T09:42:03.889Z [INFO] [slaReminder] SLA_SCAN cases=1 respRemind=0 respEsc=0 closureRemind=0 closureEsc=0 surveyExpired=0
2026-09-04T09:43:03.903Z [INFO] [slaReminder] SLA_SCAN cases=1 respRemind=0 respEsc=0 closureRemind=0 closureEsc=0 surveyExpired=0
2026-09-04T09:44:03.915Z [INFO] [slaReminder] SLA_SCAN cases=1 respRemind=0 respEsc=0 closureRemind=0 closureEsc=0 surveyExpired=0
2026-09-04T09:45:03.937Z [INFO] [slaReminder] SLA_SCAN cases=1 respRemind=0 respEsc=0 closureRemind=0 closureEsc=0 surveyExpired=0
2026-09-04T09:46:03.933Z [INFO] [slaReminder] SLA_SCAN cases=1 respRemind=0 respEsc=0 closureRemind=0 closureEsc=0 surveyExpired=0
2026-09-04T09:47:03.943Z [INFO] [slaReminder] SLA_SCAN cases=1 respRemind=0 respEsc=0 closureRemind=0 closureEsc=0 surveyExpired=0
2026-09-04T09:48:03.956Z [INFO] [slaReminder] SLA_SCAN cases=1 respRemind=0 respEsc=0 closureRemind=0 closureEsc=0 surveyExpired=0
2026-09-04T09:49:03.970Z [INFO] [slaReminder] SLA_SCAN cases=1 respRemind=0 respEsc=0 closureRemind=0 closureEsc=0 surveyExpired=0
2026-09-04T09:50:03.990Z [INFO] [slaReminder] SLA_SCAN cases=1 respRemind=0 respEsc=0 closureRemind=0 closureEsc=0 surveyExpired=0
2026-09-04T09:51:03.994Z [INFO] [slaReminder] SLA_SCAN cases=1 respRemind=0 respEsc=0 closureRemind=0 closureEsc=0 surveyExpired=0
2026-09-04T09:52:03.999Z [INFO] [slaReminder] SLA_SCAN cases=1 respRemind=0 respEsc=0 closureRemind=0 closureEsc=0 surveyExpired=0
2026-09-04T09:53:04.010Z [INFO] [slaReminder] SLA_SCAN cases=1 respRemind=0 respEsc=0 closureRemind=0 closureEsc=0 surveyExpired=0
2026-09-04T09:54:04.021Z [INFO] [slaReminder] SLA_SCAN cases=1 respRemind=0 respEsc=0 closureRemind=0 closureEsc=0 surveyExpired=0
2026-09-04T09:55:04.036Z [INFO] [slaReminder] SLA_SCAN cases=1 respRemind=0 respEsc=0 closureRemind=0 closureEsc=0 surveyExpired=0
2026-09-04T09:56:04.042Z [INFO] [slaReminder] SLA_SCAN cases=1 respRemind=0 respEsc=0 closureRemind=0 closureEsc=0 surveyExpired=0
2026-09-04T09:57:04.050Z [INFO] [slaReminder] SLA_SCAN cases=1 respRemind=0 respEsc=0 closureRemind=0 closureEsc=0 surveyExpired=0
2026-09-04T09:58:04.061Z [INFO] [slaReminder] SLA_SCAN cases=1 respRemind=0 respEsc=0 closureRemind=0 closureEsc=0 surveyExpired=0
2026-09-04T09:59:04.070Z [INFO] [slaReminder] SLA_SCAN cases=1 respRemind=0 respEsc=0 closureRemind=0 closureEsc=0 surveyExpired=0
2026-09-04T10:00:04.072Z [INFO] [slaReminder] SLA_SCAN cases=1 respRemind=0 respEsc=0 closureRemind=0 closureEsc=0 surveyExpired=0
2026-09-04T10:01:04.079Z [INFO] [slaReminder] SLA_SCAN cases=1 respRemind=0 respEsc=0 closureRemind=0 closureEsc=0 surveyExpired=0
2026-09-04T10:02:04.085Z [INFO] [slaReminder] SLA_SCAN cases=1 respRemind=0 respEsc=0 closureRemind=0 closureEsc=0 surveyExpired=0
2026-09-04T10:03:04.094Z [INFO] [slaReminder] SLA_SCAN cases=1 respRemind=0 respEsc=0 closureRemind=0 closureEsc=0 surveyExpired=0
2026-09-04T10:04:04.108Z [INFO] [slaReminder] SLA_SCAN cases=1 respRemind=0 respEsc=0 closureRemind=0 closureEsc=0 surveyExpired=0
2026-09-04T10:05:04.121Z [INFO] [slaReminder] SLA_SCAN cases=1 respRemind=0 respEsc=0 closureRemind=0 closureEsc=0 surveyExpired=0
2026-09-04T10:06:04.125Z [INFO] [slaReminder] SLA_SCAN cases=1 respRemind=0 respEsc=0 closureRemind=0 closureEsc=0 surveyExpired=0
2026-09-04T10:07:04.131Z [INFO] [slaReminder] SLA_SCAN cases=1 respRemind=0 respEsc=0 closureRemind=0 closureEsc=0 surveyExpired=0
2026-09-04T10:08:04.133Z [INFO] [slaReminder] SLA_SCAN cases=1 respRemind=0 respEsc=0 closureRemind=0 closureEsc=0 surveyExpired=0
2026-09-04T10:09:04.137Z [INFO] [slaReminder] SLA_SCAN cases=1 respRemind=0 respEsc=0 closureRemind=0 closureEsc=0 surveyExpired=0
2026-09-04T10:10:04.142Z [INFO] [slaReminder] SLA_SCAN cases=1 respRemind=0 respEsc=0 closureRemind=0 closureEsc=0 surveyExpired=0
2026-09-04T10:11:04.143Z [INFO] [slaReminder] SLA_SCAN cases=1 respRemind=0 respEsc=0 closureRemind=0 closureEsc=0 surveyExpired=0
2026-09-04T10:12:04.145Z [INFO] [slaReminder] SLA_SCAN cases=1 respRemind=0 respEsc=0 closureRemind=0 closureEsc=0 surveyExpired=0
2026-09-04T10:13:04.158Z [INFO] [slaReminder] SLA_SCAN cases=1 respRemind=0 respEsc=0 closureRemind=0 closureEsc=0 surveyExpired=0
2026-09-04T10:14:04.160Z [INFO] [slaReminder] SLA_SCAN cases=1 respRemind=0 respEsc=0 closureRemind=0 closureEsc=0 surveyExpired=0
2026-09-04T10:15:04.163Z [INFO] [slaReminder] SLA_SCAN cases=1 respRemind=0 respEsc=0 closureRemind=0 closureEsc=0 surveyExpired=0
2026-09-04T10:16:04.166Z [INFO] [slaReminder] SLA_SCAN cases=1 respRemind=0 respEsc=0 closureRemind=0 closureEsc=0 surveyExpired=0
2026-09-04T10:17:04.168Z [INFO] [slaReminder] SLA_SCAN cases=1 respRemind=0 respEsc=0 closureRemind=0 closureEsc=0 surveyExpired=0
2026-09-04T10:18:04.176Z [INFO] [slaReminder] SLA_SCAN cases=1 respRemind=0 respEsc=0 closureRemind=0 closureEsc=0 surveyExpired=0
2026-09-04T10:19:04.185Z [INFO] [slaReminder] SLA_SCAN cases=1 respRemind=0 respEsc=0 closureRemind=0 closureEsc=0 surveyExpired=0
2026-09-04T10:20:04.192Z [INFO] [slaReminder] SLA_SCAN cases=1 respRemind=0 respEsc=0 closureRemind=0 closureEsc=0 surveyExpired=0
2026-09-04T10:21:04.196Z [INFO] [slaReminder] SLA_SCAN cases=1 respRemind=0 respEsc=0 closureRemind=0 closureEsc=0 surveyExpired=0
2026-09-04T10:22:04.200Z [INFO] [slaReminder] SLA_SCAN cases=1 respRemind=0 respEsc=0 closureRemind=0 closureEsc=0 surveyExpired=0
2026-09-04T10:23:04.212Z [INFO] [slaReminder] SLA_SCAN cases=1 respRemind=0 respEsc=0 closureRemind=0 closureEsc=0 surveyExpired=0
2026-09-04T10:24:04.217Z [INFO] [slaReminder] SLA_SCAN cases=1 respRemind=0 respEsc=0 closureRemind=0 closureEsc=0 surveyExpired=0
2026-09-04T10:25:04.232Z [INFO] [slaReminder] SLA_SCAN cases=1 respRemind=0 respEsc=0 closureRemind=0 closureEsc=0 surveyExpired=0
2026-09-04T10:26:04.234Z [INFO] [slaReminder] SLA_SCAN cases=1 respRemind=0 respEsc=0 closureRemind=0 closureEsc=0 surveyExpired=0
2026-09-04T10:27:04.240Z [INFO] [slaReminder] SLA_SCAN cases=1 respRemind=0 respEsc=0 closureRemind=0 closureEsc=0 surveyExpired=0
2026-09-04T10:28:04.251Z [INFO] [slaReminder] SLA_SCAN cases=1 respRemind=0 respEsc=0 closureRemind=0 closureEsc=0 surveyExpired=0
2026-09-04T10:29:04.256Z [INFO] [slaReminder] SLA_SCAN cases=1 respRemind=0 respEsc=0 closureRemind=0 closureEsc=0 surveyExpired=0
2026-09-04T10:30:04.263Z [INFO] [slaReminder] SLA_SCAN cases=1 respRemind=0 respEsc=0 closureRemind=0 closureEsc=0 surveyExpired=0
2026-09-04T10:31:04.271Z [INFO] [slaReminder] SLA_SCAN cases=1 respRemind=0 respEsc=0 closureRemind=0 closureEsc=0 surveyExpired=0
2026-09-04T10:32:04.275Z [INFO] [slaReminder] SLA_SCAN cases=1 respRemind=0 respEsc=0 closureRemind=0 closureEsc=0 surveyExpired=0
2026-09-04T10:33:04.286Z [INFO] [slaReminder] SLA_SCAN cases=1 respRemind=0 respEsc=0 closureRemind=0 closureEsc=0 surveyExpired=0
2026-09-04T10:34:04.298Z [INFO] [slaReminder] SLA_SCAN cases=1 respRemind=0 respEsc=0 closureRemind=0 closureEsc=0 surveyExpired=0
2026-09-04T10:35:04.302Z [INFO] [slaReminder] SLA_SCAN cases=1 respRemind=0 respEsc=0 closureRemind=0 closureEsc=0 surveyExpired=0
2026-09-04T10:36:04.314Z [INFO] [slaReminder] SLA_SCAN cases=1 respRemind=0 respEsc=0 closureRemind=0 closureEsc=0 surveyExpired=0
2026-09-04T10:37:04.324Z [INFO] [slaReminder] SLA_SCAN cases=1 respRemind=0 respEsc=0 closureRemind=0 closureEsc=0 surveyExpired=0
2026-09-04T10:38:04.338Z [INFO] [slaReminder] SLA_SCAN cases=1 respRemind=0 respEsc=0 closureRemind=0 closureEsc=0 surveyExpired=0
2026-09-04T10:39:04.344Z [INFO] [slaReminder] SLA_SCAN cases=1 respRemind=0 respEsc=0 closureRemind=0 closureEsc=0 surveyExpired=0
2026-09-04T10:40:04.349Z [INFO] [slaReminder] SLA_SCAN cases=1 respRemind=0 respEsc=0 closureRemind=0 closureEsc=0 surveyExpired=0
2026-09-04T10:41:04.361Z [INFO] [slaReminder] SLA_SCAN cases=1 respRemind=0 respEsc=0 closureRemind=0 closureEsc=0 surveyExpired=0
2026-09-04T10:42:04.375Z [INFO] [slaReminder] SLA_SCAN cases=1 respRemind=0 respEsc=0 closureRemind=0 closureEsc=0 surveyExpired=0
2026-09-04T10:43:04.388Z [INFO] [slaReminder] SLA_SCAN cases=1 respRemind=0 respEsc=0 closureRemind=0 closureEsc=0 surveyExpired=0
2026-09-04T10:44:04.397Z [INFO] [slaReminder] SLA_SCAN cases=1 respRemind=0 respEsc=0 closureRemind=0 closureEsc=0 surveyExpired=0
2026-09-04T10:45:04.402Z [INFO] [slaReminder] SLA_SCAN cases=1 respRemind=0 respEsc=0 closureRemind=0 closureEsc=0 surveyExpired=0
2026-09-04T10:46:04.413Z [INFO] [slaReminder] SLA_SCAN cases=1 respRemind=0 respEsc=0 closureRemind=0 closureEsc=0 surveyExpired=0
2026-09-04T10:47:04.426Z [INFO] [slaReminder] SLA_SCAN cases=1 respRemind=0 respEsc=0 closureRemind=0 closureEsc=0 surveyExpired=0
2026-09-04T10:48:04.439Z [INFO] [slaReminder] SLA_SCAN cases=1 respRemind=0 respEsc=0 closureRemind=0 closureEsc=0 surveyExpired=0
2026-09-04T10:49:04.452Z [INFO] [slaReminder] SLA_SCAN cases=1 respRemind=0 respEsc=0 closureRemind=0 closureEsc=0 surveyExpired=0
2026-09-04T10:50:04.466Z [INFO] [slaReminder] SLA_SCAN cases=1 respRemind=0 respEsc=0 closureRemind=0 closureEsc=0 surveyExpired=0
2026-09-04T10:51:04.472Z [INFO] [slaReminder] SLA_SCAN cases=1 respRemind=0 respEsc=0 closureRemind=0 closureEsc=0 surveyExpired=0
2026-09-04T10:52:04.480Z [INFO] [slaReminder] SLA_SCAN cases=1 respRemind=0 respEsc=0 closureRemind=0 closureEsc=0 surveyExpired=0
2026-09-04T10:53:04.484Z [INFO] [slaReminder] SLA_SCAN cases=1 respRemind=0 respEsc=0 closureRemind=0 closureEsc=0 surveyExpired=0
2026-09-04T10:54:04.499Z [INFO] [slaReminder] SLA_SCAN cases=1 respRemind=0 respEsc=0 closureRemind=0 closureEsc=0 surveyExpired=0
2026-09-04T10:55:04.501Z [INFO] [slaReminder] SLA_SCAN cases=1 respRemind=0 respEsc=0 closureRemind=0 closureEsc=0 surveyExpired=0
2026-09-04T10:56:04.516Z [INFO] [slaReminder] SLA_SCAN cases=1 respRemind=0 respEsc=0 closureRemind=0 closureEsc=0 surveyExpired=0
2026-09-04T10:57:04.523Z [INFO] [slaReminder] SLA_SCAN cases=1 respRemind=0 respEsc=0 closureRemind=0 closureEsc=0 surveyExpired=0
2026-09-04T10:58:04.523Z [INFO] [slaReminder] SLA_SCAN cases=1 respRemind=0 respEsc=0 closureRemind=0 closureEsc=0 surveyExpired=0
2026-09-04T10:59:04.529Z [INFO] [slaReminder] SLA_SCAN cases=1 respRemind=0 respEsc=0 closureRemind=0 closureEsc=0 surveyExpired=0
2026-09-04T11:00:04.536Z [INFO] [slaReminder] SLA_SCAN cases=1 respRemind=0 respEsc=0 closureRemind=0 closureEsc=0 surveyExpired=0
2026-09-04T11:01:04.545Z [INFO] [slaReminder] SLA_SCAN cases=1 respRemind=0 respEsc=0 closureRemind=0 closureEsc=0 surveyExpired=0
2026-09-04T11:02:04.555Z [INFO] [slaReminder] SLA_SCAN cases=1 respRemind=0 respEsc=0 closureRemind=0 closureEsc=0 surveyExpired=0
2026-09-04T11:03:04.569Z [INFO] [slaReminder] SLA_SCAN cases=1 respRemind=0 respEsc=0 closureRemind=0 closureEsc=0 surveyExpired=0
2026-09-04T11:04:04.582Z [INFO] [slaReminder] SLA_SCAN cases=1 respRemind=0 respEsc=0 closureRemind=0 closureEsc=0 surveyExpired=0
2026-09-04T11:05:04.582Z [INFO] [slaReminder] SLA_SCAN cases=1 respRemind=0 respEsc=0 closureRemind=0 closureEsc=0 surveyExpired=0
2026-09-04T11:06:04.586Z [INFO] [slaReminder] SLA_SCAN cases=1 respRemind=0 respEsc=0 closureRemind=0 closureEsc=0 surveyExpired=0
2026-09-04T11:07:04.600Z [INFO] [slaReminder] SLA_SCAN cases=1 respRemind=0 respEsc=0 closureRemind=0 closureEsc=0 surveyExpired=0
2026-09-04T11:08:04.616Z [INFO] [slaReminder] SLA_SCAN cases=1 respRemind=0 respEsc=0 closureRemind=0 closureEsc=0 surveyExpired=0
2026-09-04T11:09:04.627Z [INFO] [slaReminder] SLA_SCAN cases=1 respRemind=0 respEsc=0 closureRemind=0 closureEsc=0 surveyExpired=0
2026-09-04T11:10:04.633Z [INFO] [slaReminder] SLA_SCAN cases=1 respRemind=0 respEsc=0 closureRemind=0 closureEsc=0 surveyExpired=0
2026-09-04T11:11:04.635Z [INFO] [slaReminder] SLA_SCAN cases=1 respRemind=0 respEsc=0 closureRemind=0 closureEsc=0 surveyExpired=0
2026-09-04T11:12:04.644Z [INFO] [slaReminder] SLA_SCAN cases=1 respRemind=0 respEsc=0 closureRemind=0 closureEsc=0 surveyExpired=0
2026-09-04T11:13:04.650Z [INFO] [slaReminder] SLA_SCAN cases=1 respRemind=0 respEsc=0 closureRemind=0 closureEsc=0 surveyExpired=0
2026-09-04T11:14:04.657Z [INFO] [slaReminder] SLA_SCAN cases=1 respRemind=0 respEsc=0 closureRemind=0 closureEsc=0 surveyExpired=0
2026-09-04T11:15:04.667Z [INFO] [slaReminder] SLA_SCAN cases=1 respRemind=0 respEsc=0 closureRemind=0 closureEsc=0 surveyExpired=0
2026-09-04T11:16:04.676Z [INFO] [slaReminder] SLA_SCAN cases=1 respRemind=0 respEsc=0 closureRemind=0 closureEsc=0 surveyExpired=0
2026-09-04T11:17:04.682Z [INFO] [slaReminder] SLA_SCAN cases=1 respRemind=0 respEsc=0 closureRemind=0 closureEsc=0 surveyExpired=0
2026-09-04T11:18:04.690Z [INFO] [slaReminder] SLA_SCAN cases=1 respRemind=0 respEsc=0 closureRemind=0 closureEsc=0 surveyExpired=0
2026-09-04T11:19:04.690Z [INFO] [slaReminder] SLA_SCAN cases=1 respRemind=0 respEsc=0 closureRemind=0 closureEsc=0 surveyExpired=0
2026-09-04T11:20:04.703Z [INFO] [slaReminder] SLA_SCAN cases=1 respRemind=0 respEsc=0 closureRemind=0 closureEsc=0 surveyExpired=0
2026-09-04T11:21:04.714Z [INFO] [slaReminder] SLA_SCAN cases=1 respRemind=0 respEsc=0 closureRemind=0 closureEsc=0 surveyExpired=0
2026-09-04T11:22:04.720Z [INFO] [slaReminder] SLA_SCAN cases=1 respRemind=0 respEsc=0 closureRemind=0 closureEsc=0 surveyExpired=0
2026-09-04T11:23:04.729Z [INFO] [slaReminder] SLA_SCAN cases=1 respRemind=0 respEsc=0 closureRemind=0 closureEsc=0 surveyExpired=0
2026-09-04T11:24:04.729Z [INFO] [slaReminder] SLA_SCAN cases=1 respRemind=0 respEsc=0 closureRemind=0 closureEsc=0 surveyExpired=0
2026-09-04T11:25:04.737Z [INFO] [slaReminder] SLA_SCAN cases=1 respRemind=0 respEsc=0 closureRemind=0 closureEsc=0 surveyExpired=0
2026-09-04T11:26:04.746Z [INFO] [slaReminder] SLA_SCAN cases=1 respRemind=0 respEsc=0 closureRemind=0 closureEsc=0 surveyExpired=0
2026-09-04T11:27:04.758Z [INFO] [slaReminder] SLA_SCAN cases=1 respRemind=0 respEsc=0 closureRemind=0 closureEsc=0 surveyExpired=0
2026-09-04T11:28:04.762Z [INFO] [slaReminder] SLA_SCAN cases=1 respRemind=0 respEsc=0 closureRemind=0 closureEsc=0 surveyExpired=0
2026-09-04T11:29:04.769Z [INFO] [slaReminder] SLA_SCAN cases=1 respRemind=0 respEsc=0 closureRemind=0 closureEsc=0 surveyExpired=0
2026-09-04T11:30:04.784Z [INFO] [slaReminder] SLA_SCAN cases=1 respRemind=0 respEsc=0 closureRemind=0 closureEsc=0 surveyExpired=0
2026-09-04T11:31:04.783Z [INFO] [slaReminder] SLA_SCAN cases=1 respRemind=0 respEsc=0 closureRemind=0 closureEsc=0 surveyExpired=0
2026-09-04T11:32:04.790Z [INFO] [slaReminder] SLA_SCAN cases=1 respRemind=0 respEsc=0 closureRemind=0 closureEsc=0 surveyExpired=0
2026-09-04T11:33:04.798Z [INFO] [slaReminder] SLA_SCAN cases=1 respRemind=0 respEsc=0 closureRemind=0 closureEsc=0 surveyExpired=0
2026-09-04T11:34:04.810Z [INFO] [slaReminder] SLA_SCAN cases=1 respRemind=0 respEsc=0 closureRemind=0 closureEsc=0 surveyExpired=0
2026-09-04T11:35:04.812Z [INFO] [slaReminder] SLA_SCAN cases=1 respRemind=0 respEsc=0 closureRemind=0 closureEsc=0 surveyExpired=0
2026-09-04T11:36:04.815Z [INFO] [slaReminder] SLA_SCAN cases=1 respRemind=0 respEsc=0 closureRemind=0 closureEsc=0 surveyExpired=0
2026-09-04T11:37:04.819Z [INFO] [slaReminder] SLA_SCAN cases=1 respRemind=0 respEsc=0 closureRemind=0 closureEsc=0 surveyExpired=0
2026-09-04T11:38:04.822Z [INFO] [slaReminder] SLA_SCAN cases=1 respRemind=0 respEsc=0 closureRemind=0 closureEsc=0 surveyExpired=0
2026-09-04T11:39:04.835Z [INFO] [slaReminder] SLA_SCAN cases=1 respRemind=0 respEsc=0 closureRemind=0 closureEsc=0 surveyExpired=0
2026-09-04T11:40:04.835Z [INFO] [slaReminder] SLA_SCAN cases=1 respRemind=0 respEsc=0 closureRemind=0 closureEsc=0 surveyExpired=0
2026-09-04T11:41:04.846Z [INFO] [slaReminder] SLA_SCAN cases=1 respRemind=0 respEsc=0 closureRemind=0 closureEsc=0 surveyExpired=0
2026-09-04T11:42:04.849Z [INFO] [slaReminder] SLA_SCAN cases=1 respRemind=0 respEsc=0 closureRemind=0 closureEsc=0 surveyExpired=0
2026-09-04T11:43:04.852Z [INFO] [slaReminder] SLA_SCAN cases=1 respRemind=0 respEsc=0 closureRemind=0 closureEsc=0 surveyExpired=0
2026-09-04T11:44:04.869Z [INFO] [slaReminder] SLA_SCAN cases=1 respRemind=0 respEsc=0 closureRemind=0 closureEsc=0 surveyExpired=0
2026-09-04T11:45:04.872Z [INFO] [slaReminder] SLA_SCAN cases=1 respRemind=0 respEsc=0 closureRemind=0 closureEsc=0 surveyExpired=0
2026-09-04T11:46:04.878Z [INFO] [slaReminder] SLA_SCAN cases=1 respRemind=0 respEsc=0 closureRemind=0 closureEsc=0 surveyExpired=0
2026-09-04T11:47:04.892Z [INFO] [slaReminder] SLA_SCAN cases=1 respRemind=0 respEsc=0 closureRemind=0 closureEsc=0 surveyExpired=0
2026-09-04T11:48:04.906Z [INFO] [slaReminder] SLA_SCAN cases=1 respRemind=0 respEsc=0 closureRemind=0 closureEsc=0 surveyExpired=0
2026-09-04T11:49:04.910Z [INFO] [slaReminder] SLA_SCAN cases=1 respRemind=0 respEsc=0 closureRemind=0 closureEsc=0 surveyExpired=0
2026-09-04T11:50:04.915Z [INFO] [slaReminder] SLA_SCAN cases=1 respRemind=0 respEsc=0 closureRemind=0 closureEsc=0 surveyExpired=0
2026-09-04T11:51:04.917Z [INFO] [slaReminder] SLA_SCAN cases=1 respRemind=0 respEsc=0 closureRemind=0 closureEsc=0 surveyExpired=0
2026-09-04T11:52:04.922Z [INFO] [slaReminder] SLA_SCAN cases=1 respRemind=0 respEsc=0 closureRemind=0 closureEsc=0 surveyExpired=0
2026-09-04T11:53:04.925Z [INFO] [slaReminder] SLA_SCAN cases=1 respRemind=0 respEsc=0 closureRemind=0 closureEsc=0 surveyExpired=0
2026-09-04T11:54:04.928Z [INFO] [slaReminder] SLA_SCAN cases=1 respRemind=0 respEsc=0 closureRemind=0 closureEsc=0 surveyExpired=0
2026-09-04T11:55:04.930Z [INFO] [slaReminder] SLA_SCAN cases=1 respRemind=0 respEsc=0 closureRemind=0 closureEsc=0 surveyExpired=0
2026-09-04T11:56:04.941Z [INFO] [slaReminder] SLA_SCAN cases=1 respRemind=0 respEsc=0 closureRemind=0 closureEsc=0 surveyExpired=0
2026-09-04T11:57:04.949Z [INFO] [slaReminder] SLA_SCAN cases=1 respRemind=0 respEsc=0 closureRemind=0 closureEsc=0 surveyExpired=0
2026-09-04T11:58:04.951Z [INFO] [slaReminder] SLA_SCAN cases=1 respRemind=0 respEsc=0 closureRemind=0 closureEsc=0 surveyExpired=0
2026-09-04T11:59:04.965Z [INFO] [slaReminder] SLA_SCAN cases=1 respRemind=0 respEsc=0 closureRemind=0 closureEsc=0 surveyExpired=0
2026-09-04T12:00:04.972Z [INFO] [slaReminder] SLA_SCAN cases=1 respRemind=0 respEsc=0 closureRemind=0 closureEsc=0 surveyExpired=0
2026-09-04T12:01:04.980Z [INFO] [slaReminder] SLA_SCAN cases=1 respRemind=0 respEsc=0 closureRemind=0 closureEsc=0 surveyExpired=0
2026-09-04T12:02:04.990Z [INFO] [slaReminder] SLA_SCAN cases=1 respRemind=0 respEsc=0 closureRemind=0 closureEsc=0 surveyExpired=0
2026-09-04T12:03:04.995Z [INFO] [slaReminder] SLA_SCAN cases=1 respRemind=0 respEsc=0 closureRemind=0 closureEsc=0 surveyExpired=0
2026-09-04T12:04:05.009Z [INFO] [slaReminder] SLA_SCAN cases=1 respRemind=0 respEsc=0 closureRemind=0 closureEsc=0 surveyExpired=0
2026-09-04T12:05:05.018Z [INFO] [slaReminder] SLA_SCAN cases=1 respRemind=0 respEsc=0 closureRemind=0 closureEsc=0 surveyExpired=0
2026-09-04T12:06:05.018Z [INFO] [slaReminder] SLA_SCAN cases=1 respRemind=0 respEsc=0 closureRemind=0 closureEsc=0 surveyExpired=0
2026-09-04T12:07:05.031Z [INFO] [slaReminder] SLA_SCAN cases=1 respRemind=0 respEsc=0 closureRemind=0 closureEsc=0 surveyExpired=0
2026-09-04T12:08:05.036Z [INFO] [slaReminder] SLA_SCAN cases=1 respRemind=0 respEsc=0 closureRemind=0 closureEsc=0 surveyExpired=0
2026-09-04T12:09:05.043Z [INFO] [slaReminder] SLA_SCAN cases=1 respRemind=0 respEsc=0 closureRemind=0 closureEsc=0 surveyExpired=0
2026-09-04T12:10:05.057Z [INFO] [slaReminder] SLA_SCAN cases=1 respRemind=0 respEsc=0 closureRemind=0 closureEsc=0 surveyExpired=0
2026-09-04T12:11:05.066Z [INFO] [slaReminder] SLA_SCAN cases=1 respRemind=0 respEsc=0 closureRemind=0 closureEsc=0 surveyExpired=0
2026-09-04T12:12:05.072Z [INFO] [slaReminder] SLA_SCAN cases=1 respRemind=0 respEsc=0 closureRemind=0 closureEsc=0 surveyExpired=0
2026-09-04T12:13:05.077Z [INFO] [slaReminder] SLA_SCAN cases=1 respRemind=0 respEsc=0 closureRemind=0 closureEsc=0 surveyExpired=0
2026-09-04T12:14:05.091Z [INFO] [slaReminder] SLA_SCAN cases=1 respRemind=0 respEsc=0 closureRemind=0 closureEsc=0 surveyExpired=0
2026-09-04T12:15:05.096Z [INFO] [slaReminder] SLA_SCAN cases=1 respRemind=0 respEsc=0 closureRemind=0 closureEsc=0 surveyExpired=0
2026-09-04T12:16:05.099Z [INFO] [slaReminder] SLA_SCAN cases=1 respRemind=0 respEsc=0 closureRemind=0 closureEsc=0 surveyExpired=0
2026-09-04T12:17:05.100Z [INFO] [slaReminder] SLA_SCAN cases=1 respRemind=0 respEsc=0 closureRemind=0 closureEsc=0 surveyExpired=0
2026-09-04T12:18:05.114Z [INFO] [slaReminder] SLA_SCAN cases=1 respRemind=0 respEsc=0 closureRemind=0 closureEsc=0 surveyExpired=0
2026-09-04T12:19:05.124Z [INFO] [slaReminder] SLA_SCAN cases=1 respRemind=0 respEsc=0 closureRemind=0 closureEsc=0 surveyExpired=0
2026-09-04T12:20:05.132Z [INFO] [slaReminder] SLA_SCAN cases=1 respRemind=0 respEsc=0 closureRemind=0 closureEsc=0 surveyExpired=0
2026-09-04T12:21:05.151Z [INFO] [slaReminder] SLA_SCAN cases=1 respRemind=0 respEsc=0 closureRemind=0 closureEsc=0 surveyExpired=0
2026-09-04T12:22:05.159Z [INFO] [slaReminder] SLA_SCAN cases=1 respRemind=0 respEsc=0 closureRemind=0 closureEsc=0 surveyExpired=0
2026-09-04T12:23:05.165Z [INFO] [slaReminder] SLA_SCAN cases=1 respRemind=0 respEsc=0 closureRemind=0 closureEsc=0 surveyExpired=0
2026-09-04T12:24:05.180Z [INFO] [slaReminder] SLA_SCAN cases=1 respRemind=0 respEsc=0 closureRemind=0 closureEsc=0 surveyExpired=0
2026-09-04T12:25:05.184Z [INFO] [slaReminder] SLA_SCAN cases=1 respRemind=0 respEsc=0 closureRemind=0 closureEsc=0 surveyExpired=0
2026-09-04T12:26:05.192Z [INFO] [slaReminder] SLA_SCAN cases=1 respRemind=0 respEsc=0 closureRemind=0 closureEsc=0 surveyExpired=0
2026-09-04T12:27:05.193Z [INFO] [slaReminder] SLA_SCAN cases=1 respRemind=0 respEsc=0 closureRemind=0 closureEsc=0 surveyExpired=0
2026-09-04T12:28:05.198Z [INFO] [slaReminder] SLA_SCAN cases=1 respRemind=0 respEsc=0 closureRemind=0 closureEsc=0 surveyExpired=0
2026-09-04T12:29:05.213Z [INFO] [slaReminder] SLA_SCAN cases=1 respRemind=0 respEsc=0 closureRemind=0 closureEsc=0 surveyExpired=0
2026-09-04T12:30:05.214Z [INFO] [slaReminder] SLA_SCAN cases=1 respRemind=0 respEsc=0 closureRemind=0 closureEsc=0 surveyExpired=0
2026-09-04T12:31:05.217Z [INFO] [slaReminder] SLA_SCAN cases=1 respRemind=0 respEsc=0 closureRemind=0 closureEsc=0 surveyExpired=0
2026-09-04T12:32:05.221Z [INFO] [slaReminder] SLA_SCAN cases=1 respRemind=0 respEsc=0 closureRemind=0 closureEsc=0 surveyExpired=0
2026-09-04T12:33:05.223Z [INFO] [slaReminder] SLA_SCAN cases=1 respRemind=0 respEsc=0 closureRemind=0 closureEsc=0 surveyExpired=0
2026-09-04T12:34:05.231Z [INFO] [slaReminder] SLA_SCAN cases=1 respRemind=0 respEsc=0 closureRemind=0 closureEsc=0 surveyExpired=0
2026-09-04T12:35:05.236Z [INFO] [slaReminder] SLA_SCAN cases=1 respRemind=0 respEsc=0 closureRemind=0 closureEsc=0 surveyExpired=0
2026-09-04T12:36:05.247Z [INFO] [slaReminder] SLA_SCAN cases=1 respRemind=0 respEsc=0 closureRemind=0 closureEsc=0 surveyExpired=0
2026-09-04T12:37:05.250Z [INFO] [slaReminder] SLA_SCAN cases=1 respRemind=0 respEsc=0 closureRemind=0 closureEsc=0 surveyExpired=0
2026-09-04T12:38:05.265Z [INFO] [slaReminder] SLA_SCAN cases=1 respRemind=0 respEsc=0 closureRemind=0 closureEsc=0 surveyExpired=0
2026-09-04T12:39:05.277Z [INFO] [slaReminder] SLA_SCAN cases=1 respRemind=0 respEsc=0 closureRemind=0 closureEsc=0 surveyExpired=0
2026-09-04T12:40:05.284Z [INFO] [slaReminder] SLA_SCAN cases=1 respRemind=0 respEsc=0 closureRemind=0 closureEsc=0 surveyExpired=0
2026-09-04T12:41:05.287Z [INFO] [slaReminder] SLA_SCAN cases=1 respRemind=0 respEsc=0 closureRemind=0 closureEsc=0 surveyExpired=0
2026-09-04T12:42:05.294Z [INFO] [slaReminder] SLA_SCAN cases=1 respRemind=0 respEsc=0 closureRemind=0 closureEsc=0 surveyExpired=0
2026-09-04T12:43:05.299Z [INFO] [slaReminder] SLA_SCAN cases=1 respRemind=0 respEsc=0 closureRemind=0 closureEsc=0 surveyExpired=0
2026-09-04T12:44:05.321Z [INFO] [slaReminder] SLA_SCAN cases=1 respRemind=0 respEsc=0 closureRemind=0 closureEsc=0 surveyExpired=0
2026-09-04T12:45:05.334Z [INFO] [slaReminder] SLA_SCAN cases=1 respRemind=0 respEsc=0 closureRemind=0 closureEsc=0 surveyExpired=0
2026-09-04T12:46:05.342Z [INFO] [slaReminder] SLA_SCAN cases=1 respRemind=0 respEsc=0 closureRemind=0 closureEsc=0 surveyExpired=0
2026-09-04T12:47:05.349Z [INFO] [slaReminder] SLA_SCAN cases=1 respRemind=0 respEsc=0 closureRemind=0 closureEsc=0 surveyExpired=0
2026-09-04T12:48:05.352Z [INFO] [slaReminder] SLA_SCAN cases=1 respRemind=0 respEsc=0 closureRemind=0 closureEsc=0 surveyExpired=0
2026-09-04T12:49:05.363Z [INFO] [slaReminder] SLA_SCAN cases=1 respRemind=0 respEsc=0 closureRemind=0 closureEsc=0 surveyExpired=0
2026-09-04T12:50:05.372Z [INFO] [slaReminder] SLA_SCAN cases=1 respRemind=0 respEsc=0 closureRemind=0 closureEsc=0 surveyExpired=0
2026-09-04T12:51:05.373Z [INFO] [slaReminder] SLA_SCAN cases=1 respRemind=0 respEsc=0 closureRemind=0 closureEsc=0 surveyExpired=0
2026-09-04T12:52:05.377Z [INFO] [slaReminder] SLA_SCAN cases=1 respRemind=0 respEsc=0 closureRemind=0 closureEsc=0 surveyExpired=0
2026-09-04T12:53:05.384Z [INFO] [slaReminder] SLA_SCAN cases=1 respRemind=0 respEsc=0 closureRemind=0 closureEsc=0 surveyExpired=0
2026-09-04T12:54:05.399Z [INFO] [slaReminder] SLA_SCAN cases=1 respRemind=0 respEsc=0 closureRemind=0 closureEsc=0 surveyExpired=0
2026-09-04T12:55:05.414Z [INFO] [slaReminder] SLA_SCAN cases=1 respRemind=0 respEsc=0 closureRemind=0 closureEsc=0 surveyExpired=0
2026-09-04T12:56:05.430Z [INFO] [slaReminder] SLA_SCAN cases=1 respRemind=0 respEsc=0 closureRemind=0 closureEsc=0 surveyExpired=0
2026-09-04T12:57:05.441Z [INFO] [slaReminder] SLA_SCAN cases=1 respRemind=0 respEsc=0 closureRemind=0 closureEsc=0 surveyExpired=0
2026-09-04T12:58:05.454Z [INFO] [slaReminder] SLA_SCAN cases=1 respRemind=0 respEsc=0 closureRemind=0 closureEsc=0 surveyExpired=0
2026-09-04T12:59:05.467Z [INFO] [slaReminder] SLA_SCAN cases=1 respRemind=0 respEsc=0 closureRemind=0 closureEsc=0 surveyExpired=0
2026-09-04T13:00:05.471Z [INFO] [slaReminder] SLA_SCAN cases=1 respRemind=0 respEsc=0 closureRemind=0 closureEsc=0 surveyExpired=0
2026-09-04T13:01:05.483Z [INFO] [slaReminder] SLA_SCAN cases=1 respRemind=0 respEsc=0 closureRemind=0 closureEsc=0 surveyExpired=0
2026-09-04T13:02:05.498Z [INFO] [slaReminder] SLA_SCAN cases=1 respRemind=0 respEsc=0 closureRemind=0 closureEsc=0 surveyExpired=0
2026-09-04T13:03:05.511Z [INFO] [slaReminder] SLA_SCAN cases=1 respRemind=0 respEsc=0 closureRemind=0 closureEsc=0 surveyExpired=0
2026-09-04T13:04:05.521Z [INFO] [slaReminder] SLA_SCAN cases=1 respRemind=0 respEsc=0 closureRemind=0 closureEsc=0 surveyExpired=0
2026-09-04T13:05:05.535Z [INFO] [slaReminder] SLA_SCAN cases=1 respRemind=0 respEsc=0 closureRemind=0 closureEsc=0 surveyExpired=0
2026-09-04T13:06:05.545Z [INFO] [slaReminder] SLA_SCAN cases=1 respRemind=0 respEsc=0 closureRemind=0 closureEsc=0 surveyExpired=0
2026-09-04T13:07:05.548Z [INFO] [slaReminder] SLA_SCAN cases=1 respRemind=0 respEsc=0 closureRemind=0 closureEsc=0 surveyExpired=0
2026-09-04T13:08:05.548Z [INFO] [slaReminder] SLA_SCAN cases=1 respRemind=0 respEsc=0 closureRemind=0 closureEsc=0 surveyExpired=0
2026-09-04T13:09:05.567Z [INFO] [slaReminder] SLA_SCAN cases=1 respRemind=0 respEsc=0 closureRemind=0 closureEsc=0 surveyExpired=0
2026-09-04T13:10:05.567Z [INFO] [slaReminder] SLA_SCAN cases=1 respRemind=0 respEsc=0 closureRemind=0 closureEsc=0 surveyExpired=0
2026-09-04T13:11:05.578Z [INFO] [slaReminder] SLA_SCAN cases=1 respRemind=0 respEsc=0 closureRemind=0 closureEsc=0 surveyExpired=0
2026-09-04T13:12:05.584Z [INFO] [slaReminder] SLA_SCAN cases=1 respRemind=0 respEsc=0 closureRemind=0 closureEsc=0 surveyExpired=0
2026-09-04T13:13:05.591Z [INFO] [slaReminder] SLA_SCAN cases=1 respRemind=0 respEsc=0 closureRemind=0 closureEsc=0 surveyExpired=0
2026-09-04T13:14:05.610Z [INFO] [slaReminder] SLA_SCAN cases=1 respRemind=0 respEsc=0 closureRemind=0 closureEsc=0 surveyExpired=0
2026-09-04T13:15:05.620Z [INFO] [slaReminder] SLA_SCAN cases=1 respRemind=0 respEsc=0 closureRemind=0 closureEsc=0 surveyExpired=0
2026-09-04T13:16:05.635Z [INFO] [slaReminder] SLA_SCAN cases=1 respRemind=0 respEsc=0 closureRemind=0 closureEsc=0 surveyExpired=0
2026-09-04T13:17:05.646Z [INFO] [slaReminder] SLA_SCAN cases=1 respRemind=0 respEsc=0 closureRemind=0 closureEsc=0 surveyExpired=0
2026-09-04T13:18:05.650Z [INFO] [slaReminder] SLA_SCAN cases=1 respRemind=0 respEsc=0 closureRemind=0 closureEsc=0 surveyExpired=0
2026-09-04T13:19:05.657Z [INFO] [slaReminder] SLA_SCAN cases=1 respRemind=0 respEsc=0 closureRemind=0 closureEsc=0 surveyExpired=0
2026-09-04T13:20:05.670Z [INFO] [slaReminder] SLA_SCAN cases=1 respRemind=0 respEsc=0 closureRemind=0 closureEsc=0 surveyExpired=0
2026-09-04T13:21:05.675Z [INFO] [slaReminder] SLA_SCAN cases=1 respRemind=0 respEsc=0 closureRemind=0 closureEsc=0 surveyExpired=0
2026-09-04T13:22:05.681Z [INFO] [slaReminder] SLA_SCAN cases=1 respRemind=0 respEsc=0 closureRemind=0 closureEsc=0 surveyExpired=0
2026-09-04T13:23:05.692Z [INFO] [slaReminder] SLA_SCAN cases=1 respRemind=0 respEsc=0 closureRemind=0 closureEsc=0 surveyExpired=0
2026-09-04T13:24:05.698Z [INFO] [slaReminder] SLA_SCAN cases=1 respRemind=0 respEsc=0 closureRemind=0 closureEsc=0 surveyExpired=0
2026-09-04T13:25:05.710Z [INFO] [slaReminder] SLA_SCAN cases=1 respRemind=0 respEsc=0 closureRemind=0 closureEsc=0 surveyExpired=0
2026-09-04T13:26:05.719Z [INFO] [slaReminder] SLA_SCAN cases=1 respRemind=0 respEsc=0 closureRemind=0 closureEsc=0 surveyExpired=0
2026-09-04T13:27:05.722Z [INFO] [slaReminder] SLA_SCAN cases=1 respRemind=0 respEsc=0 closureRemind=0 closureEsc=0 surveyExpired=0
2026-09-04T13:28:05.736Z [INFO] [slaReminder] SLA_SCAN cases=1 respRemind=0 respEsc=0 closureRemind=0 closureEsc=0 surveyExpired=0
2026-09-04T13:29:05.748Z [INFO] [slaReminder] SLA_SCAN cases=1 respRemind=0 respEsc=0 closureRemind=0 closureEsc=0 surveyExpired=0
2026-09-04T13:30:05.752Z [INFO] [slaReminder] SLA_SCAN cases=1 respRemind=0 respEsc=0 closureRemind=0 closureEsc=0 surveyExpired=0
2026-09-04T13:31:05.762Z [INFO] [slaReminder] SLA_SCAN cases=1 respRemind=0 respEsc=0 closureRemind=0 closureEsc=0 surveyExpired=0
2026-09-04T13:32:05.772Z [INFO] [slaReminder] SLA_SCAN cases=1 respRemind=0 respEsc=0 closureRemind=0 closureEsc=0 surveyExpired=0
2026-09-04T13:33:05.788Z [INFO] [slaReminder] SLA_SCAN cases=1 respRemind=0 respEsc=0 closureRemind=0 closureEsc=0 surveyExpired=0
2026-09-04T13:34:05.790Z [INFO] [slaReminder] SLA_SCAN cases=1 respRemind=0 respEsc=0 closureRemind=0 closureEsc=0 surveyExpired=0
2026-09-04T13:35:05.804Z [INFO] [slaReminder] SLA_SCAN cases=1 respRemind=0 respEsc=0 closureRemind=0 closureEsc=0 surveyExpired=0
2026-09-04T13:36:05.804Z [INFO] [slaReminder] SLA_SCAN cases=1 respRemind=0 respEsc=0 closureRemind=0 closureEsc=0 surveyExpired=0
2026-09-04T13:37:05.815Z [INFO] [slaReminder] SLA_SCAN cases=1 respRemind=0 respEsc=0 closureRemind=0 closureEsc=0 surveyExpired=0
2026-09-04T13:38:05.816Z [INFO] [slaReminder] SLA_SCAN cases=1 respRemind=0 respEsc=0 closureRemind=0 closureEsc=0 surveyExpired=0
2026-09-04T13:39:05.839Z [INFO] [slaReminder] SLA_SCAN cases=1 respRemind=0 respEsc=0 closureRemind=0 closureEsc=0 surveyExpired=0
2026-09-04T13:40:05.850Z [INFO] [slaReminder] SLA_SCAN cases=1 respRemind=0 respEsc=0 closureRemind=0 closureEsc=0 surveyExpired=0
2026-09-04T13:41:05.864Z [INFO] [slaReminder] SLA_SCAN cases=1 respRemind=0 respEsc=0 closureRemind=0 closureEsc=0 surveyExpired=0
2026-09-04T13:42:05.877Z [INFO] [slaReminder] SLA_SCAN cases=1 respRemind=0 respEsc=0 closureRemind=0 closureEsc=0 surveyExpired=0
2026-09-04T13:43:05.882Z [INFO] [slaReminder] SLA_SCAN cases=1 respRemind=0 respEsc=0 closureRemind=0 closureEsc=0 surveyExpired=0
2026-09-04T13:44:05.899Z [INFO] [slaReminder] SLA_SCAN cases=1 respRemind=0 respEsc=0 closureRemind=0 closureEsc=0 surveyExpired=0
2026-09-04T13:45:05.915Z [INFO] [slaReminder] SLA_SCAN cases=1 respRemind=0 respEsc=0 closureRemind=0 closureEsc=0 surveyExpired=0
2026-09-04T13:46:05.928Z [INFO] [slaReminder] SLA_SCAN cases=1 respRemind=0 respEsc=0 closureRemind=0 closureEsc=0 surveyExpired=0
2026-09-04T13:47:05.978Z [INFO] [slaReminder] SLA_SCAN cases=1 respRemind=0 respEsc=0 closureRemind=0 closureEsc=0 surveyExpired=0
2026-09-04T13:48:05.935Z [INFO] [slaReminder] SLA_SCAN cases=1 respRemind=0 respEsc=0 closureRemind=0 closureEsc=0 surveyExpired=0
2026-09-04T13:49:05.948Z [INFO] [slaReminder] SLA_SCAN cases=1 respRemind=0 respEsc=0 closureRemind=0 closureEsc=0 surveyExpired=0
2026-09-04T13:50:05.962Z [INFO] [slaReminder] SLA_SCAN cases=1 respRemind=0 respEsc=0 closureRemind=0 closureEsc=0 surveyExpired=0
2026-09-04T13:51:05.968Z [INFO] [slaReminder] SLA_SCAN cases=1 respRemind=0 respEsc=0 closureRemind=0 closureEsc=0 surveyExpired=0
2026-09-04T13:52:05.980Z [INFO] [slaReminder] SLA_SCAN cases=1 respRemind=0 respEsc=0 closureRemind=0 closureEsc=0 surveyExpired=0
2026-09-04T13:53:05.991Z [INFO] [slaReminder] SLA_SCAN cases=1 respRemind=0 respEsc=0 closureRemind=0 closureEsc=0 surveyExpired=0
2026-09-04T13:54:05.997Z [INFO] [slaReminder] SLA_SCAN cases=1 respRemind=0 respEsc=0 closureRemind=0 closureEsc=0 surveyExpired=0
2026-09-04T13:55:06.010Z [INFO] [slaReminder] SLA_SCAN cases=1 respRemind=0 respEsc=0 closureRemind=0 closureEsc=0 surveyExpired=0
2026-09-04T13:56:06.020Z [INFO] [slaReminder] SLA_SCAN cases=1 respRemind=0 respEsc=0 closureRemind=0 closureEsc=0 surveyExpired=0
2026-09-04T13:57:06.025Z [INFO] [slaReminder] SLA_SCAN cases=1 respRemind=0 respEsc=0 closureRemind=0 closureEsc=0 surveyExpired=0
2026-09-04T13:58:06.036Z [INFO] [slaReminder] SLA_SCAN cases=1 respRemind=0 respEsc=0 closureRemind=0 closureEsc=0 surveyExpired=0
2026-09-04T13:59:06.041Z [INFO] [slaReminder] SLA_SCAN cases=1 respRemind=0 respEsc=0 closureRemind=0 closureEsc=0 surveyExpired=0
2026-09-04T14:00:06.049Z [INFO] [slaReminder] SLA_SCAN cases=1 respRemind=0 respEsc=0 closureRemind=0 closureEsc=0 surveyExpired=0
2026-09-04T14:01:06.061Z [INFO] [slaReminder] SLA_SCAN cases=1 respRemind=0 respEsc=0 closureRemind=0 closureEsc=0 surveyExpired=0
2026-09-04T14:02:06.062Z [INFO] [slaReminder] SLA_SCAN cases=1 respRemind=0 respEsc=0 closureRemind=0 closureEsc=0 surveyExpired=0
2026-09-04T14:03:06.067Z [INFO] [slaReminder] SLA_SCAN cases=1 respRemind=0 respEsc=0 closureRemind=0 closureEsc=0 surveyExpired=0
2026-09-04T14:04:06.068Z [INFO] [slaReminder] SLA_SCAN cases=1 respRemind=0 respEsc=0 closureRemind=0 closureEsc=0 surveyExpired=0
2026-09-04T14:05:06.070Z [INFO] [slaReminder] SLA_SCAN cases=1 respRemind=0 respEsc=0 closureRemind=0 closureEsc=0 surveyExpired=0
2026-09-04T14:06:06.082Z [INFO] [slaReminder] SLA_SCAN cases=1 respRemind=0 respEsc=0 closureRemind=0 closureEsc=0 surveyExpired=0
2026-09-04T14:07:06.082Z [INFO] [slaReminder] SLA_SCAN cases=1 respRemind=0 respEsc=0 closureRemind=0 closureEsc=0 surveyExpired=0
2026-09-04T14:08:06.098Z [INFO] [slaReminder] SLA_SCAN cases=1 respRemind=0 respEsc=0 closureRemind=0 closureEsc=0 surveyExpired=0
2026-09-04T14:09:06.111Z [INFO] [slaReminder] SLA_SCAN cases=1 respRemind=0 respEsc=0 closureRemind=0 closureEsc=0 surveyExpired=0
2026-09-04T14:10:06.116Z [INFO] [slaReminder] SLA_SCAN cases=1 respRemind=0 respEsc=0 closureRemind=0 closureEsc=0 surveyExpired=0
2026-09-04T14:11:06.132Z [INFO] [slaReminder] SLA_SCAN cases=1 respRemind=0 respEsc=0 closureRemind=0 closureEsc=0 surveyExpired=0
2026-09-04T14:12:06.147Z [INFO] [slaReminder] SLA_SCAN cases=1 respRemind=0 respEsc=0 closureRemind=0 closureEsc=0 surveyExpired=0
2026-09-04T14:13:06.159Z [INFO] [slaReminder] SLA_SCAN cases=1 respRemind=0 respEsc=0 closureRemind=0 closureEsc=0 surveyExpired=0
2026-09-04T14:14:06.160Z [INFO] [slaReminder] SLA_SCAN cases=1 respRemind=0 respEsc=0 closureRemind=0 closureEsc=0 surveyExpired=0
2026-09-04T14:15:06.163Z [INFO] [slaReminder] SLA_SCAN cases=1 respRemind=0 respEsc=0 closureRemind=0 closureEsc=0 surveyExpired=0
2026-09-04T14:16:06.169Z [INFO] [slaReminder] SLA_SCAN cases=1 respRemind=0 respEsc=0 closureRemind=0 closureEsc=0 surveyExpired=0
2026-09-04T14:17:06.169Z [INFO] [slaReminder] SLA_SCAN cases=1 respRemind=0 respEsc=0 closureRemind=0 closureEsc=0 surveyExpired=0
2026-09-04T14:18:06.169Z [INFO] [slaReminder] SLA_SCAN cases=1 respRemind=0 respEsc=0 closureRemind=0 closureEsc=0 surveyExpired=0
2026-09-04T14:19:06.183Z [INFO] [slaReminder] SLA_SCAN cases=1 respRemind=0 respEsc=0 closureRemind=0 closureEsc=0 surveyExpired=0
2026-09-04T14:20:06.205Z [INFO] [slaReminder] SLA_SCAN cases=1 respRemind=0 respEsc=0 closureRemind=0 closureEsc=0 surveyExpired=0
2026-09-04T14:21:06.204Z [INFO] [slaReminder] SLA_SCAN cases=1 respRemind=0 respEsc=0 closureRemind=0 closureEsc=0 surveyExpired=0
2026-09-04T14:22:06.214Z [INFO] [slaReminder] SLA_SCAN cases=1 respRemind=0 respEsc=0 closureRemind=0 closureEsc=0 surveyExpired=0
2026-09-04T14:23:06.227Z [INFO] [slaReminder] SLA_SCAN cases=1 respRemind=0 respEsc=0 closureRemind=0 closureEsc=0 surveyExpired=0
2026-09-04T14:24:06.235Z [INFO] [slaReminder] SLA_SCAN cases=1 respRemind=0 respEsc=0 closureRemind=0 closureEsc=0 surveyExpired=0
2026-09-04T14:25:06.247Z [INFO] [slaReminder] SLA_SCAN cases=1 respRemind=0 respEsc=0 closureRemind=0 closureEsc=0 surveyExpired=0
2026-09-04T14:26:06.251Z [INFO] [slaReminder] SLA_SCAN cases=1 respRemind=0 respEsc=0 closureRemind=0 closureEsc=0 surveyExpired=0
2026-09-04T14:27:06.252Z [INFO] [slaReminder] SLA_SCAN cases=1 respRemind=0 respEsc=0 closureRemind=0 closureEsc=0 surveyExpired=0
2026-09-04T14:28:06.266Z [INFO] [slaReminder] SLA_SCAN cases=1 respRemind=0 respEsc=0 closureRemind=0 closureEsc=0 surveyExpired=0
2026-09-04T14:29:06.270Z [INFO] [slaReminder] SLA_SCAN cases=1 respRemind=0 respEsc=0 closureRemind=0 closureEsc=0 surveyExpired=0
2026-09-04T14:30:06.277Z [INFO] [slaReminder] SLA_SCAN cases=1 respRemind=0 respEsc=0 closureRemind=0 closureEsc=0 surveyExpired=0
2026-09-04T14:31:06.289Z [INFO] [slaReminder] SLA_SCAN cases=1 respRemind=0 respEsc=0 closureRemind=0 closureEsc=0 surveyExpired=0
2026-09-04T14:32:06.293Z [INFO] [slaReminder] SLA_SCAN cases=1 respRemind=0 respEsc=0 closureRemind=0 closureEsc=0 surveyExpired=0
2026-09-04T14:33:06.298Z [INFO] [slaReminder] SLA_SCAN cases=1 respRemind=0 respEsc=0 closureRemind=0 closureEsc=0 surveyExpired=0
2026-09-04T14:34:06.313Z [INFO] [slaReminder] SLA_SCAN cases=1 respRemind=0 respEsc=0 closureRemind=0 closureEsc=0 surveyExpired=0
2026-09-04T14:35:06.321Z [INFO] [slaReminder] SLA_SCAN cases=1 respRemind=0 respEsc=0 closureRemind=0 closureEsc=0 surveyExpired=0
2026-09-04T14:36:06.330Z [INFO] [slaReminder] SLA_SCAN cases=1 respRemind=0 respEsc=0 closureRemind=0 closureEsc=0 surveyExpired=0
2026-09-04T14:37:06.333Z [INFO] [slaReminder] SLA_SCAN cases=1 respRemind=0 respEsc=0 closureRemind=0 closureEsc=0 surveyExpired=0
2026-09-04T14:38:06.335Z [INFO] [slaReminder] SLA_SCAN cases=1 respRemind=0 respEsc=0 closureRemind=0 closureEsc=0 surveyExpired=0
2026-09-04T14:39:06.350Z [INFO] [slaReminder] SLA_SCAN cases=1 respRemind=0 respEsc=0 closureRemind=0 closureEsc=0 surveyExpired=0
2026-09-04T14:40:06.358Z [INFO] [slaReminder] SLA_SCAN cases=1 respRemind=0 respEsc=0 closureRemind=0 closureEsc=0 surveyExpired=0
2026-09-04T14:41:06.363Z [INFO] [slaReminder] SLA_SCAN cases=1 respRemind=0 respEsc=0 closureRemind=0 closureEsc=0 surveyExpired=0
2026-09-04T14:42:06.379Z [INFO] [slaReminder] SLA_SCAN cases=1 respRemind=0 respEsc=0 closureRemind=0 closureEsc=0 surveyExpired=0
2026-09-04T14:43:06.385Z [INFO] [slaReminder] SLA_SCAN cases=1 respRemind=0 respEsc=0 closureRemind=0 closureEsc=0 surveyExpired=0
2026-09-04T14:44:06.397Z [INFO] [slaReminder] SLA_SCAN cases=1 respRemind=0 respEsc=0 closureRemind=0 closureEsc=0 surveyExpired=0
2026-09-04T14:45:06.403Z [INFO] [slaReminder] SLA_SCAN cases=1 respRemind=0 respEsc=0 closureRemind=0 closureEsc=0 surveyExpired=0
2026-09-04T14:46:06.414Z [INFO] [slaReminder] SLA_SCAN cases=1 respRemind=0 respEsc=0 closureRemind=0 closureEsc=0 surveyExpired=0
2026-09-04T14:47:06.418Z [INFO] [slaReminder] SLA_SCAN cases=1 respRemind=0 respEsc=0 closureRemind=0 closureEsc=0 surveyExpired=0
2026-09-04T14:48:06.424Z [INFO] [slaReminder] SLA_SCAN cases=1 respRemind=0 respEsc=0 closureRemind=0 closureEsc=0 surveyExpired=0
2026-09-04T14:49:06.440Z [INFO] [slaReminder] SLA_SCAN cases=1 respRemind=0 respEsc=0 closureRemind=0 closureEsc=0 surveyExpired=0
2026-09-04T14:50:06.448Z [INFO] [slaReminder] SLA_SCAN cases=1 respRemind=0 respEsc=0 closureRemind=0 closureEsc=0 surveyExpired=0
2026-09-04T14:51:06.453Z [INFO] [slaReminder] SLA_SCAN cases=1 respRemind=0 respEsc=0 closureRemind=0 closureEsc=0 surveyExpired=0
2026-09-04T14:52:06.453Z [INFO] [slaReminder] SLA_SCAN cases=1 respRemind=0 respEsc=0 closureRemind=0 closureEsc=0 surveyExpired=0
2026-09-04T14:53:06.467Z [INFO] [slaReminder] SLA_SCAN cases=1 respRemind=0 respEsc=0 closureRemind=0 closureEsc=0 surveyExpired=0
2026-09-04T14:54:06.473Z [INFO] [slaReminder] SLA_SCAN cases=1 respRemind=0 respEsc=0 closureRemind=0 closureEsc=0 surveyExpired=0
2026-09-04T14:55:06.488Z [INFO] [slaReminder] SLA_SCAN cases=1 respRemind=0 respEsc=0 closureRemind=0 closureEsc=0 surveyExpired=0
2026-09-04T14:56:06.490Z [INFO] [slaReminder] SLA_SCAN cases=1 respRemind=0 respEsc=0 closureRemind=0 closureEsc=0 surveyExpired=0
2026-09-04T14:57:06.504Z [INFO] [slaReminder] SLA_SCAN cases=1 respRemind=0 respEsc=0 closureRemind=0 closureEsc=0 surveyExpired=0
2026-09-04T14:58:06.506Z [INFO] [slaReminder] SLA_SCAN cases=1 respRemind=0 respEsc=0 closureRemind=0 closureEsc=0 surveyExpired=0
2026-09-04T14:59:06.510Z [INFO] [slaReminder] SLA_SCAN cases=1 respRemind=0 respEsc=0 closureRemind=0 closureEsc=0 surveyExpired=0
2026-09-04T15:00:06.517Z [INFO] [slaReminder] SLA_SCAN cases=1 respRemind=0 respEsc=0 closureRemind=0 closureEsc=0 surveyExpired=0
2026-09-04T15:01:06.533Z [INFO] [slaReminder] SLA_SCAN cases=1 respRemind=0 respEsc=0 closureRemind=0 closureEsc=0 surveyExpired=0
2026-09-04T15:02:06.539Z [INFO] [slaReminder] SLA_SCAN cases=1 respRemind=0 respEsc=0 closureRemind=0 closureEsc=0 surveyExpired=0
2026-09-04T15:03:06.553Z [INFO] [slaReminder] SLA_SCAN cases=1 respRemind=0 respEsc=0 closureRemind=0 closureEsc=0 surveyExpired=0
2026-09-04T15:04:06.566Z [INFO] [slaReminder] SLA_SCAN cases=1 respRemind=0 respEsc=0 closureRemind=0 closureEsc=0 surveyExpired=0
2026-09-04T15:05:06.570Z [INFO] [slaReminder] SLA_SCAN cases=1 respRemind=0 respEsc=0 closureRemind=0 closureEsc=0 surveyExpired=0
2026-09-04T15:06:06.578Z [INFO] [slaReminder] SLA_SCAN cases=1 respRemind=0 respEsc=0 closureRemind=0 closureEsc=0 surveyExpired=0
2026-09-04T15:07:06.584Z [INFO] [slaReminder] SLA_SCAN cases=1 respRemind=0 respEsc=0 closureRemind=0 closureEsc=0 surveyExpired=0
2026-09-04T15:08:06.587Z [INFO] [slaReminder] SLA_SCAN cases=1 respRemind=0 respEsc=0 closureRemind=0 closureEsc=0 surveyExpired=0
2026-09-04T15:09:06.588Z [INFO] [slaReminder] SLA_SCAN cases=1 respRemind=0 respEsc=0 closureRemind=0 closureEsc=0 surveyExpired=0
2026-09-04T15:10:06.604Z [INFO] [slaReminder] SLA_SCAN cases=1 respRemind=0 respEsc=0 closureRemind=0 closureEsc=0 surveyExpired=0
2026-09-04T15:11:06.610Z [INFO] [slaReminder] SLA_SCAN cases=1 respRemind=0 respEsc=0 closureRemind=0 closureEsc=0 surveyExpired=0
2026-09-04T15:12:06.614Z [INFO] [slaReminder] SLA_SCAN cases=1 respRemind=0 respEsc=0 closureRemind=0 closureEsc=0 surveyExpired=0
2026-09-04T15:13:06.629Z [INFO] [slaReminder] SLA_SCAN cases=1 respRemind=0 respEsc=0 closureRemind=0 closureEsc=0 surveyExpired=0
2026-09-04T15:14:06.639Z [INFO] [slaReminder] SLA_SCAN cases=1 respRemind=0 respEsc=0 closureRemind=0 closureEsc=0 surveyExpired=0
2026-09-04T15:15:06.641Z [INFO] [slaReminder] SLA_SCAN cases=1 respRemind=0 respEsc=0 closureRemind=0 closureEsc=0 surveyExpired=0
2026-09-04T15:16:06.647Z [INFO] [slaReminder] SLA_SCAN cases=1 respRemind=0 respEsc=0 closureRemind=0 closureEsc=0 surveyExpired=0
2026-09-04T15:17:06.649Z [INFO] [slaReminder] SLA_SCAN cases=1 respRemind=0 respEsc=0 closureRemind=0 closureEsc=0 surveyExpired=0
2026-09-04T15:18:06.651Z [INFO] [slaReminder] SLA_SCAN cases=1 respRemind=0 respEsc=0 closureRemind=0 closureEsc=0 surveyExpired=0
2026-09-04T15:19:06.657Z [INFO] [slaReminder] SLA_SCAN cases=1 respRemind=0 respEsc=0 closureRemind=0 closureEsc=0 surveyExpired=0
2026-09-04T15:20:06.672Z [INFO] [slaReminder] SLA_SCAN cases=1 respRemind=0 respEsc=0 closureRemind=0 closureEsc=0 surveyExpired=0
2026-09-04T15:21:06.673Z [INFO] [slaReminder] SLA_SCAN cases=1 respRemind=0 respEsc=0 closureRemind=0 closureEsc=0 surveyExpired=0
2026-09-04T15:22:06.677Z [INFO] [slaReminder] SLA_SCAN cases=1 respRemind=0 respEsc=0 closureRemind=0 closureEsc=0 surveyExpired=0
2026-09-04T15:23:06.692Z [INFO] [slaReminder] SLA_SCAN cases=1 respRemind=0 respEsc=0 closureRemind=0 closureEsc=0 surveyExpired=0
2026-09-04T15:24:06.697Z [INFO] [slaReminder] SLA_SCAN cases=1 respRemind=0 respEsc=0 closureRemind=0 closureEsc=0 surveyExpired=0
2026-09-04T15:25:06.710Z [INFO] [slaReminder] SLA_SCAN cases=1 respRemind=0 respEsc=0 closureRemind=0 closureEsc=0 surveyExpired=0
2026-09-04T15:26:06.719Z [INFO] [slaReminder] SLA_SCAN cases=1 respRemind=0 respEsc=0 closureRemind=0 closureEsc=0 surveyExpired=0
2026-09-04T15:27:06.732Z [INFO] [slaReminder] SLA_SCAN cases=1 respRemind=0 respEsc=0 closureRemind=0 closureEsc=0 surveyExpired=0
2026-09-04T15:28:06.738Z [INFO] [slaReminder] SLA_SCAN cases=1 respRemind=0 respEsc=0 closureRemind=0 closureEsc=0 surveyExpired=0
2026-09-04T15:29:06.770Z [INFO] [slaReminder] SLA_SCAN cases=1 respRemind=0 respEsc=0 closureRemind=0 closureEsc=0 surveyExpired=0
2026-09-04T15:30:06.776Z [INFO] [slaReminder] SLA_SCAN cases=1 respRemind=0 respEsc=0 closureRemind=0 closureEsc=0 surveyExpired=0
2026-09-04T15:31:06.786Z [INFO] [slaReminder] SLA_SCAN cases=1 respRemind=0 respEsc=0 closureRemind=0 closureEsc=0 surveyExpired=0
2026-09-04T15:32:06.796Z [INFO] [slaReminder] SLA_SCAN cases=1 respRemind=0 respEsc=0 closureRemind=0 closureEsc=0 surveyExpired=0
2026-09-04T15:33:06.804Z [INFO] [slaReminder] SLA_SCAN cases=1 respRemind=0 respEsc=0 closureRemind=0 closureEsc=0 surveyExpired=0
2026-09-04T15:34:06.805Z [INFO] [slaReminder] SLA_SCAN cases=1 respRemind=0 respEsc=0 closureRemind=0 closureEsc=0 surveyExpired=0
2026-09-04T15:35:06.814Z [INFO] [slaReminder] SLA_SCAN cases=1 respRemind=0 respEsc=0 closureRemind=0 closureEsc=0 surveyExpired=0
2026-09-04T15:36:06.821Z [INFO] [slaReminder] SLA_SCAN cases=1 respRemind=0 respEsc=0 closureRemind=0 closureEsc=0 surveyExpired=0
2026-09-04T15:37:06.826Z [INFO] [slaReminder] SLA_SCAN cases=1 respRemind=0 respEsc=0 closureRemind=0 closureEsc=0 surveyExpired=0
2026-09-04T15:38:06.841Z [INFO] [slaReminder] SLA_SCAN cases=1 respRemind=0 respEsc=0 closureRemind=0 closureEsc=0 surveyExpired=0
2026-09-04T15:39:06.845Z [INFO] [slaReminder] SLA_SCAN cases=1 respRemind=0 respEsc=0 closureRemind=0 closureEsc=0 surveyExpired=0
2026-09-04T15:40:06.857Z [INFO] [slaReminder] SLA_SCAN cases=1 respRemind=0 respEsc=0 closureRemind=0 closureEsc=0 surveyExpired=0
2026-09-04T15:41:06.864Z [INFO] [slaReminder] SLA_SCAN cases=1 respRemind=0 respEsc=0 closureRemind=0 closureEsc=0 surveyExpired=0
2026-09-04T15:42:06.873Z [INFO] [slaReminder] SLA_SCAN cases=1 respRemind=0 respEsc=0 closureRemind=0 closureEsc=0 surveyExpired=0
2026-09-04T15:43:06.881Z [INFO] [slaReminder] SLA_SCAN cases=1 respRemind=0 respEsc=0 closureRemind=0 closureEsc=0 surveyExpired=0
2026-09-04T15:44:06.895Z [INFO] [slaReminder] SLA_SCAN cases=1 respRemind=0 respEsc=0 closureRemind=0 closureEsc=0 surveyExpired=0
2026-09-04T15:45:06.902Z [INFO] [slaReminder] SLA_SCAN cases=1 respRemind=0 respEsc=0 closureRemind=0 closureEsc=0 surveyExpired=0
2026-09-04T15:46:06.913Z [INFO] [slaReminder] SLA_SCAN cases=1 respRemind=0 respEsc=0 closureRemind=0 closureEsc=0 surveyExpired=0
2026-09-04T15:47:06.920Z [INFO] [slaReminder] SLA_SCAN cases=1 respRemind=0 respEsc=0 closureRemind=0 closureEsc=0 surveyExpired=0
2026-09-04T15:48:06.922Z [INFO] [slaReminder] SLA_SCAN cases=1 respRemind=0 respEsc=0 closureRemind=0 closureEsc=0 surveyExpired=0
2026-09-04T15:49:06.938Z [INFO] [slaReminder] SLA_SCAN cases=1 respRemind=0 respEsc=0 closureRemind=0 closureEsc=0 surveyExpired=0
2026-09-04T15:50:06.948Z [INFO] [slaReminder] SLA_SCAN cases=1 respRemind=0 respEsc=0 closureRemind=0 closureEsc=0 surveyExpired=0
2026-09-04T15:51:06.962Z [INFO] [slaReminder] SLA_SCAN cases=1 respRemind=0 respEsc=0 closureRemind=0 closureEsc=0 surveyExpired=0
2026-09-04T15:52:06.969Z [INFO] [slaReminder] SLA_SCAN cases=1 respRemind=0 respEsc=0 closureRemind=0 closureEsc=0 surveyExpired=0
2026-09-04T15:53:06.971Z [INFO] [slaReminder] SLA_SCAN cases=1 respRemind=0 respEsc=0 closureRemind=0 closureEsc=0 surveyExpired=0
2026-09-04T15:54:06.978Z [INFO] [slaReminder] SLA_SCAN cases=1 respRemind=0 respEsc=0 closureRemind=0 closureEsc=0 surveyExpired=0
2026-09-04T15:55:06.989Z [INFO] [slaReminder] SLA_SCAN cases=1 respRemind=0 respEsc=0 closureRemind=0 closureEsc=0 surveyExpired=0
2026-09-04T15:56:06.998Z [INFO] [slaReminder] SLA_SCAN cases=1 respRemind=0 respEsc=0 closureRemind=0 closureEsc=0 surveyExpired=0
2026-09-04T15:57:06.999Z [INFO] [slaReminder] SLA_SCAN cases=1 respRemind=0 respEsc=0 closureRemind=0 closureEsc=0 surveyExpired=0
2026-09-04T15:58:07.011Z [INFO] [slaReminder] SLA_SCAN cases=1 respRemind=0 respEsc=0 closureRemind=0 closureEsc=0 surveyExpired=0
2026-09-04T15:59:07.015Z [INFO] [slaReminder] SLA_SCAN cases=1 respRemind=0 respEsc=0 closureRemind=0 closureEsc=0 surveyExpired=0
2026-09-04T16:00:07.027Z [INFO] [slaReminder] SLA_SCAN cases=1 respRemind=0 respEsc=0 closureRemind=0 closureEsc=0 surveyExpired=0
2026-09-04T16:01:07.037Z [INFO] [slaReminder] SLA_SCAN cases=1 respRemind=0 respEsc=0 closureRemind=0 closureEsc=0 surveyExpired=0
2026-09-04T16:02:07.046Z [INFO] [slaReminder] SLA_SCAN cases=1 respRemind=0 respEsc=0 closureRemind=0 closureEsc=0 surveyExpired=0
2026-09-04T16:03:07.055Z [INFO] [slaReminder] SLA_SCAN cases=1 respRemind=0 respEsc=0 closureRemind=0 closureEsc=0 surveyExpired=0
2026-09-04T16:04:07.065Z [INFO] [slaReminder] SLA_SCAN cases=1 respRemind=0 respEsc=0 closureRemind=0 closureEsc=0 surveyExpired=0
2026-09-04T16:05:07.072Z [INFO] [slaReminder] SLA_SCAN cases=1 respRemind=0 respEsc=0 closureRemind=0 closureEsc=0 surveyExpired=0
2026-09-04T16:06:07.074Z [INFO] [slaReminder] SLA_SCAN cases=1 respRemind=0 respEsc=0 closureRemind=0 closureEsc=0 surveyExpired=0
2026-09-04T16:07:07.087Z [INFO] [slaReminder] SLA_SCAN cases=1 respRemind=0 respEsc=0 closureRemind=0 closureEsc=0 surveyExpired=0
2026-09-04T16:08:07.098Z [INFO] [slaReminder] SLA_SCAN cases=1 respRemind=0 respEsc=0 closureRemind=0 closureEsc=0 surveyExpired=0
2026-09-04T16:09:07.104Z [INFO] [slaReminder] SLA_SCAN cases=1 respRemind=0 respEsc=0 closureRemind=0 closureEsc=0 surveyExpired=0
2026-09-04T16:10:07.113Z [INFO] [slaReminder] SLA_SCAN cases=1 respRemind=0 respEsc=0 closureRemind=0 closureEsc=0 surveyExpired=0
2026-09-04T16:11:07.117Z [INFO] [slaReminder] SLA_SCAN cases=1 respRemind=0 respEsc=0 closureRemind=0 closureEsc=0 surveyExpired=0
2026-09-04T16:12:07.123Z [INFO] [slaReminder] SLA_SCAN cases=1 respRemind=0 respEsc=0 closureRemind=0 closureEsc=0 surveyExpired=0
2026-09-04T16:13:07.135Z [INFO] [slaReminder] SLA_SCAN cases=1 respRemind=0 respEsc=0 closureRemind=0 closureEsc=0 surveyExpired=0
2026-09-04T16:14:07.144Z [INFO] [slaReminder] SLA_SCAN cases=1 respRemind=0 respEsc=0 closureRemind=0 closureEsc=0 surveyExpired=0
2026-09-04T16:15:07.158Z [INFO] [slaReminder] SLA_SCAN cases=1 respRemind=0 respEsc=0 closureRemind=0 closureEsc=0 surveyExpired=0
2026-09-04T16:16:07.166Z [INFO] [slaReminder] SLA_SCAN cases=1 respRemind=0 respEsc=0 closureRemind=0 closureEsc=0 surveyExpired=0
2026-09-04T16:17:07.174Z [INFO] [slaReminder] SLA_SCAN cases=1 respRemind=0 respEsc=0 closureRemind=0 closureEsc=0 surveyExpired=0
2026-09-04T16:18:07.184Z [INFO] [slaReminder] SLA_SCAN cases=1 respRemind=0 respEsc=0 closureRemind=0 closureEsc=0 surveyExpired=0
2026-09-04T16:19:07.197Z [INFO] [slaReminder] SLA_SCAN cases=1 respRemind=0 respEsc=0 closureRemind=0 closureEsc=0 surveyExpired=0
2026-09-04T16:20:07.204Z [INFO] [slaReminder] SLA_SCAN cases=1 respRemind=0 respEsc=0 closureRemind=0 closureEsc=0 surveyExpired=0
2026-09-04T16:21:07.207Z [INFO] [slaReminder] SLA_SCAN cases=1 respRemind=0 respEsc=0 closureRemind=0 closureEsc=0 surveyExpired=0
2026-09-04T16:22:07.218Z [INFO] [slaReminder] SLA_SCAN cases=1 respRemind=0 respEsc=0 closureRemind=0 closureEsc=0 surveyExpired=0
2026-09-04T16:23:07.242Z [INFO] [slaReminder] SLA_SCAN cases=1 respRemind=0 respEsc=0 closureRemind=0 closureEsc=0 surveyExpired=0
2026-09-04T16:24:07.257Z [INFO] [slaReminder] SLA_SCAN cases=1 respRemind=0 respEsc=0 closureRemind=0 closureEsc=0 surveyExpired=0
2026-09-04T16:25:07.267Z [INFO] [slaReminder] SLA_SCAN cases=1 respRemind=0 respEsc=0 closureRemind=0 closureEsc=0 surveyExpired=0
2026-09-04T16:26:07.268Z [INFO] [slaReminder] SLA_SCAN cases=1 respRemind=0 respEsc=0 closureRemind=0 closureEsc=0 surveyExpired=0
2026-09-04T16:27:07.271Z [INFO] [slaReminder] SLA_SCAN cases=1 respRemind=0 respEsc=0 closureRemind=0 closureEsc=0 surveyExpired=0
2026-09-04T16:28:07.283Z [INFO] [slaReminder] SLA_SCAN cases=1 respRemind=0 respEsc=0 closureRemind=0 closureEsc=0 surveyExpired=0
2026-09-04T16:29:07.294Z [INFO] [slaReminder] SLA_SCAN cases=1 respRemind=0 respEsc=0 closureRemind=0 closureEsc=0 surveyExpired=0
2026-09-04T16:30:07.297Z [INFO] [slaReminder] SLA_SCAN cases=1 respRemind=0 respEsc=0 closureRemind=0 closureEsc=0 surveyExpired=0
2026-09-04T16:31:07.300Z [INFO] [slaReminder] SLA_SCAN cases=1 respRemind=0 respEsc=0 closureRemind=0 closureEsc=0 surveyExpired=0
2026-09-04T16:32:07.307Z [INFO] [slaReminder] SLA_SCAN cases=1 respRemind=0 respEsc=0 closureRemind=0 closureEsc=0 surveyExpired=0
2026-09-04T16:33:07.320Z [INFO] [slaReminder] SLA_SCAN cases=1 respRemind=0 respEsc=0 closureRemind=0 closureEsc=0 surveyExpired=0
2026-09-04T16:34:07.326Z [INFO] [slaReminder] SLA_SCAN cases=1 respRemind=0 respEsc=0 closureRemind=0 closureEsc=0 surveyExpired=0
2026-09-04T16:35:07.336Z [INFO] [slaReminder] SLA_SCAN cases=1 respRemind=0 respEsc=0 closureRemind=0 closureEsc=0 surveyExpired=0
2026-09-04T16:36:07.337Z [INFO] [slaReminder] SLA_SCAN cases=1 respRemind=0 respEsc=0 closureRemind=0 closureEsc=0 surveyExpired=0
2026-09-04T16:37:07.338Z [INFO] [slaReminder] SLA_SCAN cases=1 respRemind=0 respEsc=0 closureRemind=0 closureEsc=0 surveyExpired=0
2026-09-04T16:38:07.347Z [INFO] [slaReminder] SLA_SCAN cases=1 respRemind=0 respEsc=0 closureRemind=0 closureEsc=0 surveyExpired=0
2026-09-04T16:39:07.358Z [INFO] [slaReminder] SLA_SCAN cases=1 respRemind=0 respEsc=0 closureRemind=0 closureEsc=0 surveyExpired=0
2026-09-04T16:40:07.372Z [INFO] [slaReminder] SLA_SCAN cases=1 respRemind=0 respEsc=0 closureRemind=0 closureEsc=0 surveyExpired=0
2026-09-04T16:41:07.379Z [INFO] [slaReminder] SLA_SCAN cases=1 respRemind=0 respEsc=0 closureRemind=0 closureEsc=0 surveyExpired=0
2026-09-04T16:42:07.387Z [INFO] [slaReminder] SLA_SCAN cases=1 respRemind=0 respEsc=0 closureRemind=0 closureEsc=0 surveyExpired=0
2026-09-04T16:43:07.398Z [INFO] [slaReminder] SLA_SCAN cases=1 respRemind=0 respEsc=0 closureRemind=0 closureEsc=0 surveyExpired=0
2026-09-04T16:44:07.409Z [INFO] [slaReminder] SLA_SCAN cases=1 respRemind=0 respEsc=0 closureRemind=0 closureEsc=0 surveyExpired=0
2026-09-04T16:45:07.409Z [INFO] [slaReminder] SLA_SCAN cases=1 respRemind=0 respEsc=0 closureRemind=0 closureEsc=0 surveyExpired=0
2026-09-04T16:46:07.419Z [INFO] [slaReminder] SLA_SCAN cases=1 respRemind=0 respEsc=0 closureRemind=0 closureEsc=0 surveyExpired=0
2026-09-04T16:47:07.431Z [INFO] [slaReminder] SLA_SCAN cases=1 respRemind=0 respEsc=0 closureRemind=0 closureEsc=0 surveyExpired=0
2026-09-04T16:48:07.443Z [INFO] [slaReminder] SLA_SCAN cases=1 respRemind=0 respEsc=0 closureRemind=0 closureEsc=0 surveyExpired=0
2026-09-04T16:49:07.469Z [INFO] [slaReminder] SLA_SCAN cases=1 respRemind=0 respEsc=0 closureRemind=0 closureEsc=0 surveyExpired=0
2026-09-04T16:50:07.479Z [INFO] [slaReminder] SLA_SCAN cases=1 respRemind=0 respEsc=0 closureRemind=0 closureEsc=0 surveyExpired=0
2026-09-04T16:51:07.484Z [INFO] [slaReminder] SLA_SCAN cases=1 respRemind=0 respEsc=0 closureRemind=0 closureEsc=0 surveyExpired=0
2026-09-04T16:52:07.491Z [INFO] [slaReminder] SLA_SCAN cases=1 respRemind=0 respEsc=0 closureRemind=0 closureEsc=0 surveyExpired=0
2026-09-04T16:53:07.497Z [INFO] [slaReminder] SLA_SCAN cases=1 respRemind=0 respEsc=0 closureRemind=0 closureEsc=0 surveyExpired=0
2026-09-04T16:54:07.511Z [INFO] [slaReminder] SLA_SCAN cases=1 respRemind=0 respEsc=0 closureRemind=0 closureEsc=0 surveyExpired=0
2026-09-04T16:55:07.523Z [INFO] [slaReminder] SLA_SCAN cases=1 respRemind=0 respEsc=0 closureRemind=0 closureEsc=0 surveyExpired=0
2026-09-04T16:56:07.525Z [INFO] [slaReminder] SLA_SCAN cases=1 respRemind=0 respEsc=0 closureRemind=0 closureEsc=0 surveyExpired=0
2026-09-04T16:57:07.527Z [INFO] [slaReminder] SLA_SCAN cases=1 respRemind=0 respEsc=0 closureRemind=0 closureEsc=0 surveyExpired=0
2026-09-04T16:58:07.539Z [INFO] [slaReminder] SLA_SCAN cases=1 respRemind=0 respEsc=0 closureRemind=0 closureEsc=0 surveyExpired=0
2026-09-04T16:59:07.543Z [INFO] [slaReminder] SLA_SCAN cases=1 respRemind=0 respEsc=0 closureRemind=0 closureEsc=0 surveyExpired=0
2026-09-04T17:00:07.547Z [INFO] [slaReminder] SLA_SCAN cases=1 respRemind=0 respEsc=0 closureRemind=0 closureEsc=0 surveyExpired=0
2026-09-04T17:01:07.553Z [INFO] [slaReminder] SLA_SCAN cases=1 respRemind=0 respEsc=0 closureRemind=0 closureEsc=0 surveyExpired=0
2026-09-04T17:02:07.561Z [INFO] [slaReminder] SLA_SCAN cases=1 respRemind=0 respEsc=0 closureRemind=0 closureEsc=0 surveyExpired=0
2026-09-04T17:03:07.569Z [INFO] [slaReminder] SLA_SCAN cases=1 respRemind=0 respEsc=0 closureRemind=0 closureEsc=0 surveyExpired=0
2026-09-04T17:04:07.588Z [INFO] [slaReminder] SLA_SCAN cases=1 respRemind=0 respEsc=0 closureRemind=0 closureEsc=0 surveyExpired=0
2026-09-04T17:05:07.595Z [INFO] [slaReminder] SLA_SCAN cases=1 respRemind=0 respEsc=0 closureRemind=0 closureEsc=0 surveyExpired=0
2026-09-04T17:06:07.605Z [INFO] [slaReminder] SLA_SCAN cases=1 respRemind=0 respEsc=0 closureRemind=0 closureEsc=0 surveyExpired=0
2026-09-04T17:07:07.615Z [INFO] [slaReminder] SLA_SCAN cases=1 respRemind=0 respEsc=0 closureRemind=0 closureEsc=0 surveyExpired=0
2026-09-04T17:08:07.624Z [INFO] [slaReminder] SLA_SCAN cases=1 respRemind=0 respEsc=0 closureRemind=0 closureEsc=0 surveyExpired=0
2026-09-04T17:09:07.632Z [INFO] [slaReminder] SLA_SCAN cases=1 respRemind=0 respEsc=0 closureRemind=0 closureEsc=0 surveyExpired=0
2026-09-04T17:10:07.638Z [INFO] [slaReminder] SLA_SCAN cases=1 respRemind=0 respEsc=0 closureRemind=0 closureEsc=0 surveyExpired=0
2026-09-04T17:11:07.647Z [INFO] [slaReminder] SLA_SCAN cases=1 respRemind=0 respEsc=0 closureRemind=0 closureEsc=0 surveyExpired=0
2026-09-04T17:12:07.652Z [INFO] [slaReminder] SLA_SCAN cases=1 respRemind=0 respEsc=0 closureRemind=0 closureEsc=0 surveyExpired=0
2026-09-04T17:13:07.653Z [INFO] [slaReminder] SLA_SCAN cases=1 respRemind=0 respEsc=0 closureRemind=0 closureEsc=0 surveyExpired=0
2026-09-04T17:14:07.662Z [INFO] [slaReminder] SLA_SCAN cases=1 respRemind=0 respEsc=0 closureRemind=0 closureEsc=0 surveyExpired=0
2026-09-04T17:15:07.674Z [INFO] [slaReminder] SLA_SCAN cases=1 respRemind=0 respEsc=0 closureRemind=0 closureEsc=0 surveyExpired=0
2026-09-04T17:16:07.679Z [INFO] [slaReminder] SLA_SCAN cases=1 respRemind=0 respEsc=0 closureRemind=0 closureEsc=0 surveyExpired=0
2026-09-04T17:17:07.684Z [INFO] [slaReminder] SLA_SCAN cases=1 respRemind=0 respEsc=0 closureRemind=0 closureEsc=0 surveyExpired=0
2026-09-04T17:18:07.685Z [INFO] [slaReminder] SLA_SCAN cases=1 respRemind=0 respEsc=0 closureRemind=0 closureEsc=0 surveyExpired=0
2026-09-04T17:19:07.696Z [INFO] [slaReminder] SLA_SCAN cases=1 respRemind=0 respEsc=0 closureRemind=0 closureEsc=0 surveyExpired=0
2026-09-04T17:20:07.699Z [INFO] [slaReminder] SLA_SCAN cases=1 respRemind=0 respEsc=0 closureRemind=0 closureEsc=0 surveyExpired=0
2026-09-04T17:21:07.713Z [INFO] [slaReminder] SLA_SCAN cases=1 respRemind=0 respEsc=0 closureRemind=0 closureEsc=0 surveyExpired=0
2026-09-04T17:22:07.722Z [INFO] [slaReminder] SLA_SCAN cases=1 respRemind=0 respEsc=0 closureRemind=0 closureEsc=0 surveyExpired=0
2026-09-04T17:23:07.737Z [INFO] [slaReminder] SLA_SCAN cases=1 respRemind=0 respEsc=0 closureRemind=0 closureEsc=0 surveyExpired=0
2026-09-04T17:24:07.739Z [INFO] [slaReminder] SLA_SCAN cases=1 respRemind=0 respEsc=0 closureRemind=0 closureEsc=0 surveyExpired=0
2026-09-04T17:25:07.750Z [INFO] [slaReminder] SLA_SCAN cases=1 respRemind=0 respEsc=0 closureRemind=0 closureEsc=0 surveyExpired=0
2026-09-04T17:26:07.761Z [INFO] [slaReminder] SLA_SCAN cases=1 respRemind=0 respEsc=0 closureRemind=0 closureEsc=0 surveyExpired=0
2026-09-04T17:27:07.775Z [INFO] [slaReminder] SLA_SCAN cases=1 respRemind=0 respEsc=0 closureRemind=0 closureEsc=0 surveyExpired=0
2026-09-04T17:28:07.785Z [INFO] [slaReminder] SLA_SCAN cases=1 respRemind=0 respEsc=0 closureRemind=0 closureEsc=0 surveyExpired=0
2026-09-04T17:29:07.799Z [INFO] [slaReminder] SLA_SCAN cases=1 respRemind=0 respEsc=0 closureRemind=0 closureEsc=0 surveyExpired=0
2026-09-04T17:30:07.812Z [INFO] [slaReminder] SLA_SCAN cases=1 respRemind=0 respEsc=0 closureRemind=0 closureEsc=0 surveyExpired=0
2026-09-04T17:31:07.815Z [INFO] [slaReminder] SLA_SCAN cases=1 respRemind=0 respEsc=0 closureRemind=0 closureEsc=0 surveyExpired=0
2026-09-04T17:32:07.827Z [INFO] [slaReminder] SLA_SCAN cases=1 respRemind=0 respEsc=0 closureRemind=0 closureEsc=0 surveyExpired=0
2026-09-04T17:33:07.839Z [INFO] [slaReminder] SLA_SCAN cases=1 respRemind=0 respEsc=0 closureRemind=0 closureEsc=0 surveyExpired=0
2026-09-04T17:34:07.846Z [INFO] [slaReminder] SLA_SCAN cases=1 respRemind=0 respEsc=0 closureRemind=0 closureEsc=0 surveyExpired=0
2026-09-04T17:35:07.846Z [INFO] [slaReminder] SLA_SCAN cases=1 respRemind=0 respEsc=0 closureRemind=0 closureEsc=0 surveyExpired=0
2026-09-04T17:36:07.859Z [INFO] [slaReminder] SLA_SCAN cases=1 respRemind=0 respEsc=0 closureRemind=0 closureEsc=0 surveyExpired=0
2026-09-04T17:37:07.866Z [INFO] [slaReminder] SLA_SCAN cases=1 respRemind=0 respEsc=0 closureRemind=0 closureEsc=0 surveyExpired=0
2026-09-04T17:38:07.874Z [INFO] [slaReminder] SLA_SCAN cases=1 respRemind=0 respEsc=0 closureRemind=0 closureEsc=0 surveyExpired=0
2026-09-04T17:39:07.892Z [INFO] [slaReminder] SLA_SCAN cases=1 respRemind=0 respEsc=0 closureRemind=0 closureEsc=0 surveyExpired=0
2026-09-04T17:40:07.892Z [INFO] [slaReminder] SLA_SCAN cases=1 respRemind=0 respEsc=0 closureRemind=0 closureEsc=0 surveyExpired=0
2026-09-04T17:41:07.894Z [INFO] [slaReminder] SLA_SCAN cases=1 respRemind=0 respEsc=0 closureRemind=0 closureEsc=0 surveyExpired=0
2026-09-04T17:42:07.894Z [INFO] [slaReminder] SLA_SCAN cases=1 respRemind=0 respEsc=0 closureRemind=0 closureEsc=0 surveyExpired=0
2026-09-04T17:43:07.905Z [INFO] [slaReminder] SLA_SCAN cases=1 respRemind=0 respEsc=0 closureRemind=0 closureEsc=0 surveyExpired=0
2026-09-04T17:44:07.934Z [INFO] [slaReminder] SLA_SCAN cases=1 respRemind=0 respEsc=0 closureRemind=0 closureEsc=0 surveyExpired=0
2026-09-04T17:45:07.937Z [INFO] [slaReminder] SLA_SCAN cases=1 respRemind=0 respEsc=0 closureRemind=0 closureEsc=0 surveyExpired=0
2026-09-04T17:46:07.937Z [INFO] [slaReminder] SLA_SCAN cases=1 respRemind=0 respEsc=0 closureRemind=0 closureEsc=0 surveyExpired=0
2026-09-04T17:47:07.944Z [INFO] [slaReminder] SLA_SCAN cases=1 respRemind=0 respEsc=0 closureRemind=0 closureEsc=0 surveyExpired=0
2026-09-04T17:48:07.954Z [INFO] [slaReminder] SLA_SCAN cases=1 respRemind=0 respEsc=0 closureRemind=0 closureEsc=0 surveyExpired=0
2026-09-04T17:49:07.961Z [INFO] [slaReminder] SLA_SCAN cases=1 respRemind=0 respEsc=0 closureRemind=0 closureEsc=0 surveyExpired=0
2026-09-04T17:50:07.968Z [INFO] [slaReminder] SLA_SCAN cases=1 respRemind=0 respEsc=0 closureRemind=0 closureEsc=0 surveyExpired=0
2026-09-04T17:51:07.982Z [INFO] [slaReminder] SLA_SCAN cases=1 respRemind=0 respEsc=0 closureRemind=0 closureEsc=0 surveyExpired=0
2026-09-04T17:52:07.983Z [INFO] [slaReminder] SLA_SCAN cases=1 respRemind=0 respEsc=0 closureRemind=0 closureEsc=0 surveyExpired=0
2026-09-04T17:53:07.988Z [INFO] [slaReminder] SLA_SCAN cases=1 respRemind=0 respEsc=0 closureRemind=0 closureEsc=0 surveyExpired=0
2026-09-04T17:54:08.000Z [INFO] [slaReminder] SLA_SCAN cases=1 respRemind=0 respEsc=0 closureRemind=0 closureEsc=0 surveyExpired=0
2026-09-04T17:55:08.015Z [INFO] [slaReminder] SLA_SCAN cases=1 respRemind=0 respEsc=0 closureRemind=0 closureEsc=0 surveyExpired=0
2026-09-04T17:56:08.015Z [INFO] [slaReminder] SLA_SCAN cases=1 respRemind=0 respEsc=0 closureRemind=0 closureEsc=0 surveyExpired=0
2026-09-04T17:57:08.019Z [INFO] [slaReminder] SLA_SCAN cases=1 respRemind=0 respEsc=0 closureRemind=0 closureEsc=0 surveyExpired=0
2026-09-04T17:58:08.025Z [INFO] [slaReminder] SLA_SCAN cases=1 respRemind=0 respEsc=0 closureRemind=0 closureEsc=0 surveyExpired=0
2026-09-04T17:59:08.035Z [INFO] [slaReminder] SLA_SCAN cases=1 respRemind=0 respEsc=0 closureRemind=0 closureEsc=0 surveyExpired=0
2026-09-04T18:00:08.035Z [INFO] [slaReminder] SLA_SCAN cases=1 respRemind=0 respEsc=0 closureRemind=0 closureEsc=0 surveyExpired=0
2026-09-04T18:01:08.047Z [INFO] [slaReminder] SLA_SCAN cases=1 respRemind=0 respEsc=0 closureRemind=0 closureEsc=0 surveyExpired=0
2026-09-04T18:02:08.050Z [INFO] [slaReminder] SLA_SCAN cases=1 respRemind=0 respEsc=0 closureRemind=0 closureEsc=0 surveyExpired=0
2026-09-04T18:03:08.058Z [INFO] [slaReminder] SLA_SCAN cases=1 respRemind=0 respEsc=0 closureRemind=0 closureEsc=0 surveyExpired=0
2026-09-04T18:04:08.068Z [INFO] [slaReminder] SLA_SCAN cases=1 respRemind=0 respEsc=0 closureRemind=0 closureEsc=0 surveyExpired=0
2026-09-04T18:05:08.080Z [INFO] [slaReminder] SLA_SCAN cases=1 respRemind=0 respEsc=0 closureRemind=0 closureEsc=0 surveyExpired=0
2026-09-04T18:06:08.086Z [INFO] [slaReminder] SLA_SCAN cases=1 respRemind=0 respEsc=0 closureRemind=0 closureEsc=0 surveyExpired=0
2026-09-04T18:07:08.089Z [INFO] [slaReminder] SLA_SCAN cases=1 respRemind=0 respEsc=0 closureRemind=0 closureEsc=0 surveyExpired=0
2026-09-04T18:08:08.100Z [INFO] [slaReminder] SLA_SCAN cases=1 respRemind=0 respEsc=0 closureRemind=0 closureEsc=0 surveyExpired=0
2026-09-04T18:09:08.110Z [INFO] [slaReminder] SLA_SCAN cases=1 respRemind=0 respEsc=0 closureRemind=0 closureEsc=0 surveyExpired=0
2026-09-04T18:10:08.119Z [INFO] [slaReminder] SLA_SCAN cases=1 respRemind=0 respEsc=0 closureRemind=0 closureEsc=0 surveyExpired=0
2026-09-04T18:11:08.121Z [INFO] [slaReminder] SLA_SCAN cases=1 respRemind=0 respEsc=0 closureRemind=0 closureEsc=0 surveyExpired=0
2026-09-04T18:12:08.135Z [INFO] [slaReminder] SLA_SCAN cases=1 respRemind=0 respEsc=0 closureRemind=0 closureEsc=0 surveyExpired=0
2026-09-04T18:13:08.145Z [INFO] [slaReminder] SLA_SCAN cases=1 respRemind=0 respEsc=0 closureRemind=0 closureEsc=0 surveyExpired=0
2026-09-04T18:14:08.155Z [INFO] [slaReminder] SLA_SCAN cases=1 respRemind=0 respEsc=0 closureRemind=0 closureEsc=0 surveyExpired=0
2026-09-04T18:15:08.171Z [INFO] [slaReminder] SLA_SCAN cases=1 respRemind=0 respEsc=0 closureRemind=0 closureEsc=0 surveyExpired=0
2026-09-04T18:16:08.179Z [INFO] [slaReminder] SLA_SCAN cases=1 respRemind=0 respEsc=0 closureRemind=0 closureEsc=0 surveyExpired=0
2026-09-04T18:17:08.187Z [INFO] [slaReminder] SLA_SCAN cases=1 respRemind=0 respEsc=0 closureRemind=0 closureEsc=0 surveyExpired=0
2026-09-04T18:18:08.198Z [INFO] [slaReminder] SLA_SCAN cases=1 respRemind=0 respEsc=0 closureRemind=0 closureEsc=0 surveyExpired=0
2026-09-04T18:19:08.198Z [INFO] [slaReminder] SLA_SCAN cases=1 respRemind=0 respEsc=0 closureRemind=0 closureEsc=0 surveyExpired=0
2026-09-04T18:20:08.200Z [INFO] [slaReminder] SLA_SCAN cases=1 respRemind=0 respEsc=0 closureRemind=0 closureEsc=0 surveyExpired=0
2026-09-04T18:21:08.209Z [INFO] [slaReminder] SLA_SCAN cases=1 respRemind=0 respEsc=0 closureRemind=0 closureEsc=0 surveyExpired=0
2026-09-04T18:22:08.224Z [INFO] [slaReminder] SLA_SCAN cases=1 respRemind=0 respEsc=0 closureRemind=0 closureEsc=0 surveyExpired=0
2026-09-04T18:23:08.234Z [INFO] [slaReminder] SLA_SCAN cases=1 respRemind=0 respEsc=0 closureRemind=0 closureEsc=0 surveyExpired=0
2026-09-04T18:24:08.235Z [INFO] [slaReminder] SLA_SCAN cases=1 respRemind=0 respEsc=0 closureRemind=0 closureEsc=0 surveyExpired=0
2026-09-04T18:25:08.249Z [INFO] [slaReminder] SLA_SCAN cases=1 respRemind=0 respEsc=0 closureRemind=0 closureEsc=0 surveyExpired=0
2026-09-04T18:26:08.256Z [INFO] [slaReminder] SLA_SCAN cases=1 respRemind=0 respEsc=0 closureRemind=0 closureEsc=0 surveyExpired=0
2026-09-04T18:27:08.262Z [INFO] [slaReminder] SLA_SCAN cases=1 respRemind=0 respEsc=0 closureRemind=0 closureEsc=0 surveyExpired=0
2026-09-04T18:28:08.272Z [INFO] [slaReminder] SLA_SCAN cases=1 respRemind=0 respEsc=0 closureRemind=0 closureEsc=0 surveyExpired=0
2026-09-04T18:29:08.277Z [INFO] [slaReminder] SLA_SCAN cases=1 respRemind=0 respEsc=0 closureRemind=0 closureEsc=0 surveyExpired=0
2026-09-04T18:30:08.283Z [INFO] [slaReminder] SLA_SCAN cases=1 respRemind=0 respEsc=0 closureRemind=0 closureEsc=0 surveyExpired=0
2026-09-04T18:31:08.293Z [INFO] [slaReminder] SLA_SCAN cases=1 respRemind=0 respEsc=0 closureRemind=0 closureEsc=0 surveyExpired=0
2026-09-04T18:32:08.297Z [INFO] [slaReminder] SLA_SCAN cases=1 respRemind=0 respEsc=0 closureRemind=0 closureEsc=0 surveyExpired=0
2026-09-04T18:33:08.302Z [INFO] [slaReminder] SLA_SCAN cases=1 respRemind=0 respEsc=0 closureRemind=0 closureEsc=0 surveyExpired=0
2026-09-04T18:34:08.308Z [INFO] [slaReminder] SLA_SCAN cases=1 respRemind=0 respEsc=0 closureRemind=0 closureEsc=0 surveyExpired=0
2026-09-04T18:35:08.318Z [INFO] [slaReminder] SLA_SCAN cases=1 respRemind=0 respEsc=0 closureRemind=0 closureEsc=0 surveyExpired=0
2026-09-04T18:36:08.332Z [INFO] [slaReminder] SLA_SCAN cases=1 respRemind=0 respEsc=0 closureRemind=0 closureEsc=0 surveyExpired=0
2026-09-04T18:37:08.345Z [INFO] [slaReminder] SLA_SCAN cases=1 respRemind=0 respEsc=0 closureRemind=0 closureEsc=0 surveyExpired=0
2026-09-04T18:38:08.352Z [INFO] [slaReminder] SLA_SCAN cases=1 respRemind=0 respEsc=0 closureRemind=0 closureEsc=0 surveyExpired=0
2026-09-04T18:39:08.354Z [INFO] [slaReminder] SLA_SCAN cases=1 respRemind=0 respEsc=0 closureRemind=0 closureEsc=0 surveyExpired=0
2026-09-04T18:40:08.357Z [INFO] [slaReminder] SLA_SCAN cases=1 respRemind=0 respEsc=0 closureRemind=0 closureEsc=0 surveyExpired=0
2026-09-04T18:41:08.369Z [INFO] [slaReminder] SLA_SCAN cases=1 respRemind=0 respEsc=0 closureRemind=0 closureEsc=0 surveyExpired=0
2026-09-04T18:42:08.370Z [INFO] [slaReminder] SLA_SCAN cases=1 respRemind=0 respEsc=0 closureRemind=0 closureEsc=0 surveyExpired=0
2026-09-04T18:43:08.379Z [INFO] [slaReminder] SLA_SCAN cases=1 respRemind=0 respEsc=0 closureRemind=0 closureEsc=0 surveyExpired=0
2026-09-04T18:44:08.395Z [INFO] [slaReminder] SLA_SCAN cases=1 respRemind=0 respEsc=0 closureRemind=0 closureEsc=0 surveyExpired=0
2026-09-04T18:45:08.396Z [INFO] [slaReminder] SLA_SCAN cases=1 respRemind=0 respEsc=0 closureRemind=0 closureEsc=0 surveyExpired=0
2026-09-04T18:46:08.401Z [INFO] [slaReminder] SLA_SCAN cases=1 respRemind=0 respEsc=0 closureRemind=0 closureEsc=0 surveyExpired=0
2026-09-04T18:47:08.412Z [INFO] [slaReminder] SLA_SCAN cases=1 respRemind=0 respEsc=0 closureRemind=0 closureEsc=0 surveyExpired=0
2026-09-04T18:48:08.417Z [INFO] [slaReminder] SLA_SCAN cases=1 respRemind=0 respEsc=0 closureRemind=0 closureEsc=0 surveyExpired=0
2026-09-04T18:49:08.433Z [INFO] [slaReminder] SLA_SCAN cases=1 respRemind=0 respEsc=0 closureRemind=0 closureEsc=0 surveyExpired=0
2026-09-04T18:50:08.442Z [INFO] [slaReminder] SLA_SCAN cases=1 respRemind=0 respEsc=0 closureRemind=0 closureEsc=0 surveyExpired=0
2026-09-04T18:51:08.450Z [INFO] [slaReminder] SLA_SCAN cases=1 respRemind=0 respEsc=0 closureRemind=0 closureEsc=0 surveyExpired=0
2026-09-04T18:52:08.465Z [INFO] [slaReminder] SLA_SCAN cases=1 respRemind=0 respEsc=0 closureRemind=0 closureEsc=0 surveyExpired=0
2026-09-04T18:53:08.474Z [INFO] [slaReminder] SLA_SCAN cases=1 respRemind=0 respEsc=0 closureRemind=0 closureEsc=0 surveyExpired=0
2026-09-04T18:54:08.478Z [INFO] [slaReminder] SLA_SCAN cases=1 respRemind=0 respEsc=0 closureRemind=0 closureEsc=0 surveyExpired=0
2026-09-04T18:55:08.493Z [INFO] [slaReminder] SLA_SCAN cases=1 respRemind=0 respEsc=0 closureRemind=0 closureEsc=0 surveyExpired=0
2026-09-04T18:56:08.494Z [INFO] [slaReminder] SLA_SCAN cases=1 respRemind=0 respEsc=0 closureRemind=0 closureEsc=0 surveyExpired=0
2026-09-04T18:57:08.508Z [INFO] [slaReminder] SLA_SCAN cases=1 respRemind=0 respEsc=0 closureRemind=0 closureEsc=0 surveyExpired=0
2026-09-04T18:58:08.520Z [INFO] [slaReminder] SLA_SCAN cases=1 respRemind=0 respEsc=0 closureRemind=0 closureEsc=0 surveyExpired=0
2026-09-04T18:59:08.534Z [INFO] [slaReminder] SLA_SCAN cases=1 respRemind=0 respEsc=0 closureRemind=0 closureEsc=0 surveyExpired=0
2026-09-04T19:00:08.541Z [INFO] [slaReminder] SLA_SCAN cases=1 respRemind=0 respEsc=0 closureRemind=0 closureEsc=0 surveyExpired=0
2026-09-04T19:01:08.546Z [INFO] [slaReminder] SLA_SCAN cases=1 respRemind=0 respEsc=0 closureRemind=0 closureEsc=0 surveyExpired=0
2026-09-04T19:02:08.549Z [INFO] [slaReminder] SLA_SCAN cases=1 respRemind=0 respEsc=0 closureRemind=0 closureEsc=0 surveyExpired=0
2026-09-04T19:03:08.566Z [INFO] [slaReminder] SLA_SCAN cases=1 respRemind=0 respEsc=0 closureRemind=0 closureEsc=0 surveyExpired=0
2026-09-04T19:04:08.578Z [INFO] [slaReminder] SLA_SCAN cases=1 respRemind=0 respEsc=0 closureRemind=0 closureEsc=0 surveyExpired=0
2026-09-04T19:05:08.586Z [INFO] [slaReminder] SLA_SCAN cases=1 respRemind=0 respEsc=0 closureRemind=0 closureEsc=0 surveyExpired=0
2026-09-04T19:06:08.590Z [INFO] [slaReminder] SLA_SCAN cases=1 respRemind=0 respEsc=0 closureRemind=0 closureEsc=0 surveyExpired=0
2026-09-04T19:07:08.591Z [INFO] [slaReminder] SLA_SCAN cases=1 respRemind=0 respEsc=0 closureRemind=0 closureEsc=0 surveyExpired=0
2026-09-04T19:08:08.603Z [INFO] [slaReminder] SLA_SCAN cases=1 respRemind=0 respEsc=0 closureRemind=0 closureEsc=0 surveyExpired=0
2026-09-04T19:09:08.613Z [INFO] [slaReminder] SLA_SCAN cases=1 respRemind=0 respEsc=0 closureRemind=0 closureEsc=0 surveyExpired=0
2026-09-04T19:10:08.619Z [INFO] [slaReminder] SLA_SCAN cases=1 respRemind=0 respEsc=0 closureRemind=0 closureEsc=0 surveyExpired=0
2026-09-04T19:11:08.629Z [INFO] [slaReminder] SLA_SCAN cases=1 respRemind=0 respEsc=0 closureRemind=0 closureEsc=0 surveyExpired=0
2026-09-04T19:12:08.637Z [INFO] [slaReminder] SLA_SCAN cases=1 respRemind=0 respEsc=0 closureRemind=0 closureEsc=0 surveyExpired=0
2026-09-04T19:13:08.639Z [INFO] [slaReminder] SLA_SCAN cases=1 respRemind=0 respEsc=0 closureRemind=0 closureEsc=0 surveyExpired=0
2026-09-04T19:14:08.650Z [INFO] [slaReminder] SLA_SCAN cases=1 respRemind=0 respEsc=0 closureRemind=0 closureEsc=0 surveyExpired=0
2026-09-04T19:15:08.658Z [INFO] [slaReminder] SLA_SCAN cases=1 respRemind=0 respEsc=0 closureRemind=0 closureEsc=0 surveyExpired=0
2026-09-04T19:16:08.666Z [INFO] [slaReminder] SLA_SCAN cases=1 respRemind=0 respEsc=0 closureRemind=0 closureEsc=0 surveyExpired=0
2026-09-04T19:17:08.672Z [INFO] [slaReminder] SLA_SCAN cases=1 respRemind=0 respEsc=0 closureRemind=0 closureEsc=0 surveyExpired=0
2026-09-04T19:18:08.686Z [INFO] [slaReminder] SLA_SCAN cases=1 respRemind=0 respEsc=0 closureRemind=0 closureEsc=0 surveyExpired=0
2026-09-04T19:19:08.689Z [INFO] [slaReminder] SLA_SCAN cases=1 respRemind=0 respEsc=0 closureRemind=0 closureEsc=0 surveyExpired=0
2026-09-04T19:20:08.702Z [INFO] [slaReminder] SLA_SCAN cases=1 respRemind=0 respEsc=0 closureRemind=0 closureEsc=0 surveyExpired=0
2026-09-04T19:21:08.712Z [INFO] [slaReminder] SLA_SCAN cases=1 respRemind=0 respEsc=0 closureRemind=0 closureEsc=0 surveyExpired=0
2026-09-04T19:22:08.717Z [INFO] [slaReminder] SLA_SCAN cases=1 respRemind=0 respEsc=0 closureRemind=0 closureEsc=0 surveyExpired=0
2026-09-04T19:23:08.726Z [INFO] [slaReminder] SLA_SCAN cases=1 respRemind=0 respEsc=0 closureRemind=0 closureEsc=0 surveyExpired=0
2026-09-04T19:24:08.740Z [INFO] [slaReminder] SLA_SCAN cases=1 respRemind=0 respEsc=0 closureRemind=0 closureEsc=0 surveyExpired=0
2026-09-04T19:25:08.742Z [INFO] [slaReminder] SLA_SCAN cases=1 respRemind=0 respEsc=0 closureRemind=0 closureEsc=0 surveyExpired=0
2026-09-04T19:26:08.748Z [INFO] [slaReminder] SLA_SCAN cases=1 respRemind=0 respEsc=0 closureRemind=0 closureEsc=0 surveyExpired=0
2026-09-04T19:27:08.761Z [INFO] [slaReminder] SLA_SCAN cases=1 respRemind=0 respEsc=0 closureRemind=0 closureEsc=0 surveyExpired=0
2026-09-04T19:28:08.769Z [INFO] [slaReminder] SLA_SCAN cases=1 respRemind=0 respEsc=0 closureRemind=0 closureEsc=0 surveyExpired=0
2026-09-04T19:29:08.776Z [INFO] [slaReminder] SLA_SCAN cases=1 respRemind=0 respEsc=0 closureRemind=0 closureEsc=0 surveyExpired=0
2026-09-04T19:30:08.785Z [INFO] [slaReminder] SLA_SCAN cases=1 respRemind=0 respEsc=0 closureRemind=0 closureEsc=0 surveyExpired=0
2026-09-04T19:31:08.792Z [INFO] [slaReminder] SLA_SCAN cases=1 respRemind=0 respEsc=0 closureRemind=0 closureEsc=0 surveyExpired=0
2026-09-04T19:32:08.797Z [INFO] [slaReminder] SLA_SCAN cases=1 respRemind=0 respEsc=0 closureRemind=0 closureEsc=0 surveyExpired=0
2026-09-04T19:33:08.799Z [INFO] [slaReminder] SLA_SCAN cases=1 respRemind=0 respEsc=0 closureRemind=0 closureEsc=0 surveyExpired=0
2026-09-04T19:34:08.805Z [INFO] [slaReminder] SLA_SCAN cases=1 respRemind=0 respEsc=0 closureRemind=0 closureEsc=0 surveyExpired=0
2026-09-04T19:35:08.811Z [INFO] [slaReminder] SLA_SCAN cases=1 respRemind=0 respEsc=0 closureRemind=0 closureEsc=0 surveyExpired=0
2026-09-04T19:36:08.818Z [INFO] [slaReminder] SLA_SCAN cases=1 respRemind=0 respEsc=0 closureRemind=0 closureEsc=0 surveyExpired=0
2026-09-04T19:37:08.830Z [INFO] [slaReminder] SLA_SCAN cases=1 respRemind=0 respEsc=0 closureRemind=0 closureEsc=0 surveyExpired=0
2026-09-04T19:38:08.838Z [INFO] [slaReminder] SLA_SCAN cases=1 respRemind=0 respEsc=0 closureRemind=0 closureEsc=0 surveyExpired=0
2026-09-04T19:39:08.841Z [INFO] [slaReminder] SLA_SCAN cases=1 respRemind=0 respEsc=0 closureRemind=0 closureEsc=0 surveyExpired=0
2026-09-04T19:40:08.847Z [INFO] [slaReminder] SLA_SCAN cases=1 respRemind=0 respEsc=0 closureRemind=0 closureEsc=0 surveyExpired=0
2026-09-04T19:41:08.857Z [INFO] [slaReminder] SLA_SCAN cases=1 respRemind=0 respEsc=0 closureRemind=0 closureEsc=0 surveyExpired=0
2026-09-04T19:42:08.869Z [INFO] [slaReminder] SLA_SCAN cases=1 respRemind=0 respEsc=0 closureRemind=0 closureEsc=0 surveyExpired=0
2026-09-04T19:43:08.874Z [INFO] [slaReminder] SLA_SCAN cases=1 respRemind=0 respEsc=0 closureRemind=0 closureEsc=0 surveyExpired=0
2026-09-04T19:44:08.889Z [INFO] [slaReminder] SLA_SCAN cases=1 respRemind=0 respEsc=0 closureRemind=0 closureEsc=0 surveyExpired=0
2026-09-04T19:45:08.896Z [INFO] [slaReminder] SLA_SCAN cases=1 respRemind=0 respEsc=0 closureRemind=0 closureEsc=0 surveyExpired=0
2026-09-04T19:46:08.910Z [INFO] [slaReminder] SLA_SCAN cases=1 respRemind=0 respEsc=0 closureRemind=0 closureEsc=0 surveyExpired=0
2026-09-04T19:47:08.922Z [INFO] [slaReminder] SLA_SCAN cases=1 respRemind=0 respEsc=0 closureRemind=0 closureEsc=0 surveyExpired=0
2026-09-04T19:48:08.923Z [INFO] [slaReminder] SLA_SCAN cases=1 respRemind=0 respEsc=0 closureRemind=0 closureEsc=0 surveyExpired=0
2026-09-04T19:49:08.931Z [INFO] [slaReminder] SLA_SCAN cases=1 respRemind=0 respEsc=0 closureRemind=0 closureEsc=0 surveyExpired=0
2026-09-04T19:50:08.941Z [INFO] [slaReminder] SLA_SCAN cases=1 respRemind=0 respEsc=0 closureRemind=0 closureEsc=0 surveyExpired=0
2026-09-04T19:51:08.949Z [INFO] [slaReminder] SLA_SCAN cases=1 respRemind=0 respEsc=0 closureRemind=0 closureEsc=0 surveyExpired=0
2026-09-04T19:52:08.962Z [INFO] [slaReminder] SLA_SCAN cases=1 respRemind=0 respEsc=0 closureRemind=0 closureEsc=0 surveyExpired=0
2026-09-04T19:53:08.978Z [INFO] [slaReminder] SLA_SCAN cases=1 respRemind=0 respEsc=0 closureRemind=0 closureEsc=0 surveyExpired=0
2026-09-04T19:54:08.986Z [INFO] [slaReminder] SLA_SCAN cases=1 respRemind=0 respEsc=0 closureRemind=0 closureEsc=0 surveyExpired=0
2026-09-04T19:55:08.993Z [INFO] [slaReminder] SLA_SCAN cases=1 respRemind=0 respEsc=0 closureRemind=0 closureEsc=0 surveyExpired=0
2026-09-04T19:56:08.994Z [INFO] [slaReminder] SLA_SCAN cases=1 respRemind=0 respEsc=0 closureRemind=0 closureEsc=0 surveyExpired=0
2026-09-04T19:57:09.009Z [INFO] [slaReminder] SLA_SCAN cases=1 respRemind=0 respEsc=0 closureRemind=0 closureEsc=0 surveyExpired=0
2026-09-04T19:58:09.020Z [INFO] [slaReminder] SLA_SCAN cases=1 respRemind=0 respEsc=0 closureRemind=0 closureEsc=0 surveyExpired=0
2026-09-04T19:59:09.024Z [INFO] [slaReminder] SLA_SCAN cases=1 respRemind=0 respEsc=0 closureRemind=0 closureEsc=0 surveyExpired=0
2026-09-04T20:00:09.028Z [INFO] [slaReminder] SLA_SCAN cases=1 respRemind=0 respEsc=0 closureRemind=0 closureEsc=0 surveyExpired=0
2026-09-04T20:01:09.041Z [INFO] [slaReminder] SLA_SCAN cases=1 respRemind=0 respEsc=0 closureRemind=0 closureEsc=0 surveyExpired=0
2026-09-04T20:02:09.042Z [INFO] [slaReminder] SLA_SCAN cases=1 respRemind=0 respEsc=0 closureRemind=0 closureEsc=0 surveyExpired=0
2026-09-04T20:03:09.045Z [INFO] [slaReminder] SLA_SCAN cases=1 respRemind=0 respEsc=0 closureRemind=0 closureEsc=0 surveyExpired=0
2026-09-04T20:04:09.064Z [INFO] [slaReminder] SLA_SCAN cases=1 respRemind=0 respEsc=0 closureRemind=0 closureEsc=0 surveyExpired=0
2026-09-04T20:05:09.075Z [INFO] [slaReminder] SLA_SCAN cases=1 respRemind=0 respEsc=0 closureRemind=0 closureEsc=0 surveyExpired=0
2026-09-04T20:06:09.105Z [INFO] [slaReminder] SLA_SCAN cases=1 respRemind=0 respEsc=0 closureRemind=0 closureEsc=0 surveyExpired=0
2026-09-04T20:07:09.115Z [INFO] [slaReminder] SLA_SCAN cases=1 respRemind=0 respEsc=0 closureRemind=0 closureEsc=0 surveyExpired=0
2026-09-04T20:08:09.123Z [INFO] [slaReminder] SLA_SCAN cases=1 respRemind=0 respEsc=0 closureRemind=0 closureEsc=0 surveyExpired=0
2026-09-04T20:09:09.134Z [INFO] [slaReminder] SLA_SCAN cases=1 respRemind=0 respEsc=0 closureRemind=0 closureEsc=0 surveyExpired=0
2026-09-04T20:10:09.143Z [INFO] [slaReminder] SLA_SCAN cases=1 respRemind=0 respEsc=0 closureRemind=0 closureEsc=0 surveyExpired=0
2026-09-04T20:11:09.147Z [INFO] [slaReminder] SLA_SCAN cases=1 respRemind=0 respEsc=0 closureRemind=0 closureEsc=0 surveyExpired=0
2026-09-04T20:12:09.152Z [INFO] [slaReminder] SLA_SCAN cases=1 respRemind=0 respEsc=0 closureRemind=0 closureEsc=0 surveyExpired=0
2026-09-04T20:13:09.171Z [INFO] [slaReminder] SLA_SCAN cases=1 respRemind=0 respEsc=0 closureRemind=0 closureEsc=0 surveyExpired=0
2026-09-04T20:14:09.172Z [INFO] [slaReminder] SLA_SCAN cases=1 respRemind=0 respEsc=0 closureRemind=0 closureEsc=0 surveyExpired=0
2026-09-04T20:15:09.177Z [INFO] [slaReminder] SLA_SCAN cases=1 respRemind=0 respEsc=0 closureRemind=0 closureEsc=0 surveyExpired=0
2026-09-04T20:16:09.181Z [INFO] [slaReminder] SLA_SCAN cases=1 respRemind=0 respEsc=0 closureRemind=0 closureEsc=0 surveyExpired=0
2026-09-04T20:17:09.196Z [INFO] [slaReminder] SLA_SCAN cases=1 respRemind=0 respEsc=0 closureRemind=0 closureEsc=0 surveyExpired=0
2026-09-04T20:18:09.196Z [INFO] [slaReminder] SLA_SCAN cases=1 respRemind=0 respEsc=0 closureRemind=0 closureEsc=0 surveyExpired=0
2026-09-04T20:19:09.217Z [INFO] [slaReminder] SLA_SCAN cases=1 respRemind=0 respEsc=0 closureRemind=0 closureEsc=0 surveyExpired=0
2026-09-04T20:20:09.223Z [INFO] [slaReminder] SLA_SCAN cases=1 respRemind=0 respEsc=0 closureRemind=0 closureEsc=0 surveyExpired=0
2026-09-04T20:21:09.226Z [INFO] [slaReminder] SLA_SCAN cases=1 respRemind=0 respEsc=0 closureRemind=0 closureEsc=0 surveyExpired=0
2026-09-04T20:22:09.242Z [INFO] [slaReminder] SLA_SCAN cases=1 respRemind=0 respEsc=0 closureRemind=0 closureEsc=0 surveyExpired=0
2026-09-04T20:23:09.255Z [INFO] [slaReminder] SLA_SCAN cases=1 respRemind=0 respEsc=0 closureRemind=0 closureEsc=0 surveyExpired=0
2026-09-04T20:24:09.267Z [INFO] [slaReminder] SLA_SCAN cases=1 respRemind=0 respEsc=0 closureRemind=0 closureEsc=0 surveyExpired=0
2026-09-04T20:25:09.272Z [INFO] [slaReminder] SLA_SCAN cases=1 respRemind=0 respEsc=0 closureRemind=0 closureEsc=0 surveyExpired=0
2026-09-04T20:26:09.274Z [INFO] [slaReminder] SLA_SCAN cases=1 respRemind=0 respEsc=0 closureRemind=0 closureEsc=0 surveyExpired=0
2026-09-04T20:27:09.298Z [INFO] [slaReminder] SLA_SCAN cases=1 respRemind=0 respEsc=0 closureRemind=0 closureEsc=0 surveyExpired=0
2026-09-04T20:28:09.302Z [INFO] [slaReminder] SLA_SCAN cases=1 respRemind=0 respEsc=0 closureRemind=0 closureEsc=0 surveyExpired=0
2026-09-04T20:29:09.312Z [INFO] [slaReminder] SLA_SCAN cases=1 respRemind=0 respEsc=0 closureRemind=0 closureEsc=0 surveyExpired=0
2026-09-04T20:30:09.314Z [INFO] [slaReminder] SLA_SCAN cases=1 respRemind=0 respEsc=0 closureRemind=0 closureEsc=0 surveyExpired=0
2026-09-04T20:31:09.330Z [INFO] [slaReminder] SLA_SCAN cases=1 respRemind=0 respEsc=0 closureRemind=0 closureEsc=0 surveyExpired=0
2026-09-04T20:32:09.338Z [INFO] [slaReminder] SLA_SCAN cases=1 respRemind=0 respEsc=0 closureRemind=0 closureEsc=0 surveyExpired=0
2026-09-04T20:33:09.341Z [INFO] [slaReminder] SLA_SCAN cases=1 respRemind=0 respEsc=0 closureRemind=0 closureEsc=0 surveyExpired=0
2026-09-04T20:34:09.351Z [INFO] [slaReminder] SLA_SCAN cases=1 respRemind=0 respEsc=0 closureRemind=0 closureEsc=0 surveyExpired=0
2026-09-04T20:35:09.352Z [INFO] [slaReminder] SLA_SCAN cases=1 respRemind=0 respEsc=0 closureRemind=0 closureEsc=0 surveyExpired=0
2026-09-04T20:36:09.368Z [INFO] [slaReminder] SLA_SCAN cases=1 respRemind=0 respEsc=0 closureRemind=0 closureEsc=0 surveyExpired=0
2026-09-04T20:37:09.410Z [INFO] [slaReminder] SLA_SCAN cases=1 respRemind=0 respEsc=0 closureRemind=0 closureEsc=0 surveyExpired=0
2026-09-04T20:38:09.410Z [INFO] [slaReminder] SLA_SCAN cases=1 respRemind=0 respEsc=0 closureRemind=0 closureEsc=0 surveyExpired=0
2026-09-04T20:39:09.418Z [INFO] [slaReminder] SLA_SCAN cases=1 respRemind=0 respEsc=0 closureRemind=0 closureEsc=0 surveyExpired=0
2026-09-04T20:40:09.422Z [INFO] [slaReminder] SLA_SCAN cases=1 respRemind=0 respEsc=0 closureRemind=0 closureEsc=0 surveyExpired=0
2026-09-04T20:41:09.432Z [INFO] [slaReminder] SLA_SCAN cases=1 respRemind=0 respEsc=0 closureRemind=0 closureEsc=0 surveyExpired=0
2026-09-04T20:42:09.435Z [INFO] [slaReminder] SLA_SCAN cases=1 respRemind=0 respEsc=0 closureRemind=0 closureEsc=0 surveyExpired=0
2026-09-04T20:43:09.444Z [INFO] [slaReminder] SLA_SCAN cases=1 respRemind=0 respEsc=0 closureRemind=0 closureEsc=0 surveyExpired=0
2026-09-04T20:44:09.461Z [INFO] [slaReminder] SLA_SCAN cases=1 respRemind=0 respEsc=0 closureRemind=0 closureEsc=0 surveyExpired=0
2026-09-04T20:45:09.472Z [INFO] [slaReminder] SLA_SCAN cases=1 respRemind=0 respEsc=0 closureRemind=0 closureEsc=0 surveyExpired=0
2026-09-04T20:46:09.480Z [INFO] [slaReminder] SLA_SCAN cases=1 respRemind=0 respEsc=0 closureRemind=0 closureEsc=0 surveyExpired=0
2026-09-04T20:47:09.493Z [INFO] [slaReminder] SLA_SCAN cases=1 respRemind=0 respEsc=0 closureRemind=0 closureEsc=0 surveyExpired=0
2026-09-04T20:48:09.495Z [INFO] [slaReminder] SLA_SCAN cases=1 respRemind=0 respEsc=0 closureRemind=0 closureEsc=0 surveyExpired=0
2026-09-04T20:49:09.507Z [INFO] [slaReminder] SLA_SCAN cases=1 respRemind=0 respEsc=0 closureRemind=0 closureEsc=0 surveyExpired=0
2026-09-04T20:50:09.516Z [INFO] [slaReminder] SLA_SCAN cases=1 respRemind=0 respEsc=0 closureRemind=0 closureEsc=0 surveyExpired=0
2026-09-04T20:51:09.520Z [INFO] [slaReminder] SLA_SCAN cases=1 respRemind=0 respEsc=0 closureRemind=0 closureEsc=0 surveyExpired=0
2026-09-04T20:52:09.534Z [INFO] [slaReminder] SLA_SCAN cases=1 respRemind=0 respEsc=0 closureRemind=0 closureEsc=0 surveyExpired=0
2026-09-04T20:53:09.548Z [INFO] [slaReminder] SLA_SCAN cases=1 respRemind=0 respEsc=0 closureRemind=0 closureEsc=0 surveyExpired=0
2026-09-04T20:54:09.557Z [INFO] [slaReminder] SLA_SCAN cases=1 respRemind=0 respEsc=0 closureRemind=0 closureEsc=0 surveyExpired=0
2026-09-04T20:55:09.560Z [INFO] [slaReminder] SLA_SCAN cases=1 respRemind=0 respEsc=0 closureRemind=0 closureEsc=0 surveyExpired=0
2026-09-04T20:56:09.566Z [INFO] [slaReminder] SLA_SCAN cases=1 respRemind=0 respEsc=0 closureRemind=0 closureEsc=0 surveyExpired=0
2026-09-04T20:57:09.575Z [INFO] [slaReminder] SLA_SCAN cases=1 respRemind=0 respEsc=0 closureRemind=0 closureEsc=0 surveyExpired=0
2026-09-04T20:58:09.582Z [INFO] [slaReminder] SLA_SCAN cases=1 respRemind=0 respEsc=0 closureRemind=0 closureEsc=0 surveyExpired=0
2026-09-04T20:59:09.585Z [INFO] [slaReminder] SLA_SCAN cases=1 respRemind=0 respEsc=0 closureRemind=0 closureEsc=0 surveyExpired=0
2026-09-04T21:00:09.589Z [INFO] [slaReminder] SLA_SCAN cases=1 respRemind=0 respEsc=0 closureRemind=0 closureEsc=0 surveyExpired=0
2026-09-04T21:01:09.604Z [INFO] [slaReminder] SLA_SCAN cases=1 respRemind=0 respEsc=0 closureRemind=0 closureEsc=0 surveyExpired=0
2026-09-04T21:02:09.611Z [INFO] [slaReminder] SLA_SCAN cases=1 respRemind=0 respEsc=0 closureRemind=0 closureEsc=0 surveyExpired=0
2026-09-04T21:03:09.620Z [INFO] [slaReminder] SLA_SCAN cases=1 respRemind=0 respEsc=0 closureRemind=0 closureEsc=0 surveyExpired=0
2026-09-04T21:04:09.645Z [INFO] [slaReminder] SLA_SCAN cases=1 respRemind=0 respEsc=0 closureRemind=0 closureEsc=0 surveyExpired=0
2026-09-04T21:05:09.647Z [INFO] [slaReminder] SLA_SCAN cases=1 respRemind=0 respEsc=0 closureRemind=0 closureEsc=0 surveyExpired=0
2026-09-04T21:06:09.651Z [INFO] [slaReminder] SLA_SCAN cases=1 respRemind=0 respEsc=0 closureRemind=0 closureEsc=0 surveyExpired=0
2026-09-04T21:07:09.661Z [INFO] [slaReminder] SLA_SCAN cases=1 respRemind=0 respEsc=0 closureRemind=0 closureEsc=0 surveyExpired=0
2026-09-04T21:08:09.667Z [INFO] [slaReminder] SLA_SCAN cases=1 respRemind=0 respEsc=0 closureRemind=0 closureEsc=0 surveyExpired=0
2026-09-04T21:09:09.669Z [INFO] [slaReminder] SLA_SCAN cases=1 respRemind=0 respEsc=0 closureRemind=0 closureEsc=0 surveyExpired=0
2026-09-04T21:10:09.679Z [INFO] [slaReminder] SLA_SCAN cases=1 respRemind=0 respEsc=0 closureRemind=0 closureEsc=0 surveyExpired=0
2026-09-04T21:11:09.690Z [INFO] [slaReminder] SLA_SCAN cases=1 respRemind=0 respEsc=0 closureRemind=0 closureEsc=0 surveyExpired=0
2026-09-04T21:12:09.694Z [INFO] [slaReminder] SLA_SCAN cases=1 respRemind=0 respEsc=0 closureRemind=0 closureEsc=0 surveyExpired=0
2026-09-04T21:13:09.699Z [INFO] [slaReminder] SLA_SCAN cases=1 respRemind=0 respEsc=0 closureRemind=0 closureEsc=0 surveyExpired=0
2026-09-04T21:14:09.704Z [INFO] [slaReminder] SLA_SCAN cases=1 respRemind=0 respEsc=0 closureRemind=0 closureEsc=0 surveyExpired=0
2026-09-04T21:15:09.713Z [INFO] [slaReminder] SLA_SCAN cases=1 respRemind=0 respEsc=0 closureRemind=0 closureEsc=0 surveyExpired=0
2026-09-04T21:16:09.720Z [INFO] [slaReminder] SLA_SCAN cases=1 respRemind=0 respEsc=0 closureRemind=0 closureEsc=0 surveyExpired=0
2026-09-04T21:17:09.721Z [INFO] [slaReminder] SLA_SCAN cases=1 respRemind=0 respEsc=0 closureRemind=0 closureEsc=0 surveyExpired=0
2026-09-04T21:18:09.733Z [INFO] [slaReminder] SLA_SCAN cases=1 respRemind=0 respEsc=0 closureRemind=0 closureEsc=0 surveyExpired=0
2026-09-04T21:19:09.740Z [INFO] [slaReminder] SLA_SCAN cases=1 respRemind=0 respEsc=0 closureRemind=0 closureEsc=0 surveyExpired=0
2026-09-04T21:20:09.752Z [INFO] [slaReminder] SLA_SCAN cases=1 respRemind=0 respEsc=0 closureRemind=0 closureEsc=0 surveyExpired=0
2026-09-04T21:21:09.755Z [INFO] [slaReminder] SLA_SCAN cases=1 respRemind=0 respEsc=0 closureRemind=0 closureEsc=0 surveyExpired=0
2026-09-04T21:22:09.766Z [INFO] [slaReminder] SLA_SCAN cases=1 respRemind=0 respEsc=0 closureRemind=0 closureEsc=0 surveyExpired=0
2026-09-04T21:23:09.775Z [INFO] [slaReminder] SLA_SCAN cases=1 respRemind=0 respEsc=0 closureRemind=0 closureEsc=0 surveyExpired=0
2026-09-04T21:24:09.789Z [INFO] [slaReminder] SLA_SCAN cases=1 respRemind=0 respEsc=0 closureRemind=0 closureEsc=0 surveyExpired=0
2026-09-04T21:25:09.795Z [INFO] [slaReminder] SLA_SCAN cases=1 respRemind=0 respEsc=0 closureRemind=0 closureEsc=0 surveyExpired=0
2026-09-04T21:26:09.809Z [INFO] [slaReminder] SLA_SCAN cases=1 respRemind=0 respEsc=0 closureRemind=0 closureEsc=0 surveyExpired=0
2026-09-04T21:27:09.820Z [INFO] [slaReminder] SLA_SCAN cases=1 respRemind=0 respEsc=0 closureRemind=0 closureEsc=0 surveyExpired=0
2026-09-04T21:28:09.830Z [INFO] [slaReminder] SLA_SCAN cases=1 respRemind=0 respEsc=0 closureRemind=0 closureEsc=0 surveyExpired=0
2026-09-04T21:29:09.846Z [INFO] [slaReminder] SLA_SCAN cases=1 respRemind=0 respEsc=0 closureRemind=0 closureEsc=0 surveyExpired=0
2026-09-04T21:30:09.857Z [INFO] [slaReminder] SLA_SCAN cases=1 respRemind=0 respEsc=0 closureRemind=0 closureEsc=0 surveyExpired=0
2026-09-04T21:31:09.868Z [INFO] [slaReminder] SLA_SCAN cases=1 respRemind=0 respEsc=0 closureRemind=0 closureEsc=0 surveyExpired=0
2026-09-04T21:32:09.883Z [INFO] [slaReminder] SLA_SCAN cases=1 respRemind=0 respEsc=0 closureRemind=0 closureEsc=0 surveyExpired=0
2026-09-04T21:33:09.893Z [INFO] [slaReminder] SLA_SCAN cases=1 respRemind=0 respEsc=0 closureRemind=0 closureEsc=0 surveyExpired=0
2026-09-04T21:34:09.898Z [INFO] [slaReminder] SLA_SCAN cases=1 respRemind=0 respEsc=0 closureRemind=0 closureEsc=0 surveyExpired=0
2026-09-04T21:35:09.908Z [INFO] [slaReminder] SLA_SCAN cases=1 respRemind=0 respEsc=0 closureRemind=0 closureEsc=0 surveyExpired=0
2026-09-04T21:36:09.913Z [INFO] [slaReminder] SLA_SCAN cases=1 respRemind=0 respEsc=0 closureRemind=0 closureEsc=0 surveyExpired=0
2026-09-04T21:37:09.927Z [INFO] [slaReminder] SLA_SCAN cases=1 respRemind=0 respEsc=0 closureRemind=0 closureEsc=0 surveyExpired=0
2026-09-04T21:38:09.936Z [INFO] [slaReminder] SLA_SCAN cases=1 respRemind=0 respEsc=0 closureRemind=0 closureEsc=0 surveyExpired=0
2026-09-04T21:39:09.941Z [INFO] [slaReminder] SLA_SCAN cases=1 respRemind=0 respEsc=0 closureRemind=0 closureEsc=0 surveyExpired=0
2026-09-04T21:40:09.952Z [INFO] [slaReminder] SLA_SCAN cases=1 respRemind=0 respEsc=0 closureRemind=0 closureEsc=0 surveyExpired=0
2026-09-04T21:41:09.963Z [INFO] [slaReminder] SLA_SCAN cases=1 respRemind=0 respEsc=0 closureRemind=0 closureEsc=0 surveyExpired=0
2026-09-04T21:42:09.965Z [INFO] [slaReminder] SLA_SCAN cases=1 respRemind=0 respEsc=0 closureRemind=0 closureEsc=0 surveyExpired=0
2026-09-04T21:43:09.976Z [INFO] [slaReminder] SLA_SCAN cases=1 respRemind=0 respEsc=0 closureRemind=0 closureEsc=0 surveyExpired=0
2026-09-04T21:44:09.990Z [INFO] [slaReminder] SLA_SCAN cases=1 respRemind=0 respEsc=0 closureRemind=0 closureEsc=0 surveyExpired=0
2026-09-04T21:45:09.997Z [INFO] [slaReminder] SLA_SCAN cases=1 respRemind=0 respEsc=0 closureRemind=0 closureEsc=0 surveyExpired=0
2026-09-04T21:46:10.001Z [INFO] [slaReminder] SLA_SCAN cases=1 respRemind=0 respEsc=0 closureRemind=0 closureEsc=0 surveyExpired=0
2026-09-04T21:47:10.006Z [INFO] [slaReminder] SLA_SCAN cases=1 respRemind=0 respEsc=0 closureRemind=0 closureEsc=0 surveyExpired=0
2026-09-04T21:48:10.016Z [INFO] [slaReminder] SLA_SCAN cases=1 respRemind=0 respEsc=0 closureRemind=0 closureEsc=0 surveyExpired=0
2026-09-04T21:49:10.020Z [INFO] [slaReminder] SLA_SCAN cases=1 respRemind=0 respEsc=0 closureRemind=0 closureEsc=0 surveyExpired=0
2026-09-04T21:50:10.022Z [INFO] [slaReminder] SLA_SCAN cases=1 respRemind=0 respEsc=0 closureRemind=0 closureEsc=0 surveyExpired=0
2026-09-04T21:51:10.023Z [INFO] [slaReminder] SLA_SCAN cases=1 respRemind=0 respEsc=0 closureRemind=0 closureEsc=0 surveyExpired=0
2026-09-04T21:52:10.024Z [INFO] [slaReminder] SLA_SCAN cases=1 respRemind=0 respEsc=0 closureRemind=0 closureEsc=0 surveyExpired=0
2026-09-04T21:53:10.037Z [INFO] [slaReminder] SLA_SCAN cases=1 respRemind=0 respEsc=0 closureRemind=0 closureEsc=0 surveyExpired=0
2026-09-04T21:54:10.052Z [INFO] [slaReminder] SLA_SCAN cases=1 respRemind=0 respEsc=0 closureRemind=0 closureEsc=0 surveyExpired=0
2026-09-04T21:55:10.065Z [INFO] [slaReminder] SLA_SCAN cases=1 respRemind=0 respEsc=0 closureRemind=0 closureEsc=0 surveyExpired=0
2026-09-04T21:56:10.066Z [INFO] [slaReminder] SLA_SCAN cases=1 respRemind=0 respEsc=0 closureRemind=0 closureEsc=0 surveyExpired=0
2026-09-04T21:57:10.073Z [INFO] [slaReminder] SLA_SCAN cases=1 respRemind=0 respEsc=0 closureRemind=0 closureEsc=0 surveyExpired=0
2026-09-04T21:58:10.074Z [INFO] [slaReminder] SLA_SCAN cases=1 respRemind=0 respEsc=0 closureRemind=0 closureEsc=0 surveyExpired=0
2026-09-04T21:59:10.085Z [INFO] [slaReminder] SLA_SCAN cases=1 respRemind=0 respEsc=0 closureRemind=0 closureEsc=0 surveyExpired=0
2026-09-04T22:00:10.088Z [INFO] [slaReminder] SLA_SCAN cases=1 respRemind=0 respEsc=0 closureRemind=0 closureEsc=0 surveyExpired=0
2026-09-04T22:01:10.094Z [INFO] [slaReminder] SLA_SCAN cases=1 respRemind=0 respEsc=0 closureRemind=0 closureEsc=0 surveyExpired=0
2026-09-04T22:02:10.095Z [INFO] [slaReminder] SLA_SCAN cases=1 respRemind=0 respEsc=0 closureRemind=0 closureEsc=0 surveyExpired=0
2026-09-04T22:03:10.105Z [INFO] [slaReminder] SLA_SCAN cases=1 respRemind=0 respEsc=0 closureRemind=0 closureEsc=0 surveyExpired=0
2026-09-04T22:04:10.112Z [INFO] [slaReminder] SLA_SCAN cases=1 respRemind=0 respEsc=0 closureRemind=0 closureEsc=0 surveyExpired=0
2026-09-04T22:05:10.125Z [INFO] [slaReminder] SLA_SCAN cases=1 respRemind=0 respEsc=0 closureRemind=0 closureEsc=0 surveyExpired=0
2026-09-04T22:06:10.127Z [INFO] [slaReminder] SLA_SCAN cases=1 respRemind=0 respEsc=0 closureRemind=0 closureEsc=0 surveyExpired=0
2026-09-04T22:07:10.126Z [INFO] [slaReminder] SLA_SCAN cases=1 respRemind=0 respEsc=0 closureRemind=0 closureEsc=0 surveyExpired=0
2026-09-04T22:08:10.127Z [INFO] [slaReminder] SLA_SCAN cases=1 respRemind=0 respEsc=0 closureRemind=0 closureEsc=0 surveyExpired=0
2026-09-04T22:09:10.133Z [INFO] [slaReminder] SLA_SCAN cases=1 respRemind=0 respEsc=0 closureRemind=0 closureEsc=0 surveyExpired=0
2026-09-04T22:10:10.137Z [INFO] [slaReminder] SLA_SCAN cases=1 respRemind=0 respEsc=0 closureRemind=0 closureEsc=0 surveyExpired=0
2026-09-04T22:11:10.150Z [INFO] [slaReminder] SLA_SCAN cases=1 respRemind=0 respEsc=0 closureRemind=0 closureEsc=0 surveyExpired=0
2026-09-04T22:12:10.166Z [INFO] [slaReminder] SLA_SCAN cases=1 respRemind=0 respEsc=0 closureRemind=0 closureEsc=0 surveyExpired=0
2026-09-04T22:13:10.177Z [INFO] [slaReminder] SLA_SCAN cases=1 respRemind=0 respEsc=0 closureRemind=0 closureEsc=0 surveyExpired=0
2026-09-04T22:14:10.184Z [INFO] [slaReminder] SLA_SCAN cases=1 respRemind=0 respEsc=0 closureRemind=0 closureEsc=0 surveyExpired=0
2026-09-04T22:15:10.186Z [INFO] [slaReminder] SLA_SCAN cases=1 respRemind=0 respEsc=0 closureRemind=0 closureEsc=0 surveyExpired=0
2026-09-04T22:16:10.199Z [INFO] [slaReminder] SLA_SCAN cases=1 respRemind=0 respEsc=0 closureRemind=0 closureEsc=0 surveyExpired=0
2026-09-04T22:17:10.209Z [INFO] [slaReminder] SLA_SCAN cases=1 respRemind=0 respEsc=0 closureRemind=0 closureEsc=0 surveyExpired=0
2026-09-04T22:18:10.217Z [INFO] [slaReminder] SLA_SCAN cases=1 respRemind=0 respEsc=0 closureRemind=0 closureEsc=0 surveyExpired=0
2026-09-04T22:19:10.220Z [INFO] [slaReminder] SLA_SCAN cases=1 respRemind=0 respEsc=0 closureRemind=0 closureEsc=0 surveyExpired=0
2026-09-04T22:20:10.229Z [INFO] [slaReminder] SLA_SCAN cases=1 respRemind=0 respEsc=0 closureRemind=0 closureEsc=0 surveyExpired=0
2026-09-04T22:21:10.243Z [INFO] [slaReminder] SLA_SCAN cases=1 respRemind=0 respEsc=0 closureRemind=0 closureEsc=0 surveyExpired=0
2026-09-04T22:22:10.254Z [INFO] [slaReminder] SLA_SCAN cases=1 respRemind=0 respEsc=0 closureRemind=0 closureEsc=0 surveyExpired=0
2026-09-04T22:23:10.260Z [INFO] [slaReminder] SLA_SCAN cases=1 respRemind=0 respEsc=0 closureRemind=0 closureEsc=0 surveyExpired=0
2026-09-04T22:24:10.270Z [INFO] [slaReminder] SLA_SCAN cases=1 respRemind=0 respEsc=0 closureRemind=0 closureEsc=0 surveyExpired=0
2026-09-04T22:25:10.275Z [INFO] [slaReminder] SLA_SCAN cases=1 respRemind=0 respEsc=0 closureRemind=0 closureEsc=0 surveyExpired=0
2026-09-04T22:26:10.282Z [INFO] [slaReminder] SLA_SCAN cases=1 respRemind=0 respEsc=0 closureRemind=0 closureEsc=0 surveyExpired=0
2026-09-04T22:27:10.288Z [INFO] [slaReminder] SLA_SCAN cases=1 respRemind=0 respEsc=0 closureRemind=0 closureEsc=0 surveyExpired=0
2026-09-04T22:28:10.289Z [INFO] [slaReminder] SLA_SCAN cases=1 respRemind=0 respEsc=0 closureRemind=0 closureEsc=0 surveyExpired=0
2026-09-04T22:29:10.293Z [INFO] [slaReminder] SLA_SCAN cases=1 respRemind=0 respEsc=0 closureRemind=0 closureEsc=0 surveyExpired=0
2026-09-04T22:30:10.304Z [INFO] [slaReminder] SLA_SCAN cases=1 respRemind=0 respEsc=0 closureRemind=0 closureEsc=0 surveyExpired=0
2026-09-04T22:31:10.306Z [INFO] [slaReminder] SLA_SCAN cases=1 respRemind=0 respEsc=0 closureRemind=0 closureEsc=0 surveyExpired=0
2026-09-04T22:32:10.318Z [INFO] [slaReminder] SLA_SCAN cases=1 respRemind=0 respEsc=0 closureRemind=0 closureEsc=0 surveyExpired=0
2026-09-04T22:33:10.319Z [INFO] [slaReminder] SLA_SCAN cases=1 respRemind=0 respEsc=0 closureRemind=0 closureEsc=0 surveyExpired=0
2026-09-04T22:34:10.319Z [INFO] [slaReminder] SLA_SCAN cases=1 respRemind=0 respEsc=0 closureRemind=0 closureEsc=0 surveyExpired=0
2026-09-04T22:35:10.333Z [INFO] [slaReminder] SLA_SCAN cases=1 respRemind=0 respEsc=0 closureRemind=0 closureEsc=0 surveyExpired=0
2026-09-04T22:36:10.335Z [INFO] [slaReminder] SLA_SCAN cases=1 respRemind=0 respEsc=0 closureRemind=0 closureEsc=0 surveyExpired=0
2026-09-04T22:37:10.344Z [INFO] [slaReminder] SLA_SCAN cases=1 respRemind=0 respEsc=0 closureRemind=0 closureEsc=0 surveyExpired=0
2026-09-04T22:38:10.354Z [INFO] [slaReminder] SLA_SCAN cases=1 respRemind=0 respEsc=0 closureRemind=0 closureEsc=0 surveyExpired=0
2026-09-04T22:39:10.363Z [INFO] [slaReminder] SLA_SCAN cases=1 respRemind=0 respEsc=0 closureRemind=0 closureEsc=0 surveyExpired=0
2026-09-04T22:40:10.374Z [INFO] [slaReminder] SLA_SCAN cases=1 respRemind=0 respEsc=0 closureRemind=0 closureEsc=0 surveyExpired=0
2026-09-04T22:41:10.388Z [INFO] [slaReminder] SLA_SCAN cases=1 respRemind=0 respEsc=0 closureRemind=0 closureEsc=0 surveyExpired=0
2026-09-04T22:42:10.399Z [INFO] [slaReminder] SLA_SCAN cases=1 respRemind=0 respEsc=0 closureRemind=0 closureEsc=0 surveyExpired=0
2026-09-04T22:43:10.403Z [INFO] [slaReminder] SLA_SCAN cases=1 respRemind=0 respEsc=0 closureRemind=0 closureEsc=0 surveyExpired=0
2026-09-04T22:44:10.415Z [INFO] [slaReminder] SLA_SCAN cases=1 respRemind=0 respEsc=0 closureRemind=0 closureEsc=0 surveyExpired=0
2026-09-04T22:45:10.416Z [INFO] [slaReminder] SLA_SCAN cases=1 respRemind=0 respEsc=0 closureRemind=0 closureEsc=0 surveyExpired=0
2026-09-04T22:46:10.442Z [INFO] [slaReminder] SLA_SCAN cases=1 respRemind=0 respEsc=0 closureRemind=0 closureEsc=0 surveyExpired=0
2026-09-04T22:47:10.447Z [INFO] [slaReminder] SLA_SCAN cases=1 respRemind=0 respEsc=0 closureRemind=0 closureEsc=0 surveyExpired=0
2026-09-04T22:48:10.454Z [INFO] [slaReminder] SLA_SCAN cases=1 respRemind=0 respEsc=0 closureRemind=0 closureEsc=0 surveyExpired=0
2026-09-04T22:49:10.463Z [INFO] [slaReminder] SLA_SCAN cases=1 respRemind=0 respEsc=0 closureRemind=0 closureEsc=0 surveyExpired=0
2026-09-04T22:50:10.470Z [INFO] [slaReminder] SLA_SCAN cases=1 respRemind=0 respEsc=0 closureRemind=0 closureEsc=0 surveyExpired=0
2026-09-04T22:51:10.486Z [INFO] [slaReminder] SLA_SCAN cases=1 respRemind=0 respEsc=0 closureRemind=0 closureEsc=0 surveyExpired=0
2026-09-04T22:52:10.497Z [INFO] [slaReminder] SLA_SCAN cases=1 respRemind=0 respEsc=0 closureRemind=0 closureEsc=0 surveyExpired=0
2026-09-04T22:53:10.503Z [INFO] [slaReminder] SLA_SCAN cases=1 respRemind=0 respEsc=0 closureRemind=0 closureEsc=0 surveyExpired=0
2026-09-04T22:54:10.546Z [INFO] [slaReminder] SLA_SCAN cases=1 respRemind=0 respEsc=0 closureRemind=0 closureEsc=0 surveyExpired=0
2026-09-04T22:55:10.560Z [INFO] [slaReminder] SLA_SCAN cases=1 respRemind=0 respEsc=0 closureRemind=0 closureEsc=0 surveyExpired=0
2026-09-04T22:56:10.564Z [INFO] [slaReminder] SLA_SCAN cases=1 respRemind=0 respEsc=0 closureRemind=0 closureEsc=0 surveyExpired=0
2026-09-04T22:57:10.577Z [INFO] [slaReminder] SLA_SCAN cases=1 respRemind=0 respEsc=0 closureRemind=0 closureEsc=0 surveyExpired=0
2026-09-04T22:58:10.589Z [INFO] [slaReminder] SLA_SCAN cases=1 respRemind=0 respEsc=0 closureRemind=0 closureEsc=0 surveyExpired=0
2026-09-04T22:59:10.591Z [INFO] [slaReminder] SLA_SCAN cases=1 respRemind=0 respEsc=0 closureRemind=0 closureEsc=0 surveyExpired=0
2026-09-04T23:00:10.604Z [INFO] [slaReminder] SLA_SCAN cases=1 respRemind=0 respEsc=0 closureRemind=0 closureEsc=0 surveyExpired=0
2026-09-04T23:01:10.610Z [INFO] [slaReminder] SLA_SCAN cases=1 respRemind=0 respEsc=0 closureRemind=0 closureEsc=0 surveyExpired=0
2026-09-04T23:02:10.625Z [INFO] [slaReminder] SLA_SCAN cases=1 respRemind=0 respEsc=0 closureRemind=0 closureEsc=0 surveyExpired=0
2026-09-04T23:03:10.631Z [INFO] [slaReminder] SLA_SCAN cases=1 respRemind=0 respEsc=0 closureRemind=0 closureEsc=0 surveyExpired=0
2026-09-04T23:04:10.639Z [INFO] [slaReminder] SLA_SCAN cases=1 respRemind=0 respEsc=0 closureRemind=0 closureEsc=0 surveyExpired=0
2026-09-04T23:05:10.651Z [INFO] [slaReminder] SLA_SCAN cases=1 respRemind=0 respEsc=0 closureRemind=0 closureEsc=0 surveyExpired=0
2026-09-04T23:06:10.653Z [INFO] [slaReminder] SLA_SCAN cases=1 respRemind=0 respEsc=0 closureRemind=0 closureEsc=0 surveyExpired=0
2026-09-04T23:07:10.667Z [INFO] [slaReminder] SLA_SCAN cases=1 respRemind=0 respEsc=0 closureRemind=0 closureEsc=0 surveyExpired=0
2026-09-04T23:08:10.675Z [INFO] [slaReminder] SLA_SCAN cases=1 respRemind=0 respEsc=0 closureRemind=0 closureEsc=0 surveyExpired=0
2026-09-04T23:09:10.679Z [INFO] [slaReminder] SLA_SCAN cases=1 respRemind=0 respEsc=0 closureRemind=0 closureEsc=0 surveyExpired=0
2026-09-04T23:10:10.684Z [INFO] [slaReminder] SLA_SCAN cases=1 respRemind=0 respEsc=0 closureRemind=0 closureEsc=0 surveyExpired=0
2026-09-04T23:11:10.691Z [INFO] [slaReminder] SLA_SCAN cases=1 respRemind=0 respEsc=0 closureRemind=0 closureEsc=0 surveyExpired=0
2026-09-04T23:12:10.703Z [INFO] [slaReminder] SLA_SCAN cases=1 respRemind=0 respEsc=0 closureRemind=0 closureEsc=0 surveyExpired=0
2026-09-04T23:13:10.713Z [INFO] [slaReminder] SLA_SCAN cases=1 respRemind=0 respEsc=0 closureRemind=0 closureEsc=0 surveyExpired=0
2026-09-04T23:14:10.727Z [INFO] [slaReminder] SLA_SCAN cases=1 respRemind=0 respEsc=0 closureRemind=0 closureEsc=0 surveyExpired=0
2026-09-04T23:15:10.739Z [INFO] [slaReminder] SLA_SCAN cases=1 respRemind=0 respEsc=0 closureRemind=0 closureEsc=0 surveyExpired=0
2026-09-04T23:16:10.745Z [INFO] [slaReminder] SLA_SCAN cases=1 respRemind=0 respEsc=0 closureRemind=0 closureEsc=0 surveyExpired=0
2026-09-04T23:17:10.751Z [INFO] [slaReminder] SLA_SCAN cases=1 respRemind=0 respEsc=0 closureRemind=0 closureEsc=0 surveyExpired=0
2026-09-04T23:18:10.755Z [INFO] [slaReminder] SLA_SCAN cases=1 respRemind=0 respEsc=0 closureRemind=0 closureEsc=0 surveyExpired=0
2026-09-04T23:19:10.761Z [INFO] [slaReminder] SLA_SCAN cases=1 respRemind=0 respEsc=0 closureRemind=0 closureEsc=0 surveyExpired=0
2026-09-04T23:20:10.771Z [INFO] [slaReminder] SLA_SCAN cases=1 respRemind=0 respEsc=0 closureRemind=0 closureEsc=0 surveyExpired=0
2026-09-04T23:21:10.782Z [INFO] [slaReminder] SLA_SCAN cases=1 respRemind=0 respEsc=0 closureRemind=0 closureEsc=0 surveyExpired=0
2026-09-04T23:22:10.785Z [INFO] [slaReminder] SLA_SCAN cases=1 respRemind=0 respEsc=0 closureRemind=0 closureEsc=0 surveyExpired=0
2026-09-04T23:23:10.794Z [INFO] [slaReminder] SLA_SCAN cases=1 respRemind=0 respEsc=0 closureRemind=0 closureEsc=0 surveyExpired=0
2026-09-04T23:24:10.806Z [INFO] [slaReminder] SLA_SCAN cases=1 respRemind=0 respEsc=0 closureRemind=0 closureEsc=0 surveyExpired=0
2026-09-04T23:25:10.816Z [INFO] [slaReminder] SLA_SCAN cases=1 respRemind=0 respEsc=0 closureRemind=0 closureEsc=0 surveyExpired=0
2026-09-04T23:26:10.818Z [INFO] [slaReminder] SLA_SCAN cases=1 respRemind=0 respEsc=0 closureRemind=0 closureEsc=0 surveyExpired=0
2026-09-04T23:27:10.821Z [INFO] [slaReminder] SLA_SCAN cases=1 respRemind=0 respEsc=0 closureRemind=0 closureEsc=0 surveyExpired=0
2026-09-04T23:28:10.830Z [INFO] [slaReminder] SLA_SCAN cases=1 respRemind=0 respEsc=0 closureRemind=0 closureEsc=0 surveyExpired=0
2026-09-04T23:29:10.844Z [INFO] [slaReminder] SLA_SCAN cases=1 respRemind=0 respEsc=0 closureRemind=0 closureEsc=0 surveyExpired=0
2026-09-04T23:30:10.856Z [INFO] [slaReminder] SLA_SCAN cases=1 respRemind=0 respEsc=0 closureRemind=0 closureEsc=0 surveyExpired=0
2026-09-04T23:31:10.870Z [INFO] [slaReminder] SLA_SCAN cases=1 respRemind=0 respEsc=0 closureRemind=0 closureEsc=0 surveyExpired=0
2026-09-04T23:32:10.870Z [INFO] [slaReminder] SLA_SCAN cases=1 respRemind=0 respEsc=0 closureRemind=0 closureEsc=0 surveyExpired=0
2026-09-04T23:33:10.887Z [INFO] [slaReminder] SLA_SCAN cases=1 respRemind=0 respEsc=0 closureRemind=0 closureEsc=0 surveyExpired=0
2026-09-04T23:34:10.900Z [INFO] [slaReminder] SLA_SCAN cases=1 respRemind=0 respEsc=0 closureRemind=0 closureEsc=0 surveyExpired=0
2026-09-04T23:35:10.905Z [INFO] [slaReminder] SLA_SCAN cases=1 respRemind=0 respEsc=0 closureRemind=0 closureEsc=0 surveyExpired=0
2026-09-04T23:36:10.910Z [INFO] [slaReminder] SLA_SCAN cases=1 respRemind=0 respEsc=0 closureRemind=0 closureEsc=0 surveyExpired=0
2026-09-04T23:37:10.919Z [INFO] [slaReminder] SLA_SCAN cases=1 respRemind=0 respEsc=0 closureRemind=0 closureEsc=0 surveyExpired=0
2026-09-04T23:38:10.926Z [INFO] [slaReminder] SLA_SCAN cases=1 respRemind=0 respEsc=0 closureRemind=0 closureEsc=0 surveyExpired=0
2026-09-04T23:39:10.928Z [INFO] [slaReminder] SLA_SCAN cases=1 respRemind=0 respEsc=0 closureRemind=0 closureEsc=0 surveyExpired=0
2026-09-04T23:40:10.942Z [INFO] [slaReminder] SLA_SCAN cases=1 respRemind=0 respEsc=0 closureRemind=0 closureEsc=0 surveyExpired=0
2026-09-04T23:41:10.958Z [INFO] [slaReminder] SLA_SCAN cases=1 respRemind=0 respEsc=0 closureRemind=0 closureEsc=0 surveyExpired=0
2026-09-04T23:42:10.966Z [INFO] [slaReminder] SLA_SCAN cases=1 respRemind=0 respEsc=0 closureRemind=0 closureEsc=0 surveyExpired=0
2026-09-04T23:43:10.972Z [INFO] [slaReminder] SLA_SCAN cases=1 respRemind=0 respEsc=0 closureRemind=0 closureEsc=0 surveyExpired=0
2026-09-04T23:44:10.978Z [INFO] [slaReminder] SLA_SCAN cases=1 respRemind=0 respEsc=0 closureRemind=0 closureEsc=0 surveyExpired=0
2026-09-04T23:45:10.984Z [INFO] [slaReminder] SLA_SCAN cases=1 respRemind=0 respEsc=0 closureRemind=0 closureEsc=0 surveyExpired=0
2026-09-04T23:46:10.994Z [INFO] [slaReminder] SLA_SCAN cases=1 respRemind=0 respEsc=0 closureRemind=0 closureEsc=0 surveyExpired=0
2026-09-04T23:47:10.995Z [INFO] [slaReminder] SLA_SCAN cases=1 respRemind=0 respEsc=0 closureRemind=0 closureEsc=0 surveyExpired=0
2026-09-04T23:48:10.996Z [INFO] [slaReminder] SLA_SCAN cases=1 respRemind=0 respEsc=0 closureRemind=0 closureEsc=0 surveyExpired=0
2026-09-04T23:49:11.012Z [INFO] [slaReminder] SLA_SCAN cases=1 respRemind=0 respEsc=0 closureRemind=0 closureEsc=0 surveyExpired=0
2026-09-04T23:50:11.024Z [INFO] [slaReminder] SLA_SCAN cases=1 respRemind=0 respEsc=0 closureRemind=0 closureEsc=0 surveyExpired=0
2026-09-04T23:51:11.041Z [INFO] [slaReminder] SLA_SCAN cases=1 respRemind=0 respEsc=0 closureRemind=0 closureEsc=0 surveyExpired=0
2026-09-04T23:52:11.049Z [INFO] [slaReminder] SLA_SCAN cases=1 respRemind=0 respEsc=0 closureRemind=0 closureEsc=0 surveyExpired=0
2026-09-04T23:53:11.058Z [INFO] [slaReminder] SLA_SCAN cases=1 respRemind=0 respEsc=0 closureRemind=0 closureEsc=0 surveyExpired=0
2026-09-04T23:54:11.068Z [INFO] [slaReminder] SLA_SCAN cases=1 respRemind=0 respEsc=0 closureRemind=0 closureEsc=0 surveyExpired=0
2026-09-04T23:55:11.074Z [INFO] [slaReminder] SLA_SCAN cases=1 respRemind=0 respEsc=0 closureRemind=0 closureEsc=0 surveyExpired=0
2026-09-04T23:56:11.089Z [INFO] [slaReminder] SLA_SCAN cases=1 respRemind=0 respEsc=0 closureRemind=0 closureEsc=0 surveyExpired=0
2026-09-04T23:57:11.102Z [INFO] [slaReminder] SLA_SCAN cases=1 respRemind=0 respEsc=0 closureRemind=0 closureEsc=0 surveyExpired=0
2026-09-04T23:58:11.107Z [INFO] [slaReminder] SLA_SCAN cases=1 respRemind=0 respEsc=0 closureRemind=0 closureEsc=0 surveyExpired=0
2026-09-04T23:59:11.113Z [INFO] [slaReminder] SLA_SCAN cases=1 respRemind=0 respEsc=0 closureRemind=0 closureEsc=0 surveyExpired=0
2026-09-05T00:00:11.116Z [INFO] [slaReminder] SLA_SCAN cases=1 respRemind=0 respEsc=0 closureRemind=0 closureEsc=0 surveyExpired=0
2026-09-05T00:01:11.128Z [INFO] [slaReminder] SLA_SCAN cases=1 respRemind=0 respEsc=0 closureRemind=0 closureEsc=0 surveyExpired=0
2026-09-05T00:02:11.138Z [INFO] [slaReminder] SLA_SCAN cases=1 respRemind=0 respEsc=0 closureRemind=0 closureEsc=0 surveyExpired=0
2026-09-05T00:03:11.141Z [INFO] [slaReminder] SLA_SCAN cases=1 respRemind=0 respEsc=0 closureRemind=0 closureEsc=0 surveyExpired=0
2026-09-05T00:04:11.151Z [INFO] [slaReminder] SLA_SCAN cases=1 respRemind=0 respEsc=0 closureRemind=0 closureEsc=0 surveyExpired=0
2026-09-05T00:05:11.159Z [INFO] [slaReminder] SLA_SCAN cases=1 respRemind=0 respEsc=0 closureRemind=0 closureEsc=0 surveyExpired=0
2026-09-05T00:06:11.162Z [INFO] [slaReminder] SLA_SCAN cases=1 respRemind=0 respEsc=0 closureRemind=0 closureEsc=0 surveyExpired=0
2026-09-05T00:07:11.163Z [INFO] [slaReminder] SLA_SCAN cases=1 respRemind=0 respEsc=0 closureRemind=0 closureEsc=0 surveyExpired=0
2026-09-05T00:08:11.176Z [INFO] [slaReminder] SLA_SCAN cases=1 respRemind=0 respEsc=0 closureRemind=0 closureEsc=0 surveyExpired=0
2026-09-05T00:09:11.182Z [INFO] [slaReminder] SLA_SCAN cases=1 respRemind=0 respEsc=0 closureRemind=0 closureEsc=0 surveyExpired=0
2026-09-05T00:10:11.185Z [INFO] [slaReminder] SLA_SCAN cases=1 respRemind=0 respEsc=0 closureRemind=0 closureEsc=0 surveyExpired=0
2026-09-05T00:11:11.191Z [INFO] [slaReminder] SLA_SCAN cases=1 respRemind=0 respEsc=0 closureRemind=0 closureEsc=0 surveyExpired=0
2026-09-05T00:12:11.198Z [INFO] [slaReminder] SLA_SCAN cases=1 respRemind=0 respEsc=0 closureRemind=0 closureEsc=0 surveyExpired=0
2026-09-05T00:13:11.210Z [INFO] [slaReminder] SLA_SCAN cases=1 respRemind=0 respEsc=0 closureRemind=0 closureEsc=0 surveyExpired=0
2026-09-05T00:14:11.225Z [INFO] [slaReminder] SLA_SCAN cases=1 respRemind=0 respEsc=0 closureRemind=0 closureEsc=0 surveyExpired=0
2026-09-05T00:15:11.241Z [INFO] [slaReminder] SLA_SCAN cases=1 respRemind=0 respEsc=0 closureRemind=0 closureEsc=0 surveyExpired=0
2026-09-05T00:16:11.247Z [INFO] [slaReminder] SLA_SCAN cases=1 respRemind=0 respEsc=0 closureRemind=0 closureEsc=0 surveyExpired=0
2026-09-05T00:17:11.257Z [INFO] [slaReminder] SLA_SCAN cases=1 respRemind=0 respEsc=0 closureRemind=0 closureEsc=0 surveyExpired=0
2026-09-05T00:18:11.264Z [INFO] [slaReminder] SLA_SCAN cases=1 respRemind=0 respEsc=0 closureRemind=0 closureEsc=0 surveyExpired=0
2026-09-05T00:19:11.278Z [INFO] [slaReminder] SLA_SCAN cases=1 respRemind=0 respEsc=0 closureRemind=0 closureEsc=0 surveyExpired=0
2026-09-05T00:20:11.279Z [INFO] [slaReminder] SLA_SCAN cases=1 respRemind=0 respEsc=0 closureRemind=0 closureEsc=0 surveyExpired=0
2026-09-05T00:21:11.291Z [INFO] [slaReminder] SLA_SCAN cases=1 respRemind=0 respEsc=0 closureRemind=0 closureEsc=0 surveyExpired=0
2026-09-05T00:22:11.306Z [INFO] [slaReminder] SLA_SCAN cases=1 respRemind=0 respEsc=0 closureRemind=0 closureEsc=0 surveyExpired=0
2026-09-05T00:23:11.316Z [INFO] [slaReminder] SLA_SCAN cases=1 respRemind=0 respEsc=0 closureRemind=0 closureEsc=0 surveyExpired=0
2026-09-05T00:24:11.330Z [INFO] [slaReminder] SLA_SCAN cases=1 respRemind=0 respEsc=0 closureRemind=0 closureEsc=0 surveyExpired=0
2026-09-05T00:25:11.344Z [INFO] [slaReminder] SLA_SCAN cases=1 respRemind=0 respEsc=0 closureRemind=0 closureEsc=0 surveyExpired=0
2026-09-05T00:26:11.352Z [INFO] [slaReminder] SLA_SCAN cases=1 respRemind=0 respEsc=0 closureRemind=0 closureEsc=0 surveyExpired=0
2026-09-05T00:27:11.359Z [INFO] [slaReminder] SLA_SCAN cases=1 respRemind=0 respEsc=0 closureRemind=0 closureEsc=0 surveyExpired=0
2026-09-05T00:28:11.369Z [INFO] [slaReminder] SLA_SCAN cases=1 respRemind=0 respEsc=0 closureRemind=0 closureEsc=0 surveyExpired=0
2026-09-05T00:29:11.375Z [INFO] [slaReminder] SLA_SCAN cases=1 respRemind=0 respEsc=0 closureRemind=0 closureEsc=0 surveyExpired=0
2026-09-05T00:30:11.380Z [INFO] [slaReminder] SLA_SCAN cases=1 respRemind=0 respEsc=0 closureRemind=0 closureEsc=0 surveyExpired=0
2026-09-05T00:31:11.392Z [INFO] [slaReminder] SLA_SCAN cases=1 respRemind=0 respEsc=0 closureRemind=0 closureEsc=0 surveyExpired=0
2026-09-05T00:32:11.394Z [INFO] [slaReminder] SLA_SCAN cases=1 respRemind=0 respEsc=0 closureRemind=0 closureEsc=0 surveyExpired=0
2026-09-05T00:33:11.398Z [INFO] [slaReminder] SLA_SCAN cases=1 respRemind=0 respEsc=0 closureRemind=0 closureEsc=0 surveyExpired=0
2026-09-05T00:34:11.413Z [INFO] [slaReminder] SLA_SCAN cases=1 respRemind=0 respEsc=0 closureRemind=0 closureEsc=0 surveyExpired=0
2026-09-05T00:35:11.416Z [INFO] [slaReminder] SLA_SCAN cases=1 respRemind=0 respEsc=0 closureRemind=0 closureEsc=0 surveyExpired=0
2026-09-05T00:36:11.419Z [INFO] [slaReminder] SLA_SCAN cases=1 respRemind=0 respEsc=0 closureRemind=0 closureEsc=0 surveyExpired=0
2026-09-05T00:37:11.423Z [INFO] [slaReminder] SLA_SCAN cases=1 respRemind=0 respEsc=0 closureRemind=0 closureEsc=0 surveyExpired=0
2026-09-05T00:38:11.430Z [INFO] [slaReminder] SLA_SCAN cases=1 respRemind=0 respEsc=0 closureRemind=0 closureEsc=0 surveyExpired=0
2026-09-05T00:39:11.436Z [INFO] [slaReminder] SLA_SCAN cases=1 respRemind=0 respEsc=0 closureRemind=0 closureEsc=0 surveyExpired=0
2026-09-05T00:40:11.447Z [INFO] [slaReminder] SLA_SCAN cases=1 respRemind=0 respEsc=0 closureRemind=0 closureEsc=0 surveyExpired=0
2026-09-05T00:41:11.461Z [INFO] [slaReminder] SLA_SCAN cases=1 respRemind=0 respEsc=0 closureRemind=0 closureEsc=0 surveyExpired=0
2026-09-05T00:42:11.470Z [INFO] [slaReminder] SLA_SCAN cases=1 respRemind=0 respEsc=0 closureRemind=0 closureEsc=0 surveyExpired=0
2026-09-05T00:43:11.483Z [INFO] [slaReminder] SLA_SCAN cases=1 respRemind=0 respEsc=0 closureRemind=0 closureEsc=0 surveyExpired=0
2026-09-05T00:44:11.498Z [INFO] [slaReminder] SLA_SCAN cases=1 respRemind=0 respEsc=0 closureRemind=0 closureEsc=0 surveyExpired=0
2026-09-05T00:45:11.510Z [INFO] [slaReminder] SLA_SCAN cases=1 respRemind=0 respEsc=0 closureRemind=0 closureEsc=0 surveyExpired=0
2026-09-05T00:46:11.518Z [INFO] [slaReminder] SLA_SCAN cases=1 respRemind=0 respEsc=0 closureRemind=0 closureEsc=0 surveyExpired=0
2026-09-05T00:47:11.532Z [INFO] [slaReminder] SLA_SCAN cases=1 respRemind=0 respEsc=0 closureRemind=0 closureEsc=0 surveyExpired=0
2026-09-05T00:48:11.536Z [INFO] [slaReminder] SLA_SCAN cases=1 respRemind=0 respEsc=0 closureRemind=0 closureEsc=0 surveyExpired=0
2026-09-05T00:49:11.538Z [INFO] [slaReminder] SLA_SCAN cases=1 respRemind=0 respEsc=0 closureRemind=0 closureEsc=0 surveyExpired=0
2026-09-05T00:50:11.554Z [INFO] [slaReminder] SLA_SCAN cases=1 respRemind=0 respEsc=0 closureRemind=0 closureEsc=0 surveyExpired=0
2026-09-05T00:51:11.559Z [INFO] [slaReminder] SLA_SCAN cases=1 respRemind=0 respEsc=0 closureRemind=0 closureEsc=0 surveyExpired=0
2026-09-05T00:52:11.564Z [INFO] [slaReminder] SLA_SCAN cases=1 respRemind=0 respEsc=0 closureRemind=0 closureEsc=0 surveyExpired=0
2026-09-05T00:53:11.578Z [INFO] [slaReminder] SLA_SCAN cases=1 respRemind=0 respEsc=0 closureRemind=0 closureEsc=0 surveyExpired=0
2026-09-05T00:54:11.580Z [INFO] [slaReminder] SLA_SCAN cases=1 respRemind=0 respEsc=0 closureRemind=0 closureEsc=0 surveyExpired=0
2026-09-05T00:55:11.586Z [INFO] [slaReminder] SLA_SCAN cases=1 respRemind=0 respEsc=0 closureRemind=0 closureEsc=0 surveyExpired=0
2026-09-05T00:56:11.589Z [INFO] [slaReminder] SLA_SCAN cases=1 respRemind=0 respEsc=0 closureRemind=0 closureEsc=0 surveyExpired=0
2026-09-05T00:57:11.594Z [INFO] [slaReminder] SLA_SCAN cases=1 respRemind=0 respEsc=0 closureRemind=0 closureEsc=0 surveyExpired=0
2026-09-05T00:58:11.607Z [INFO] [slaReminder] SLA_SCAN cases=1 respRemind=0 respEsc=0 closureRemind=0 closureEsc=0 surveyExpired=0
2026-09-05T00:59:11.620Z [INFO] [slaReminder] SLA_SCAN cases=1 respRemind=0 respEsc=0 closureRemind=0 closureEsc=0 surveyExpired=0
2026-09-05T01:00:11.632Z [INFO] [slaReminder] SLA_SCAN cases=1 respRemind=0 respEsc=0 closureRemind=0 closureEsc=0 surveyExpired=0
2026-09-05T01:01:11.642Z [INFO] [slaReminder] SLA_SCAN cases=1 respRemind=0 respEsc=0 closureRemind=0 closureEsc=0 surveyExpired=0
2026-09-05T01:02:11.653Z [INFO] [slaReminder] SLA_SCAN cases=1 respRemind=0 respEsc=0 closureRemind=0 closureEsc=0 surveyExpired=0
2026-09-05T01:03:11.657Z [INFO] [slaReminder] SLA_SCAN cases=1 respRemind=0 respEsc=0 closureRemind=0 closureEsc=0 surveyExpired=0
2026-09-05T01:04:11.660Z [INFO] [slaReminder] SLA_SCAN cases=1 respRemind=0 respEsc=0 closureRemind=0 closureEsc=0 surveyExpired=0
2026-09-05T01:05:11.673Z [INFO] [slaReminder] SLA_SCAN cases=1 respRemind=0 respEsc=0 closureRemind=0 closureEsc=0 surveyExpired=0
2026-09-05T01:06:11.675Z [INFO] [slaReminder] SLA_SCAN cases=1 respRemind=0 respEsc=0 closureRemind=0 closureEsc=0 surveyExpired=0
2026-09-05T01:07:11.802Z [INFO] [slaReminder] SLA_SCAN cases=1 respRemind=0 respEsc=0 closureRemind=0 closureEsc=0 surveyExpired=0
2026-09-05T01:08:11.811Z [INFO] [slaReminder] SLA_SCAN cases=1 respRemind=0 respEsc=0 closureRemind=0 closureEsc=0 surveyExpired=0
2026-09-05T01:09:11.836Z [INFO] [slaReminder] SLA_SCAN cases=1 respRemind=0 respEsc=0 closureRemind=0 closureEsc=0 surveyExpired=0
2026-09-05T01:10:11.845Z [INFO] [slaReminder] SLA_SCAN cases=1 respRemind=0 respEsc=0 closureRemind=0 closureEsc=0 surveyExpired=0
2026-09-05T01:11:11.852Z [INFO] [slaReminder] SLA_SCAN cases=1 respRemind=0 respEsc=0 closureRemind=0 closureEsc=0 surveyExpired=0
2026-09-05T01:12:11.857Z [INFO] [slaReminder] SLA_SCAN cases=1 respRemind=0 respEsc=0 closureRemind=0 closureEsc=0 surveyExpired=0
2026-09-05T01:13:11.868Z [INFO] [slaReminder] SLA_SCAN cases=1 respRemind=0 respEsc=0 closureRemind=0 closureEsc=0 surveyExpired=0
2026-09-05T01:14:11.880Z [INFO] [slaReminder] SLA_SCAN cases=1 respRemind=0 respEsc=0 closureRemind=0 closureEsc=0 surveyExpired=0
2026-09-05T01:15:11.888Z [INFO] [slaReminder] SLA_SCAN cases=1 respRemind=0 respEsc=0 closureRemind=0 closureEsc=0 surveyExpired=0
2026-09-05T01:16:11.890Z [INFO] [slaReminder] SLA_SCAN cases=1 respRemind=0 respEsc=0 closureRemind=0 closureEsc=0 surveyExpired=0
2026-09-05T01:17:11.900Z [INFO] [slaReminder] SLA_SCAN cases=1 respRemind=0 respEsc=0 closureRemind=0 closureEsc=0 surveyExpired=0
2026-09-05T01:18:11.906Z [INFO] [slaReminder] SLA_SCAN cases=1 respRemind=0 respEsc=0 closureRemind=0 closureEsc=0 surveyExpired=0
2026-09-05T01:19:11.917Z [INFO] [slaReminder] SLA_SCAN cases=1 respRemind=0 respEsc=0 closureRemind=0 closureEsc=0 surveyExpired=0
2026-09-05T01:20:11.916Z [INFO] [slaReminder] SLA_SCAN cases=1 respRemind=0 respEsc=0 closureRemind=0 closureEsc=0 surveyExpired=0
2026-09-05T01:21:11.923Z [INFO] [slaReminder] SLA_SCAN cases=1 respRemind=0 respEsc=0 closureRemind=0 closureEsc=0 surveyExpired=0
2026-09-05T01:22:11.925Z [INFO] [slaReminder] SLA_SCAN cases=1 respRemind=0 respEsc=0 closureRemind=0 closureEsc=0 surveyExpired=0
2026-09-05T01:23:11.940Z [INFO] [slaReminder] SLA_SCAN cases=1 respRemind=0 respEsc=0 closureRemind=0 closureEsc=0 surveyExpired=0
2026-09-05T01:24:11.939Z [INFO] [slaReminder] SLA_SCAN cases=1 respRemind=0 respEsc=0 closureRemind=0 closureEsc=0 surveyExpired=0
2026-09-05T01:25:11.940Z [INFO] [slaReminder] SLA_SCAN cases=1 respRemind=0 respEsc=0 closureRemind=0 closureEsc=0 surveyExpired=0
2026-09-05T01:26:11.944Z [INFO] [slaReminder] SLA_SCAN cases=1 respRemind=0 respEsc=0 closureRemind=0 closureEsc=0 surveyExpired=0
2026-09-05T01:27:11.957Z [INFO] [slaReminder] SLA_SCAN cases=1 respRemind=0 respEsc=0 closureRemind=0 closureEsc=0 surveyExpired=0
2026-09-05T01:28:11.974Z [INFO] [slaReminder] SLA_SCAN cases=1 respRemind=0 respEsc=0 closureRemind=0 closureEsc=0 surveyExpired=0
2026-09-05T01:29:11.973Z [INFO] [slaReminder] SLA_SCAN cases=1 respRemind=0 respEsc=0 closureRemind=0 closureEsc=0 surveyExpired=0
2026-09-05T01:30:11.986Z [INFO] [slaReminder] SLA_SCAN cases=1 respRemind=0 respEsc=0 closureRemind=0 closureEsc=0 surveyExpired=0
2026-09-05T01:31:11.994Z [INFO] [slaReminder] SLA_SCAN cases=1 respRemind=0 respEsc=0 closureRemind=0 closureEsc=0 surveyExpired=0
2026-09-05T01:32:12.000Z [INFO] [slaReminder] SLA_SCAN cases=1 respRemind=0 respEsc=0 closureRemind=0 closureEsc=0 surveyExpired=0
2026-09-05T01:33:12.014Z [INFO] [slaReminder] SLA_SCAN cases=1 respRemind=0 respEsc=0 closureRemind=0 closureEsc=0 surveyExpired=0
2026-09-05T01:34:12.027Z [INFO] [slaReminder] SLA_SCAN cases=1 respRemind=0 respEsc=0 closureRemind=0 closureEsc=0 surveyExpired=0
2026-09-05T01:35:12.043Z [INFO] [slaReminder] SLA_SCAN cases=1 respRemind=0 respEsc=0 closureRemind=0 closureEsc=0 surveyExpired=0
2026-09-05T01:36:12.049Z [INFO] [slaReminder] SLA_SCAN cases=1 respRemind=0 respEsc=0 closureRemind=0 closureEsc=0 surveyExpired=0
2026-09-05T01:37:12.055Z [INFO] [slaReminder] SLA_SCAN cases=1 respRemind=0 respEsc=0 closureRemind=0 closureEsc=0 surveyExpired=0
2026-09-05T01:38:12.064Z [INFO] [slaReminder] SLA_SCAN cases=1 respRemind=0 respEsc=0 closureRemind=0 closureEsc=0 surveyExpired=0
2026-09-05T01:39:12.064Z [INFO] [slaReminder] SLA_SCAN cases=1 respRemind=0 respEsc=0 closureRemind=0 closureEsc=0 surveyExpired=0
2026-09-05T01:40:12.073Z [INFO] [slaReminder] SLA_SCAN cases=1 respRemind=0 respEsc=0 closureRemind=0 closureEsc=0 surveyExpired=0
2026-09-05T01:41:12.086Z [INFO] [slaReminder] SLA_SCAN cases=1 respRemind=0 respEsc=0 closureRemind=0 closureEsc=0 surveyExpired=0
2026-09-05T01:42:12.097Z [INFO] [slaReminder] SLA_SCAN cases=1 respRemind=0 respEsc=0 closureRemind=0 closureEsc=0 surveyExpired=0
2026-09-05T01:43:12.097Z [INFO] [slaReminder] SLA_SCAN cases=1 respRemind=0 respEsc=0 closureRemind=0 closureEsc=0 surveyExpired=0
2026-09-05T01:44:12.099Z [INFO] [slaReminder] SLA_SCAN cases=1 respRemind=0 respEsc=0 closureRemind=0 closureEsc=0 surveyExpired=0
2026-09-05T01:45:12.102Z [INFO] [slaReminder] SLA_SCAN cases=1 respRemind=0 respEsc=0 closureRemind=0 closureEsc=0 surveyExpired=0
2026-09-05T01:46:12.114Z [INFO] [slaReminder] SLA_SCAN cases=1 respRemind=0 respEsc=0 closureRemind=0 closureEsc=0 surveyExpired=0
2026-09-05T01:47:12.180Z [INFO] [slaReminder] SLA_SCAN cases=1 respRemind=0 respEsc=0 closureRemind=0 closureEsc=0 surveyExpired=0
2026-09-05T01:48:12.121Z [INFO] [slaReminder] SLA_SCAN cases=1 respRemind=0 respEsc=0 closureRemind=0 closureEsc=0 surveyExpired=0
2026-09-05T01:49:12.132Z [INFO] [slaReminder] SLA_SCAN cases=1 respRemind=0 respEsc=0 closureRemind=0 closureEsc=0 surveyExpired=0
2026-09-05T01:50:12.137Z [INFO] [slaReminder] SLA_SCAN cases=1 respRemind=0 respEsc=0 closureRemind=0 closureEsc=0 surveyExpired=0
2026-09-05T01:51:12.139Z [INFO] [slaReminder] SLA_SCAN cases=1 respRemind=0 respEsc=0 closureRemind=0 closureEsc=0 surveyExpired=0
2026-09-05T01:52:12.154Z [INFO] [slaReminder] SLA_SCAN cases=1 respRemind=0 respEsc=0 closureRemind=0 closureEsc=0 surveyExpired=0
2026-09-05T01:53:12.170Z [INFO] [slaReminder] SLA_SCAN cases=1 respRemind=0 respEsc=0 closureRemind=0 closureEsc=0 surveyExpired=0
2026-09-05T01:54:12.185Z [INFO] [slaReminder] SLA_SCAN cases=1 respRemind=0 respEsc=0 closureRemind=0 closureEsc=0 surveyExpired=0
2026-09-05T01:55:12.196Z [INFO] [slaReminder] SLA_SCAN cases=1 respRemind=0 respEsc=0 closureRemind=0 closureEsc=0 surveyExpired=0
2026-09-05T01:56:12.209Z [INFO] [slaReminder] SLA_SCAN cases=1 respRemind=0 respEsc=0 closureRemind=0 closureEsc=0 surveyExpired=0
2026-09-05T01:57:12.222Z [INFO] [slaReminder] SLA_SCAN cases=1 respRemind=0 respEsc=0 closureRemind=0 closureEsc=0 surveyExpired=0
2026-09-05T01:58:12.234Z [INFO] [slaReminder] SLA_SCAN cases=1 respRemind=0 respEsc=0 closureRemind=0 closureEsc=0 surveyExpired=0
2026-09-05T01:59:12.239Z [INFO] [slaReminder] SLA_SCAN cases=1 respRemind=0 respEsc=0 closureRemind=0 closureEsc=0 surveyExpired=0
2026-09-05T02:00:12.249Z [INFO] [slaReminder] SLA_SCAN cases=1 respRemind=0 respEsc=0 closureRemind=0 closureEsc=0 surveyExpired=0
2026-09-05T02:01:12.262Z [INFO] [slaReminder] SLA_SCAN cases=1 respRemind=0 respEsc=0 closureRemind=0 closureEsc=0 surveyExpired=0
2026-09-05T02:02:12.276Z [INFO] [slaReminder] SLA_SCAN cases=1 respRemind=0 respEsc=0 closureRemind=0 closureEsc=0 surveyExpired=0
2026-09-05T02:03:12.288Z [INFO] [slaReminder] SLA_SCAN cases=1 respRemind=0 respEsc=0 closureRemind=0 closureEsc=0 surveyExpired=0
2026-09-05T02:04:12.300Z [INFO] [slaReminder] SLA_SCAN cases=1 respRemind=0 respEsc=0 closureRemind=0 closureEsc=0 surveyExpired=0
2026-09-05T02:05:12.307Z [INFO] [slaReminder] SLA_SCAN cases=1 respRemind=0 respEsc=0 closureRemind=0 closureEsc=0 surveyExpired=0
2026-09-05T02:06:12.320Z [INFO] [slaReminder] SLA_SCAN cases=1 respRemind=0 respEsc=0 closureRemind=0 closureEsc=0 surveyExpired=0
2026-09-05T02:07:12.323Z [INFO] [slaReminder] SLA_SCAN cases=1 respRemind=0 respEsc=0 closureRemind=0 closureEsc=0 surveyExpired=0
2026-09-05T02:08:12.337Z [INFO] [slaReminder] SLA_SCAN cases=1 respRemind=0 respEsc=0 closureRemind=0 closureEsc=0 surveyExpired=0
2026-09-05T02:09:12.341Z [INFO] [slaReminder] SLA_SCAN cases=1 respRemind=0 respEsc=0 closureRemind=0 closureEsc=0 surveyExpired=0
2026-09-05T02:10:12.341Z [INFO] [slaReminder] SLA_SCAN cases=1 respRemind=0 respEsc=0 closureRemind=0 closureEsc=0 surveyExpired=0
2026-09-05T02:11:12.348Z [INFO] [slaReminder] SLA_SCAN cases=1 respRemind=0 respEsc=0 closureRemind=0 closureEsc=0 surveyExpired=0
2026-09-05T02:12:12.363Z [INFO] [slaReminder] SLA_SCAN cases=1 respRemind=0 respEsc=0 closureRemind=0 closureEsc=0 surveyExpired=0
2026-09-05T02:13:12.372Z [INFO] [slaReminder] SLA_SCAN cases=1 respRemind=0 respEsc=0 closureRemind=0 closureEsc=0 surveyExpired=0
2026-09-05T02:14:12.374Z [INFO] [slaReminder] SLA_SCAN cases=1 respRemind=0 respEsc=0 closureRemind=0 closureEsc=0 surveyExpired=0
2026-09-05T02:15:12.381Z [INFO] [slaReminder] SLA_SCAN cases=1 respRemind=0 respEsc=0 closureRemind=0 closureEsc=0 surveyExpired=0
2026-09-05T02:16:12.388Z [INFO] [slaReminder] SLA_SCAN cases=1 respRemind=0 respEsc=0 closureRemind=0 closureEsc=0 surveyExpired=0
2026-09-05T02:17:12.397Z [INFO] [slaReminder] SLA_SCAN cases=1 respRemind=0 respEsc=0 closureRemind=0 closureEsc=0 surveyExpired=0
2026-09-05T02:18:12.404Z [INFO] [slaReminder] SLA_SCAN cases=1 respRemind=0 respEsc=0 closureRemind=0 closureEsc=0 surveyExpired=0
2026-09-05T02:19:12.410Z [INFO] [slaReminder] SLA_SCAN cases=1 respRemind=0 respEsc=0 closureRemind=0 closureEsc=0 surveyExpired=0
2026-09-05T02:20:12.420Z [INFO] [slaReminder] SLA_SCAN cases=1 respRemind=0 respEsc=0 closureRemind=0 closureEsc=0 surveyExpired=0
2026-09-05T02:21:12.425Z [INFO] [slaReminder] SLA_SCAN cases=1 respRemind=0 respEsc=0 closureRemind=0 closureEsc=0 surveyExpired=0
2026-09-05T02:22:12.439Z [INFO] [slaReminder] SLA_SCAN cases=1 respRemind=0 respEsc=0 closureRemind=0 closureEsc=0 surveyExpired=0
2026-09-05T02:23:12.445Z [INFO] [slaReminder] SLA_SCAN cases=1 respRemind=0 respEsc=0 closureRemind=0 closureEsc=0 surveyExpired=0
2026-09-05T02:24:12.464Z [INFO] [slaReminder] SLA_SCAN cases=1 respRemind=0 respEsc=0 closureRemind=0 closureEsc=0 surveyExpired=0
2026-09-05T02:25:12.479Z [INFO] [slaReminder] SLA_SCAN cases=1 respRemind=0 respEsc=0 closureRemind=0 closureEsc=0 surveyExpired=0
2026-09-05T02:26:12.495Z [INFO] [slaReminder] SLA_SCAN cases=1 respRemind=0 respEsc=0 closureRemind=0 closureEsc=0 surveyExpired=0
2026-09-05T02:27:12.501Z [INFO] [slaReminder] SLA_SCAN cases=1 respRemind=0 respEsc=0 closureRemind=0 closureEsc=0 surveyExpired=0
2026-09-05T02:28:12.504Z [INFO] [slaReminder] SLA_SCAN cases=1 respRemind=0 respEsc=0 closureRemind=0 closureEsc=0 surveyExpired=0
2026-09-05T02:29:12.516Z [INFO] [slaReminder] SLA_SCAN cases=1 respRemind=0 respEsc=0 closureRemind=0 closureEsc=0 surveyExpired=0
2026-09-05T02:30:12.520Z [INFO] [slaReminder] SLA_SCAN cases=1 respRemind=0 respEsc=0 closureRemind=0 closureEsc=0 surveyExpired=0
2026-09-05T02:31:12.528Z [INFO] [slaReminder] SLA_SCAN cases=1 respRemind=0 respEsc=0 closureRemind=0 closureEsc=0 surveyExpired=0
2026-09-05T02:32:12.532Z [INFO] [slaReminder] SLA_SCAN cases=1 respRemind=0 respEsc=0 closureRemind=0 closureEsc=0 surveyExpired=0
2026-09-05T02:33:12.537Z [INFO] [slaReminder] SLA_SCAN cases=1 respRemind=0 respEsc=0 closureRemind=0 closureEsc=0 surveyExpired=0
2026-09-05T02:34:12.547Z [INFO] [slaReminder] SLA_SCAN cases=1 respRemind=0 respEsc=0 closureRemind=0 closureEsc=0 surveyExpired=0
2026-09-05T02:35:12.562Z [INFO] [slaReminder] SLA_SCAN cases=1 respRemind=0 respEsc=0 closureRemind=0 closureEsc=0 surveyExpired=0
2026-09-05T02:36:12.567Z [INFO] [slaReminder] SLA_SCAN cases=1 respRemind=0 respEsc=0 closureRemind=0 closureEsc=0 surveyExpired=0
2026-09-05T02:37:12.573Z [INFO] [slaReminder] SLA_SCAN cases=1 respRemind=0 respEsc=0 closureRemind=0 closureEsc=0 surveyExpired=0
2026-09-05T02:38:12.577Z [INFO] [slaReminder] SLA_SCAN cases=1 respRemind=0 respEsc=0 closureRemind=0 closureEsc=0 surveyExpired=0
2026-09-05T02:39:12.578Z [INFO] [slaReminder] SLA_SCAN cases=1 respRemind=0 respEsc=0 closureRemind=0 closureEsc=0 surveyExpired=0
2026-09-05T02:40:12.586Z [INFO] [slaReminder] SLA_SCAN cases=1 respRemind=0 respEsc=0 closureRemind=0 closureEsc=0 surveyExpired=0
2026-09-05T02:41:12.600Z [INFO] [slaReminder] SLA_SCAN cases=1 respRemind=0 respEsc=0 closureRemind=0 closureEsc=0 surveyExpired=0
2026-09-05T02:42:12.609Z [INFO] [slaReminder] SLA_SCAN cases=1 respRemind=0 respEsc=0 closureRemind=0 closureEsc=0 surveyExpired=0
2026-09-05T02:43:12.619Z [INFO] [slaReminder] SLA_SCAN cases=1 respRemind=0 respEsc=0 closureRemind=0 closureEsc=0 surveyExpired=0
2026-09-05T02:44:12.632Z [INFO] [slaReminder] SLA_SCAN cases=1 respRemind=0 respEsc=0 closureRemind=0 closureEsc=0 surveyExpired=0
2026-09-05T02:45:12.646Z [INFO] [slaReminder] SLA_SCAN cases=1 respRemind=0 respEsc=0 closureRemind=0 closureEsc=0 surveyExpired=0
2026-09-05T02:46:12.660Z [INFO] [slaReminder] SLA_SCAN cases=1 respRemind=0 respEsc=0 closureRemind=0 closureEsc=0 surveyExpired=0
2026-09-05T02:47:12.674Z [INFO] [slaReminder] SLA_SCAN cases=1 respRemind=0 respEsc=0 closureRemind=0 closureEsc=0 surveyExpired=0
2026-09-05T02:48:12.689Z [INFO] [slaReminder] SLA_SCAN cases=1 respRemind=0 respEsc=0 closureRemind=0 closureEsc=0 surveyExpired=0
2026-09-05T02:49:12.699Z [INFO] [slaReminder] SLA_SCAN cases=1 respRemind=0 respEsc=0 closureRemind=0 closureEsc=0 surveyExpired=0
2026-09-05T02:50:12.703Z [INFO] [slaReminder] SLA_SCAN cases=1 respRemind=0 respEsc=0 closureRemind=0 closureEsc=0 surveyExpired=0
2026-09-05T02:51:12.708Z [INFO] [slaReminder] SLA_SCAN cases=1 respRemind=0 respEsc=0 closureRemind=0 closureEsc=0 surveyExpired=0
2026-09-05T02:52:12.719Z [INFO] [slaReminder] SLA_SCAN cases=1 respRemind=0 respEsc=0 closureRemind=0 closureEsc=0 surveyExpired=0
2026-09-05T02:53:12.722Z [INFO] [slaReminder] SLA_SCAN cases=1 respRemind=0 respEsc=0 closureRemind=0 closureEsc=0 surveyExpired=0
2026-09-05T02:54:12.732Z [INFO] [slaReminder] SLA_SCAN cases=1 respRemind=0 respEsc=0 closureRemind=0 closureEsc=0 surveyExpired=0
2026-09-05T02:55:12.740Z [INFO] [slaReminder] SLA_SCAN cases=1 respRemind=0 respEsc=0 closureRemind=0 closureEsc=0 surveyExpired=0
2026-09-05T02:56:12.750Z [INFO] [slaReminder] SLA_SCAN cases=1 respRemind=0 respEsc=0 closureRemind=0 closureEsc=0 surveyExpired=0
2026-09-05T02:57:12.751Z [INFO] [slaReminder] SLA_SCAN cases=1 respRemind=0 respEsc=0 closureRemind=0 closureEsc=0 surveyExpired=0
2026-09-05T02:58:12.755Z [INFO] [slaReminder] SLA_SCAN cases=1 respRemind=0 respEsc=0 closureRemind=0 closureEsc=0 surveyExpired=0
2026-09-05T02:59:12.760Z [INFO] [slaReminder] SLA_SCAN cases=1 respRemind=0 respEsc=0 closureRemind=0 closureEsc=0 surveyExpired=0
2026-09-05T03:00:12.769Z [INFO] [slaReminder] SLA_SCAN cases=1 respRemind=0 respEsc=0 closureRemind=0 closureEsc=0 surveyExpired=0
2026-09-05T03:01:12.784Z [INFO] [slaReminder] SLA_SCAN cases=1 respRemind=0 respEsc=0 closureRemind=0 closureEsc=0 surveyExpired=0
2026-09-05T03:02:12.797Z [INFO] [slaReminder] SLA_SCAN cases=1 respRemind=0 respEsc=0 closureRemind=0 closureEsc=0 surveyExpired=0
2026-09-05T03:03:12.812Z [INFO] [slaReminder] SLA_SCAN cases=1 respRemind=0 respEsc=0 closureRemind=0 closureEsc=0 surveyExpired=0
2026-09-05T03:04:12.825Z [INFO] [slaReminder] SLA_SCAN cases=1 respRemind=0 respEsc=0 closureRemind=0 closureEsc=0 surveyExpired=0
2026-09-05T03:05:12.839Z [INFO] [slaReminder] SLA_SCAN cases=1 respRemind=0 respEsc=0 closureRemind=0 closureEsc=0 surveyExpired=0
2026-09-05T03:06:12.841Z [INFO] [slaReminder] SLA_SCAN cases=1 respRemind=0 respEsc=0 closureRemind=0 closureEsc=0 surveyExpired=0
2026-09-05T03:07:12.842Z [INFO] [slaReminder] SLA_SCAN cases=1 respRemind=0 respEsc=0 closureRemind=0 closureEsc=0 surveyExpired=0
2026-09-05T03:08:12.844Z [INFO] [slaReminder] SLA_SCAN cases=1 respRemind=0 respEsc=0 closureRemind=0 closureEsc=0 surveyExpired=0
2026-09-05T03:09:12.849Z [INFO] [slaReminder] SLA_SCAN cases=1 respRemind=0 respEsc=0 closureRemind=0 closureEsc=0 surveyExpired=0
2026-09-05T03:10:12.859Z [INFO] [slaReminder] SLA_SCAN cases=1 respRemind=0 respEsc=0 closureRemind=0 closureEsc=0 surveyExpired=0
2026-09-05T03:11:12.866Z [INFO] [slaReminder] SLA_SCAN cases=1 respRemind=0 respEsc=0 closureRemind=0 closureEsc=0 surveyExpired=0
2026-09-05T03:12:12.876Z [INFO] [slaReminder] SLA_SCAN cases=1 respRemind=0 respEsc=0 closureRemind=0 closureEsc=0 surveyExpired=0
2026-09-05T03:13:12.884Z [INFO] [slaReminder] SLA_SCAN cases=1 respRemind=0 respEsc=0 closureRemind=0 closureEsc=0 surveyExpired=0
2026-09-05T03:14:12.889Z [INFO] [slaReminder] SLA_SCAN cases=1 respRemind=0 respEsc=0 closureRemind=0 closureEsc=0 surveyExpired=0
2026-09-05T03:15:12.897Z [INFO] [slaReminder] SLA_SCAN cases=1 respRemind=0 respEsc=0 closureRemind=0 closureEsc=0 surveyExpired=0
2026-09-05T03:16:12.910Z [INFO] [slaReminder] SLA_SCAN cases=1 respRemind=0 respEsc=0 closureRemind=0 closureEsc=0 surveyExpired=0
2026-09-05T03:17:12.918Z [INFO] [slaReminder] SLA_SCAN cases=1 respRemind=0 respEsc=0 closureRemind=0 closureEsc=0 surveyExpired=0
2026-09-05T03:18:12.934Z [INFO] [slaReminder] SLA_SCAN cases=1 respRemind=0 respEsc=0 closureRemind=0 closureEsc=0 surveyExpired=0
2026-09-05T03:19:12.948Z [INFO] [slaReminder] SLA_SCAN cases=1 respRemind=0 respEsc=0 closureRemind=0 closureEsc=0 surveyExpired=0
2026-09-05T03:20:12.956Z [INFO] [slaReminder] SLA_SCAN cases=1 respRemind=0 respEsc=0 closureRemind=0 closureEsc=0 surveyExpired=0
2026-09-05T03:21:12.969Z [INFO] [slaReminder] SLA_SCAN cases=1 respRemind=0 respEsc=0 closureRemind=0 closureEsc=0 surveyExpired=0
2026-09-05T03:22:12.976Z [INFO] [slaReminder] SLA_SCAN cases=1 respRemind=0 respEsc=0 closureRemind=0 closureEsc=0 surveyExpired=0
2026-09-05T03:23:12.978Z [INFO] [slaReminder] SLA_SCAN cases=1 respRemind=0 respEsc=0 closureRemind=0 closureEsc=0 surveyExpired=0
2026-09-05T03:24:12.991Z [INFO] [slaReminder] SLA_SCAN cases=1 respRemind=0 respEsc=0 closureRemind=0 closureEsc=0 surveyExpired=0
2026-09-05T03:25:12.995Z [INFO] [slaReminder] SLA_SCAN cases=1 respRemind=0 respEsc=0 closureRemind=0 closureEsc=0 surveyExpired=0
2026-09-05T03:26:13.007Z [INFO] [slaReminder] SLA_SCAN cases=1 respRemind=0 respEsc=0 closureRemind=0 closureEsc=0 surveyExpired=0
2026-09-05T03:27:13.011Z [INFO] [slaReminder] SLA_SCAN cases=1 respRemind=0 respEsc=0 closureRemind=0 closureEsc=0 surveyExpired=0
2026-09-05T03:28:13.011Z [INFO] [slaReminder] SLA_SCAN cases=1 respRemind=0 respEsc=0 closureRemind=0 closureEsc=0 surveyExpired=0
2026-09-05T03:29:13.017Z [INFO] [slaReminder] SLA_SCAN cases=1 respRemind=0 respEsc=0 closureRemind=0 closureEsc=0 surveyExpired=0
2026-09-05T03:30:13.309Z [INFO] [slaReminder] SLA_SCAN cases=1 respRemind=0 respEsc=0 closureRemind=0 closureEsc=0 surveyExpired=0
2026-09-05T03:31:13.035Z [INFO] [slaReminder] SLA_SCAN cases=1 respRemind=0 respEsc=0 closureRemind=0 closureEsc=0 surveyExpired=0
2026-09-05T03:32:13.051Z [INFO] [slaReminder] SLA_SCAN cases=1 respRemind=0 respEsc=0 closureRemind=0 closureEsc=0 surveyExpired=0
2026-09-05T03:33:13.062Z [INFO] [slaReminder] SLA_SCAN cases=1 respRemind=0 respEsc=0 closureRemind=0 closureEsc=0 surveyExpired=0
2026-09-05T03:34:13.076Z [INFO] [slaReminder] SLA_SCAN cases=1 respRemind=0 respEsc=0 closureRemind=0 closureEsc=0 surveyExpired=0
2026-09-05T03:35:13.084Z [INFO] [slaReminder] SLA_SCAN cases=1 respRemind=0 respEsc=0 closureRemind=0 closureEsc=0 surveyExpired=0
2026-09-05T03:36:13.101Z [INFO] [slaReminder] SLA_SCAN cases=1 respRemind=0 respEsc=0 closureRemind=0 closureEsc=0 surveyExpired=0
2026-09-05T03:37:13.104Z [INFO] [slaReminder] SLA_SCAN cases=1 respRemind=0 respEsc=0 closureRemind=0 closureEsc=0 surveyExpired=0
2026-09-05T03:38:13.106Z [INFO] [slaReminder] SLA_SCAN cases=1 respRemind=0 respEsc=0 closureRemind=0 closureEsc=0 surveyExpired=0
2026-09-05T03:39:13.116Z [INFO] [slaReminder] SLA_SCAN cases=1 respRemind=0 respEsc=0 closureRemind=0 closureEsc=0 surveyExpired=0
2026-09-05T03:40:13.120Z [INFO] [slaReminder] SLA_SCAN cases=1 respRemind=0 respEsc=0 closureRemind=0 closureEsc=0 surveyExpired=0
2026-09-05T03:41:13.134Z [INFO] [slaReminder] SLA_SCAN cases=1 respRemind=0 respEsc=0 closureRemind=0 closureEsc=0 surveyExpired=0
2026-09-05T03:42:13.150Z [INFO] [slaReminder] SLA_SCAN cases=1 respRemind=0 respEsc=0 closureRemind=0 closureEsc=0 surveyExpired=0
2026-09-05T03:43:13.156Z [INFO] [slaReminder] SLA_SCAN cases=1 respRemind=0 respEsc=0 closureRemind=0 closureEsc=0 surveyExpired=0
2026-09-05T03:44:13.160Z [INFO] [slaReminder] SLA_SCAN cases=1 respRemind=0 respEsc=0 closureRemind=0 closureEsc=0 surveyExpired=0
2026-09-05T03:45:13.163Z [INFO] [slaReminder] SLA_SCAN cases=1 respRemind=0 respEsc=0 closureRemind=0 closureEsc=0 surveyExpired=0
2026-09-05T03:46:13.169Z [INFO] [slaReminder] SLA_SCAN cases=1 respRemind=0 respEsc=0 closureRemind=0 closureEsc=0 surveyExpired=0
2026-09-05T03:47:13.183Z [INFO] [slaReminder] SLA_SCAN cases=1 respRemind=0 respEsc=0 closureRemind=0 closureEsc=0 surveyExpired=0
2026-09-05T03:48:13.185Z [INFO] [slaReminder] SLA_SCAN cases=1 respRemind=0 respEsc=0 closureRemind=0 closureEsc=0 surveyExpired=0
2026-09-05T03:49:13.189Z [INFO] [slaReminder] SLA_SCAN cases=1 respRemind=0 respEsc=0 closureRemind=0 closureEsc=0 surveyExpired=0
2026-09-05T03:50:13.196Z [INFO] [slaReminder] SLA_SCAN cases=1 respRemind=0 respEsc=0 closureRemind=0 closureEsc=0 surveyExpired=0
2026-09-05T03:51:13.209Z [INFO] [slaReminder] SLA_SCAN cases=1 respRemind=0 respEsc=0 closureRemind=0 closureEsc=0 surveyExpired=0
2026-09-05T03:52:13.214Z [INFO] [slaReminder] SLA_SCAN cases=1 respRemind=0 respEsc=0 closureRemind=0 closureEsc=0 surveyExpired=0
2026-09-05T03:53:13.224Z [INFO] [slaReminder] SLA_SCAN cases=1 respRemind=0 respEsc=0 closureRemind=0 closureEsc=0 surveyExpired=0
2026-09-05T03:54:13.231Z [INFO] [slaReminder] SLA_SCAN cases=1 respRemind=0 respEsc=0 closureRemind=0 closureEsc=0 surveyExpired=0
2026-09-05T03:55:13.235Z [INFO] [slaReminder] SLA_SCAN cases=1 respRemind=0 respEsc=0 closureRemind=0 closureEsc=0 surveyExpired=0
2026-09-05T03:56:13.247Z [INFO] [slaReminder] SLA_SCAN cases=1 respRemind=0 respEsc=0 closureRemind=0 closureEsc=0 surveyExpired=0
2026-09-05T03:57:13.258Z [INFO] [slaReminder] SLA_SCAN cases=1 respRemind=0 respEsc=0 closureRemind=0 closureEsc=0 surveyExpired=0
2026-09-05T03:58:13.272Z [INFO] [slaReminder] SLA_SCAN cases=1 respRemind=0 respEsc=0 closureRemind=0 closureEsc=0 surveyExpired=0
2026-09-05T03:59:13.281Z [INFO] [slaReminder] SLA_SCAN cases=1 respRemind=0 respEsc=0 closureRemind=0 closureEsc=0 surveyExpired=0
2026-09-05T04:00:13.287Z [INFO] [slaReminder] SLA_SCAN cases=1 respRemind=0 respEsc=0 closureRemind=0 closureEsc=0 surveyExpired=0
2026-09-05T04:01:13.291Z [INFO] [slaReminder] SLA_SCAN cases=1 respRemind=0 respEsc=0 closureRemind=0 closureEsc=0 surveyExpired=0
2026-09-05T04:02:13.302Z [INFO] [slaReminder] SLA_SCAN cases=1 respRemind=0 respEsc=0 closureRemind=0 closureEsc=0 surveyExpired=0
2026-09-05T04:03:13.311Z [INFO] [slaReminder] SLA_SCAN cases=1 respRemind=0 respEsc=0 closureRemind=0 closureEsc=0 surveyExpired=0
2026-09-05T04:04:13.312Z [INFO] [slaReminder] SLA_SCAN cases=1 respRemind=0 respEsc=0 closureRemind=0 closureEsc=0 surveyExpired=0
2026-09-05T04:05:13.323Z [INFO] [slaReminder] SLA_SCAN cases=1 respRemind=0 respEsc=0 closureRemind=0 closureEsc=0 surveyExpired=0
2026-09-05T04:06:13.333Z [INFO] [slaReminder] SLA_SCAN cases=1 respRemind=0 respEsc=0 closureRemind=0 closureEsc=0 surveyExpired=0
2026-09-05T04:07:13.350Z [INFO] [slaReminder] SLA_SCAN cases=1 respRemind=0 respEsc=0 closureRemind=0 closureEsc=0 surveyExpired=0
2026-09-05T04:08:13.363Z [INFO] [slaReminder] SLA_SCAN cases=1 respRemind=0 respEsc=0 closureRemind=0 closureEsc=0 surveyExpired=0
2026-09-05T04:09:13.374Z [INFO] [slaReminder] SLA_SCAN cases=1 respRemind=0 respEsc=0 closureRemind=0 closureEsc=0 surveyExpired=0
2026-09-05T04:10:13.387Z [INFO] [slaReminder] SLA_SCAN cases=1 respRemind=0 respEsc=0 closureRemind=0 closureEsc=0 surveyExpired=0
2026-09-05T04:11:13.395Z [INFO] [slaReminder] SLA_SCAN cases=1 respRemind=0 respEsc=0 closureRemind=0 closureEsc=0 surveyExpired=0
2026-09-05T04:12:13.396Z [INFO] [slaReminder] SLA_SCAN cases=1 respRemind=0 respEsc=0 closureRemind=0 closureEsc=0 surveyExpired=0
2026-09-05T04:13:13.398Z [INFO] [slaReminder] SLA_SCAN cases=1 respRemind=0 respEsc=0 closureRemind=0 closureEsc=0 surveyExpired=0
2026-09-05T04:14:13.412Z [INFO] [slaReminder] SLA_SCAN cases=1 respRemind=0 respEsc=0 closureRemind=0 closureEsc=0 surveyExpired=0
2026-09-05T04:15:13.417Z [INFO] [slaReminder] SLA_SCAN cases=1 respRemind=0 respEsc=0 closureRemind=0 closureEsc=0 surveyExpired=0
2026-09-05T04:16:13.428Z [INFO] [slaReminder] SLA_SCAN cases=1 respRemind=0 respEsc=0 closureRemind=0 closureEsc=0 surveyExpired=0
2026-09-05T04:17:13.433Z [INFO] [slaReminder] SLA_SCAN cases=1 respRemind=0 respEsc=0 closureRemind=0 closureEsc=0 surveyExpired=0
2026-09-05T04:18:13.439Z [INFO] [slaReminder] SLA_SCAN cases=1 respRemind=0 respEsc=0 closureRemind=0 closureEsc=0 surveyExpired=0
2026-09-05T04:19:13.447Z [INFO] [slaReminder] SLA_SCAN cases=1 respRemind=0 respEsc=0 closureRemind=0 closureEsc=0 surveyExpired=0
2026-09-05T04:20:13.461Z [INFO] [slaReminder] SLA_SCAN cases=1 respRemind=0 respEsc=0 closureRemind=0 closureEsc=0 surveyExpired=0
2026-09-05T04:21:13.475Z [INFO] [slaReminder] SLA_SCAN cases=1 respRemind=0 respEsc=0 closureRemind=0 closureEsc=0 surveyExpired=0
2026-09-05T04:22:13.490Z [INFO] [slaReminder] SLA_SCAN cases=1 respRemind=0 respEsc=0 closureRemind=0 closureEsc=0 surveyExpired=0
2026-09-05T04:23:13.492Z [INFO] [slaReminder] SLA_SCAN cases=1 respRemind=0 respEsc=0 closureRemind=0 closureEsc=0 surveyExpired=0
2026-09-05T04:24:13.496Z [INFO] [slaReminder] SLA_SCAN cases=1 respRemind=0 respEsc=0 closureRemind=0 closureEsc=0 surveyExpired=0
2026-09-05T04:25:13.509Z [INFO] [slaReminder] SLA_SCAN cases=1 respRemind=0 respEsc=0 closureRemind=0 closureEsc=0 surveyExpired=0
2026-09-05T04:26:13.521Z [INFO] [slaReminder] SLA_SCAN cases=1 respRemind=0 respEsc=0 closureRemind=0 closureEsc=0 surveyExpired=0
2026-09-05T04:27:13.525Z [INFO] [slaReminder] SLA_SCAN cases=1 respRemind=0 respEsc=0 closureRemind=0 closureEsc=0 surveyExpired=0
2026-09-05T04:28:13.541Z [INFO] [slaReminder] SLA_SCAN cases=1 respRemind=0 respEsc=0 closureRemind=0 closureEsc=0 surveyExpired=0
2026-09-05T04:29:13.548Z [INFO] [slaReminder] SLA_SCAN cases=1 respRemind=0 respEsc=0 closureRemind=0 closureEsc=0 surveyExpired=0
2026-09-05T04:30:13.555Z [INFO] [slaReminder] SLA_SCAN cases=1 respRemind=0 respEsc=0 closureRemind=0 closureEsc=0 surveyExpired=0
2026-09-05T04:31:13.561Z [INFO] [slaReminder] SLA_SCAN cases=1 respRemind=0 respEsc=0 closureRemind=0 closureEsc=0 surveyExpired=0
2026-09-05T04:32:13.574Z [INFO] [slaReminder] SLA_SCAN cases=1 respRemind=0 respEsc=0 closureRemind=0 closureEsc=0 surveyExpired=0
2026-09-05T04:33:13.577Z [INFO] [slaReminder] SLA_SCAN cases=1 respRemind=0 respEsc=0 closureRemind=0 closureEsc=0 surveyExpired=0
2026-09-05T04:34:13.587Z [INFO] [slaReminder] SLA_SCAN cases=1 respRemind=0 respEsc=0 closureRemind=0 closureEsc=0 surveyExpired=0
2026-09-05T04:35:13.589Z [INFO] [slaReminder] SLA_SCAN cases=1 respRemind=0 respEsc=0 closureRemind=0 closureEsc=0 surveyExpired=0
2026-09-05T04:36:13.604Z [INFO] [slaReminder] SLA_SCAN cases=1 respRemind=0 respEsc=0 closureRemind=0 closureEsc=0 surveyExpired=0
2026-09-05T04:37:13.619Z [INFO] [slaReminder] SLA_SCAN cases=1 respRemind=0 respEsc=0 closureRemind=0 closureEsc=0 surveyExpired=0
2026-09-05T04:38:13.632Z [INFO] [slaReminder] SLA_SCAN cases=1 respRemind=0 respEsc=0 closureRemind=0 closureEsc=0 surveyExpired=0
2026-09-05T04:39:13.645Z [INFO] [slaReminder] SLA_SCAN cases=1 respRemind=0 respEsc=0 closureRemind=0 closureEsc=0 surveyExpired=0
2026-09-05T04:40:13.658Z [INFO] [slaReminder] SLA_SCAN cases=1 respRemind=0 respEsc=0 closureRemind=0 closureEsc=0 surveyExpired=0
2026-09-05T04:41:13.673Z [INFO] [slaReminder] SLA_SCAN cases=1 respRemind=0 respEsc=0 closureRemind=0 closureEsc=0 surveyExpired=0
2026-09-05T04:42:13.679Z [INFO] [slaReminder] SLA_SCAN cases=1 respRemind=0 respEsc=0 closureRemind=0 closureEsc=0 surveyExpired=0
2026-09-05T04:43:13.685Z [INFO] [slaReminder] SLA_SCAN cases=1 respRemind=0 respEsc=0 closureRemind=0 closureEsc=0 surveyExpired=0
2026-09-05T04:44:13.689Z [INFO] [slaReminder] SLA_SCAN cases=1 respRemind=0 respEsc=0 closureRemind=0 closureEsc=0 surveyExpired=0
2026-09-05T04:45:13.697Z [INFO] [slaReminder] SLA_SCAN cases=1 respRemind=0 respEsc=0 closureRemind=0 closureEsc=0 surveyExpired=0
2026-09-05T04:46:13.708Z [INFO] [slaReminder] SLA_SCAN cases=1 respRemind=0 respEsc=0 closureRemind=0 closureEsc=0 surveyExpired=0
2026-09-05T04:47:13.718Z [INFO] [slaReminder] SLA_SCAN cases=1 respRemind=0 respEsc=0 closureRemind=0 closureEsc=0 surveyExpired=0
2026-09-05T04:48:13.720Z [INFO] [slaReminder] SLA_SCAN cases=1 respRemind=0 respEsc=0 closureRemind=0 closureEsc=0 surveyExpired=0
2026-09-05T04:49:13.722Z [INFO] [slaReminder] SLA_SCAN cases=1 respRemind=0 respEsc=0 closureRemind=0 closureEsc=0 surveyExpired=0
2026-09-05T04:50:13.733Z [INFO] [slaReminder] SLA_SCAN cases=1 respRemind=0 respEsc=0 closureRemind=0 closureEsc=0 surveyExpired=0
2026-09-05T04:51:13.737Z [INFO] [slaReminder] SLA_SCAN cases=1 respRemind=0 respEsc=0 closureRemind=0 closureEsc=0 surveyExpired=0
2026-09-05T04:52:13.747Z [INFO] [slaReminder] SLA_SCAN cases=1 respRemind=0 respEsc=0 closureRemind=0 closureEsc=0 surveyExpired=0
2026-09-05T04:53:13.759Z [INFO] [slaReminder] SLA_SCAN cases=1 respRemind=0 respEsc=0 closureRemind=0 closureEsc=0 surveyExpired=0
2026-09-05T04:54:13.764Z [INFO] [slaReminder] SLA_SCAN cases=1 respRemind=0 respEsc=0 closureRemind=0 closureEsc=0 surveyExpired=0
2026-09-05T04:55:13.778Z [INFO] [slaReminder] SLA_SCAN cases=1 respRemind=0 respEsc=0 closureRemind=0 closureEsc=0 surveyExpired=0
2026-09-05T04:56:13.782Z [INFO] [slaReminder] SLA_SCAN cases=1 respRemind=0 respEsc=0 closureRemind=0 closureEsc=0 surveyExpired=0
2026-09-05T04:57:13.797Z [INFO] [slaReminder] SLA_SCAN cases=1 respRemind=0 respEsc=0 closureRemind=0 closureEsc=0 surveyExpired=0
2026-09-05T04:58:13.798Z [INFO] [slaReminder] SLA_SCAN cases=1 respRemind=0 respEsc=0 closureRemind=0 closureEsc=0 surveyExpired=0
2026-09-05T04:59:13.801Z [INFO] [slaReminder] SLA_SCAN cases=1 respRemind=0 respEsc=0 closureRemind=0 closureEsc=0 surveyExpired=0
2026-09-05T05:00:13.805Z [INFO] [slaReminder] SLA_SCAN cases=1 respRemind=0 respEsc=0 closureRemind=0 closureEsc=0 surveyExpired=0
2026-09-05T05:01:13.812Z [INFO] [slaReminder] SLA_SCAN cases=1 respRemind=0 respEsc=0 closureRemind=0 closureEsc=0 surveyExpired=0
2026-09-05T05:02:13.825Z [INFO] [slaReminder] SLA_SCAN cases=1 respRemind=0 respEsc=0 closureRemind=0 closureEsc=0 surveyExpired=0
2026-09-05T05:03:13.831Z [INFO] [slaReminder] SLA_SCAN cases=1 respRemind=0 respEsc=0 closureRemind=0 closureEsc=0 surveyExpired=0
2026-09-05T05:04:13.847Z [INFO] [slaReminder] SLA_SCAN cases=1 respRemind=0 respEsc=0 closureRemind=0 closureEsc=0 surveyExpired=0
2026-09-05T05:05:13.853Z [INFO] [slaReminder] SLA_SCAN cases=1 respRemind=0 respEsc=0 closureRemind=0 closureEsc=0 surveyExpired=0
2026-09-05T05:06:13.869Z [INFO] [slaReminder] SLA_SCAN cases=1 respRemind=0 respEsc=0 closureRemind=0 closureEsc=0 surveyExpired=0
2026-09-05T05:07:13.871Z [INFO] [slaReminder] SLA_SCAN cases=1 respRemind=0 respEsc=0 closureRemind=0 closureEsc=0 surveyExpired=0
2026-09-05T05:08:13.884Z [INFO] [slaReminder] SLA_SCAN cases=1 respRemind=0 respEsc=0 closureRemind=0 closureEsc=0 surveyExpired=0
2026-09-05T05:09:13.898Z [INFO] [slaReminder] SLA_SCAN cases=1 respRemind=0 respEsc=0 closureRemind=0 closureEsc=0 surveyExpired=0
2026-09-05T05:10:13.913Z [INFO] [slaReminder] SLA_SCAN cases=1 respRemind=0 respEsc=0 closureRemind=0 closureEsc=0 surveyExpired=0
2026-09-05T05:11:13.915Z [INFO] [slaReminder] SLA_SCAN cases=1 respRemind=0 respEsc=0 closureRemind=0 closureEsc=0 surveyExpired=0
2026-09-05T05:12:13.929Z [INFO] [slaReminder] SLA_SCAN cases=1 respRemind=0 respEsc=0 closureRemind=0 closureEsc=0 surveyExpired=0
2026-09-05T05:13:13.933Z [INFO] [slaReminder] SLA_SCAN cases=1 respRemind=0 respEsc=0 closureRemind=0 closureEsc=0 surveyExpired=0
2026-09-05T05:14:13.940Z [INFO] [slaReminder] SLA_SCAN cases=1 respRemind=0 respEsc=0 closureRemind=0 closureEsc=0 surveyExpired=0
2026-09-05T05:15:13.954Z [INFO] [slaReminder] SLA_SCAN cases=1 respRemind=0 respEsc=0 closureRemind=0 closureEsc=0 surveyExpired=0
2026-09-05T05:16:13.962Z [INFO] [slaReminder] SLA_SCAN cases=1 respRemind=0 respEsc=0 closureRemind=0 closureEsc=0 surveyExpired=0
2026-09-05T05:17:13.970Z [INFO] [slaReminder] SLA_SCAN cases=1 respRemind=0 respEsc=0 closureRemind=0 closureEsc=0 surveyExpired=0
2026-09-05T05:18:13.972Z [INFO] [slaReminder] SLA_SCAN cases=1 respRemind=0 respEsc=0 closureRemind=0 closureEsc=0 surveyExpired=0
2026-09-05T05:19:13.974Z [INFO] [slaReminder] SLA_SCAN cases=1 respRemind=0 respEsc=0 closureRemind=0 closureEsc=0 surveyExpired=0
2026-09-05T05:20:13.980Z [INFO] [slaReminder] SLA_SCAN cases=1 respRemind=0 respEsc=0 closureRemind=0 closureEsc=0 surveyExpired=0
2026-09-05T05:21:13.985Z [INFO] [slaReminder] SLA_SCAN cases=1 respRemind=0 respEsc=0 closureRemind=0 closureEsc=0 surveyExpired=0
2026-09-05T05:22:13.997Z [INFO] [slaReminder] SLA_SCAN cases=1 respRemind=0 respEsc=0 closureRemind=0 closureEsc=0 surveyExpired=0
2026-09-05T05:23:14.008Z [INFO] [slaReminder] SLA_SCAN cases=1 respRemind=0 respEsc=0 closureRemind=0 closureEsc=0 surveyExpired=0
2026-09-05T05:24:14.021Z [INFO] [slaReminder] SLA_SCAN cases=1 respRemind=0 respEsc=0 closureRemind=0 closureEsc=0 surveyExpired=0
2026-09-05T05:25:14.025Z [INFO] [slaReminder] SLA_SCAN cases=1 respRemind=0 respEsc=0 closureRemind=0 closureEsc=0 surveyExpired=0
2026-09-05T05:26:14.030Z [INFO] [slaReminder] SLA_SCAN cases=1 respRemind=0 respEsc=0 closureRemind=0 closureEsc=0 surveyExpired=0
2026-09-05T05:27:14.042Z [INFO] [slaReminder] SLA_SCAN cases=1 respRemind=0 respEsc=0 closureRemind=0 closureEsc=0 surveyExpired=0
2026-09-05T05:28:14.058Z [INFO] [slaReminder] SLA_SCAN cases=1 respRemind=0 respEsc=0 closureRemind=0 closureEsc=0 surveyExpired=0
2026-09-05T05:29:14.061Z [INFO] [slaReminder] SLA_SCAN cases=1 respRemind=0 respEsc=0 closureRemind=0 closureEsc=0 surveyExpired=0
2026-09-05T05:30:14.073Z [INFO] [slaReminder] SLA_SCAN cases=1 respRemind=0 respEsc=0 closureRemind=0 closureEsc=0 surveyExpired=0
2026-09-05T05:31:14.073Z [INFO] [slaReminder] SLA_SCAN cases=1 respRemind=0 respEsc=0 closureRemind=0 closureEsc=0 surveyExpired=0
2026-09-05T05:32:14.080Z [INFO] [slaReminder] SLA_SCAN cases=1 respRemind=0 respEsc=0 closureRemind=0 closureEsc=0 surveyExpired=0
2026-09-05T05:33:14.088Z [INFO] [slaReminder] SLA_SCAN cases=1 respRemind=0 respEsc=0 closureRemind=0 closureEsc=0 surveyExpired=0
2026-09-05T05:34:14.095Z [INFO] [slaReminder] SLA_SCAN cases=1 respRemind=0 respEsc=0 closureRemind=0 closureEsc=0 surveyExpired=0
2026-09-05T05:35:14.105Z [INFO] [slaReminder] SLA_SCAN cases=1 respRemind=0 respEsc=0 closureRemind=0 closureEsc=0 surveyExpired=0
2026-09-05T05:36:14.117Z [INFO] [slaReminder] SLA_SCAN cases=1 respRemind=0 respEsc=0 closureRemind=0 closureEsc=0 surveyExpired=0
2026-09-05T05:37:14.120Z [INFO] [slaReminder] SLA_SCAN cases=1 respRemind=0 respEsc=0 closureRemind=0 closureEsc=0 surveyExpired=0
2026-09-05T05:38:14.124Z [INFO] [slaReminder] SLA_SCAN cases=1 respRemind=0 respEsc=0 closureRemind=0 closureEsc=0 surveyExpired=0
2026-09-05T05:39:14.139Z [INFO] [slaReminder] SLA_SCAN cases=1 respRemind=0 respEsc=0 closureRemind=0 closureEsc=0 surveyExpired=0
2026-09-05T05:40:14.141Z [INFO] [slaReminder] SLA_SCAN cases=1 respRemind=0 respEsc=0 closureRemind=0 closureEsc=0 surveyExpired=0
2026-09-05T05:41:14.155Z [INFO] [slaReminder] SLA_SCAN cases=1 respRemind=0 respEsc=0 closureRemind=0 closureEsc=0 surveyExpired=0
2026-09-05T05:42:14.165Z [INFO] [slaReminder] SLA_SCAN cases=1 respRemind=0 respEsc=0 closureRemind=0 closureEsc=0 surveyExpired=0
2026-09-05T05:43:14.178Z [INFO] [slaReminder] SLA_SCAN cases=1 respRemind=0 respEsc=0 closureRemind=0 closureEsc=0 surveyExpired=0
2026-09-05T05:44:14.185Z [INFO] [slaReminder] SLA_SCAN cases=1 respRemind=0 respEsc=0 closureRemind=0 closureEsc=0 surveyExpired=0
2026-09-05T05:45:14.191Z [INFO] [slaReminder] SLA_SCAN cases=1 respRemind=0 respEsc=0 closureRemind=0 closureEsc=0 surveyExpired=0
2026-09-05T05:46:14.201Z [INFO] [slaReminder] SLA_SCAN cases=1 respRemind=0 respEsc=0 closureRemind=0 closureEsc=0 surveyExpired=0
2026-09-05T05:47:14.206Z [INFO] [slaReminder] SLA_SCAN cases=1 respRemind=0 respEsc=0 closureRemind=0 closureEsc=0 surveyExpired=0
2026-09-05T05:48:14.208Z [INFO] [slaReminder] SLA_SCAN cases=1 respRemind=0 respEsc=0 closureRemind=0 closureEsc=0 surveyExpired=0
2026-09-05T05:49:14.220Z [INFO] [slaReminder] SLA_SCAN cases=1 respRemind=0 respEsc=0 closureRemind=0 closureEsc=0 surveyExpired=0
2026-09-05T05:50:14.224Z [INFO] [slaReminder] SLA_SCAN cases=1 respRemind=0 respEsc=0 closureRemind=0 closureEsc=0 surveyExpired=0
2026-09-05T05:51:14.238Z [INFO] [slaReminder] SLA_SCAN cases=1 respRemind=0 respEsc=0 closureRemind=0 closureEsc=0 surveyExpired=0
2026-09-05T05:52:14.242Z [INFO] [slaReminder] SLA_SCAN cases=1 respRemind=0 respEsc=0 closureRemind=0 closureEsc=0 surveyExpired=0
2026-09-05T05:53:14.251Z [INFO] [slaReminder] SLA_SCAN cases=1 respRemind=0 respEsc=0 closureRemind=0 closureEsc=0 surveyExpired=0
2026-09-05T05:54:14.261Z [INFO] [slaReminder] SLA_SCAN cases=1 respRemind=0 respEsc=0 closureRemind=0 closureEsc=0 surveyExpired=0
2026-09-05T05:55:14.269Z [INFO] [slaReminder] SLA_SCAN cases=1 respRemind=0 respEsc=0 closureRemind=0 closureEsc=0 surveyExpired=0
2026-09-05T05:56:14.272Z [INFO] [slaReminder] SLA_SCAN cases=1 respRemind=0 respEsc=0 closureRemind=0 closureEsc=0 surveyExpired=0
2026-09-05T05:57:14.279Z [INFO] [slaReminder] SLA_SCAN cases=1 respRemind=0 respEsc=0 closureRemind=0 closureEsc=0 surveyExpired=0
2026-09-05T05:58:14.292Z [INFO] [slaReminder] SLA_SCAN cases=1 respRemind=0 respEsc=0 closureRemind=0 closureEsc=0 surveyExpired=0
2026-09-05T05:59:14.295Z [INFO] [slaReminder] SLA_SCAN cases=1 respRemind=0 respEsc=0 closureRemind=0 closureEsc=0 surveyExpired=0
2026-09-05T06:00:14.302Z [INFO] [slaReminder] SLA_SCAN cases=1 respRemind=0 respEsc=0 closureRemind=0 closureEsc=0 surveyExpired=0
2026-09-05T06:01:14.316Z [INFO] [slaReminder] SLA_SCAN cases=1 respRemind=0 respEsc=0 closureRemind=0 closureEsc=0 surveyExpired=0
2026-09-05T06:02:14.323Z [INFO] [slaReminder] SLA_SCAN cases=1 respRemind=0 respEsc=0 closureRemind=0 closureEsc=0 surveyExpired=0
2026-09-05T06:03:14.331Z [INFO] [slaReminder] SLA_SCAN cases=1 respRemind=0 respEsc=0 closureRemind=0 closureEsc=0 surveyExpired=0
2026-09-05T06:04:14.331Z [INFO] [slaReminder] SLA_SCAN cases=1 respRemind=0 respEsc=0 closureRemind=0 closureEsc=0 surveyExpired=0
2026-09-05T06:05:14.333Z [INFO] [slaReminder] SLA_SCAN cases=1 respRemind=0 respEsc=0 closureRemind=0 closureEsc=0 surveyExpired=0
2026-09-05T06:06:14.348Z [INFO] [slaReminder] SLA_SCAN cases=1 respRemind=0 respEsc=0 closureRemind=0 closureEsc=0 surveyExpired=0
2026-09-05T06:07:14.353Z [INFO] [slaReminder] SLA_SCAN cases=1 respRemind=0 respEsc=0 closureRemind=0 closureEsc=0 surveyExpired=0
2026-09-05T06:08:14.354Z [INFO] [slaReminder] SLA_SCAN cases=1 respRemind=0 respEsc=0 closureRemind=0 closureEsc=0 surveyExpired=0
2026-09-05T06:09:14.363Z [INFO] [slaReminder] SLA_SCAN cases=1 respRemind=0 respEsc=0 closureRemind=0 closureEsc=0 surveyExpired=0
2026-09-05T06:10:14.370Z [INFO] [slaReminder] SLA_SCAN cases=1 respRemind=0 respEsc=0 closureRemind=0 closureEsc=0 surveyExpired=0
2026-09-05T06:11:14.381Z [INFO] [slaReminder] SLA_SCAN cases=1 respRemind=0 respEsc=0 closureRemind=0 closureEsc=0 surveyExpired=0
2026-09-05T06:12:14.384Z [INFO] [slaReminder] SLA_SCAN cases=1 respRemind=0 respEsc=0 closureRemind=0 closureEsc=0 surveyExpired=0
2026-09-05T06:13:14.388Z [INFO] [slaReminder] SLA_SCAN cases=1 respRemind=0 respEsc=0 closureRemind=0 closureEsc=0 surveyExpired=0
2026-09-05T06:14:14.401Z [INFO] [slaReminder] SLA_SCAN cases=1 respRemind=0 respEsc=0 closureRemind=0 closureEsc=0 surveyExpired=0
2026-09-05T06:15:14.403Z [INFO] [slaReminder] SLA_SCAN cases=1 respRemind=0 respEsc=0 closureRemind=0 closureEsc=0 surveyExpired=0
2026-09-05T06:16:14.407Z [INFO] [slaReminder] SLA_SCAN cases=1 respRemind=0 respEsc=0 closureRemind=0 closureEsc=0 surveyExpired=0
2026-09-05T06:17:14.410Z [INFO] [slaReminder] SLA_SCAN cases=1 respRemind=0 respEsc=0 closureRemind=0 closureEsc=0 surveyExpired=0
2026-09-05T06:18:14.425Z [INFO] [slaReminder] SLA_SCAN cases=1 respRemind=0 respEsc=0 closureRemind=0 closureEsc=0 surveyExpired=0
2026-09-05T06:19:14.426Z [INFO] [slaReminder] SLA_SCAN cases=1 respRemind=0 respEsc=0 closureRemind=0 closureEsc=0 surveyExpired=0
2026-09-05T06:20:14.433Z [INFO] [slaReminder] SLA_SCAN cases=1 respRemind=0 respEsc=0 closureRemind=0 closureEsc=0 surveyExpired=0
2026-09-05T06:21:14.436Z [INFO] [slaReminder] SLA_SCAN cases=1 respRemind=0 respEsc=0 closureRemind=0 closureEsc=0 surveyExpired=0
2026-09-05T06:22:14.450Z [INFO] [slaReminder] SLA_SCAN cases=1 respRemind=0 respEsc=0 closureRemind=0 closureEsc=0 surveyExpired=0
2026-09-05T06:23:14.451Z [INFO] [slaReminder] SLA_SCAN cases=1 respRemind=0 respEsc=0 closureRemind=0 closureEsc=0 surveyExpired=0
2026-09-05T06:24:14.453Z [INFO] [slaReminder] SLA_SCAN cases=1 respRemind=0 respEsc=0 closureRemind=0 closureEsc=0 surveyExpired=0
2026-09-05T06:25:14.458Z [INFO] [slaReminder] SLA_SCAN cases=1 respRemind=0 respEsc=0 closureRemind=0 closureEsc=0 surveyExpired=0
2026-09-05T06:26:14.460Z [INFO] [slaReminder] SLA_SCAN cases=1 respRemind=0 respEsc=0 closureRemind=0 closureEsc=0 surveyExpired=0
2026-09-05T06:27:14.467Z [INFO] [slaReminder] SLA_SCAN cases=1 respRemind=0 respEsc=0 closureRemind=0 closureEsc=0 surveyExpired=0
2026-09-05T06:28:14.471Z [INFO] [slaReminder] SLA_SCAN cases=1 respRemind=0 respEsc=0 closureRemind=0 closureEsc=0 surveyExpired=0
2026-09-05T06:29:14.472Z [INFO] [slaReminder] SLA_SCAN cases=1 respRemind=0 respEsc=0 closureRemind=0 closureEsc=0 surveyExpired=0
2026-09-05T06:30:14.485Z [INFO] [slaReminder] SLA_SCAN cases=1 respRemind=0 respEsc=0 closureRemind=0 closureEsc=0 surveyExpired=0
2026-09-05T06:31:14.490Z [INFO] [slaReminder] SLA_SCAN cases=1 respRemind=0 respEsc=0 closureRemind=0 closureEsc=0 surveyExpired=0
2026-09-05T06:32:14.499Z [INFO] [slaReminder] SLA_SCAN cases=1 respRemind=0 respEsc=0 closureRemind=0 closureEsc=0 surveyExpired=0
2026-09-05T06:33:14.504Z [INFO] [slaReminder] SLA_SCAN cases=1 respRemind=0 respEsc=0 closureRemind=0 closureEsc=0 surveyExpired=0
2026-09-05T06:34:14.508Z [INFO] [slaReminder] SLA_SCAN cases=1 respRemind=0 respEsc=0 closureRemind=0 closureEsc=0 surveyExpired=0
2026-09-05T06:35:14.522Z [INFO] [slaReminder] SLA_SCAN cases=1 respRemind=0 respEsc=0 closureRemind=0 closureEsc=0 surveyExpired=0
2026-09-05T06:36:14.536Z [INFO] [slaReminder] SLA_SCAN cases=1 respRemind=0 respEsc=0 closureRemind=0 closureEsc=0 surveyExpired=0
2026-09-05T06:37:14.544Z [INFO] [slaReminder] SLA_SCAN cases=1 respRemind=0 respEsc=0 closureRemind=0 closureEsc=0 surveyExpired=0
2026-09-05T06:38:14.558Z [INFO] [slaReminder] SLA_SCAN cases=1 respRemind=0 respEsc=0 closureRemind=0 closureEsc=0 surveyExpired=0
2026-09-05T06:39:14.571Z [INFO] [slaReminder] SLA_SCAN cases=1 respRemind=0 respEsc=0 closureRemind=0 closureEsc=0 surveyExpired=0
2026-09-05T06:40:14.588Z [INFO] [slaReminder] SLA_SCAN cases=1 respRemind=0 respEsc=0 closureRemind=0 closureEsc=0 surveyExpired=0
2026-09-05T06:41:14.601Z [INFO] [slaReminder] SLA_SCAN cases=1 respRemind=0 respEsc=0 closureRemind=0 closureEsc=0 surveyExpired=0
2026-09-05T06:42:14.612Z [INFO] [slaReminder] SLA_SCAN cases=1 respRemind=0 respEsc=0 closureRemind=0 closureEsc=0 surveyExpired=0
2026-09-05T06:43:14.615Z [INFO] [slaReminder] SLA_SCAN cases=1 respRemind=0 respEsc=0 closureRemind=0 closureEsc=0 surveyExpired=0
2026-09-05T06:44:14.626Z [INFO] [slaReminder] SLA_SCAN cases=1 respRemind=0 respEsc=0 closureRemind=0 closureEsc=0 surveyExpired=0
2026-09-05T06:45:14.642Z [INFO] [slaReminder] SLA_SCAN cases=1 respRemind=0 respEsc=0 closureRemind=0 closureEsc=0 surveyExpired=0
2026-09-05T06:46:14.645Z [INFO] [slaReminder] SLA_SCAN cases=1 respRemind=0 respEsc=0 closureRemind=0 closureEsc=0 surveyExpired=0
2026-09-05T06:47:14.660Z [INFO] [slaReminder] SLA_SCAN cases=1 respRemind=0 respEsc=0 closureRemind=0 closureEsc=0 surveyExpired=0
2026-09-05T06:48:14.672Z [INFO] [slaReminder] SLA_SCAN cases=1 respRemind=0 respEsc=0 closureRemind=0 closureEsc=0 surveyExpired=0
2026-09-05T06:49:14.675Z [INFO] [slaReminder] SLA_SCAN cases=1 respRemind=0 respEsc=0 closureRemind=0 closureEsc=0 surveyExpired=0
2026-09-05T06:50:14.683Z [INFO] [slaReminder] SLA_SCAN cases=1 respRemind=0 respEsc=0 closureRemind=0 closureEsc=0 surveyExpired=0
2026-09-05T06:51:14.695Z [INFO] [slaReminder] SLA_SCAN cases=1 respRemind=0 respEsc=0 closureRemind=0 closureEsc=0 surveyExpired=0
2026-09-05T06:52:14.705Z [INFO] [slaReminder] SLA_SCAN cases=1 respRemind=0 respEsc=0 closureRemind=0 closureEsc=0 surveyExpired=0
2026-09-05T06:53:14.710Z [INFO] [slaReminder] SLA_SCAN cases=1 respRemind=0 respEsc=0 closureRemind=0 closureEsc=0 surveyExpired=0
2026-09-05T06:54:14.725Z [INFO] [slaReminder] SLA_SCAN cases=1 respRemind=0 respEsc=0 closureRemind=0 closureEsc=0 surveyExpired=0
2026-09-05T06:55:14.730Z [INFO] [slaReminder] SLA_SCAN cases=1 respRemind=0 respEsc=0 closureRemind=0 closureEsc=0 surveyExpired=0
2026-09-05T06:56:14.744Z [INFO] [slaReminder] SLA_SCAN cases=1 respRemind=0 respEsc=0 closureRemind=0 closureEsc=0 surveyExpired=0
2026-09-05T06:57:14.744Z [INFO] [slaReminder] SLA_SCAN cases=1 respRemind=0 respEsc=0 closureRemind=0 closureEsc=0 surveyExpired=0
2026-09-05T06:58:14.751Z [INFO] [slaReminder] SLA_SCAN cases=1 respRemind=0 respEsc=0 closureRemind=0 closureEsc=0 surveyExpired=0
2026-09-05T06:59:14.760Z [INFO] [slaReminder] SLA_SCAN cases=1 respRemind=0 respEsc=0 closureRemind=0 closureEsc=0 surveyExpired=0
2026-09-05T07:00:14.769Z [INFO] [slaReminder] SLA_SCAN cases=1 respRemind=0 respEsc=0 closureRemind=0 closureEsc=0 surveyExpired=0
2026-09-05T07:01:14.782Z [INFO] [slaReminder] SLA_SCAN cases=1 respRemind=0 respEsc=0 closureRemind=0 closureEsc=0 surveyExpired=0
2026-09-05T07:02:14.793Z [INFO] [slaReminder] SLA_SCAN cases=1 respRemind=0 respEsc=0 closureRemind=0 closureEsc=0 surveyExpired=0
2026-09-05T07:03:14.803Z [INFO] [slaReminder] SLA_SCAN cases=1 respRemind=0 respEsc=0 closureRemind=0 closureEsc=0 surveyExpired=0
2026-09-05T07:04:14.810Z [INFO] [slaReminder] SLA_SCAN cases=1 respRemind=0 respEsc=0 closureRemind=0 closureEsc=0 surveyExpired=0
2026-09-05T07:05:14.814Z [INFO] [slaReminder] SLA_SCAN cases=1 respRemind=0 respEsc=0 closureRemind=0 closureEsc=0 surveyExpired=0
2026-09-05T07:06:14.816Z [INFO] [slaReminder] SLA_SCAN cases=1 respRemind=0 respEsc=0 closureRemind=0 closureEsc=0 surveyExpired=0
2026-09-05T07:07:14.820Z [INFO] [slaReminder] SLA_SCAN cases=1 respRemind=0 respEsc=0 closureRemind=0 closureEsc=0 surveyExpired=0
2026-09-05T07:08:14.822Z [INFO] [slaReminder] SLA_SCAN cases=1 respRemind=0 respEsc=0 closureRemind=0 closureEsc=0 surveyExpired=0
2026-09-05T07:09:14.835Z [INFO] [slaReminder] SLA_SCAN cases=1 respRemind=0 respEsc=0 closureRemind=0 closureEsc=0 surveyExpired=0
2026-09-05T07:10:14.845Z [INFO] [slaReminder] SLA_SCAN cases=1 respRemind=0 respEsc=0 closureRemind=0 closureEsc=0 surveyExpired=0
2026-09-05T07:11:14.849Z [INFO] [slaReminder] SLA_SCAN cases=1 respRemind=0 respEsc=0 closureRemind=0 closureEsc=0 surveyExpired=0
2026-09-05T07:12:14.851Z [INFO] [slaReminder] SLA_SCAN cases=1 respRemind=0 respEsc=0 closureRemind=0 closureEsc=0 surveyExpired=0
2026-09-05T07:13:14.863Z [INFO] [slaReminder] SLA_SCAN cases=1 respRemind=0 respEsc=0 closureRemind=0 closureEsc=0 surveyExpired=0
2026-09-05T07:14:14.881Z [INFO] [slaReminder] SLA_SCAN cases=1 respRemind=0 respEsc=0 closureRemind=0 closureEsc=0 surveyExpired=0
2026-09-05T07:15:14.885Z [INFO] [slaReminder] SLA_SCAN cases=1 respRemind=0 respEsc=0 closureRemind=0 closureEsc=0 surveyExpired=0
2026-09-05T07:16:14.885Z [INFO] [slaReminder] SLA_SCAN cases=1 respRemind=0 respEsc=0 closureRemind=0 closureEsc=0 surveyExpired=0
2026-09-05T07:17:14.895Z [INFO] [slaReminder] SLA_SCAN cases=1 respRemind=0 respEsc=0 closureRemind=0 closureEsc=0 surveyExpired=0
2026-09-05T07:18:14.900Z [INFO] [slaReminder] SLA_SCAN cases=1 respRemind=0 respEsc=0 closureRemind=0 closureEsc=0 surveyExpired=0
2026-09-05T07:19:14.912Z [INFO] [slaReminder] SLA_SCAN cases=1 respRemind=0 respEsc=0 closureRemind=0 closureEsc=0 surveyExpired=0
2026-09-05T07:20:14.921Z [INFO] [slaReminder] SLA_SCAN cases=1 respRemind=0 respEsc=0 closureRemind=0 closureEsc=0 surveyExpired=0
2026-09-05T07:21:14.923Z [INFO] [slaReminder] SLA_SCAN cases=1 respRemind=0 respEsc=0 closureRemind=0 closureEsc=0 surveyExpired=0
2026-09-05T07:22:14.934Z [INFO] [slaReminder] SLA_SCAN cases=1 respRemind=0 respEsc=0 closureRemind=0 closureEsc=0 surveyExpired=0
2026-09-05T07:23:14.944Z [INFO] [slaReminder] SLA_SCAN cases=1 respRemind=0 respEsc=0 closureRemind=0 closureEsc=0 surveyExpired=0
2026-09-05T07:24:14.958Z [INFO] [slaReminder] SLA_SCAN cases=1 respRemind=0 respEsc=0 closureRemind=0 closureEsc=0 surveyExpired=0
2026-09-05T07:25:14.965Z [INFO] [slaReminder] SLA_SCAN cases=1 respRemind=0 respEsc=0 closureRemind=0 closureEsc=0 surveyExpired=0
2026-09-05T07:26:14.966Z [INFO] [slaReminder] SLA_SCAN cases=1 respRemind=0 respEsc=0 closureRemind=0 closureEsc=0 surveyExpired=0
2026-09-05T07:27:14.973Z [INFO] [slaReminder] SLA_SCAN cases=1 respRemind=0 respEsc=0 closureRemind=0 closureEsc=0 surveyExpired=0
2026-09-05T07:28:14.988Z [INFO] [slaReminder] SLA_SCAN cases=1 respRemind=0 respEsc=0 closureRemind=0 closureEsc=0 surveyExpired=0
2026-09-05T07:29:14.989Z [INFO] [slaReminder] SLA_SCAN cases=1 respRemind=0 respEsc=0 closureRemind=0 closureEsc=0 surveyExpired=0
2026-09-05T07:30:14.998Z [INFO] [slaReminder] SLA_SCAN cases=1 respRemind=0 respEsc=0 closureRemind=0 closureEsc=0 surveyExpired=0
2026-09-05T07:31:15.008Z [INFO] [slaReminder] SLA_SCAN cases=1 respRemind=0 respEsc=0 closureRemind=0 closureEsc=0 surveyExpired=0
2026-09-05T07:32:15.011Z [INFO] [slaReminder] SLA_SCAN cases=1 respRemind=0 respEsc=0 closureRemind=0 closureEsc=0 surveyExpired=0
2026-09-05T07:33:15.014Z [INFO] [slaReminder] SLA_SCAN cases=1 respRemind=0 respEsc=0 closureRemind=0 closureEsc=0 surveyExpired=0
2026-09-05T07:34:15.027Z [INFO] [slaReminder] SLA_SCAN cases=1 respRemind=0 respEsc=0 closureRemind=0 closureEsc=0 surveyExpired=0
2026-09-05T07:35:15.035Z [INFO] [slaReminder] SLA_SCAN cases=1 respRemind=0 respEsc=0 closureRemind=0 closureEsc=0 surveyExpired=0
2026-09-05T07:36:15.038Z [INFO] [slaReminder] SLA_SCAN cases=1 respRemind=0 respEsc=0 closureRemind=0 closureEsc=0 surveyExpired=0
2026-09-05T07:37:15.049Z [INFO] [slaReminder] SLA_SCAN cases=1 respRemind=0 respEsc=0 closureRemind=0 closureEsc=0 surveyExpired=0
2026-09-05T07:38:15.048Z [INFO] [slaReminder] SLA_SCAN cases=1 respRemind=0 respEsc=0 closureRemind=0 closureEsc=0 surveyExpired=0
2026-09-05T07:39:15.062Z [INFO] [slaReminder] SLA_SCAN cases=1 respRemind=0 respEsc=0 closureRemind=0 closureEsc=0 surveyExpired=0
2026-09-05T07:40:15.064Z [INFO] [slaReminder] SLA_SCAN cases=1 respRemind=0 respEsc=0 closureRemind=0 closureEsc=0 surveyExpired=0
2026-09-05T07:41:15.075Z [INFO] [slaReminder] SLA_SCAN cases=1 respRemind=0 respEsc=0 closureRemind=0 closureEsc=0 surveyExpired=0
2026-09-05T07:42:15.085Z [INFO] [slaReminder] SLA_SCAN cases=1 respRemind=0 respEsc=0 closureRemind=0 closureEsc=0 surveyExpired=0
2026-09-05T07:43:15.098Z [INFO] [slaReminder] SLA_SCAN cases=1 respRemind=0 respEsc=0 closureRemind=0 closureEsc=0 surveyExpired=0
2026-09-05T07:44:15.103Z [INFO] [slaReminder] SLA_SCAN cases=1 respRemind=0 respEsc=0 closureRemind=0 closureEsc=0 surveyExpired=0
2026-09-05T07:45:15.112Z [INFO] [slaReminder] SLA_SCAN cases=1 respRemind=0 respEsc=0 closureRemind=0 closureEsc=0 surveyExpired=0
2026-09-05T07:46:15.123Z [INFO] [slaReminder] SLA_SCAN cases=1 respRemind=0 respEsc=0 closureRemind=0 closureEsc=0 surveyExpired=0
2026-09-05T07:47:15.141Z [INFO] [slaReminder] SLA_SCAN cases=1 respRemind=0 respEsc=0 closureRemind=0 closureEsc=0 surveyExpired=0
2026-09-05T07:48:15.150Z [INFO] [slaReminder] SLA_SCAN cases=1 respRemind=0 respEsc=0 closureRemind=0 closureEsc=0 surveyExpired=0
2026-09-05T07:49:15.165Z [INFO] [slaReminder] SLA_SCAN cases=1 respRemind=0 respEsc=0 closureRemind=0 closureEsc=0 surveyExpired=0
2026-09-05T07:50:15.166Z [INFO] [slaReminder] SLA_SCAN cases=1 respRemind=0 respEsc=0 closureRemind=0 closureEsc=0 surveyExpired=0
2026-09-05T07:51:15.168Z [INFO] [slaReminder] SLA_SCAN cases=1 respRemind=0 respEsc=0 closureRemind=0 closureEsc=0 surveyExpired=0
2026-09-05T07:52:15.171Z [INFO] [slaReminder] SLA_SCAN cases=1 respRemind=0 respEsc=0 closureRemind=0 closureEsc=0 surveyExpired=0
2026-09-05T07:53:15.186Z [INFO] [slaReminder] SLA_SCAN cases=1 respRemind=0 respEsc=0 closureRemind=0 closureEsc=0 surveyExpired=0
2026-09-05T07:54:15.189Z [INFO] [slaReminder] SLA_SCAN cases=1 respRemind=0 respEsc=0 closureRemind=0 closureEsc=0 surveyExpired=0
2026-09-05T07:55:15.193Z [INFO] [slaReminder] SLA_SCAN cases=1 respRemind=0 respEsc=0 closureRemind=0 closureEsc=0 surveyExpired=0
2026-09-05T07:56:15.205Z [INFO] [slaReminder] SLA_SCAN cases=1 respRemind=0 respEsc=0 closureRemind=0 closureEsc=0 surveyExpired=0
2026-09-05T07:57:15.207Z [INFO] [slaReminder] SLA_SCAN cases=1 respRemind=0 respEsc=0 closureRemind=0 closureEsc=0 surveyExpired=0
2026-09-05T07:58:15.210Z [INFO] [slaReminder] SLA_SCAN cases=1 respRemind=0 respEsc=0 closureRemind=0 closureEsc=0 surveyExpired=0
2026-09-05T07:59:15.215Z [INFO] [slaReminder] SLA_SCAN cases=1 respRemind=0 respEsc=0 closureRemind=0 closureEsc=0 surveyExpired=0
2026-09-05T08:00:15.227Z [INFO] [slaReminder] SLA_SCAN cases=1 respRemind=0 respEsc=0 closureRemind=0 closureEsc=0 surveyExpired=0
2026-09-05T08:01:15.230Z [INFO] [slaReminder] SLA_SCAN cases=1 respRemind=0 respEsc=0 closureRemind=0 closureEsc=0 surveyExpired=0
2026-09-05T08:02:15.231Z [INFO] [slaReminder] SLA_SCAN cases=1 respRemind=0 respEsc=0 closureRemind=0 closureEsc=0 surveyExpired=0
2026-09-05T08:03:15.234Z [INFO] [slaReminder] SLA_SCAN cases=1 respRemind=0 respEsc=0 closureRemind=0 closureEsc=0 surveyExpired=0
2026-09-05T08:04:15.240Z [INFO] [slaReminder] SLA_SCAN cases=1 respRemind=0 respEsc=0 closureRemind=0 closureEsc=0 surveyExpired=0
2026-09-05T08:05:15.252Z [INFO] [slaReminder] SLA_SCAN cases=1 respRemind=0 respEsc=0 closureRemind=0 closureEsc=0 surveyExpired=0
2026-09-05T08:06:15.257Z [INFO] [slaReminder] SLA_SCAN cases=1 respRemind=0 respEsc=0 closureRemind=0 closureEsc=0 surveyExpired=0
2026-09-05T08:07:15.261Z [INFO] [slaReminder] SLA_SCAN cases=1 respRemind=0 respEsc=0 closureRemind=0 closureEsc=0 surveyExpired=0
2026-09-05T08:08:15.267Z [INFO] [slaReminder] SLA_SCAN cases=1 respRemind=0 respEsc=0 closureRemind=0 closureEsc=0 surveyExpired=0
2026-09-05T08:09:15.281Z [INFO] [slaReminder] SLA_SCAN cases=1 respRemind=0 respEsc=0 closureRemind=0 closureEsc=0 surveyExpired=0
2026-09-05T08:10:15.294Z [INFO] [slaReminder] SLA_SCAN cases=1 respRemind=0 respEsc=0 closureRemind=0 closureEsc=0 surveyExpired=0
2026-09-05T08:11:15.306Z [INFO] [slaReminder] SLA_SCAN cases=1 respRemind=0 respEsc=0 closureRemind=0 closureEsc=0 surveyExpired=0
2026-09-05T08:12:15.314Z [INFO] [slaReminder] SLA_SCAN cases=1 respRemind=0 respEsc=0 closureRemind=0 closureEsc=0 surveyExpired=0
2026-09-05T08:13:15.322Z [INFO] [slaReminder] SLA_SCAN cases=1 respRemind=0 respEsc=0 closureRemind=0 closureEsc=0 surveyExpired=0
2026-09-05T08:14:15.328Z [INFO] [slaReminder] SLA_SCAN cases=1 respRemind=0 respEsc=0 closureRemind=0 closureEsc=0 surveyExpired=0
2026-09-05T08:15:15.340Z [INFO] [slaReminder] SLA_SCAN cases=1 respRemind=0 respEsc=0 closureRemind=0 closureEsc=0 surveyExpired=0
2026-09-05T08:16:15.350Z [INFO] [slaReminder] SLA_SCAN cases=1 respRemind=0 respEsc=0 closureRemind=0 closureEsc=0 surveyExpired=0
2026-09-05T08:17:15.362Z [INFO] [slaReminder] SLA_SCAN cases=1 respRemind=0 respEsc=0 closureRemind=0 closureEsc=0 surveyExpired=0
2026-09-05T08:18:15.366Z [INFO] [slaReminder] SLA_SCAN cases=1 respRemind=0 respEsc=0 closureRemind=0 closureEsc=0 surveyExpired=0
2026-09-05T08:19:15.374Z [INFO] [slaReminder] SLA_SCAN cases=1 respRemind=0 respEsc=0 closureRemind=0 closureEsc=0 surveyExpired=0
2026-09-05T08:20:15.375Z [INFO] [slaReminder] SLA_SCAN cases=1 respRemind=0 respEsc=0 closureRemind=0 closureEsc=0 surveyExpired=0
2026-09-05T08:21:15.386Z [INFO] [slaReminder] SLA_SCAN cases=1 respRemind=0 respEsc=0 closureRemind=0 closureEsc=0 surveyExpired=0
2026-09-05T08:22:15.396Z [INFO] [slaReminder] SLA_SCAN cases=1 respRemind=0 respEsc=0 closureRemind=0 closureEsc=0 surveyExpired=0
2026-09-05T08:23:15.399Z [INFO] [slaReminder] SLA_SCAN cases=1 respRemind=0 respEsc=0 closureRemind=0 closureEsc=0 surveyExpired=0
2026-09-05T08:24:15.409Z [INFO] [slaReminder] SLA_SCAN cases=1 respRemind=0 respEsc=0 closureRemind=0 closureEsc=0 surveyExpired=0
2026-09-05T08:25:15.414Z [INFO] [slaReminder] SLA_SCAN cases=1 respRemind=0 respEsc=0 closureRemind=0 closureEsc=0 surveyExpired=0
2026-09-05T08:26:15.423Z [INFO] [slaReminder] SLA_SCAN cases=1 respRemind=0 respEsc=0 closureRemind=0 closureEsc=0 surveyExpired=0
2026-09-05T08:27:15.435Z [INFO] [slaReminder] SLA_SCAN cases=1 respRemind=0 respEsc=0 closureRemind=0 closureEsc=0 surveyExpired=0
2026-09-05T08:28:15.440Z [INFO] [slaReminder] SLA_SCAN cases=1 respRemind=0 respEsc=0 closureRemind=0 closureEsc=0 surveyExpired=0
2026-09-05T08:29:15.446Z [INFO] [slaReminder] SLA_SCAN cases=1 respRemind=0 respEsc=0 closureRemind=0 closureEsc=0 surveyExpired=0
2026-09-05T08:30:15.454Z [INFO] [slaReminder] SLA_SCAN cases=1 respRemind=0 respEsc=0 closureRemind=0 closureEsc=0 surveyExpired=0
2026-09-05T08:31:15.461Z [INFO] [slaReminder] SLA_SCAN cases=1 respRemind=0 respEsc=0 closureRemind=0 closureEsc=0 surveyExpired=0
2026-09-05T08:32:15.467Z [INFO] [slaReminder] SLA_SCAN cases=1 respRemind=0 respEsc=0 closureRemind=0 closureEsc=0 surveyExpired=0
2026-09-05T08:33:15.481Z [INFO] [slaReminder] SLA_SCAN cases=1 respRemind=0 respEsc=0 closureRemind=0 closureEsc=0 surveyExpired=0
2026-09-05T08:34:15.498Z [INFO] [slaReminder] SLA_SCAN cases=1 respRemind=0 respEsc=0 closureRemind=0 closureEsc=0 surveyExpired=0
2026-09-05T08:35:15.503Z [INFO] [slaReminder] SLA_SCAN cases=1 respRemind=0 respEsc=0 closureRemind=0 closureEsc=0 surveyExpired=0
2026-09-05T08:36:15.504Z [INFO] [slaReminder] SLA_SCAN cases=1 respRemind=0 respEsc=0 closureRemind=0 closureEsc=0 surveyExpired=0
2026-09-05T08:37:15.518Z [INFO] [slaReminder] SLA_SCAN cases=1 respRemind=0 respEsc=0 closureRemind=0 closureEsc=0 surveyExpired=0
2026-09-05T08:38:15.518Z [INFO] [slaReminder] SLA_SCAN cases=1 respRemind=0 respEsc=0 closureRemind=0 closureEsc=0 surveyExpired=0
2026-09-05T08:39:15.522Z [INFO] [slaReminder] SLA_SCAN cases=1 respRemind=0 respEsc=0 closureRemind=0 closureEsc=0 surveyExpired=0
2026-09-05T08:40:15.536Z [INFO] [slaReminder] SLA_SCAN cases=1 respRemind=0 respEsc=0 closureRemind=0 closureEsc=0 surveyExpired=0
2026-09-05T08:41:15.547Z [INFO] [slaReminder] SLA_SCAN cases=1 respRemind=0 respEsc=0 closureRemind=0 closureEsc=0 surveyExpired=0
2026-09-05T08:42:15.553Z [INFO] [slaReminder] SLA_SCAN cases=1 respRemind=0 respEsc=0 closureRemind=0 closureEsc=0 surveyExpired=0
2026-09-05T08:43:15.552Z [INFO] [slaReminder] SLA_SCAN cases=1 respRemind=0 respEsc=0 closureRemind=0 closureEsc=0 surveyExpired=0
2026-09-05T08:44:15.556Z [INFO] [slaReminder] SLA_SCAN cases=1 respRemind=0 respEsc=0 closureRemind=0 closureEsc=0 surveyExpired=0
2026-09-05T08:45:15.570Z [INFO] [slaReminder] SLA_SCAN cases=1 respRemind=0 respEsc=0 closureRemind=0 closureEsc=0 surveyExpired=0
2026-09-05T08:46:15.570Z [INFO] [slaReminder] SLA_SCAN cases=1 respRemind=0 respEsc=0 closureRemind=0 closureEsc=0 surveyExpired=0
2026-09-05T08:47:15.578Z [INFO] [slaReminder] SLA_SCAN cases=1 respRemind=0 respEsc=0 closureRemind=0 closureEsc=0 surveyExpired=0
2026-09-05T08:48:15.584Z [INFO] [slaReminder] SLA_SCAN cases=1 respRemind=0 respEsc=0 closureRemind=0 closureEsc=0 surveyExpired=0
2026-09-05T08:49:15.587Z [INFO] [slaReminder] SLA_SCAN cases=1 respRemind=0 respEsc=0 closureRemind=0 closureEsc=0 surveyExpired=0
2026-09-05T08:50:15.592Z [INFO] [slaReminder] SLA_SCAN cases=1 respRemind=0 respEsc=0 closureRemind=0 closureEsc=0 surveyExpired=0
2026-09-05T08:51:15.598Z [INFO] [slaReminder] SLA_SCAN cases=1 respRemind=0 respEsc=0 closureRemind=0 closureEsc=0 surveyExpired=0
2026-09-05T08:52:15.611Z [INFO] [slaReminder] SLA_SCAN cases=1 respRemind=0 respEsc=0 closureRemind=0 closureEsc=0 surveyExpired=0
2026-09-05T08:53:15.620Z [INFO] [slaReminder] SLA_SCAN cases=1 respRemind=0 respEsc=0 closureRemind=0 closureEsc=0 surveyExpired=0
2026-09-05T08:54:15.634Z [INFO] [slaReminder] SLA_SCAN cases=1 respRemind=0 respEsc=0 closureRemind=0 closureEsc=0 surveyExpired=0
2026-09-05T08:55:15.645Z [INFO] [slaReminder] SLA_SCAN cases=1 respRemind=0 respEsc=0 closureRemind=0 closureEsc=0 surveyExpired=0
2026-09-05T08:56:15.651Z [INFO] [slaReminder] SLA_SCAN cases=1 respRemind=0 respEsc=0 closureRemind=0 closureEsc=0 surveyExpired=0
2026-09-05T08:57:15.662Z [INFO] [slaReminder] SLA_SCAN cases=1 respRemind=0 respEsc=0 closureRemind=0 closureEsc=0 surveyExpired=0
2026-09-05T08:58:15.672Z [INFO] [slaReminder] SLA_SCAN cases=1 respRemind=0 respEsc=0 closureRemind=0 closureEsc=0 surveyExpired=0
2026-09-05T08:59:15.690Z [INFO] [slaReminder] SLA_SCAN cases=1 respRemind=0 respEsc=0 closureRemind=0 closureEsc=0 surveyExpired=0
2026-09-05T09:00:15.689Z [INFO] [slaReminder] SLA_SCAN cases=1 respRemind=0 respEsc=0 closureRemind=0 closureEsc=0 surveyExpired=0
2026-09-05T09:01:15.692Z [INFO] [slaReminder] SLA_SCAN cases=1 respRemind=0 respEsc=0 closureRemind=0 closureEsc=0 surveyExpired=0
2026-09-05T09:02:15.693Z [INFO] [slaReminder] SLA_SCAN cases=1 respRemind=0 respEsc=0 closureRemind=0 closureEsc=0 surveyExpired=0
2026-09-05T09:03:15.705Z [INFO] [slaReminder] SLA_SCAN cases=1 respRemind=0 respEsc=0 closureRemind=0 closureEsc=0 surveyExpired=0
2026-09-05T09:04:15.714Z [INFO] [slaReminder] SLA_SCAN cases=1 respRemind=0 respEsc=0 closureRemind=0 closureEsc=0 surveyExpired=0
2026-09-05T09:05:15.721Z [INFO] [slaReminder] SLA_SCAN cases=1 respRemind=0 respEsc=0 closureRemind=0 closureEsc=0 surveyExpired=0
2026-09-05T09:06:15.731Z [INFO] [slaReminder] SLA_SCAN cases=1 respRemind=0 respEsc=0 closureRemind=0 closureEsc=0 surveyExpired=0
2026-09-05T09:07:15.746Z [INFO] [slaReminder] SLA_SCAN cases=1 respRemind=0 respEsc=0 closureRemind=0 closureEsc=0 surveyExpired=0
2026-09-05T09:08:15.760Z [INFO] [slaReminder] SLA_SCAN cases=1 respRemind=0 respEsc=0 closureRemind=0 closureEsc=0 surveyExpired=0
2026-09-05T09:09:15.768Z [INFO] [slaReminder] SLA_SCAN cases=1 respRemind=0 respEsc=0 closureRemind=0 closureEsc=0 surveyExpired=0
2026-09-05T09:10:15.775Z [INFO] [slaReminder] SLA_SCAN cases=1 respRemind=0 respEsc=0 closureRemind=0 closureEsc=0 surveyExpired=0
2026-09-05T09:11:15.792Z [INFO] [slaReminder] SLA_SCAN cases=1 respRemind=0 respEsc=0 closureRemind=0 closureEsc=0 surveyExpired=0
2026-09-05T09:12:15.793Z [INFO] [slaReminder] SLA_SCAN cases=1 respRemind=0 respEsc=0 closureRemind=0 closureEsc=0 surveyExpired=0
2026-09-05T09:13:15.801Z [INFO] [slaReminder] SLA_SCAN cases=1 respRemind=0 respEsc=0 closureRemind=0 closureEsc=0 surveyExpired=0
2026-09-05T09:14:15.819Z [INFO] [slaReminder] SLA_SCAN cases=1 respRemind=0 respEsc=0 closureRemind=0 closureEsc=0 surveyExpired=0
2026-09-05T09:15:15.823Z [INFO] [slaReminder] SLA_SCAN cases=1 respRemind=0 respEsc=0 closureRemind=0 closureEsc=0 surveyExpired=0
2026-09-05T09:16:15.828Z [INFO] [slaReminder] SLA_SCAN cases=1 respRemind=0 respEsc=0 closureRemind=0 closureEsc=0 surveyExpired=0
2026-09-05T09:17:15.834Z [INFO] [slaReminder] SLA_SCAN cases=1 respRemind=0 respEsc=0 closureRemind=0 closureEsc=0 surveyExpired=0
2026-09-05T09:18:15.846Z [INFO] [slaReminder] SLA_SCAN cases=1 respRemind=0 respEsc=0 closureRemind=0 closureEsc=0 surveyExpired=0
2026-09-05T09:19:15.847Z [INFO] [slaReminder] SLA_SCAN cases=1 respRemind=0 respEsc=0 closureRemind=0 closureEsc=0 surveyExpired=0
2026-09-05T09:20:15.860Z [INFO] [slaReminder] SLA_SCAN cases=1 respRemind=0 respEsc=0 closureRemind=0 closureEsc=0 surveyExpired=0
2026-09-05T09:21:15.868Z [INFO] [slaReminder] SLA_SCAN cases=1 respRemind=0 respEsc=0 closureRemind=0 closureEsc=0 surveyExpired=0
2026-09-05T09:22:15.870Z [INFO] [slaReminder] SLA_SCAN cases=1 respRemind=0 respEsc=0 closureRemind=0 closureEsc=0 surveyExpired=0
2026-09-05T09:23:15.879Z [INFO] [slaReminder] SLA_SCAN cases=1 respRemind=0 respEsc=0 closureRemind=0 closureEsc=0 surveyExpired=0
2026-09-05T09:24:15.892Z [INFO] [slaReminder] SLA_SCAN cases=1 respRemind=0 respEsc=0 closureRemind=0 closureEsc=0 surveyExpired=0
2026-09-05T09:25:15.908Z [INFO] [slaReminder] SLA_SCAN cases=1 respRemind=0 respEsc=0 closureRemind=0 closureEsc=0 surveyExpired=0
2026-09-05T09:26:15.914Z [INFO] [slaReminder] SLA_SCAN cases=1 respRemind=0 respEsc=0 closureRemind=0 closureEsc=0 surveyExpired=0
2026-09-05T09:27:15.926Z [INFO] [slaReminder] SLA_SCAN cases=1 respRemind=0 respEsc=0 closureRemind=0 closureEsc=0 surveyExpired=0
2026-09-05T09:28:15.941Z [INFO] [slaReminder] SLA_SCAN cases=1 respRemind=0 respEsc=0 closureRemind=0 closureEsc=0 surveyExpired=0
2026-09-05T09:29:15.946Z [INFO] [slaReminder] SLA_SCAN cases=1 respRemind=0 respEsc=0 closureRemind=0 closureEsc=0 surveyExpired=0
2026-09-05T09:30:15.951Z [INFO] [slaReminder] SLA_SCAN cases=1 respRemind=0 respEsc=0 closureRemind=0 closureEsc=0 surveyExpired=0
2026-09-05T09:31:15.962Z [INFO] [slaReminder] SLA_SCAN cases=1 respRemind=0 respEsc=0 closureRemind=0 closureEsc=0 surveyExpired=0
2026-09-05T09:32:15.970Z [INFO] [slaReminder] SLA_SCAN cases=1 respRemind=0 respEsc=0 closureRemind=0 closureEsc=0 surveyExpired=0
2026-09-05T09:33:15.997Z [INFO] [slaReminder] SLA_SCAN cases=1 respRemind=0 respEsc=0 closureRemind=0 closureEsc=0 surveyExpired=0
2026-09-05T09:34:16.002Z [INFO] [slaReminder] SLA_SCAN cases=1 respRemind=0 respEsc=0 closureRemind=0 closureEsc=0 surveyExpired=0
2026-09-05T09:35:16.006Z [INFO] [slaReminder] SLA_SCAN cases=1 respRemind=0 respEsc=0 closureRemind=0 closureEsc=0 surveyExpired=0
2026-09-05T09:36:16.013Z [INFO] [slaReminder] SLA_SCAN cases=1 respRemind=0 respEsc=0 closureRemind=0 closureEsc=0 surveyExpired=0
2026-09-05T09:37:16.025Z [INFO] [slaReminder] SLA_SCAN cases=1 respRemind=0 respEsc=0 closureRemind=0 closureEsc=0 surveyExpired=0
2026-09-05T09:38:16.038Z [INFO] [slaReminder] SLA_SCAN cases=1 respRemind=0 respEsc=0 closureRemind=0 closureEsc=0 surveyExpired=0
2026-09-05T09:39:16.048Z [INFO] [slaReminder] SLA_SCAN cases=1 respRemind=0 respEsc=0 closureRemind=0 closureEsc=0 surveyExpired=0
2026-09-05T09:40:16.058Z [INFO] [slaReminder] SLA_SCAN cases=1 respRemind=0 respEsc=0 closureRemind=0 closureEsc=0 surveyExpired=0
2026-09-05T09:41:16.066Z [INFO] [slaReminder] SLA_SCAN cases=1 respRemind=0 respEsc=0 closureRemind=0 closureEsc=0 surveyExpired=0
2026-09-05T09:42:16.071Z [INFO] [slaReminder] SLA_SCAN cases=1 respRemind=0 respEsc=0 closureRemind=0 closureEsc=0 surveyExpired=0
2026-09-05T09:43:16.079Z [INFO] [slaReminder] SLA_SCAN cases=1 respRemind=0 respEsc=0 closureRemind=0 closureEsc=0 surveyExpired=0
2026-09-05T09:44:16.088Z [INFO] [slaReminder] SLA_SCAN cases=1 respRemind=0 respEsc=0 closureRemind=0 closureEsc=0 surveyExpired=0
2026-09-05T09:45:16.094Z [INFO] [slaReminder] SLA_SCAN cases=1 respRemind=0 respEsc=0 closureRemind=0 closureEsc=0 surveyExpired=0
2026-09-05T09:46:16.097Z [INFO] [slaReminder] SLA_SCAN cases=1 respRemind=0 respEsc=0 closureRemind=0 closureEsc=0 surveyExpired=0
2026-09-05T09:47:16.103Z [INFO] [slaReminder] SLA_SCAN cases=1 respRemind=0 respEsc=0 closureRemind=0 closureEsc=0 surveyExpired=0
2026-09-05T09:48:16.110Z [INFO] [slaReminder] SLA_SCAN cases=1 respRemind=0 respEsc=0 closureRemind=0 closureEsc=0 surveyExpired=0
2026-09-05T09:49:16.124Z [INFO] [slaReminder] SLA_SCAN cases=1 respRemind=0 respEsc=0 closureRemind=0 closureEsc=0 surveyExpired=0
2026-09-05T09:50:16.124Z [INFO] [slaReminder] SLA_SCAN cases=1 respRemind=0 respEsc=0 closureRemind=0 closureEsc=0 surveyExpired=0
2026-09-05T09:51:16.125Z [INFO] [slaReminder] SLA_SCAN cases=1 respRemind=0 respEsc=0 closureRemind=0 closureEsc=0 surveyExpired=0
2026-09-05T09:52:16.131Z [INFO] [slaReminder] SLA_SCAN cases=1 respRemind=0 respEsc=0 closureRemind=0 closureEsc=0 surveyExpired=0
2026-09-05T09:53:16.139Z [INFO] [slaReminder] SLA_SCAN cases=1 respRemind=0 respEsc=0 closureRemind=0 closureEsc=0 surveyExpired=0
2026-09-05T09:54:16.149Z [INFO] [slaReminder] SLA_SCAN cases=1 respRemind=0 respEsc=0 closureRemind=0 closureEsc=0 surveyExpired=0
2026-09-05T09:55:16.162Z [INFO] [slaReminder] SLA_SCAN cases=1 respRemind=0 respEsc=0 closureRemind=0 closureEsc=0 surveyExpired=0
2026-09-05T09:56:16.171Z [INFO] [slaReminder] SLA_SCAN cases=1 respRemind=0 respEsc=0 closureRemind=0 closureEsc=0 surveyExpired=0
2026-09-05T09:57:16.179Z [INFO] [slaReminder] SLA_SCAN cases=1 respRemind=0 respEsc=0 closureRemind=0 closureEsc=0 surveyExpired=0
2026-09-05T09:58:16.180Z [INFO] [slaReminder] SLA_SCAN cases=1 respRemind=0 respEsc=0 closureRemind=0 closureEsc=0 surveyExpired=0
2026-09-05T09:59:16.189Z [INFO] [slaReminder] SLA_SCAN cases=1 respRemind=0 respEsc=0 closureRemind=0 closureEsc=0 surveyExpired=0
2026-09-05T10:00:16.194Z [INFO] [slaReminder] SLA_SCAN cases=1 respRemind=0 respEsc=0 closureRemind=0 closureEsc=0 surveyExpired=0
2026-09-05T10:01:16.206Z [INFO] [slaReminder] SLA_SCAN cases=1 respRemind=0 respEsc=0 closureRemind=0 closureEsc=0 surveyExpired=0
2026-09-05T10:02:16.214Z [INFO] [slaReminder] SLA_SCAN cases=1 respRemind=0 respEsc=0 closureRemind=0 closureEsc=0 surveyExpired=0
2026-09-05T10:03:16.227Z [INFO] [slaReminder] SLA_SCAN cases=1 respRemind=0 respEsc=0 closureRemind=0 closureEsc=0 surveyExpired=0
2026-09-05T10:04:16.237Z [INFO] [slaReminder] SLA_SCAN cases=1 respRemind=0 respEsc=0 closureRemind=0 closureEsc=0 surveyExpired=0
2026-09-05T10:05:16.245Z [INFO] [slaReminder] SLA_SCAN cases=1 respRemind=0 respEsc=0 closureRemind=0 closureEsc=0 surveyExpired=0
2026-09-05T10:06:16.245Z [INFO] [slaReminder] SLA_SCAN cases=1 respRemind=0 respEsc=0 closureRemind=0 closureEsc=0 surveyExpired=0
2026-09-05T10:07:16.256Z [INFO] [slaReminder] SLA_SCAN cases=1 respRemind=0 respEsc=0 closureRemind=0 closureEsc=0 surveyExpired=0
2026-09-05T10:08:16.262Z [INFO] [slaReminder] SLA_SCAN cases=1 respRemind=0 respEsc=0 closureRemind=0 closureEsc=0 surveyExpired=0
2026-09-05T10:09:16.262Z [INFO] [slaReminder] SLA_SCAN cases=1 respRemind=0 respEsc=0 closureRemind=0 closureEsc=0 surveyExpired=0
2026-09-05T10:10:16.269Z [INFO] [slaReminder] SLA_SCAN cases=1 respRemind=0 respEsc=0 closureRemind=0 closureEsc=0 surveyExpired=0
2026-09-05T10:11:16.270Z [INFO] [slaReminder] SLA_SCAN cases=1 respRemind=0 respEsc=0 closureRemind=0 closureEsc=0 surveyExpired=0
2026-09-05T10:12:16.280Z [INFO] [slaReminder] SLA_SCAN cases=1 respRemind=0 respEsc=0 closureRemind=0 closureEsc=0 surveyExpired=0
2026-09-05T10:13:16.297Z [INFO] [slaReminder] SLA_SCAN cases=1 respRemind=0 respEsc=0 closureRemind=0 closureEsc=0 surveyExpired=0
2026-09-05T10:14:16.302Z [INFO] [slaReminder] SLA_SCAN cases=1 respRemind=0 respEsc=0 closureRemind=0 closureEsc=0 surveyExpired=0
2026-09-05T10:15:16.321Z [INFO] [slaReminder] SLA_SCAN cases=1 respRemind=0 respEsc=0 closureRemind=0 closureEsc=0 surveyExpired=0
2026-09-05T10:16:16.335Z [INFO] [slaReminder] SLA_SCAN cases=1 respRemind=0 respEsc=0 closureRemind=0 closureEsc=0 surveyExpired=0
2026-09-05T10:17:16.346Z [INFO] [slaReminder] SLA_SCAN cases=1 respRemind=0 respEsc=0 closureRemind=0 closureEsc=0 surveyExpired=0
2026-09-05T10:18:16.359Z [INFO] [slaReminder] SLA_SCAN cases=1 respRemind=0 respEsc=0 closureRemind=0 closureEsc=0 surveyExpired=0
2026-09-05T10:19:16.365Z [INFO] [slaReminder] SLA_SCAN cases=1 respRemind=0 respEsc=0 closureRemind=0 closureEsc=0 surveyExpired=0
2026-09-05T10:20:16.383Z [INFO] [slaReminder] SLA_SCAN cases=1 respRemind=0 respEsc=0 closureRemind=0 closureEsc=0 surveyExpired=0
2026-09-05T10:21:16.400Z [INFO] [slaReminder] SLA_SCAN cases=1 respRemind=0 respEsc=0 closureRemind=0 closureEsc=0 surveyExpired=0
2026-09-05T10:22:16.409Z [INFO] [slaReminder] SLA_SCAN cases=1 respRemind=0 respEsc=0 closureRemind=0 closureEsc=0 surveyExpired=0
2026-09-05T10:23:16.413Z [INFO] [slaReminder] SLA_SCAN cases=1 respRemind=0 respEsc=0 closureRemind=0 closureEsc=0 surveyExpired=0
2026-09-05T10:24:16.421Z [INFO] [slaReminder] SLA_SCAN cases=1 respRemind=0 respEsc=0 closureRemind=0 closureEsc=0 surveyExpired=0
2026-09-05T10:25:16.441Z [INFO] [slaReminder] SLA_SCAN cases=1 respRemind=0 respEsc=0 closureRemind=0 closureEsc=0 surveyExpired=0
2026-09-05T10:26:16.445Z [INFO] [slaReminder] SLA_SCAN cases=1 respRemind=0 respEsc=0 closureRemind=0 closureEsc=0 surveyExpired=0
2026-09-05T10:27:16.458Z [INFO] [slaReminder] SLA_SCAN cases=1 respRemind=0 respEsc=0 closureRemind=0 closureEsc=0 surveyExpired=0
2026-09-05T10:28:16.466Z [INFO] [slaReminder] SLA_SCAN cases=1 respRemind=0 respEsc=0 closureRemind=0 closureEsc=0 surveyExpired=0
2026-09-05T10:29:16.473Z [INFO] [slaReminder] SLA_SCAN cases=1 respRemind=0 respEsc=0 closureRemind=0 closureEsc=0 surveyExpired=0
2026-09-05T10:30:16.475Z [INFO] [slaReminder] SLA_SCAN cases=1 respRemind=0 respEsc=0 closureRemind=0 closureEsc=0 surveyExpired=0
2026-09-05T10:31:16.552Z [INFO] [slaReminder] SLA_SCAN cases=1 respRemind=0 respEsc=0 closureRemind=0 closureEsc=0 surveyExpired=0
2026-09-05T10:32:16.566Z [INFO] [slaReminder] SLA_SCAN cases=1 respRemind=0 respEsc=0 closureRemind=0 closureEsc=0 surveyExpired=0
2026-09-05T10:33:16.587Z [INFO] [slaReminder] SLA_SCAN cases=1 respRemind=0 respEsc=0 closureRemind=0 closureEsc=0 surveyExpired=0
2026-09-05T10:34:16.587Z [INFO] [slaReminder] SLA_SCAN cases=1 respRemind=0 respEsc=0 closureRemind=0 closureEsc=0 surveyExpired=0
2026-09-05T10:35:16.597Z [INFO] [slaReminder] SLA_SCAN cases=1 respRemind=0 respEsc=0 closureRemind=0 closureEsc=0 surveyExpired=0
2026-09-05T10:36:16.605Z [INFO] [slaReminder] SLA_SCAN cases=1 respRemind=0 respEsc=0 closureRemind=0 closureEsc=0 surveyExpired=0
2026-09-05T10:37:16.616Z [INFO] [slaReminder] SLA_SCAN cases=1 respRemind=0 respEsc=0 closureRemind=0 closureEsc=0 surveyExpired=0
2026-09-05T10:38:16.624Z [INFO] [slaReminder] SLA_SCAN cases=1 respRemind=0 respEsc=0 closureRemind=0 closureEsc=0 surveyExpired=0
2026-09-05T10:39:16.639Z [INFO] [slaReminder] SLA_SCAN cases=1 respRemind=0 respEsc=0 closureRemind=0 closureEsc=0 surveyExpired=0
2026-09-05T10:40:16.656Z [INFO] [slaReminder] SLA_SCAN cases=1 respRemind=0 respEsc=0 closureRemind=0 closureEsc=0 surveyExpired=0
2026-09-05T10:41:16.664Z [INFO] [slaReminder] SLA_SCAN cases=1 respRemind=0 respEsc=0 closureRemind=0 closureEsc=0 surveyExpired=0
2026-09-05T10:42:16.677Z [INFO] [slaReminder] SLA_SCAN cases=1 respRemind=0 respEsc=0 closureRemind=0 closureEsc=0 surveyExpired=0
2026-09-05T10:43:16.680Z [INFO] [slaReminder] SLA_SCAN cases=1 respRemind=0 respEsc=0 closureRemind=0 closureEsc=0 surveyExpired=0
2026-09-05T10:44:16.696Z [INFO] [slaReminder] SLA_SCAN cases=1 respRemind=0 respEsc=0 closureRemind=0 closureEsc=0 surveyExpired=0
2026-09-05T10:45:16.704Z [INFO] [slaReminder] SLA_SCAN cases=1 respRemind=0 respEsc=0 closureRemind=0 closureEsc=0 surveyExpired=0
2026-09-05T10:46:16.739Z [INFO] [slaReminder] SLA_SCAN cases=1 respRemind=0 respEsc=0 closureRemind=0 closureEsc=0 surveyExpired=0
2026-09-05T10:47:16.742Z [INFO] [slaReminder] SLA_SCAN cases=1 respRemind=0 respEsc=0 closureRemind=0 closureEsc=0 surveyExpired=0
2026-09-05T10:48:16.757Z [INFO] [slaReminder] SLA_SCAN cases=1 respRemind=0 respEsc=0 closureRemind=0 closureEsc=0 surveyExpired=0
2026-09-05T10:49:16.774Z [INFO] [slaReminder] SLA_SCAN cases=1 respRemind=0 respEsc=0 closureRemind=0 closureEsc=0 surveyExpired=0
2026-09-05T10:50:16.784Z [INFO] [slaReminder] SLA_SCAN cases=1 respRemind=0 respEsc=0 closureRemind=0 closureEsc=0 surveyExpired=0
2026-09-05T10:51:16.800Z [INFO] [slaReminder] SLA_SCAN cases=1 respRemind=0 respEsc=0 closureRemind=0 closureEsc=0 surveyExpired=0
2026-09-05T10:52:16.812Z [INFO] [slaReminder] SLA_SCAN cases=1 respRemind=0 respEsc=0 closureRemind=0 closureEsc=0 surveyExpired=0
2026-09-05T10:53:16.811Z [INFO] [slaReminder] SLA_SCAN cases=1 respRemind=0 respEsc=0 closureRemind=0 closureEsc=0 surveyExpired=0
2026-09-05T10:54:16.827Z [INFO] [slaReminder] SLA_SCAN cases=1 respRemind=0 respEsc=0 closureRemind=0 closureEsc=0 surveyExpired=0
2026-09-05T10:55:16.829Z [INFO] [slaReminder] SLA_SCAN cases=1 respRemind=0 respEsc=0 closureRemind=0 closureEsc=0 surveyExpired=0
2026-09-05T10:56:16.835Z [INFO] [slaReminder] SLA_SCAN cases=1 respRemind=0 respEsc=0 closureRemind=0 closureEsc=0 surveyExpired=0
2026-09-05T10:57:16.843Z [INFO] [slaReminder] SLA_SCAN cases=1 respRemind=0 respEsc=0 closureRemind=0 closureEsc=0 surveyExpired=0
2026-09-05T10:58:16.852Z [INFO] [slaReminder] SLA_SCAN cases=1 respRemind=0 respEsc=0 closureRemind=0 closureEsc=0 surveyExpired=0
2026-09-05T10:59:16.862Z [INFO] [slaReminder] SLA_SCAN cases=1 respRemind=0 respEsc=0 closureRemind=0 closureEsc=0 surveyExpired=0
2026-09-05T11:00:16.872Z [INFO] [slaReminder] SLA_SCAN cases=1 respRemind=0 respEsc=0 closureRemind=0 closureEsc=0 surveyExpired=0
2026-09-05T11:01:16.881Z [INFO] [slaReminder] SLA_SCAN cases=1 respRemind=0 respEsc=0 closureRemind=0 closureEsc=0 surveyExpired=0
2026-09-05T11:02:16.894Z [INFO] [slaReminder] SLA_SCAN cases=1 respRemind=0 respEsc=0 closureRemind=0 closureEsc=0 surveyExpired=0
2026-09-05T11:03:16.902Z [INFO] [slaReminder] SLA_SCAN cases=1 respRemind=0 respEsc=0 closureRemind=0 closureEsc=0 surveyExpired=0
2026-09-05T11:04:16.916Z [INFO] [slaReminder] SLA_SCAN cases=1 respRemind=0 respEsc=0 closureRemind=0 closureEsc=0 surveyExpired=0
2026-09-05T11:05:16.920Z [INFO] [slaReminder] SLA_SCAN cases=1 respRemind=0 respEsc=0 closureRemind=0 closureEsc=0 surveyExpired=0
2026-09-05T11:06:16.926Z [INFO] [slaReminder] SLA_SCAN cases=1 respRemind=0 respEsc=0 closureRemind=0 closureEsc=0 surveyExpired=0
2026-09-05T11:07:16.945Z [INFO] [slaReminder] SLA_SCAN cases=1 respRemind=0 respEsc=0 closureRemind=0 closureEsc=0 surveyExpired=0
2026-09-05T11:08:16.983Z [INFO] [slaReminder] SLA_SCAN cases=1 respRemind=0 respEsc=0 closureRemind=0 closureEsc=0 surveyExpired=0
2026-09-05T11:09:17.018Z [INFO] [slaReminder] SLA_SCAN cases=1 respRemind=0 respEsc=0 closureRemind=0 closureEsc=0 surveyExpired=0
2026-09-05T11:10:17.091Z [INFO] [slaReminder] SLA_SCAN cases=1 respRemind=0 respEsc=0 closureRemind=0 closureEsc=0 surveyExpired=0
2026-09-05T11:11:17.109Z [INFO] [slaReminder] SLA_SCAN cases=1 respRemind=0 respEsc=0 closureRemind=0 closureEsc=0 surveyExpired=0
2026-09-05T11:12:17.139Z [INFO] [slaReminder] SLA_SCAN cases=1 respRemind=0 respEsc=0 closureRemind=0 closureEsc=0 surveyExpired=0
2026-09-05T11:13:17.157Z [INFO] [slaReminder] SLA_SCAN cases=1 respRemind=0 respEsc=0 closureRemind=0 closureEsc=0 surveyExpired=0
2026-09-05T11:14:17.184Z [INFO] [slaReminder] SLA_SCAN cases=1 respRemind=0 respEsc=0 closureRemind=0 closureEsc=0 surveyExpired=0
2026-09-05T11:15:17.189Z [INFO] [slaReminder] SLA_SCAN cases=1 respRemind=0 respEsc=0 closureRemind=0 closureEsc=0 surveyExpired=0
2026-09-05T11:16:17.208Z [INFO] [slaReminder] SLA_SCAN cases=1 respRemind=0 respEsc=0 closureRemind=0 closureEsc=0 surveyExpired=0
2026-09-05T11:17:17.219Z [INFO] [slaReminder] SLA_SCAN cases=1 respRemind=0 respEsc=0 closureRemind=0 closureEsc=0 surveyExpired=0
2026-09-05T11:18:17.234Z [INFO] [slaReminder] SLA_SCAN cases=1 respRemind=0 respEsc=0 closureRemind=0 closureEsc=0 surveyExpired=0
2026-09-05T11:19:17.279Z [INFO] [slaReminder] SLA_SCAN cases=1 respRemind=0 respEsc=0 closureRemind=0 closureEsc=0 surveyExpired=0
2026-09-05T11:20:17.285Z [INFO] [slaReminder] SLA_SCAN cases=1 respRemind=0 respEsc=0 closureRemind=0 closureEsc=0 surveyExpired=0
2026-09-05T11:21:17.290Z [INFO] [slaReminder] SLA_SCAN cases=1 respRemind=0 respEsc=0 closureRemind=0 closureEsc=0 surveyExpired=0
2026-09-05T11:22:17.303Z [INFO] [slaReminder] SLA_SCAN cases=1 respRemind=0 respEsc=0 closureRemind=0 closureEsc=0 surveyExpired=0
2026-09-05T11:23:17.328Z [INFO] [slaReminder] SLA_SCAN cases=1 respRemind=0 respEsc=0 closureRemind=0 closureEsc=0 surveyExpired=0
2026-09-05T11:24:17.340Z [INFO] [slaReminder] SLA_SCAN cases=1 respRemind=0 respEsc=0 closureRemind=0 closureEsc=0 surveyExpired=0
2026-09-05T11:25:17.360Z [INFO] [slaReminder] SLA_SCAN cases=1 respRemind=0 respEsc=0 closureRemind=0 closureEsc=0 surveyExpired=0
2026-09-05T11:26:17.382Z [INFO] [slaReminder] SLA_SCAN cases=1 respRemind=0 respEsc=0 closureRemind=0 closureEsc=0 surveyExpired=0
2026-09-05T11:27:17.432Z [INFO] [slaReminder] SLA_SCAN cases=1 respRemind=0 respEsc=0 closureRemind=0 closureEsc=0 surveyExpired=0
2026-09-05T11:28:17.455Z [INFO] [slaReminder] SLA_SCAN cases=1 respRemind=0 respEsc=0 closureRemind=0 closureEsc=0 surveyExpired=0
2026-09-05T11:29:17.471Z [INFO] [slaReminder] SLA_SCAN cases=1 respRemind=0 respEsc=0 closureRemind=0 closureEsc=0 surveyExpired=0
2026-09-05T11:30:17.478Z [INFO] [slaReminder] SLA_SCAN cases=1 respRemind=0 respEsc=0 closureRemind=0 closureEsc=0 surveyExpired=0
2026-09-05T11:31:17.503Z [INFO] [slaReminder] SLA_SCAN cases=1 respRemind=0 respEsc=0 closureRemind=0 closureEsc=0 surveyExpired=0
2026-09-05T11:32:17.534Z [INFO] [slaReminder] SLA_SCAN cases=1 respRemind=0 respEsc=0 closureRemind=0 closureEsc=0 surveyExpired=0
2026-09-05T11:33:17.572Z [INFO] [slaReminder] SLA_SCAN cases=1 respRemind=0 respEsc=0 closureRemind=0 closureEsc=0 surveyExpired=0
2026-09-05T11:34:17.595Z [INFO] [slaReminder] SLA_SCAN cases=1 respRemind=0 respEsc=0 closureRemind=0 closureEsc=0 surveyExpired=0
2026-09-05T11:35:17.620Z [INFO] [slaReminder] SLA_SCAN cases=1 respRemind=0 respEsc=0 closureRemind=0 closureEsc=0 surveyExpired=0
2026-09-05T11:36:17.660Z [INFO] [slaReminder] SLA_SCAN cases=1 respRemind=0 respEsc=0 closureRemind=0 closureEsc=0 surveyExpired=0
2026-09-05T11:37:17.682Z [INFO] [slaReminder] SLA_SCAN cases=1 respRemind=0 respEsc=0 closureRemind=0 closureEsc=0 surveyExpired=0
2026-09-05T11:38:17.716Z [INFO] [slaReminder] SLA_SCAN cases=1 respRemind=0 respEsc=0 closureRemind=0 closureEsc=0 surveyExpired=0
2026-09-05T11:39:17.755Z [INFO] [slaReminder] SLA_SCAN cases=1 respRemind=0 respEsc=0 closureRemind=0 closureEsc=0 surveyExpired=0
2026-09-05T11:40:17.767Z [INFO] [slaReminder] SLA_SCAN cases=1 respRemind=0 respEsc=0 closureRemind=0 closureEsc=0 surveyExpired=0
2026-09-05T11:41:17.808Z [INFO] [slaReminder] SLA_SCAN cases=1 respRemind=0 respEsc=0 closureRemind=0 closureEsc=0 surveyExpired=0
2026-09-05T11:42:17.826Z [INFO] [slaReminder] SLA_SCAN cases=1 respRemind=0 respEsc=0 closureRemind=0 closureEsc=0 surveyExpired=0
2026-09-05T11:43:17.826Z [INFO] [slaReminder] SLA_SCAN cases=1 respRemind=0 respEsc=0 closureRemind=0 closureEsc=0 surveyExpired=0
2026-09-05T11:44:17.840Z [INFO] [slaReminder] SLA_SCAN cases=1 respRemind=0 respEsc=0 closureRemind=0 closureEsc=0 surveyExpired=0
2026-09-05T11:45:17.875Z [INFO] [slaReminder] SLA_SCAN cases=1 respRemind=0 respEsc=0 closureRemind=0 closureEsc=0 surveyExpired=0
2026-09-05T11:46:17.887Z [INFO] [slaReminder] SLA_SCAN cases=1 respRemind=0 respEsc=0 closureRemind=0 closureEsc=0 surveyExpired=0
2026-09-05T11:47:17.897Z [INFO] [slaReminder] SLA_SCAN cases=1 respRemind=0 respEsc=0 closureRemind=0 closureEsc=0 surveyExpired=0
2026-09-05T11:48:17.920Z [INFO] [slaReminder] SLA_SCAN cases=1 respRemind=0 respEsc=0 closureRemind=0 closureEsc=0 surveyExpired=0
2026-09-05T11:49:17.941Z [INFO] [slaReminder] SLA_SCAN cases=1 respRemind=0 respEsc=0 closureRemind=0 closureEsc=0 surveyExpired=0
2026-09-05T11:50:17.987Z [INFO] [slaReminder] SLA_SCAN cases=1 respRemind=0 respEsc=0 closureRemind=0 closureEsc=0 surveyExpired=0
2026-09-05T11:51:18.043Z [INFO] [slaReminder] SLA_SCAN cases=1 respRemind=0 respEsc=0 closureRemind=0 closureEsc=0 surveyExpired=0
2026-09-05T11:52:18.096Z [INFO] [slaReminder] SLA_SCAN cases=1 respRemind=0 respEsc=0 closureRemind=0 closureEsc=0 surveyExpired=0
2026-09-05T11:53:18.138Z [INFO] [slaReminder] SLA_SCAN cases=1 respRemind=0 respEsc=0 closureRemind=0 closureEsc=0 surveyExpired=0
2026-09-05T11:54:18.183Z [INFO] [slaReminder] SLA_SCAN cases=1 respRemind=0 respEsc=0 closureRemind=0 closureEsc=0 surveyExpired=0
2026-09-05T11:55:18.206Z [INFO] [slaReminder] SLA_SCAN cases=1 respRemind=0 respEsc=0 closureRemind=0 closureEsc=0 surveyExpired=0
2026-09-05T11:56:18.229Z [INFO] [slaReminder] SLA_SCAN cases=1 respRemind=0 respEsc=0 closureRemind=0 closureEsc=0 surveyExpired=0
2026-09-05T11:57:18.248Z [INFO] [slaReminder] SLA_SCAN cases=1 respRemind=0 respEsc=0 closureRemind=0 closureEsc=0 surveyExpired=0
2026-09-05T11:58:18.274Z [INFO] [slaReminder] SLA_SCAN cases=1 respRemind=0 respEsc=0 closureRemind=0 closureEsc=0 surveyExpired=0
2026-09-05T11:59:18.284Z [INFO] [slaReminder] SLA_SCAN cases=1 respRemind=0 respEsc=0 closureRemind=0 closureEsc=0 surveyExpired=0
2026-09-05T12:00:18.289Z [INFO] [slaReminder] SLA_SCAN cases=1 respRemind=0 respEsc=0 closureRemind=0 closureEsc=0 surveyExpired=0
2026-09-05T12:01:18.308Z [INFO] [slaReminder] SLA_SCAN cases=1 respRemind=0 respEsc=0 closureRemind=0 closureEsc=0 surveyExpired=0
2026-09-05T12:02:18.320Z [INFO] [slaReminder] SLA_SCAN cases=1 respRemind=0 respEsc=0 closureRemind=0 closureEsc=0 surveyExpired=0
2026-09-05T12:03:18.332Z [INFO] [slaReminder] SLA_SCAN cases=1 respRemind=0 respEsc=0 closureRemind=0 closureEsc=0 surveyExpired=0
2026-09-05T12:04:18.346Z [INFO] [slaReminder] SLA_SCAN cases=1 respRemind=0 respEsc=0 closureRemind=0 closureEsc=0 surveyExpired=0
2026-09-05T12:05:18.349Z [INFO] [slaReminder] SLA_SCAN cases=1 respRemind=0 respEsc=0 closureRemind=0 closureEsc=0 surveyExpired=0
2026-09-05T12:06:18.356Z [INFO] [slaReminder] SLA_SCAN cases=1 respRemind=0 respEsc=0 closureRemind=0 closureEsc=0 surveyExpired=0
2026-09-05T12:07:18.362Z [INFO] [slaReminder] SLA_SCAN cases=1 respRemind=0 respEsc=0 closureRemind=0 closureEsc=0 surveyExpired=0
2026-09-05T12:08:18.367Z [INFO] [slaReminder] SLA_SCAN cases=1 respRemind=0 respEsc=0 closureRemind=0 closureEsc=0 surveyExpired=0
2026-09-05T12:09:18.383Z [INFO] [slaReminder] SLA_SCAN cases=1 respRemind=0 respEsc=0 closureRemind=0 closureEsc=0 surveyExpired=0
2026-09-05T12:10:18.391Z [INFO] [slaReminder] SLA_SCAN cases=1 respRemind=0 respEsc=0 closureRemind=0 closureEsc=0 surveyExpired=0
2026-09-05T12:11:18.399Z [INFO] [slaReminder] SLA_SCAN cases=1 respRemind=0 respEsc=0 closureRemind=0 closureEsc=0 surveyExpired=0
2026-09-05T12:12:18.421Z [INFO] [slaReminder] SLA_SCAN cases=1 respRemind=0 respEsc=0 closureRemind=0 closureEsc=0 surveyExpired=0
2026-09-05T12:13:18.440Z [INFO] [slaReminder] SLA_SCAN cases=1 respRemind=0 respEsc=0 closureRemind=0 closureEsc=0 surveyExpired=0
2026-09-05T12:14:18.452Z [INFO] [slaReminder] SLA_SCAN cases=1 respRemind=0 respEsc=0 closureRemind=0 closureEsc=0 surveyExpired=0
2026-09-05T12:15:18.481Z [INFO] [slaReminder] SLA_SCAN cases=1 respRemind=0 respEsc=0 closureRemind=0 closureEsc=0 surveyExpired=0
2026-09-05T12:16:18.497Z [INFO] [slaReminder] SLA_SCAN cases=1 respRemind=0 respEsc=0 closureRemind=0 closureEsc=0 surveyExpired=0
2026-09-05T12:17:18.511Z [INFO] [slaReminder] SLA_SCAN cases=1 respRemind=0 respEsc=0 closureRemind=0 closureEsc=0 surveyExpired=0
2026-09-05T12:18:18.524Z [INFO] [slaReminder] SLA_SCAN cases=1 respRemind=0 respEsc=0 closureRemind=0 closureEsc=0 surveyExpired=0
2026-09-05T12:19:18.565Z [INFO] [slaReminder] SLA_SCAN cases=1 respRemind=0 respEsc=0 closureRemind=0 closureEsc=0 surveyExpired=0
2026-09-05T12:20:18.592Z [INFO] [slaReminder] SLA_SCAN cases=1 respRemind=0 respEsc=0 closureRemind=0 closureEsc=0 surveyExpired=0
2026-09-05T12:21:18.622Z [INFO] [slaReminder] SLA_SCAN cases=1 respRemind=0 respEsc=0 closureRemind=0 closureEsc=0 surveyExpired=0
2026-09-05T12:22:18.636Z [INFO] [slaReminder] SLA_SCAN cases=1 respRemind=0 respEsc=0 closureRemind=0 closureEsc=0 surveyExpired=0
2026-09-05T12:23:18.666Z [INFO] [slaReminder] SLA_SCAN cases=1 respRemind=0 respEsc=0 closureRemind=0 closureEsc=0 surveyExpired=0
2026-09-05T12:24:18.705Z [INFO] [slaReminder] SLA_SCAN cases=1 respRemind=0 respEsc=0 closureRemind=0 closureEsc=0 surveyExpired=0
2026-09-05T12:25:18.708Z [INFO] [slaReminder] SLA_SCAN cases=1 respRemind=0 respEsc=0 closureRemind=0 closureEsc=0 surveyExpired=0
2026-09-05T12:26:18.769Z [INFO] [slaReminder] SLA_SCAN cases=1 respRemind=0 respEsc=0 closureRemind=0 closureEsc=0 surveyExpired=0
2026-09-05T12:27:18.784Z [INFO] [slaReminder] SLA_SCAN cases=1 respRemind=0 respEsc=0 closureRemind=0 closureEsc=0 surveyExpired=0
2026-09-05T12:28:18.801Z [INFO] [slaReminder] SLA_SCAN cases=1 respRemind=0 respEsc=0 closureRemind=0 closureEsc=0 surveyExpired=0
2026-09-05T12:29:18.828Z [INFO] [slaReminder] SLA_SCAN cases=1 respRemind=0 respEsc=0 closureRemind=0 closureEsc=0 surveyExpired=0
2026-09-05T12:30:18.855Z [INFO] [slaReminder] SLA_SCAN cases=1 respRemind=0 respEsc=0 closureRemind=0 closureEsc=0 surveyExpired=0
2026-09-05T12:31:18.893Z [INFO] [slaReminder] SLA_SCAN cases=1 respRemind=0 respEsc=0 closureRemind=0 closureEsc=0 surveyExpired=0
2026-09-05T12:32:18.905Z [INFO] [slaReminder] SLA_SCAN cases=1 respRemind=0 respEsc=0 closureRemind=0 closureEsc=0 surveyExpired=0
2026-09-05T12:33:18.915Z [INFO] [slaReminder] SLA_SCAN cases=1 respRemind=0 respEsc=0 closureRemind=0 closureEsc=0 surveyExpired=0
2026-09-05T12:34:18.932Z [INFO] [slaReminder] SLA_SCAN cases=1 respRemind=0 respEsc=0 closureRemind=0 closureEsc=0 surveyExpired=0
2026-09-05T12:35:18.948Z [INFO] [slaReminder] SLA_SCAN cases=1 respRemind=0 respEsc=0 closureRemind=0 closureEsc=0 surveyExpired=0
2026-09-05T12:36:18.968Z [INFO] [slaReminder] SLA_SCAN cases=1 respRemind=0 respEsc=0 closureRemind=0 closureEsc=0 surveyExpired=0
2026-09-05T12:37:18.997Z [INFO] [slaReminder] SLA_SCAN cases=1 respRemind=0 respEsc=0 closureRemind=0 closureEsc=0 surveyExpired=0
2026-09-05T12:38:19.025Z [INFO] [slaReminder] SLA_SCAN cases=1 respRemind=0 respEsc=0 closureRemind=0 closureEsc=0 surveyExpired=0
2026-09-05T12:39:19.040Z [INFO] [slaReminder] SLA_SCAN cases=1 respRemind=0 respEsc=0 closureRemind=0 closureEsc=0 surveyExpired=0
2026-09-05T12:40:19.064Z [INFO] [slaReminder] SLA_SCAN cases=1 respRemind=0 respEsc=0 closureRemind=0 closureEsc=0 surveyExpired=0
2026-09-05T12:41:19.070Z [INFO] [slaReminder] SLA_SCAN cases=1 respRemind=0 respEsc=0 closureRemind=0 closureEsc=0 surveyExpired=0
2026-09-05T12:42:19.086Z [INFO] [slaReminder] SLA_SCAN cases=1 respRemind=0 respEsc=0 closureRemind=0 closureEsc=0 surveyExpired=0
2026-09-05T12:43:19.094Z [INFO] [slaReminder] SLA_SCAN cases=1 respRemind=0 respEsc=0 closureRemind=0 closureEsc=0 surveyExpired=0
2026-09-05T12:44:19.109Z [INFO] [slaReminder] SLA_SCAN cases=1 respRemind=0 respEsc=0 closureRemind=0 closureEsc=0 surveyExpired=0
2026-09-05T12:45:19.140Z [INFO] [slaReminder] SLA_SCAN cases=1 respRemind=0 respEsc=0 closureRemind=0 closureEsc=0 surveyExpired=0
2026-09-05T12:46:19.148Z [INFO] [slaReminder] SLA_SCAN cases=1 respRemind=0 respEsc=0 closureRemind=0 closureEsc=0 surveyExpired=0
2026-09-05T12:47:19.150Z [INFO] [slaReminder] SLA_SCAN cases=1 respRemind=0 respEsc=0 closureRemind=0 closureEsc=0 surveyExpired=0
2026-09-05T12:48:19.184Z [INFO] [slaReminder] SLA_SCAN cases=1 respRemind=0 respEsc=0 closureRemind=0 closureEsc=0 surveyExpired=0
2026-09-05T12:49:19.199Z [INFO] [slaReminder] SLA_SCAN cases=1 respRemind=0 respEsc=0 closureRemind=0 closureEsc=0 surveyExpired=0
2026-09-05T12:50:19.228Z [INFO] [slaReminder] SLA_SCAN cases=1 respRemind=0 respEsc=0 closureRemind=0 closureEsc=0 surveyExpired=0
2026-09-05T12:51:19.235Z [INFO] [slaReminder] SLA_SCAN cases=1 respRemind=0 respEsc=0 closureRemind=0 closureEsc=0 surveyExpired=0
2026-09-05T12:52:19.248Z [INFO] [slaReminder] SLA_SCAN cases=1 respRemind=0 respEsc=0 closureRemind=0 closureEsc=0 surveyExpired=0
2026-09-05T12:53:19.266Z [INFO] [slaReminder] SLA_SCAN cases=1 respRemind=0 respEsc=0 closureRemind=0 closureEsc=0 surveyExpired=0
2026-09-05T12:54:19.292Z [INFO] [slaReminder] SLA_SCAN cases=1 respRemind=0 respEsc=0 closureRemind=0 closureEsc=0 surveyExpired=0
2026-09-05T12:55:19.309Z [INFO] [slaReminder] SLA_SCAN cases=1 respRemind=0 respEsc=0 closureRemind=0 closureEsc=0 surveyExpired=0
2026-09-05T12:56:19.323Z [INFO] [slaReminder] SLA_SCAN cases=1 respRemind=0 respEsc=0 closureRemind=0 closureEsc=0 surveyExpired=0
2026-09-05T12:57:19.351Z [INFO] [slaReminder] SLA_SCAN cases=1 respRemind=0 respEsc=0 closureRemind=0 closureEsc=0 surveyExpired=0
2026-09-05T12:58:19.366Z [INFO] [slaReminder] SLA_SCAN cases=1 respRemind=0 respEsc=0 closureRemind=0 closureEsc=0 surveyExpired=0
2026-09-05T12:59:19.372Z [INFO] [slaReminder] SLA_SCAN cases=1 respRemind=0 respEsc=0 closureRemind=0 closureEsc=0 surveyExpired=0
2026-09-05T13:00:19.396Z [INFO] [slaReminder] SLA_SCAN cases=1 respRemind=0 respEsc=0 closureRemind=0 closureEsc=0 surveyExpired=0
2026-09-05T13:01:19.415Z [INFO] [slaReminder] SLA_SCAN cases=1 respRemind=0 respEsc=0 closureRemind=0 closureEsc=0 surveyExpired=0
2026-09-05T13:02:19.444Z [INFO] [slaReminder] SLA_SCAN cases=1 respRemind=0 respEsc=0 closureRemind=0 closureEsc=0 surveyExpired=0
2026-09-05T13:03:19.457Z [INFO] [slaReminder] SLA_SCAN cases=1 respRemind=0 respEsc=0 closureRemind=0 closureEsc=0 surveyExpired=0
2026-09-05T13:04:19.474Z [INFO] [slaReminder] SLA_SCAN cases=1 respRemind=0 respEsc=0 closureRemind=0 closureEsc=0 surveyExpired=0
2026-09-05T13:05:19.503Z [INFO] [slaReminder] SLA_SCAN cases=1 respRemind=0 respEsc=0 closureRemind=0 closureEsc=0 surveyExpired=0
2026-09-05T13:06:19.512Z [INFO] [slaReminder] SLA_SCAN cases=1 respRemind=0 respEsc=0 closureRemind=0 closureEsc=0 surveyExpired=0
2026-09-05T13:07:19.520Z [INFO] [slaReminder] SLA_SCAN cases=1 respRemind=0 respEsc=0 closureRemind=0 closureEsc=0 surveyExpired=0
2026-09-05T13:08:19.537Z [INFO] [slaReminder] SLA_SCAN cases=1 respRemind=0 respEsc=0 closureRemind=0 closureEsc=0 surveyExpired=0
2026-09-05T13:09:19.546Z [INFO] [slaReminder] SLA_SCAN cases=1 respRemind=0 respEsc=0 closureRemind=0 closureEsc=0 surveyExpired=0
2026-09-05T13:10:19.561Z [INFO] [slaReminder] SLA_SCAN cases=1 respRemind=0 respEsc=0 closureRemind=0 closureEsc=0 surveyExpired=0
2026-09-05T13:11:19.596Z [INFO] [slaReminder] SLA_SCAN cases=1 respRemind=0 respEsc=0 closureRemind=0 closureEsc=0 surveyExpired=0
2026-09-05T13:12:19.615Z [INFO] [slaReminder] SLA_SCAN cases=1 respRemind=0 respEsc=0 closureRemind=0 closureEsc=0 surveyExpired=0
2026-09-05T13:13:19.636Z [INFO] [slaReminder] SLA_SCAN cases=1 respRemind=0 respEsc=0 closureRemind=0 closureEsc=0 surveyExpired=0
2026-09-05T13:14:19.644Z [INFO] [slaReminder] SLA_SCAN cases=1 respRemind=0 respEsc=0 closureRemind=0 closureEsc=0 surveyExpired=0
2026-09-05T13:15:19.657Z [INFO] [slaReminder] SLA_SCAN cases=1 respRemind=0 respEsc=0 closureRemind=0 closureEsc=0 surveyExpired=0
2026-09-05T13:16:19.670Z [INFO] [slaReminder] SLA_SCAN cases=1 respRemind=0 respEsc=0 closureRemind=0 closureEsc=0 surveyExpired=0
2026-09-05T13:17:19.674Z [INFO] [slaReminder] SLA_SCAN cases=1 respRemind=0 respEsc=0 closureRemind=0 closureEsc=0 surveyExpired=0
2026-09-05T13:18:19.689Z [INFO] [slaReminder] SLA_SCAN cases=1 respRemind=0 respEsc=0 closureRemind=0 closureEsc=0 surveyExpired=0
2026-09-05T13:19:19.692Z [INFO] [slaReminder] SLA_SCAN cases=1 respRemind=0 respEsc=0 closureRemind=0 closureEsc=0 surveyExpired=0
2026-09-05T13:20:19.710Z [INFO] [slaReminder] SLA_SCAN cases=1 respRemind=0 respEsc=0 closureRemind=0 closureEsc=0 surveyExpired=0
2026-09-05T13:21:19.718Z [INFO] [slaReminder] SLA_SCAN cases=1 respRemind=0 respEsc=0 closureRemind=0 closureEsc=0 surveyExpired=0
2026-09-05T13:22:19.730Z [INFO] [slaReminder] SLA_SCAN cases=1 respRemind=0 respEsc=0 closureRemind=0 closureEsc=0 surveyExpired=0
2026-09-05T13:23:19.742Z [INFO] [slaReminder] SLA_SCAN cases=1 respRemind=0 respEsc=0 closureRemind=0 closureEsc=0 surveyExpired=0
2026-09-05T13:24:19.747Z [INFO] [slaReminder] SLA_SCAN cases=1 respRemind=0 respEsc=0 closureRemind=0 closureEsc=0 surveyExpired=0
2026-09-05T13:25:19.756Z [INFO] [slaReminder] SLA_SCAN cases=1 respRemind=0 respEsc=0 closureRemind=0 closureEsc=0 surveyExpired=0
2026-09-05T13:26:19.762Z [INFO] [slaReminder] SLA_SCAN cases=1 respRemind=0 respEsc=0 closureRemind=0 closureEsc=0 surveyExpired=0
2026-09-05T13:27:19.772Z [INFO] [slaReminder] SLA_SCAN cases=1 respRemind=0 respEsc=0 closureRemind=0 closureEsc=0 surveyExpired=0
2026-09-05T13:28:19.783Z [INFO] [slaReminder] SLA_SCAN cases=1 respRemind=0 respEsc=0 closureRemind=0 closureEsc=0 surveyExpired=0
2026-09-05T13:29:19.784Z [INFO] [slaReminder] SLA_SCAN cases=1 respRemind=0 respEsc=0 closureRemind=0 closureEsc=0 surveyExpired=0
2026-09-05T13:30:19.790Z [INFO] [slaReminder] SLA_SCAN cases=1 respRemind=0 respEsc=0 closureRemind=0 closureEsc=0 surveyExpired=0
2026-09-05T13:31:19.802Z [INFO] [slaReminder] SLA_SCAN cases=1 respRemind=0 respEsc=0 closureRemind=0 closureEsc=0 surveyExpired=0
2026-09-05T13:32:19.818Z [INFO] [slaReminder] SLA_SCAN cases=1 respRemind=0 respEsc=0 closureRemind=0 closureEsc=0 surveyExpired=0
2026-09-05T13:33:19.820Z [INFO] [slaReminder] SLA_SCAN cases=1 respRemind=0 respEsc=0 closureRemind=0 closureEsc=0 surveyExpired=0
2026-09-05T13:34:19.835Z [INFO] [slaReminder] SLA_SCAN cases=1 respRemind=0 respEsc=0 closureRemind=0 closureEsc=0 surveyExpired=0
2026-09-05T13:35:19.848Z [INFO] [slaReminder] SLA_SCAN cases=1 respRemind=0 respEsc=0 closureRemind=0 closureEsc=0 surveyExpired=0
2026-09-05T13:36:19.849Z [INFO] [slaReminder] SLA_SCAN cases=1 respRemind=0 respEsc=0 closureRemind=0 closureEsc=0 surveyExpired=0
2026-09-05T13:37:19.855Z [INFO] [slaReminder] SLA_SCAN cases=1 respRemind=0 respEsc=0 closureRemind=0 closureEsc=0 surveyExpired=0
2026-09-05T13:38:19.869Z [INFO] [slaReminder] SLA_SCAN cases=1 respRemind=0 respEsc=0 closureRemind=0 closureEsc=0 surveyExpired=0
2026-09-05T13:39:19.876Z [INFO] [slaReminder] SLA_SCAN cases=1 respRemind=0 respEsc=0 closureRemind=0 closureEsc=0 surveyExpired=0
2026-09-05T13:40:19.886Z [INFO] [slaReminder] SLA_SCAN cases=1 respRemind=0 respEsc=0 closureRemind=0 closureEsc=0 surveyExpired=0
2026-09-05T13:41:19.893Z [INFO] [slaReminder] SLA_SCAN cases=1 respRemind=0 respEsc=0 closureRemind=0 closureEsc=0 surveyExpired=0
2026-09-05T13:42:19.906Z [INFO] [slaReminder] SLA_SCAN cases=1 respRemind=0 respEsc=0 closureRemind=0 closureEsc=0 surveyExpired=0
2026-09-05T13:43:19.920Z [INFO] [slaReminder] SLA_SCAN cases=1 respRemind=0 respEsc=0 closureRemind=0 closureEsc=0 surveyExpired=0
2026-09-05T13:44:19.929Z [INFO] [slaReminder] SLA_SCAN cases=1 respRemind=0 respEsc=0 closureRemind=0 closureEsc=0 surveyExpired=0
2026-09-05T13:45:19.943Z [INFO] [slaReminder] SLA_SCAN cases=1 respRemind=0 respEsc=0 closureRemind=0 closureEsc=0 surveyExpired=0
2026-09-05T13:46:19.956Z [INFO] [slaReminder] SLA_SCAN cases=1 respRemind=0 respEsc=0 closureRemind=0 closureEsc=0 surveyExpired=0
2026-09-05T13:47:19.960Z [INFO] [slaReminder] SLA_SCAN cases=1 respRemind=0 respEsc=0 closureRemind=0 closureEsc=0 surveyExpired=0
2026-09-05T13:48:19.969Z [INFO] [slaReminder] SLA_SCAN cases=1 respRemind=0 respEsc=0 closureRemind=0 closureEsc=0 surveyExpired=0
2026-09-05T13:49:19.982Z [INFO] [slaReminder] SLA_SCAN cases=1 respRemind=0 respEsc=0 closureRemind=0 closureEsc=0 surveyExpired=0
2026-09-05T13:50:19.991Z [INFO] [slaReminder] SLA_SCAN cases=1 respRemind=0 respEsc=0 closureRemind=0 closureEsc=0 surveyExpired=0
2026-09-05T13:51:20.002Z [INFO] [slaReminder] SLA_SCAN cases=1 respRemind=0 respEsc=0 closureRemind=0 closureEsc=0 surveyExpired=0
2026-09-05T13:52:20.015Z [INFO] [slaReminder] SLA_SCAN cases=1 respRemind=0 respEsc=0 closureRemind=0 closureEsc=0 surveyExpired=0
2026-09-05T13:53:20.018Z [INFO] [slaReminder] SLA_SCAN cases=1 respRemind=0 respEsc=0 closureRemind=0 closureEsc=0 surveyExpired=0
2026-09-05T13:54:20.032Z [INFO] [slaReminder] SLA_SCAN cases=1 respRemind=0 respEsc=0 closureRemind=0 closureEsc=0 surveyExpired=0
2026-09-05T13:55:20.050Z [INFO] [slaReminder] SLA_SCAN cases=1 respRemind=0 respEsc=0 closureRemind=0 closureEsc=0 surveyExpired=0
2026-09-05T13:56:20.065Z [INFO] [slaReminder] SLA_SCAN cases=1 respRemind=0 respEsc=0 closureRemind=0 closureEsc=0 surveyExpired=0
2026-09-05T13:57:20.072Z [INFO] [slaReminder] SLA_SCAN cases=1 respRemind=0 respEsc=0 closureRemind=0 closureEsc=0 surveyExpired=0
2026-09-05T13:58:20.084Z [INFO] [slaReminder] SLA_SCAN cases=1 respRemind=0 respEsc=0 closureRemind=0 closureEsc=0 surveyExpired=0
2026-09-05T13:59:20.097Z [INFO] [slaReminder] SLA_SCAN cases=1 respRemind=0 respEsc=0 closureRemind=0 closureEsc=0 surveyExpired=0
2026-09-05T14:00:20.104Z [INFO] [slaReminder] SLA_SCAN cases=1 respRemind=0 respEsc=0 closureRemind=0 closureEsc=0 surveyExpired=0
2026-09-05T14:01:20.107Z [INFO] [slaReminder] SLA_SCAN cases=1 respRemind=0 respEsc=0 closureRemind=0 closureEsc=0 surveyExpired=0
2026-09-05T14:02:20.122Z [INFO] [slaReminder] SLA_SCAN cases=1 respRemind=0 respEsc=0 closureRemind=0 closureEsc=0 surveyExpired=0
2026-09-05T14:03:20.125Z [INFO] [slaReminder] SLA_SCAN cases=1 respRemind=0 respEsc=0 closureRemind=0 closureEsc=0 surveyExpired=0
2026-09-05T14:04:20.136Z [INFO] [slaReminder] SLA_SCAN cases=1 respRemind=0 respEsc=0 closureRemind=0 closureEsc=0 surveyExpired=0
2026-09-05T14:05:20.141Z [INFO] [slaReminder] SLA_SCAN cases=1 respRemind=0 respEsc=0 closureRemind=0 closureEsc=0 surveyExpired=0
2026-09-05T14:06:20.145Z [INFO] [slaReminder] SLA_SCAN cases=1 respRemind=0 respEsc=0 closureRemind=0 closureEsc=0 surveyExpired=0
2026-09-05T14:07:20.149Z [INFO] [slaReminder] SLA_SCAN cases=1 respRemind=0 respEsc=0 closureRemind=0 closureEsc=0 surveyExpired=0
2026-09-05T14:08:20.152Z [INFO] [slaReminder] SLA_SCAN cases=1 respRemind=0 respEsc=0 closureRemind=0 closureEsc=0 surveyExpired=0
2026-09-05T14:09:20.157Z [INFO] [slaReminder] SLA_SCAN cases=1 respRemind=0 respEsc=0 closureRemind=0 closureEsc=0 surveyExpired=0
2026-09-05T14:10:20.169Z [INFO] [slaReminder] SLA_SCAN cases=1 respRemind=0 respEsc=0 closureRemind=0 closureEsc=0 surveyExpired=0
2026-09-05T14:11:20.170Z [INFO] [slaReminder] SLA_SCAN cases=1 respRemind=0 respEsc=0 closureRemind=0 closureEsc=0 surveyExpired=0
2026-09-05T14:12:20.174Z [INFO] [slaReminder] SLA_SCAN cases=1 respRemind=0 respEsc=0 closureRemind=0 closureEsc=0 surveyExpired=0
2026-09-05T14:13:20.175Z [INFO] [slaReminder] SLA_SCAN cases=1 respRemind=0 respEsc=0 closureRemind=0 closureEsc=0 surveyExpired=0
2026-09-05T14:14:20.178Z [INFO] [slaReminder] SLA_SCAN cases=1 respRemind=0 respEsc=0 closureRemind=0 closureEsc=0 surveyExpired=0
2026-09-05T14:15:20.179Z [INFO] [slaReminder] SLA_SCAN cases=1 respRemind=0 respEsc=0 closureRemind=0 closureEsc=0 surveyExpired=0
2026-09-05T14:16:20.186Z [INFO] [slaReminder] SLA_SCAN cases=1 respRemind=0 respEsc=0 closureRemind=0 closureEsc=0 surveyExpired=0
2026-09-05T14:17:20.195Z [INFO] [slaReminder] SLA_SCAN cases=1 respRemind=0 respEsc=0 closureRemind=0 closureEsc=0 surveyExpired=0
2026-09-05T14:18:20.203Z [INFO] [slaReminder] SLA_SCAN cases=1 respRemind=0 respEsc=0 closureRemind=0 closureEsc=0 surveyExpired=0
2026-09-05T14:19:20.208Z [INFO] [slaReminder] SLA_SCAN cases=1 respRemind=0 respEsc=0 closureRemind=0 closureEsc=0 surveyExpired=0
2026-09-05T14:20:20.217Z [INFO] [slaReminder] SLA_SCAN cases=1 respRemind=0 respEsc=0 closureRemind=0 closureEsc=0 surveyExpired=0
2026-09-05T14:21:20.228Z [INFO] [slaReminder] SLA_SCAN cases=1 respRemind=0 respEsc=0 closureRemind=0 closureEsc=0 surveyExpired=0
2026-09-05T14:22:20.242Z [INFO] [slaReminder] SLA_SCAN cases=1 respRemind=0 respEsc=0 closureRemind=0 closureEsc=0 surveyExpired=0
2026-09-05T14:23:20.254Z [INFO] [slaReminder] SLA_SCAN cases=1 respRemind=0 respEsc=0 closureRemind=0 closureEsc=0 surveyExpired=0
2026-09-05T14:24:20.267Z [INFO] [slaReminder] SLA_SCAN cases=1 respRemind=0 respEsc=0 closureRemind=0 closureEsc=0 surveyExpired=0
2026-09-05T14:25:20.273Z [INFO] [slaReminder] SLA_SCAN cases=1 respRemind=0 respEsc=0 closureRemind=0 closureEsc=0 surveyExpired=0
2026-09-05T14:26:20.278Z [INFO] [slaReminder] SLA_SCAN cases=1 respRemind=0 respEsc=0 closureRemind=0 closureEsc=0 surveyExpired=0
2026-09-05T14:27:20.294Z [INFO] [slaReminder] SLA_SCAN cases=1 respRemind=0 respEsc=0 closureRemind=0 closureEsc=0 surveyExpired=0
2026-09-05T14:28:20.306Z [INFO] [slaReminder] SLA_SCAN cases=1 respRemind=0 respEsc=0 closureRemind=0 closureEsc=0 surveyExpired=0
2026-09-05T14:29:20.321Z [INFO] [slaReminder] SLA_SCAN cases=1 respRemind=0 respEsc=0 closureRemind=0 closureEsc=0 surveyExpired=0
2026-09-05T14:30:20.332Z [INFO] [slaReminder] SLA_SCAN cases=1 respRemind=0 respEsc=0 closureRemind=0 closureEsc=0 surveyExpired=0
2026-09-05T14:31:20.335Z [INFO] [slaReminder] SLA_SCAN cases=1 respRemind=0 respEsc=0 closureRemind=0 closureEsc=0 surveyExpired=0
2026-09-05T14:32:20.337Z [INFO] [slaReminder] SLA_SCAN cases=1 respRemind=0 respEsc=0 closureRemind=0 closureEsc=0 surveyExpired=0
2026-09-05T14:33:20.338Z [INFO] [slaReminder] SLA_SCAN cases=1 respRemind=0 respEsc=0 closureRemind=0 closureEsc=0 surveyExpired=0
2026-09-05T14:34:20.342Z [INFO] [slaReminder] SLA_SCAN cases=1 respRemind=0 respEsc=0 closureRemind=0 closureEsc=0 surveyExpired=0
2026-09-05T14:35:20.348Z [INFO] [slaReminder] SLA_SCAN cases=1 respRemind=0 respEsc=0 closureRemind=0 closureEsc=0 surveyExpired=0
2026-09-05T14:36:20.357Z [INFO] [slaReminder] SLA_SCAN cases=1 respRemind=0 respEsc=0 closureRemind=0 closureEsc=0 surveyExpired=0
2026-09-05T14:37:20.362Z [INFO] [slaReminder] SLA_SCAN cases=1 respRemind=0 respEsc=0 closureRemind=0 closureEsc=0 surveyExpired=0
2026-09-05T14:38:20.371Z [INFO] [slaReminder] SLA_SCAN cases=1 respRemind=0 respEsc=0 closureRemind=0 closureEsc=0 surveyExpired=0
2026-09-05T14:39:20.373Z [INFO] [slaReminder] SLA_SCAN cases=1 respRemind=0 respEsc=0 closureRemind=0 closureEsc=0 surveyExpired=0
2026-09-05T14:40:20.380Z [INFO] [slaReminder] SLA_SCAN cases=1 respRemind=0 respEsc=0 closureRemind=0 closureEsc=0 surveyExpired=0
2026-09-05T14:41:20.381Z [INFO] [slaReminder] SLA_SCAN cases=1 respRemind=0 respEsc=0 closureRemind=0 closureEsc=0 surveyExpired=0
2026-09-05T14:42:20.383Z [INFO] [slaReminder] SLA_SCAN cases=1 respRemind=0 respEsc=0 closureRemind=0 closureEsc=0 surveyExpired=0
2026-09-05T14:43:20.383Z [INFO] [slaReminder] SLA_SCAN cases=1 respRemind=0 respEsc=0 closureRemind=0 closureEsc=0 surveyExpired=0
2026-09-05T14:44:20.399Z [INFO] [slaReminder] SLA_SCAN cases=1 respRemind=0 respEsc=0 closureRemind=0 closureEsc=0 surveyExpired=0
2026-09-05T14:45:20.414Z [INFO] [slaReminder] SLA_SCAN cases=1 respRemind=0 respEsc=0 closureRemind=0 closureEsc=0 surveyExpired=0
2026-09-05T14:46:20.427Z [INFO] [slaReminder] SLA_SCAN cases=1 respRemind=0 respEsc=0 closureRemind=0 closureEsc=0 surveyExpired=0
2026-09-05T14:47:20.438Z [INFO] [slaReminder] SLA_SCAN cases=1 respRemind=0 respEsc=0 closureRemind=0 closureEsc=0 surveyExpired=0
2026-09-05T14:48:20.449Z [INFO] [slaReminder] SLA_SCAN cases=1 respRemind=0 respEsc=0 closureRemind=0 closureEsc=0 surveyExpired=0
2026-09-05T14:49:20.454Z [INFO] [slaReminder] SLA_SCAN cases=1 respRemind=0 respEsc=0 closureRemind=0 closureEsc=0 surveyExpired=0
2026-09-05T14:50:20.461Z [INFO] [slaReminder] SLA_SCAN cases=1 respRemind=0 respEsc=0 closureRemind=0 closureEsc=0 surveyExpired=0
2026-09-05T14:51:20.473Z [INFO] [slaReminder] SLA_SCAN cases=1 respRemind=0 respEsc=0 closureRemind=0 closureEsc=0 surveyExpired=0
2026-09-05T14:52:20.475Z [INFO] [slaReminder] SLA_SCAN cases=1 respRemind=0 respEsc=0 closureRemind=0 closureEsc=0 surveyExpired=0
2026-09-05T14:53:20.486Z [INFO] [slaReminder] SLA_SCAN cases=1 respRemind=0 respEsc=0 closureRemind=0 closureEsc=0 surveyExpired=0
2026-09-05T14:54:20.496Z [INFO] [slaReminder] SLA_SCAN cases=1 respRemind=0 respEsc=0 closureRemind=0 closureEsc=0 surveyExpired=0
2026-09-05T14:55:20.501Z [INFO] [slaReminder] SLA_SCAN cases=1 respRemind=0 respEsc=0 closureRemind=0 closureEsc=0 surveyExpired=0
2026-09-05T14:56:20.511Z [INFO] [slaReminder] SLA_SCAN cases=1 respRemind=0 respEsc=0 closureRemind=0 closureEsc=0 surveyExpired=0
2026-09-05T14:57:20.521Z [INFO] [slaReminder] SLA_SCAN cases=1 respRemind=0 respEsc=0 closureRemind=0 closureEsc=0 surveyExpired=0
2026-09-05T14:58:20.522Z [INFO] [slaReminder] SLA_SCAN cases=1 respRemind=0 respEsc=0 closureRemind=0 closureEsc=0 surveyExpired=0
2026-09-05T14:59:20.538Z [INFO] [slaReminder] SLA_SCAN cases=1 respRemind=0 respEsc=0 closureRemind=0 closureEsc=0 surveyExpired=0
2026-09-05T15:00:20.547Z [INFO] [slaReminder] SLA_SCAN cases=1 respRemind=0 respEsc=0 closureRemind=0 closureEsc=0 surveyExpired=0
2026-09-05T15:01:20.562Z [INFO] [slaReminder] SLA_SCAN cases=1 respRemind=0 respEsc=0 closureRemind=0 closureEsc=0 surveyExpired=0
2026-09-05T15:02:20.560Z [INFO] [slaReminder] SLA_SCAN cases=1 respRemind=0 respEsc=0 closureRemind=0 closureEsc=0 surveyExpired=0
2026-09-05T15:03:20.570Z [INFO] [slaReminder] SLA_SCAN cases=1 respRemind=0 respEsc=0 closureRemind=0 closureEsc=0 surveyExpired=0
2026-09-05T15:04:20.577Z [INFO] [slaReminder] SLA_SCAN cases=1 respRemind=0 respEsc=0 closureRemind=0 closureEsc=0 surveyExpired=0
2026-09-05T15:05:20.579Z [INFO] [slaReminder] SLA_SCAN cases=1 respRemind=0 respEsc=0 closureRemind=0 closureEsc=0 surveyExpired=0
2026-09-05T15:06:20.581Z [INFO] [slaReminder] SLA_SCAN cases=1 respRemind=0 respEsc=0 closureRemind=0 closureEsc=0 surveyExpired=0
2026-09-05T15:07:20.588Z [INFO] [slaReminder] SLA_SCAN cases=1 respRemind=0 respEsc=0 closureRemind=0 closureEsc=0 surveyExpired=0
2026-09-05T15:08:20.600Z [INFO] [slaReminder] SLA_SCAN cases=1 respRemind=0 respEsc=0 closureRemind=0 closureEsc=0 surveyExpired=0
2026-09-05T15:09:20.604Z [INFO] [slaReminder] SLA_SCAN cases=1 respRemind=0 respEsc=0 closureRemind=0 closureEsc=0 surveyExpired=0
2026-09-05T15:10:20.619Z [INFO] [slaReminder] SLA_SCAN cases=1 respRemind=0 respEsc=0 closureRemind=0 closureEsc=0 surveyExpired=0
2026-09-05T15:11:20.625Z [INFO] [slaReminder] SLA_SCAN cases=1 respRemind=0 respEsc=0 closureRemind=0 closureEsc=0 surveyExpired=0
2026-09-05T15:12:20.631Z [INFO] [slaReminder] SLA_SCAN cases=1 respRemind=0 respEsc=0 closureRemind=0 closureEsc=0 surveyExpired=0
2026-09-05T15:13:20.643Z [INFO] [slaReminder] SLA_SCAN cases=1 respRemind=0 respEsc=0 closureRemind=0 closureEsc=0 surveyExpired=0
2026-09-05T15:14:20.657Z [INFO] [slaReminder] SLA_SCAN cases=1 respRemind=0 respEsc=0 closureRemind=0 closureEsc=0 surveyExpired=0
2026-09-05T15:15:20.658Z [INFO] [slaReminder] SLA_SCAN cases=1 respRemind=0 respEsc=0 closureRemind=0 closureEsc=0 surveyExpired=0
2026-09-05T15:16:20.668Z [INFO] [slaReminder] SLA_SCAN cases=1 respRemind=0 respEsc=0 closureRemind=0 closureEsc=0 surveyExpired=0
2026-09-05T15:17:20.684Z [INFO] [slaReminder] SLA_SCAN cases=1 respRemind=0 respEsc=0 closureRemind=0 closureEsc=0 surveyExpired=0
2026-09-05T15:18:20.689Z [INFO] [slaReminder] SLA_SCAN cases=1 respRemind=0 respEsc=0 closureRemind=0 closureEsc=0 surveyExpired=0
2026-09-05T15:19:20.696Z [INFO] [slaReminder] SLA_SCAN cases=1 respRemind=0 respEsc=0 closureRemind=0 closureEsc=0 surveyExpired=0
2026-09-05T15:20:20.712Z [INFO] [slaReminder] SLA_SCAN cases=1 respRemind=0 respEsc=0 closureRemind=0 closureEsc=0 surveyExpired=0
2026-09-05T15:21:20.725Z [INFO] [slaReminder] SLA_SCAN cases=1 respRemind=0 respEsc=0 closureRemind=0 closureEsc=0 surveyExpired=0
2026-09-05T15:22:20.725Z [INFO] [slaReminder] SLA_SCAN cases=1 respRemind=0 respEsc=0 closureRemind=0 closureEsc=0 surveyExpired=0
2026-09-05T15:23:20.731Z [INFO] [slaReminder] SLA_SCAN cases=1 respRemind=0 respEsc=0 closureRemind=0 closureEsc=0 surveyExpired=0
2026-09-05T15:24:20.735Z [INFO] [slaReminder] SLA_SCAN cases=1 respRemind=0 respEsc=0 closureRemind=0 closureEsc=0 surveyExpired=0
2026-09-05T15:25:20.749Z [INFO] [slaReminder] SLA_SCAN cases=1 respRemind=0 respEsc=0 closureRemind=0 closureEsc=0 surveyExpired=0
2026-09-05T15:26:20.758Z [INFO] [slaReminder] SLA_SCAN cases=1 respRemind=0 respEsc=0 closureRemind=0 closureEsc=0 surveyExpired=0
2026-09-05T15:27:20.760Z [INFO] [slaReminder] SLA_SCAN cases=1 respRemind=0 respEsc=0 closureRemind=0 closureEsc=0 surveyExpired=0
2026-09-05T15:28:20.771Z [INFO] [slaReminder] SLA_SCAN cases=1 respRemind=0 respEsc=0 closureRemind=0 closureEsc=0 surveyExpired=0
2026-09-05T15:29:20.778Z [INFO] [slaReminder] SLA_SCAN cases=1 respRemind=0 respEsc=0 closureRemind=0 closureEsc=0 surveyExpired=0
2026-09-05T15:30:20.787Z [INFO] [slaReminder] SLA_SCAN cases=1 respRemind=0 respEsc=0 closureRemind=0 closureEsc=0 surveyExpired=0
2026-09-05T15:31:20.801Z [INFO] [slaReminder] SLA_SCAN cases=1 respRemind=0 respEsc=0 closureRemind=0 closureEsc=0 surveyExpired=0
2026-09-05T15:32:20.812Z [INFO] [slaReminder] SLA_SCAN cases=1 respRemind=0 respEsc=0 closureRemind=0 closureEsc=0 surveyExpired=0
2026-09-05T15:33:20.823Z [INFO] [slaReminder] SLA_SCAN cases=1 respRemind=0 respEsc=0 closureRemind=0 closureEsc=0 surveyExpired=0
2026-09-05T15:34:20.834Z [INFO] [slaReminder] SLA_SCAN cases=1 respRemind=0 respEsc=0 closureRemind=0 closureEsc=0 surveyExpired=0
2026-09-05T15:35:20.840Z [INFO] [slaReminder] SLA_SCAN cases=1 respRemind=0 respEsc=0 closureRemind=0 closureEsc=0 surveyExpired=0
2026-09-05T15:36:20.853Z [INFO] [slaReminder] SLA_SCAN cases=1 respRemind=0 respEsc=0 closureRemind=0 closureEsc=0 surveyExpired=0
2026-09-05T15:37:20.857Z [INFO] [slaReminder] SLA_SCAN cases=1 respRemind=0 respEsc=0 closureRemind=0 closureEsc=0 surveyExpired=0
2026-09-05T15:38:20.873Z [INFO] [slaReminder] SLA_SCAN cases=1 respRemind=0 respEsc=0 closureRemind=0 closureEsc=0 surveyExpired=0
2026-09-05T15:39:20.890Z [INFO] [slaReminder] SLA_SCAN cases=1 respRemind=0 respEsc=0 closureRemind=0 closureEsc=0 surveyExpired=0
2026-09-05T15:40:20.896Z [INFO] [slaReminder] SLA_SCAN cases=1 respRemind=0 respEsc=0 closureRemind=0 closureEsc=0 surveyExpired=0
2026-09-05T15:41:20.900Z [INFO] [slaReminder] SLA_SCAN cases=1 respRemind=0 respEsc=0 closureRemind=0 closureEsc=0 surveyExpired=0
2026-09-05T15:42:20.910Z [INFO] [slaReminder] SLA_SCAN cases=1 respRemind=0 respEsc=0 closureRemind=0 closureEsc=0 surveyExpired=0
2026-09-05T15:43:20.912Z [INFO] [slaReminder] SLA_SCAN cases=1 respRemind=0 respEsc=0 closureRemind=0 closureEsc=0 surveyExpired=0
2026-09-05T15:44:20.912Z [INFO] [slaReminder] SLA_SCAN cases=1 respRemind=0 respEsc=0 closureRemind=0 closureEsc=0 surveyExpired=0
2026-09-05T15:45:20.918Z [INFO] [slaReminder] SLA_SCAN cases=1 respRemind=0 respEsc=0 closureRemind=0 closureEsc=0 surveyExpired=0
2026-09-05T15:46:20.919Z [INFO] [slaReminder] SLA_SCAN cases=1 respRemind=0 respEsc=0 closureRemind=0 closureEsc=0 surveyExpired=0
2026-09-05T15:47:20.926Z [INFO] [slaReminder] SLA_SCAN cases=1 respRemind=0 respEsc=0 closureRemind=0 closureEsc=0 surveyExpired=0
2026-09-05T15:48:20.936Z [INFO] [slaReminder] SLA_SCAN cases=1 respRemind=0 respEsc=0 closureRemind=0 closureEsc=0 surveyExpired=0
2026-09-05T15:49:20.941Z [INFO] [slaReminder] SLA_SCAN cases=1 respRemind=0 respEsc=0 closureRemind=0 closureEsc=0 surveyExpired=0
2026-09-05T15:50:20.947Z [INFO] [slaReminder] SLA_SCAN cases=1 respRemind=0 respEsc=0 closureRemind=0 closureEsc=0 surveyExpired=0
2026-09-05T15:51:20.959Z [INFO] [slaReminder] SLA_SCAN cases=1 respRemind=0 respEsc=0 closureRemind=0 closureEsc=0 surveyExpired=0
2026-09-05T15:52:20.969Z [INFO] [slaReminder] SLA_SCAN cases=1 respRemind=0 respEsc=0 closureRemind=0 closureEsc=0 surveyExpired=0
2026-09-05T15:53:20.983Z [INFO] [slaReminder] SLA_SCAN cases=1 respRemind=0 respEsc=0 closureRemind=0 closureEsc=0 surveyExpired=0
2026-09-05T15:54:20.984Z [INFO] [slaReminder] SLA_SCAN cases=1 respRemind=0 respEsc=0 closureRemind=0 closureEsc=0 surveyExpired=0
2026-09-05T15:55:20.989Z [INFO] [slaReminder] SLA_SCAN cases=1 respRemind=0 respEsc=0 closureRemind=0 closureEsc=0 surveyExpired=0
2026-09-05T15:56:21.001Z [INFO] [slaReminder] SLA_SCAN cases=1 respRemind=0 respEsc=0 closureRemind=0 closureEsc=0 surveyExpired=0
2026-09-05T15:57:21.004Z [INFO] [slaReminder] SLA_SCAN cases=1 respRemind=0 respEsc=0 closureRemind=0 closureEsc=0 surveyExpired=0
2026-09-05T15:58:21.010Z [INFO] [slaReminder] SLA_SCAN cases=1 respRemind=0 respEsc=0 closureRemind=0 closureEsc=0 surveyExpired=0
2026-09-05T15:59:21.023Z [INFO] [slaReminder] SLA_SCAN cases=1 respRemind=0 respEsc=0 closureRemind=0 closureEsc=0 surveyExpired=0
2026-09-05T16:00:21.038Z [INFO] [slaReminder] SLA_SCAN cases=1 respRemind=0 respEsc=0 closureRemind=0 closureEsc=0 surveyExpired=0
2026-09-05T16:01:21.084Z [INFO] [slaReminder] SLA_SCAN cases=1 respRemind=0 respEsc=0 closureRemind=0 closureEsc=0 surveyExpired=0
2026-09-05T16:02:21.059Z [INFO] [slaReminder] SLA_SCAN cases=1 respRemind=0 respEsc=0 closureRemind=0 closureEsc=0 surveyExpired=0
2026-09-05T16:03:21.061Z [INFO] [slaReminder] SLA_SCAN cases=1 respRemind=0 respEsc=0 closureRemind=0 closureEsc=0 surveyExpired=0
2026-09-05T16:04:21.067Z [INFO] [slaReminder] SLA_SCAN cases=1 respRemind=0 respEsc=0 closureRemind=0 closureEsc=0 surveyExpired=0
2026-09-05T16:05:21.070Z [INFO] [slaReminder] SLA_SCAN cases=1 respRemind=0 respEsc=0 closureRemind=0 closureEsc=0 surveyExpired=0
2026-09-05T16:06:21.077Z [INFO] [slaReminder] SLA_SCAN cases=1 respRemind=0 respEsc=0 closureRemind=0 closureEsc=0 surveyExpired=0
2026-09-05T16:07:21.080Z [INFO] [slaReminder] SLA_SCAN cases=1 respRemind=0 respEsc=0 closureRemind=0 closureEsc=0 surveyExpired=0
2026-09-05T16:08:21.093Z [INFO] [slaReminder] SLA_SCAN cases=1 respRemind=0 respEsc=0 closureRemind=0 closureEsc=0 surveyExpired=0
2026-09-05T16:09:21.103Z [INFO] [slaReminder] SLA_SCAN cases=1 respRemind=0 respEsc=0 closureRemind=0 closureEsc=0 surveyExpired=0
2026-09-05T16:10:21.116Z [INFO] [slaReminder] SLA_SCAN cases=1 respRemind=0 respEsc=0 closureRemind=0 closureEsc=0 surveyExpired=0
2026-09-05T16:11:21.130Z [INFO] [slaReminder] SLA_SCAN cases=1 respRemind=0 respEsc=0 closureRemind=0 closureEsc=0 surveyExpired=0
2026-09-05T16:12:21.135Z [INFO] [slaReminder] SLA_SCAN cases=1 respRemind=0 respEsc=0 closureRemind=0 closureEsc=0 surveyExpired=0
2026-09-05T16:13:21.142Z [INFO] [slaReminder] SLA_SCAN cases=1 respRemind=0 respEsc=0 closureRemind=0 closureEsc=0 surveyExpired=0
2026-09-05T16:14:21.148Z [INFO] [slaReminder] SLA_SCAN cases=1 respRemind=0 respEsc=0 closureRemind=0 closureEsc=0 surveyExpired=0
2026-09-05T16:15:21.153Z [INFO] [slaReminder] SLA_SCAN cases=1 respRemind=0 respEsc=0 closureRemind=0 closureEsc=0 surveyExpired=0
2026-09-05T16:16:21.162Z [INFO] [slaReminder] SLA_SCAN cases=1 respRemind=0 respEsc=0 closureRemind=0 closureEsc=0 surveyExpired=0
2026-09-05T16:17:21.162Z [INFO] [slaReminder] SLA_SCAN cases=1 respRemind=0 respEsc=0 closureRemind=0 closureEsc=0 surveyExpired=0
2026-09-05T16:18:21.173Z [INFO] [slaReminder] SLA_SCAN cases=1 respRemind=0 respEsc=0 closureRemind=0 closureEsc=0 surveyExpired=0
2026-09-05T16:19:21.185Z [INFO] [slaReminder] SLA_SCAN cases=1 respRemind=0 respEsc=0 closureRemind=0 closureEsc=0 surveyExpired=0
2026-09-05T16:20:21.197Z [INFO] [slaReminder] SLA_SCAN cases=1 respRemind=0 respEsc=0 closureRemind=0 closureEsc=0 surveyExpired=0
2026-09-05T16:21:21.210Z [INFO] [slaReminder] SLA_SCAN cases=1 respRemind=0 respEsc=0 closureRemind=0 closureEsc=0 surveyExpired=0
2026-09-05T16:22:21.224Z [INFO] [slaReminder] SLA_SCAN cases=1 respRemind=0 respEsc=0 closureRemind=0 closureEsc=0 surveyExpired=0
2026-09-05T16:23:21.239Z [INFO] [slaReminder] SLA_SCAN cases=1 respRemind=0 respEsc=0 closureRemind=0 closureEsc=0 surveyExpired=0
2026-09-05T16:24:21.248Z [INFO] [slaReminder] SLA_SCAN cases=1 respRemind=0 respEsc=0 closureRemind=0 closureEsc=0 surveyExpired=0
2026-09-05T16:25:21.255Z [INFO] [slaReminder] SLA_SCAN cases=1 respRemind=0 respEsc=0 closureRemind=0 closureEsc=0 surveyExpired=0
2026-09-05T16:26:21.260Z [INFO] [slaReminder] SLA_SCAN cases=1 respRemind=0 respEsc=0 closureRemind=0 closureEsc=0 surveyExpired=0
2026-09-05T16:27:21.266Z [INFO] [slaReminder] SLA_SCAN cases=1 respRemind=0 respEsc=0 closureRemind=0 closureEsc=0 surveyExpired=0
2026-09-05T16:28:21.267Z [INFO] [slaReminder] SLA_SCAN cases=1 respRemind=0 respEsc=0 closureRemind=0 closureEsc=0 surveyExpired=0
2026-09-05T16:29:21.281Z [INFO] [slaReminder] SLA_SCAN cases=1 respRemind=0 respEsc=0 closureRemind=0 closureEsc=0 surveyExpired=0
2026-09-05T16:30:21.291Z [INFO] [slaReminder] SLA_SCAN cases=1 respRemind=0 respEsc=0 closureRemind=0 closureEsc=0 surveyExpired=0
2026-09-05T16:31:21.296Z [INFO] [slaReminder] SLA_SCAN cases=1 respRemind=0 respEsc=0 closureRemind=0 closureEsc=0 surveyExpired=0
2026-09-05T16:32:21.296Z [INFO] [slaReminder] SLA_SCAN cases=1 respRemind=0 respEsc=0 closureRemind=0 closureEsc=0 surveyExpired=0
2026-09-05T16:33:21.297Z [INFO] [slaReminder] SLA_SCAN cases=1 respRemind=0 respEsc=0 closureRemind=0 closureEsc=0 surveyExpired=0
2026-09-05T16:34:21.306Z [INFO] [slaReminder] SLA_SCAN cases=1 respRemind=0 respEsc=0 closureRemind=0 closureEsc=0 surveyExpired=0
2026-09-05T16:35:21.307Z [INFO] [slaReminder] SLA_SCAN cases=1 respRemind=0 respEsc=0 closureRemind=0 closureEsc=0 surveyExpired=0
2026-09-05T16:36:21.318Z [INFO] [slaReminder] SLA_SCAN cases=1 respRemind=0 respEsc=0 closureRemind=0 closureEsc=0 surveyExpired=0
2026-09-05T16:37:21.328Z [INFO] [slaReminder] SLA_SCAN cases=1 respRemind=0 respEsc=0 closureRemind=0 closureEsc=0 surveyExpired=0
2026-09-05T16:38:21.341Z [INFO] [slaReminder] SLA_SCAN cases=1 respRemind=0 respEsc=0 closureRemind=0 closureEsc=0 surveyExpired=0
2026-09-05T16:39:21.353Z [INFO] [slaReminder] SLA_SCAN cases=1 respRemind=0 respEsc=0 closureRemind=0 closureEsc=0 surveyExpired=0
2026-09-05T16:40:21.367Z [INFO] [slaReminder] SLA_SCAN cases=1 respRemind=0 respEsc=0 closureRemind=0 closureEsc=0 surveyExpired=0
2026-09-05T16:41:21.383Z [INFO] [slaReminder] SLA_SCAN cases=1 respRemind=0 respEsc=0 closureRemind=0 closureEsc=0 surveyExpired=0
2026-09-05T16:42:21.398Z [INFO] [slaReminder] SLA_SCAN cases=1 respRemind=0 respEsc=0 closureRemind=0 closureEsc=0 surveyExpired=0
2026-09-05T16:43:21.407Z [INFO] [slaReminder] SLA_SCAN cases=1 respRemind=0 respEsc=0 closureRemind=0 closureEsc=0 surveyExpired=0
2026-09-05T16:44:21.421Z [INFO] [slaReminder] SLA_SCAN cases=1 respRemind=0 respEsc=0 closureRemind=0 closureEsc=0 surveyExpired=0
2026-09-05T16:45:21.436Z [INFO] [slaReminder] SLA_SCAN cases=1 respRemind=0 respEsc=0 closureRemind=0 closureEsc=0 surveyExpired=0
2026-09-05T16:46:21.448Z [INFO] [slaReminder] SLA_SCAN cases=1 respRemind=0 respEsc=0 closureRemind=0 closureEsc=0 surveyExpired=0
2026-09-05T16:47:21.453Z [INFO] [slaReminder] SLA_SCAN cases=1 respRemind=0 respEsc=0 closureRemind=0 closureEsc=0 surveyExpired=0
2026-09-05T16:48:21.460Z [INFO] [slaReminder] SLA_SCAN cases=1 respRemind=0 respEsc=0 closureRemind=0 closureEsc=0 surveyExpired=0
2026-09-05T16:49:21.462Z [INFO] [slaReminder] SLA_SCAN cases=1 respRemind=0 respEsc=0 closureRemind=0 closureEsc=0 surveyExpired=0
2026-09-05T16:50:21.469Z [INFO] [slaReminder] SLA_SCAN cases=1 respRemind=0 respEsc=0 closureRemind=0 closureEsc=0 surveyExpired=0
2026-09-05T16:51:21.478Z [INFO] [slaReminder] SLA_SCAN cases=1 respRemind=0 respEsc=0 closureRemind=0 closureEsc=0 surveyExpired=0
2026-09-05T16:52:21.495Z [INFO] [slaReminder] SLA_SCAN cases=1 respRemind=0 respEsc=0 closureRemind=0 closureEsc=0 surveyExpired=0
2026-09-05T16:53:21.500Z [INFO] [slaReminder] SLA_SCAN cases=1 respRemind=0 respEsc=0 closureRemind=0 closureEsc=0 surveyExpired=0
2026-09-05T16:54:21.507Z [INFO] [slaReminder] SLA_SCAN cases=1 respRemind=0 respEsc=0 closureRemind=0 closureEsc=0 surveyExpired=0
2026-09-05T16:55:21.521Z [INFO] [slaReminder] SLA_SCAN cases=1 respRemind=0 respEsc=0 closureRemind=0 closureEsc=0 surveyExpired=0
2026-09-05T16:56:21.525Z [INFO] [slaReminder] SLA_SCAN cases=1 respRemind=0 respEsc=0 closureRemind=0 closureEsc=0 surveyExpired=0
2026-09-05T16:57:21.529Z [INFO] [slaReminder] SLA_SCAN cases=1 respRemind=0 respEsc=0 closureRemind=0 closureEsc=0 surveyExpired=0
2026-09-05T16:58:21.538Z [INFO] [slaReminder] SLA_SCAN cases=1 respRemind=0 respEsc=0 closureRemind=0 closureEsc=0 surveyExpired=0
2026-09-05T16:59:21.545Z [INFO] [slaReminder] SLA_SCAN cases=1 respRemind=0 respEsc=0 closureRemind=0 closureEsc=0 surveyExpired=0
2026-09-05T17:00:21.548Z [INFO] [slaReminder] SLA_SCAN cases=1 respRemind=0 respEsc=0 closureRemind=0 closureEsc=0 surveyExpired=0
2026-09-05T17:01:21.557Z [INFO] [slaReminder] SLA_SCAN cases=1 respRemind=0 respEsc=0 closureRemind=0 closureEsc=0 surveyExpired=0
2026-09-05T17:02:21.576Z [INFO] [slaReminder] SLA_SCAN cases=1 respRemind=0 respEsc=0 closureRemind=0 closureEsc=0 surveyExpired=0
2026-09-05T17:03:21.591Z [INFO] [slaReminder] SLA_SCAN cases=1 respRemind=0 respEsc=0 closureRemind=0 closureEsc=0 surveyExpired=0
2026-09-05T17:04:21.599Z [INFO] [slaReminder] SLA_SCAN cases=1 respRemind=0 respEsc=0 closureRemind=0 closureEsc=0 surveyExpired=0
2026-09-05T17:05:21.607Z [INFO] [slaReminder] SLA_SCAN cases=1 respRemind=0 respEsc=0 closureRemind=0 closureEsc=0 surveyExpired=0
2026-09-05T17:06:21.617Z [INFO] [slaReminder] SLA_SCAN cases=1 respRemind=0 respEsc=0 closureRemind=0 closureEsc=0 surveyExpired=0
2026-09-05T17:07:21.621Z [INFO] [slaReminder] SLA_SCAN cases=1 respRemind=0 respEsc=0 closureRemind=0 closureEsc=0 surveyExpired=0
2026-09-05T17:08:21.634Z [INFO] [slaReminder] SLA_SCAN cases=1 respRemind=0 respEsc=0 closureRemind=0 closureEsc=0 surveyExpired=0
2026-09-05T17:09:21.640Z [INFO] [slaReminder] SLA_SCAN cases=1 respRemind=0 respEsc=0 closureRemind=0 closureEsc=0 surveyExpired=0
2026-09-05T17:10:21.644Z [INFO] [slaReminder] SLA_SCAN cases=1 respRemind=0 respEsc=0 closureRemind=0 closureEsc=0 surveyExpired=0
2026-09-05T17:11:21.646Z [INFO] [slaReminder] SLA_SCAN cases=1 respRemind=0 respEsc=0 closureRemind=0 closureEsc=0 surveyExpired=0
2026-09-05T17:12:21.654Z [INFO] [slaReminder] SLA_SCAN cases=1 respRemind=0 respEsc=0 closureRemind=0 closureEsc=0 surveyExpired=0
2026-09-05T17:13:21.670Z [INFO] [slaReminder] SLA_SCAN cases=1 respRemind=0 respEsc=0 closureRemind=0 closureEsc=0 surveyExpired=0
2026-09-05T17:14:21.678Z [INFO] [slaReminder] SLA_SCAN cases=1 respRemind=0 respEsc=0 closureRemind=0 closureEsc=0 surveyExpired=0
2026-09-05T17:15:21.690Z [INFO] [slaReminder] SLA_SCAN cases=1 respRemind=0 respEsc=0 closureRemind=0 closureEsc=0 surveyExpired=0
2026-09-05T17:16:21.702Z [INFO] [slaReminder] SLA_SCAN cases=1 respRemind=0 respEsc=0 closureRemind=0 closureEsc=0 surveyExpired=0
2026-09-05T17:17:21.713Z [INFO] [slaReminder] SLA_SCAN cases=1 respRemind=0 respEsc=0 closureRemind=0 closureEsc=0 surveyExpired=0
2026-09-05T17:18:21.724Z [INFO] [slaReminder] SLA_SCAN cases=1 respRemind=0 respEsc=0 closureRemind=0 closureEsc=0 surveyExpired=0
2026-09-05T17:19:21.727Z [INFO] [slaReminder] SLA_SCAN cases=1 respRemind=0 respEsc=0 closureRemind=0 closureEsc=0 surveyExpired=0
2026-09-05T17:20:21.727Z [INFO] [slaReminder] SLA_SCAN cases=1 respRemind=0 respEsc=0 closureRemind=0 closureEsc=0 surveyExpired=0
2026-09-05T17:21:21.734Z [INFO] [slaReminder] SLA_SCAN cases=1 respRemind=0 respEsc=0 closureRemind=0 closureEsc=0 surveyExpired=0
2026-09-05T17:22:21.746Z [INFO] [slaReminder] SLA_SCAN cases=1 respRemind=0 respEsc=0 closureRemind=0 closureEsc=0 surveyExpired=0
2026-09-05T17:23:21.753Z [INFO] [slaReminder] SLA_SCAN cases=1 respRemind=0 respEsc=0 closureRemind=0 closureEsc=0 surveyExpired=0
2026-09-05T17:24:21.760Z [INFO] [slaReminder] SLA_SCAN cases=1 respRemind=0 respEsc=0 closureRemind=0 closureEsc=0 surveyExpired=0
2026-09-05T17:25:21.776Z [INFO] [slaReminder] SLA_SCAN cases=1 respRemind=0 respEsc=0 closureRemind=0 closureEsc=0 surveyExpired=0
2026-09-05T17:26:21.785Z [INFO] [slaReminder] SLA_SCAN cases=1 respRemind=0 respEsc=0 closureRemind=0 closureEsc=0 surveyExpired=0
2026-09-05T17:27:21.785Z [INFO] [slaReminder] SLA_SCAN cases=1 respRemind=0 respEsc=0 closureRemind=0 closureEsc=0 surveyExpired=0
2026-09-05T17:28:21.799Z [INFO] [slaReminder] SLA_SCAN cases=1 respRemind=0 respEsc=0 closureRemind=0 closureEsc=0 surveyExpired=0
2026-09-05T17:29:21.804Z [INFO] [slaReminder] SLA_SCAN cases=1 respRemind=0 respEsc=0 closureRemind=0 closureEsc=0 surveyExpired=0
2026-09-05T17:30:21.809Z [INFO] [slaReminder] SLA_SCAN cases=1 respRemind=0 respEsc=0 closureRemind=0 closureEsc=0 surveyExpired=0
2026-09-05T17:31:21.818Z [INFO] [slaReminder] SLA_SCAN cases=1 respRemind=0 respEsc=0 closureRemind=0 closureEsc=0 surveyExpired=0
2026-09-05T17:32:21.822Z [INFO] [slaReminder] SLA_SCAN cases=1 respRemind=0 respEsc=0 closureRemind=0 closureEsc=0 surveyExpired=0
2026-09-05T17:33:21.833Z [INFO] [slaReminder] SLA_SCAN cases=1 respRemind=0 respEsc=0 closureRemind=0 closureEsc=0 surveyExpired=0
2026-09-05T17:34:21.848Z [INFO] [slaReminder] SLA_SCAN cases=1 respRemind=0 respEsc=0 closureRemind=0 closureEsc=0 surveyExpired=0
2026-09-05T17:35:21.864Z [INFO] [slaReminder] SLA_SCAN cases=1 respRemind=0 respEsc=0 closureRemind=0 closureEsc=0 surveyExpired=0
2026-09-05T17:36:21.871Z [INFO] [slaReminder] SLA_SCAN cases=1 respRemind=0 respEsc=0 closureRemind=0 closureEsc=0 surveyExpired=0
2026-09-05T17:37:21.879Z [INFO] [slaReminder] SLA_SCAN cases=1 respRemind=0 respEsc=0 closureRemind=0 closureEsc=0 surveyExpired=0
2026-09-05T17:38:21.886Z [INFO] [slaReminder] SLA_SCAN cases=1 respRemind=0 respEsc=0 closureRemind=0 closureEsc=0 surveyExpired=0
2026-09-05T17:39:21.888Z [INFO] [slaReminder] SLA_SCAN cases=1 respRemind=0 respEsc=0 closureRemind=0 closureEsc=0 surveyExpired=0
2026-09-05T17:40:21.896Z [INFO] [slaReminder] SLA_SCAN cases=1 respRemind=0 respEsc=0 closureRemind=0 closureEsc=0 surveyExpired=0
2026-09-05T17:41:21.910Z [INFO] [slaReminder] SLA_SCAN cases=1 respRemind=0 respEsc=0 closureRemind=0 closureEsc=0 surveyExpired=0
2026-09-05T17:42:21.918Z [INFO] [slaReminder] SLA_SCAN cases=1 respRemind=0 respEsc=0 closureRemind=0 closureEsc=0 surveyExpired=0
2026-09-05T17:43:21.932Z [INFO] [slaReminder] SLA_SCAN cases=1 respRemind=0 respEsc=0 closureRemind=0 closureEsc=0 surveyExpired=0
2026-09-05T17:44:21.944Z [INFO] [slaReminder] SLA_SCAN cases=1 respRemind=0 respEsc=0 closureRemind=0 closureEsc=0 surveyExpired=0
2026-09-05T17:45:21.945Z [INFO] [slaReminder] SLA_SCAN cases=1 respRemind=0 respEsc=0 closureRemind=0 closureEsc=0 surveyExpired=0
2026-09-05T17:46:21.959Z [INFO] [slaReminder] SLA_SCAN cases=1 respRemind=0 respEsc=0 closureRemind=0 closureEsc=0 surveyExpired=0
2026-09-05T17:47:21.972Z [INFO] [slaReminder] SLA_SCAN cases=1 respRemind=0 respEsc=0 closureRemind=0 closureEsc=0 surveyExpired=0
2026-09-05T17:48:21.989Z [INFO] [slaReminder] SLA_SCAN cases=1 respRemind=0 respEsc=0 closureRemind=0 closureEsc=0 surveyExpired=0
2026-09-05T17:49:21.995Z [INFO] [slaReminder] SLA_SCAN cases=1 respRemind=0 respEsc=0 closureRemind=0 closureEsc=0 surveyExpired=0
2026-09-05T17:50:21.999Z [INFO] [slaReminder] SLA_SCAN cases=1 respRemind=0 respEsc=0 closureRemind=0 closureEsc=0 surveyExpired=0
2026-09-05T17:51:22.011Z [INFO] [slaReminder] SLA_SCAN cases=1 respRemind=0 respEsc=0 closureRemind=0 closureEsc=0 surveyExpired=0
2026-09-05T17:52:22.013Z [INFO] [slaReminder] SLA_SCAN cases=1 respRemind=0 respEsc=0 closureRemind=0 closureEsc=0 surveyExpired=0
2026-09-05T17:53:22.026Z [INFO] [slaReminder] SLA_SCAN cases=1 respRemind=0 respEsc=0 closureRemind=0 closureEsc=0 surveyExpired=0
2026-09-05T17:54:22.041Z [INFO] [slaReminder] SLA_SCAN cases=1 respRemind=0 respEsc=0 closureRemind=0 closureEsc=0 surveyExpired=0
2026-09-05T17:55:22.054Z [INFO] [slaReminder] SLA_SCAN cases=1 respRemind=0 respEsc=0 closureRemind=0 closureEsc=0 surveyExpired=0
2026-09-05T17:56:22.057Z [INFO] [slaReminder] SLA_SCAN cases=1 respRemind=0 respEsc=0 closureRemind=0 closureEsc=0 surveyExpired=0
2026-09-05T17:57:22.062Z [INFO] [slaReminder] SLA_SCAN cases=1 respRemind=0 respEsc=0 closureRemind=0 closureEsc=0 surveyExpired=0
2026-09-05T17:58:22.075Z [INFO] [slaReminder] SLA_SCAN cases=1 respRemind=0 respEsc=0 closureRemind=0 closureEsc=0 surveyExpired=0
2026-09-05T17:59:22.087Z [INFO] [slaReminder] SLA_SCAN cases=1 respRemind=0 respEsc=0 closureRemind=0 closureEsc=0 surveyExpired=0
2026-09-05T18:00:22.091Z [INFO] [slaReminder] SLA_SCAN cases=1 respRemind=0 respEsc=0 closureRemind=0 closureEsc=0 surveyExpired=0
2026-09-05T18:01:22.099Z [INFO] [slaReminder] SLA_SCAN cases=1 respRemind=0 respEsc=0 closureRemind=0 closureEsc=0 surveyExpired=0
2026-09-05T18:02:22.107Z [INFO] [slaReminder] SLA_SCAN cases=1 respRemind=0 respEsc=0 closureRemind=0 closureEsc=0 surveyExpired=0
2026-09-05T18:03:22.109Z [INFO] [slaReminder] SLA_SCAN cases=1 respRemind=0 respEsc=0 closureRemind=0 closureEsc=0 surveyExpired=0
2026-09-05T18:04:22.121Z [INFO] [slaReminder] SLA_SCAN cases=1 respRemind=0 respEsc=0 closureRemind=0 closureEsc=0 surveyExpired=0
2026-09-05T18:05:22.134Z [INFO] [slaReminder] SLA_SCAN cases=1 respRemind=0 respEsc=0 closureRemind=0 closureEsc=0 surveyExpired=0
2026-09-05T18:06:22.141Z [INFO] [slaReminder] SLA_SCAN cases=1 respRemind=0 respEsc=0 closureRemind=0 closureEsc=0 surveyExpired=0
2026-09-05T18:07:22.156Z [INFO] [slaReminder] SLA_SCAN cases=1 respRemind=0 respEsc=0 closureRemind=0 closureEsc=0 surveyExpired=0
2026-09-05T18:08:22.159Z [INFO] [slaReminder] SLA_SCAN cases=1 respRemind=0 respEsc=0 closureRemind=0 closureEsc=0 surveyExpired=0
2026-09-05T18:09:22.170Z [INFO] [slaReminder] SLA_SCAN cases=1 respRemind=0 respEsc=0 closureRemind=0 closureEsc=0 surveyExpired=0
2026-09-05T18:10:22.179Z [INFO] [slaReminder] SLA_SCAN cases=1 respRemind=0 respEsc=0 closureRemind=0 closureEsc=0 surveyExpired=0
2026-09-05T18:11:22.189Z [INFO] [slaReminder] SLA_SCAN cases=1 respRemind=0 respEsc=0 closureRemind=0 closureEsc=0 surveyExpired=0
2026-09-05T18:12:22.193Z [INFO] [slaReminder] SLA_SCAN cases=1 respRemind=0 respEsc=0 closureRemind=0 closureEsc=0 surveyExpired=0
2026-09-05T18:13:22.194Z [INFO] [slaReminder] SLA_SCAN cases=1 respRemind=0 respEsc=0 closureRemind=0 closureEsc=0 surveyExpired=0
2026-09-05T18:14:22.198Z [INFO] [slaReminder] SLA_SCAN cases=1 respRemind=0 respEsc=0 closureRemind=0 closureEsc=0 surveyExpired=0
2026-09-05T18:15:22.206Z [INFO] [slaReminder] SLA_SCAN cases=1 respRemind=0 respEsc=0 closureRemind=0 closureEsc=0 surveyExpired=0
2026-09-05T18:16:22.216Z [INFO] [slaReminder] SLA_SCAN cases=1 respRemind=0 respEsc=0 closureRemind=0 closureEsc=0 surveyExpired=0
2026-09-05T18:17:22.230Z [INFO] [slaReminder] SLA_SCAN cases=1 respRemind=0 respEsc=0 closureRemind=0 closureEsc=0 surveyExpired=0
2026-09-05T18:18:22.240Z [INFO] [slaReminder] SLA_SCAN cases=1 respRemind=0 respEsc=0 closureRemind=0 closureEsc=0 surveyExpired=0
2026-09-05T18:19:22.254Z [INFO] [slaReminder] SLA_SCAN cases=1 respRemind=0 respEsc=0 closureRemind=0 closureEsc=0 surveyExpired=0
2026-09-05T18:20:22.260Z [INFO] [slaReminder] SLA_SCAN cases=1 respRemind=0 respEsc=0 closureRemind=0 closureEsc=0 surveyExpired=0
2026-09-05T18:21:22.276Z [INFO] [slaReminder] SLA_SCAN cases=1 respRemind=0 respEsc=0 closureRemind=0 closureEsc=0 surveyExpired=0
2026-09-05T18:22:22.276Z [INFO] [slaReminder] SLA_SCAN cases=1 respRemind=0 respEsc=0 closureRemind=0 closureEsc=0 surveyExpired=0
2026-09-05T18:23:22.290Z [INFO] [slaReminder] SLA_SCAN cases=1 respRemind=0 respEsc=0 closureRemind=0 closureEsc=0 surveyExpired=0
2026-09-05T18:24:22.293Z [INFO] [slaReminder] SLA_SCAN cases=1 respRemind=0 respEsc=0 closureRemind=0 closureEsc=0 surveyExpired=0
2026-09-05T18:25:22.301Z [INFO] [slaReminder] SLA_SCAN cases=1 respRemind=0 respEsc=0 closureRemind=0 closureEsc=0 surveyExpired=0
2026-09-05T18:26:22.314Z [INFO] [slaReminder] SLA_SCAN cases=1 respRemind=0 respEsc=0 closureRemind=0 closureEsc=0 surveyExpired=0
2026-09-05T18:27:22.328Z [INFO] [slaReminder] SLA_SCAN cases=1 respRemind=0 respEsc=0 closureRemind=0 closureEsc=0 surveyExpired=0
2026-09-05T18:28:22.328Z [INFO] [slaReminder] SLA_SCAN cases=1 respRemind=0 respEsc=0 closureRemind=0 closureEsc=0 surveyExpired=0
2026-09-05T18:29:22.335Z [INFO] [slaReminder] SLA_SCAN cases=1 respRemind=0 respEsc=0 closureRemind=0 closureEsc=0 surveyExpired=0
2026-09-05T18:30:22.338Z [INFO] [slaReminder] SLA_SCAN cases=1 respRemind=0 respEsc=0 closureRemind=0 closureEsc=0 surveyExpired=0
2026-09-05T18:31:22.351Z [INFO] [slaReminder] SLA_SCAN cases=1 respRemind=0 respEsc=0 closureRemind=0 closureEsc=0 surveyExpired=0
2026-09-05T18:32:22.366Z [INFO] [slaReminder] SLA_SCAN cases=1 respRemind=0 respEsc=0 closureRemind=0 closureEsc=0 surveyExpired=0
2026-09-05T18:33:22.364Z [INFO] [slaReminder] SLA_SCAN cases=1 respRemind=0 respEsc=0 closureRemind=0 closureEsc=0 surveyExpired=0
2026-09-05T18:34:22.374Z [INFO] [slaReminder] SLA_SCAN cases=1 respRemind=0 respEsc=0 closureRemind=0 closureEsc=0 surveyExpired=0
2026-09-05T18:35:22.389Z [INFO] [slaReminder] SLA_SCAN cases=1 respRemind=0 respEsc=0 closureRemind=0 closureEsc=0 surveyExpired=0
2026-09-05T18:36:22.392Z [INFO] [slaReminder] SLA_SCAN cases=1 respRemind=0 respEsc=0 closureRemind=0 closureEsc=0 surveyExpired=0
2026-09-05T18:37:22.407Z [INFO] [slaReminder] SLA_SCAN cases=1 respRemind=0 respEsc=0 closureRemind=0 closureEsc=0 surveyExpired=0
2026-09-05T18:38:22.408Z [INFO] [slaReminder] SLA_SCAN cases=1 respRemind=0 respEsc=0 closureRemind=0 closureEsc=0 surveyExpired=0
2026-09-05T18:39:22.412Z [INFO] [slaReminder] SLA_SCAN cases=1 respRemind=0 respEsc=0 closureRemind=0 closureEsc=0 surveyExpired=0
2026-09-05T18:40:22.423Z [INFO] [slaReminder] SLA_SCAN cases=1 respRemind=0 respEsc=0 closureRemind=0 closureEsc=0 surveyExpired=0
2026-09-05T18:41:22.435Z [INFO] [slaReminder] SLA_SCAN cases=1 respRemind=0 respEsc=0 closureRemind=0 closureEsc=0 surveyExpired=0
2026-09-05T18:42:22.443Z [INFO] [slaReminder] SLA_SCAN cases=1 respRemind=0 respEsc=0 closureRemind=0 closureEsc=0 surveyExpired=0
2026-09-05T18:43:22.459Z [INFO] [slaReminder] SLA_SCAN cases=1 respRemind=0 respEsc=0 closureRemind=0 closureEsc=0 surveyExpired=0
2026-09-05T18:44:22.468Z [INFO] [slaReminder] SLA_SCAN cases=1 respRemind=0 respEsc=0 closureRemind=0 closureEsc=0 surveyExpired=0
2026-09-05T18:45:22.471Z [INFO] [slaReminder] SLA_SCAN cases=1 respRemind=0 respEsc=0 closureRemind=0 closureEsc=0 surveyExpired=0
2026-09-05T18:46:22.475Z [INFO] [slaReminder] SLA_SCAN cases=1 respRemind=0 respEsc=0 closureRemind=0 closureEsc=0 surveyExpired=0
2026-09-05T18:47:22.481Z [INFO] [slaReminder] SLA_SCAN cases=1 respRemind=0 respEsc=0 closureRemind=0 closureEsc=0 surveyExpired=0
2026-09-05T18:48:22.491Z [INFO] [slaReminder] SLA_SCAN cases=1 respRemind=0 respEsc=0 closureRemind=0 closureEsc=0 surveyExpired=0
2026-09-05T18:49:22.500Z [INFO] [slaReminder] SLA_SCAN cases=1 respRemind=0 respEsc=0 closureRemind=0 closureEsc=0 surveyExpired=0
2026-09-05T18:50:22.503Z [INFO] [slaReminder] SLA_SCAN cases=1 respRemind=0 respEsc=0 closureRemind=0 closureEsc=0 surveyExpired=0
2026-09-05T18:51:22.511Z [INFO] [slaReminder] SLA_SCAN cases=1 respRemind=0 respEsc=0 closureRemind=0 closureEsc=0 surveyExpired=0
2026-09-05T18:52:22.520Z [INFO] [slaReminder] SLA_SCAN cases=1 respRemind=0 respEsc=0 closureRemind=0 closureEsc=0 surveyExpired=0
2026-09-05T18:53:22.529Z [INFO] [slaReminder] SLA_SCAN cases=1 respRemind=0 respEsc=0 closureRemind=0 closureEsc=0 surveyExpired=0
2026-09-05T18:54:22.529Z [INFO] [slaReminder] SLA_SCAN cases=1 respRemind=0 respEsc=0 closureRemind=0 closureEsc=0 surveyExpired=0
2026-09-05T18:55:22.541Z [INFO] [slaReminder] SLA_SCAN cases=1 respRemind=0 respEsc=0 closureRemind=0 closureEsc=0 surveyExpired=0
2026-09-05T18:56:22.544Z [INFO] [slaReminder] SLA_SCAN cases=1 respRemind=0 respEsc=0 closureRemind=0 closureEsc=0 surveyExpired=0
2026-09-05T18:57:22.542Z [INFO] [slaReminder] SLA_SCAN cases=1 respRemind=0 respEsc=0 closureRemind=0 closureEsc=0 surveyExpired=0
2026-09-05T18:58:22.547Z [INFO] [slaReminder] SLA_SCAN cases=1 respRemind=0 respEsc=0 closureRemind=0 closureEsc=0 surveyExpired=0
2026-09-05T18:59:22.555Z [INFO] [slaReminder] SLA_SCAN cases=1 respRemind=0 respEsc=0 closureRemind=0 closureEsc=0 surveyExpired=0
2026-09-05T19:00:22.569Z [INFO] [slaReminder] SLA_SCAN cases=1 respRemind=0 respEsc=0 closureRemind=0 closureEsc=0 surveyExpired=0
2026-09-05T19:01:22.570Z [INFO] [slaReminder] SLA_SCAN cases=1 respRemind=0 respEsc=0 closureRemind=0 closureEsc=0 surveyExpired=0
2026-09-05T19:02:22.575Z [INFO] [slaReminder] SLA_SCAN cases=1 respRemind=0 respEsc=0 closureRemind=0 closureEsc=0 surveyExpired=0
2026-09-05T19:03:22.585Z [INFO] [slaReminder] SLA_SCAN cases=1 respRemind=0 respEsc=0 closureRemind=0 closureEsc=0 surveyExpired=0
2026-09-05T19:04:22.595Z [INFO] [slaReminder] SLA_SCAN cases=1 respRemind=0 respEsc=0 closureRemind=0 closureEsc=0 surveyExpired=0
2026-09-05T19:05:22.597Z [INFO] [slaReminder] SLA_SCAN cases=1 respRemind=0 respEsc=0 closureRemind=0 closureEsc=0 surveyExpired=0
2026-09-05T19:06:22.602Z [INFO] [slaReminder] SLA_SCAN cases=1 respRemind=0 respEsc=0 closureRemind=0 closureEsc=0 surveyExpired=0
2026-09-05T19:07:22.604Z [INFO] [slaReminder] SLA_SCAN cases=1 respRemind=0 respEsc=0 closureRemind=0 closureEsc=0 surveyExpired=0
2026-09-05T19:08:22.613Z [INFO] [slaReminder] SLA_SCAN cases=1 respRemind=0 respEsc=0 closureRemind=0 closureEsc=0 surveyExpired=0
2026-09-05T19:09:22.629Z [INFO] [slaReminder] SLA_SCAN cases=1 respRemind=0 respEsc=0 closureRemind=0 closureEsc=0 surveyExpired=0
2026-09-05T19:10:22.640Z [INFO] [slaReminder] SLA_SCAN cases=1 respRemind=0 respEsc=0 closureRemind=0 closureEsc=0 surveyExpired=0
2026-09-05T19:11:22.651Z [INFO] [slaReminder] SLA_SCAN cases=1 respRemind=0 respEsc=0 closureRemind=0 closureEsc=0 surveyExpired=0
2026-09-05T19:12:22.655Z [INFO] [slaReminder] SLA_SCAN cases=1 respRemind=0 respEsc=0 closureRemind=0 closureEsc=0 surveyExpired=0
2026-09-05T19:13:22.670Z [INFO] [slaReminder] SLA_SCAN cases=1 respRemind=0 respEsc=0 closureRemind=0 closureEsc=0 surveyExpired=0
2026-09-05T19:14:22.680Z [INFO] [slaReminder] SLA_SCAN cases=1 respRemind=0 respEsc=0 closureRemind=0 closureEsc=0 surveyExpired=0
2026-09-05T19:15:22.695Z [INFO] [slaReminder] SLA_SCAN cases=1 respRemind=0 respEsc=0 closureRemind=0 closureEsc=0 surveyExpired=0
2026-09-05T19:16:22.699Z [INFO] [slaReminder] SLA_SCAN cases=1 respRemind=0 respEsc=0 closureRemind=0 closureEsc=0 surveyExpired=0
2026-09-05T19:17:22.701Z [INFO] [slaReminder] SLA_SCAN cases=1 respRemind=0 respEsc=0 closureRemind=0 closureEsc=0 surveyExpired=0
2026-09-05T19:18:22.716Z [INFO] [slaReminder] SLA_SCAN cases=1 respRemind=0 respEsc=0 closureRemind=0 closureEsc=0 surveyExpired=0
2026-09-05T19:19:22.727Z [INFO] [slaReminder] SLA_SCAN cases=1 respRemind=0 respEsc=0 closureRemind=0 closureEsc=0 surveyExpired=0
2026-09-05T19:20:22.738Z [INFO] [slaReminder] SLA_SCAN cases=1 respRemind=0 respEsc=0 closureRemind=0 closureEsc=0 surveyExpired=0
2026-09-05T19:21:22.738Z [INFO] [slaReminder] SLA_SCAN cases=1 respRemind=0 respEsc=0 closureRemind=0 closureEsc=0 surveyExpired=0
2026-09-05T19:22:22.746Z [INFO] [slaReminder] SLA_SCAN cases=1 respRemind=0 respEsc=0 closureRemind=0 closureEsc=0 surveyExpired=0
2026-09-05T19:23:22.753Z [INFO] [slaReminder] SLA_SCAN cases=1 respRemind=0 respEsc=0 closureRemind=0 closureEsc=0 surveyExpired=0
2026-09-05T19:24:22.758Z [INFO] [slaReminder] SLA_SCAN cases=1 respRemind=0 respEsc=0 closureRemind=0 closureEsc=0 surveyExpired=0
2026-09-05T19:25:22.761Z [INFO] [slaReminder] SLA_SCAN cases=1 respRemind=0 respEsc=0 closureRemind=0 closureEsc=0 surveyExpired=0
2026-09-05T19:26:22.763Z [INFO] [slaReminder] SLA_SCAN cases=1 respRemind=0 respEsc=0 closureRemind=0 closureEsc=0 surveyExpired=0
2026-09-05T19:27:22.777Z [INFO] [slaReminder] SLA_SCAN cases=1 respRemind=0 respEsc=0 closureRemind=0 closureEsc=0 surveyExpired=0
2026-09-05T19:28:22.786Z [INFO] [slaReminder] SLA_SCAN cases=1 respRemind=0 respEsc=0 closureRemind=0 closureEsc=0 surveyExpired=0
2026-09-05T19:29:22.798Z [INFO] [slaReminder] SLA_SCAN cases=1 respRemind=0 respEsc=0 closureRemind=0 closureEsc=0 surveyExpired=0
2026-09-05T19:30:22.807Z [INFO] [slaReminder] SLA_SCAN cases=1 respRemind=0 respEsc=0 closureRemind=0 closureEsc=0 surveyExpired=0
2026-09-05T19:31:22.819Z [INFO] [slaReminder] SLA_SCAN cases=1 respRemind=0 respEsc=0 closureRemind=0 closureEsc=0 surveyExpired=0
2026-09-05T19:32:22.826Z [INFO] [slaReminder] SLA_SCAN cases=1 respRemind=0 respEsc=0 closureRemind=0 closureEsc=0 surveyExpired=0
2026-09-05T19:33:22.835Z [INFO] [slaReminder] SLA_SCAN cases=1 respRemind=0 respEsc=0 closureRemind=0 closureEsc=0 surveyExpired=0
2026-09-05T19:34:22.840Z [INFO] [slaReminder] SLA_SCAN cases=1 respRemind=0 respEsc=0 closureRemind=0 closureEsc=0 surveyExpired=0
2026-09-05T19:35:22.853Z [INFO] [slaReminder] SLA_SCAN cases=1 respRemind=0 respEsc=0 closureRemind=0 closureEsc=0 surveyExpired=0
2026-09-05T19:36:22.860Z [INFO] [slaReminder] SLA_SCAN cases=1 respRemind=0 respEsc=0 closureRemind=0 closureEsc=0 surveyExpired=0
2026-09-05T19:37:22.870Z [INFO] [slaReminder] SLA_SCAN cases=1 respRemind=0 respEsc=0 closureRemind=0 closureEsc=0 surveyExpired=0
2026-09-05T19:38:22.884Z [INFO] [slaReminder] SLA_SCAN cases=1 respRemind=0 respEsc=0 closureRemind=0 closureEsc=0 surveyExpired=0
2026-09-05T19:39:22.886Z [INFO] [slaReminder] SLA_SCAN cases=1 respRemind=0 respEsc=0 closureRemind=0 closureEsc=0 surveyExpired=0
2026-09-05T19:40:22.888Z [INFO] [slaReminder] SLA_SCAN cases=1 respRemind=0 respEsc=0 closureRemind=0 closureEsc=0 surveyExpired=0
2026-09-05T19:41:22.902Z [INFO] [slaReminder] SLA_SCAN cases=1 respRemind=0 respEsc=0 closureRemind=0 closureEsc=0 surveyExpired=0
2026-09-05T19:42:22.912Z [INFO] [slaReminder] SLA_SCAN cases=1 respRemind=0 respEsc=0 closureRemind=0 closureEsc=0 surveyExpired=0
2026-09-05T19:43:22.926Z [INFO] [slaReminder] SLA_SCAN cases=1 respRemind=0 respEsc=0 closureRemind=0 closureEsc=0 surveyExpired=0
2026-09-05T19:44:22.937Z [INFO] [slaReminder] SLA_SCAN cases=1 respRemind=0 respEsc=0 closureRemind=0 closureEsc=0 surveyExpired=0
2026-09-05T19:45:22.942Z [INFO] [slaReminder] SLA_SCAN cases=1 respRemind=0 respEsc=0 closureRemind=0 closureEsc=0 surveyExpired=0
2026-09-05T19:46:22.944Z [INFO] [slaReminder] SLA_SCAN cases=1 respRemind=0 respEsc=0 closureRemind=0 closureEsc=0 surveyExpired=0
2026-09-05T19:47:22.953Z [INFO] [slaReminder] SLA_SCAN cases=1 respRemind=0 respEsc=0 closureRemind=0 closureEsc=0 surveyExpired=0
2026-09-05T19:48:22.971Z [INFO] [slaReminder] SLA_SCAN cases=1 respRemind=0 respEsc=0 closureRemind=0 closureEsc=0 surveyExpired=0
2026-09-05T19:49:22.993Z [INFO] [slaReminder] SLA_SCAN cases=1 respRemind=0 respEsc=0 closureRemind=0 closureEsc=0 surveyExpired=0
2026-09-05T19:50:23.005Z [INFO] [slaReminder] SLA_SCAN cases=1 respRemind=0 respEsc=0 closureRemind=0 closureEsc=0 surveyExpired=0
2026-09-05T19:51:23.010Z [INFO] [slaReminder] SLA_SCAN cases=1 respRemind=0 respEsc=0 closureRemind=0 closureEsc=0 surveyExpired=0
2026-09-05T19:52:23.023Z [INFO] [slaReminder] SLA_SCAN cases=1 respRemind=0 respEsc=0 closureRemind=0 closureEsc=0 surveyExpired=0
2026-09-05T19:53:23.030Z [INFO] [slaReminder] SLA_SCAN cases=1 respRemind=0 respEsc=0 closureRemind=0 closureEsc=0 surveyExpired=0
2026-09-05T19:54:23.030Z [INFO] [slaReminder] SLA_SCAN cases=1 respRemind=0 respEsc=0 closureRemind=0 closureEsc=0 surveyExpired=0
2026-09-05T19:55:23.038Z [INFO] [slaReminder] SLA_SCAN cases=1 respRemind=0 respEsc=0 closureRemind=0 closureEsc=0 surveyExpired=0
2026-09-05T19:56:23.044Z [INFO] [slaReminder] SLA_SCAN cases=1 respRemind=0 respEsc=0 closureRemind=0 closureEsc=0 surveyExpired=0
2026-09-05T19:57:23.051Z [INFO] [slaReminder] SLA_SCAN cases=1 respRemind=0 respEsc=0 closureRemind=0 closureEsc=0 surveyExpired=0
2026-09-05T19:58:23.051Z [INFO] [slaReminder] SLA_SCAN cases=1 respRemind=0 respEsc=0 closureRemind=0 closureEsc=0 surveyExpired=0
2026-09-05T19:59:23.056Z [INFO] [slaReminder] SLA_SCAN cases=1 respRemind=0 respEsc=0 closureRemind=0 closureEsc=0 surveyExpired=0
2026-09-05T20:00:23.068Z [INFO] [slaReminder] SLA_SCAN cases=1 respRemind=0 respEsc=0 closureRemind=0 closureEsc=0 surveyExpired=0
2026-09-05T20:01:23.075Z [INFO] [slaReminder] SLA_SCAN cases=1 respRemind=0 respEsc=0 closureRemind=0 closureEsc=0 surveyExpired=0
2026-09-05T20:02:23.087Z [INFO] [slaReminder] SLA_SCAN cases=1 respRemind=0 respEsc=0 closureRemind=0 closureEsc=0 surveyExpired=0
2026-09-05T20:03:23.092Z [INFO] [slaReminder] SLA_SCAN cases=1 respRemind=0 respEsc=0 closureRemind=0 closureEsc=0 surveyExpired=0
2026-09-05T20:04:23.117Z [INFO] [slaReminder] SLA_SCAN cases=1 respRemind=0 respEsc=0 closureRemind=0 closureEsc=0 surveyExpired=0
2026-09-05T20:05:23.118Z [INFO] [slaReminder] SLA_SCAN cases=1 respRemind=0 respEsc=0 closureRemind=0 closureEsc=0 surveyExpired=0
2026-09-05T20:06:23.125Z [INFO] [slaReminder] SLA_SCAN cases=1 respRemind=0 respEsc=0 closureRemind=0 closureEsc=0 surveyExpired=0
2026-09-05T20:07:23.140Z [INFO] [slaReminder] SLA_SCAN cases=1 respRemind=0 respEsc=0 closureRemind=0 closureEsc=0 surveyExpired=0
2026-09-05T20:08:23.153Z [INFO] [slaReminder] SLA_SCAN cases=1 respRemind=0 respEsc=0 closureRemind=0 closureEsc=0 surveyExpired=0
2026-09-05T20:09:23.155Z [INFO] [slaReminder] SLA_SCAN cases=1 respRemind=0 respEsc=0 closureRemind=0 closureEsc=0 surveyExpired=0
2026-09-05T20:10:23.166Z [INFO] [slaReminder] SLA_SCAN cases=1 respRemind=0 respEsc=0 closureRemind=0 closureEsc=0 surveyExpired=0
2026-09-05T20:11:23.170Z [INFO] [slaReminder] SLA_SCAN cases=1 respRemind=0 respEsc=0 closureRemind=0 closureEsc=0 surveyExpired=0
2026-09-05T20:12:23.172Z [INFO] [slaReminder] SLA_SCAN cases=1 respRemind=0 respEsc=0 closureRemind=0 closureEsc=0 surveyExpired=0
2026-09-05T20:13:23.172Z [INFO] [slaReminder] SLA_SCAN cases=1 respRemind=0 respEsc=0 closureRemind=0 closureEsc=0 surveyExpired=0
2026-09-05T20:14:23.179Z [INFO] [slaReminder] SLA_SCAN cases=1 respRemind=0 respEsc=0 closureRemind=0 closureEsc=0 surveyExpired=0
2026-09-05T20:15:23.190Z [INFO] [slaReminder] SLA_SCAN cases=1 respRemind=0 respEsc=0 closureRemind=0 closureEsc=0 surveyExpired=0
2026-09-05T20:16:23.206Z [INFO] [slaReminder] SLA_SCAN cases=1 respRemind=0 respEsc=0 closureRemind=0 closureEsc=0 surveyExpired=0
2026-09-05T20:17:23.214Z [INFO] [slaReminder] SLA_SCAN cases=1 respRemind=0 respEsc=0 closureRemind=0 closureEsc=0 surveyExpired=0
2026-09-05T20:18:23.223Z [INFO] [slaReminder] SLA_SCAN cases=1 respRemind=0 respEsc=0 closureRemind=0 closureEsc=0 surveyExpired=0
2026-09-05T20:19:23.231Z [INFO] [slaReminder] SLA_SCAN cases=1 respRemind=0 respEsc=0 closureRemind=0 closureEsc=0 surveyExpired=0
2026-09-05T20:20:23.238Z [INFO] [slaReminder] SLA_SCAN cases=1 respRemind=0 respEsc=0 closureRemind=0 closureEsc=0 surveyExpired=0
2026-09-05T20:21:23.252Z [INFO] [slaReminder] SLA_SCAN cases=1 respRemind=0 respEsc=0 closureRemind=0 closureEsc=0 surveyExpired=0
2026-09-05T20:22:23.264Z [INFO] [slaReminder] SLA_SCAN cases=1 respRemind=0 respEsc=0 closureRemind=0 closureEsc=0 surveyExpired=0
2026-09-05T20:23:23.264Z [INFO] [slaReminder] SLA_SCAN cases=1 respRemind=0 respEsc=0 closureRemind=0 closureEsc=0 surveyExpired=0
2026-09-05T20:24:23.270Z [INFO] [slaReminder] SLA_SCAN cases=1 respRemind=0 respEsc=0 closureRemind=0 closureEsc=0 surveyExpired=0
2026-09-05T20:25:23.274Z [INFO] [slaReminder] SLA_SCAN cases=1 respRemind=0 respEsc=0 closureRemind=0 closureEsc=0 surveyExpired=0
2026-09-05T20:26:23.286Z [INFO] [slaReminder] SLA_SCAN cases=1 respRemind=0 respEsc=0 closureRemind=0 closureEsc=0 surveyExpired=0
2026-09-05T20:27:23.293Z [INFO] [slaReminder] SLA_SCAN cases=1 respRemind=0 respEsc=0 closureRemind=0 closureEsc=0 surveyExpired=0
2026-09-05T20:28:23.300Z [INFO] [slaReminder] SLA_SCAN cases=1 respRemind=0 respEsc=0 closureRemind=0 closureEsc=0 surveyExpired=0
2026-09-05T20:29:23.313Z [INFO] [slaReminder] SLA_SCAN cases=1 respRemind=0 respEsc=0 closureRemind=0 closureEsc=0 surveyExpired=0
2026-09-05T20:30:23.314Z [INFO] [slaReminder] SLA_SCAN cases=1 respRemind=0 respEsc=0 closureRemind=0 closureEsc=0 surveyExpired=0
2026-09-05T20:31:23.321Z [INFO] [slaReminder] SLA_SCAN cases=1 respRemind=0 respEsc=0 closureRemind=0 closureEsc=0 surveyExpired=0
2026-09-05T20:32:23.322Z [INFO] [slaReminder] SLA_SCAN cases=1 respRemind=0 respEsc=0 closureRemind=0 closureEsc=0 surveyExpired=0
2026-09-05T20:33:23.333Z [INFO] [slaReminder] SLA_SCAN cases=1 respRemind=0 respEsc=0 closureRemind=0 closureEsc=0 surveyExpired=0
2026-09-05T20:34:23.335Z [INFO] [slaReminder] SLA_SCAN cases=1 respRemind=0 respEsc=0 closureRemind=0 closureEsc=0 surveyExpired=0
2026-09-05T20:35:23.350Z [INFO] [slaReminder] SLA_SCAN cases=1 respRemind=0 respEsc=0 closureRemind=0 closureEsc=0 surveyExpired=0
2026-09-05T20:36:23.361Z [INFO] [slaReminder] SLA_SCAN cases=1 respRemind=0 respEsc=0 closureRemind=0 closureEsc=0 surveyExpired=0
2026-09-05T20:37:23.375Z [INFO] [slaReminder] SLA_SCAN cases=1 respRemind=0 respEsc=0 closureRemind=0 closureEsc=0 surveyExpired=0
2026-09-05T20:38:23.378Z [INFO] [slaReminder] SLA_SCAN cases=1 respRemind=0 respEsc=0 closureRemind=0 closureEsc=0 surveyExpired=0
2026-09-05T20:39:23.385Z [INFO] [slaReminder] SLA_SCAN cases=1 respRemind=0 respEsc=0 closureRemind=0 closureEsc=0 surveyExpired=0
2026-09-05T20:40:23.395Z [INFO] [slaReminder] SLA_SCAN cases=1 respRemind=0 respEsc=0 closureRemind=0 closureEsc=0 surveyExpired=0
2026-09-05T20:41:23.407Z [INFO] [slaReminder] SLA_SCAN cases=1 respRemind=0 respEsc=0 closureRemind=0 closureEsc=0 surveyExpired=0
2026-09-05T20:42:23.417Z [INFO] [slaReminder] SLA_SCAN cases=1 respRemind=0 respEsc=0 closureRemind=0 closureEsc=0 surveyExpired=0
2026-09-05T20:43:23.419Z [INFO] [slaReminder] SLA_SCAN cases=1 respRemind=0 respEsc=0 closureRemind=0 closureEsc=0 surveyExpired=0
2026-09-05T20:44:23.419Z [INFO] [slaReminder] SLA_SCAN cases=1 respRemind=0 respEsc=0 closureRemind=0 closureEsc=0 surveyExpired=0
2026-09-05T20:45:23.424Z [INFO] [slaReminder] SLA_SCAN cases=1 respRemind=0 respEsc=0 closureRemind=0 closureEsc=0 surveyExpired=0
2026-09-05T20:46:23.432Z [INFO] [slaReminder] SLA_SCAN cases=1 respRemind=0 respEsc=0 closureRemind=0 closureEsc=0 surveyExpired=0
2026-09-05T20:47:23.435Z [INFO] [slaReminder] SLA_SCAN cases=1 respRemind=0 respEsc=0 closureRemind=0 closureEsc=0 surveyExpired=0
2026-09-05T20:48:23.447Z [INFO] [slaReminder] SLA_SCAN cases=1 respRemind=0 respEsc=0 closureRemind=0 closureEsc=0 surveyExpired=0
2026-09-05T20:49:23.453Z [INFO] [slaReminder] SLA_SCAN cases=1 respRemind=0 respEsc=0 closureRemind=0 closureEsc=0 surveyExpired=0
2026-09-05T20:50:23.470Z [INFO] [slaReminder] SLA_SCAN cases=1 respRemind=0 respEsc=0 closureRemind=0 closureEsc=0 surveyExpired=0
2026-09-05T20:51:23.482Z [INFO] [slaReminder] SLA_SCAN cases=1 respRemind=0 respEsc=0 closureRemind=0 closureEsc=0 surveyExpired=0
2026-09-05T20:52:23.493Z [INFO] [slaReminder] SLA_SCAN cases=1 respRemind=0 respEsc=0 closureRemind=0 closureEsc=0 surveyExpired=0
2026-09-05T20:53:23.506Z [INFO] [slaReminder] SLA_SCAN cases=1 respRemind=0 respEsc=0 closureRemind=0 closureEsc=0 surveyExpired=0
2026-09-05T20:54:23.520Z [INFO] [slaReminder] SLA_SCAN cases=1 respRemind=0 respEsc=0 closureRemind=0 closureEsc=0 surveyExpired=0
2026-09-05T20:55:23.534Z [INFO] [slaReminder] SLA_SCAN cases=1 respRemind=0 respEsc=0 closureRemind=0 closureEsc=0 surveyExpired=0
2026-09-05T20:56:23.536Z [INFO] [slaReminder] SLA_SCAN cases=1 respRemind=0 respEsc=0 closureRemind=0 closureEsc=0 surveyExpired=0
2026-09-05T20:57:23.541Z [INFO] [slaReminder] SLA_SCAN cases=1 respRemind=0 respEsc=0 closureRemind=0 closureEsc=0 surveyExpired=0
2026-09-05T20:58:23.552Z [INFO] [slaReminder] SLA_SCAN cases=1 respRemind=0 respEsc=0 closureRemind=0 closureEsc=0 surveyExpired=0
2026-09-05T20:59:23.556Z [INFO] [slaReminder] SLA_SCAN cases=1 respRemind=0 respEsc=0 closureRemind=0 closureEsc=0 surveyExpired=0
2026-09-05T21:00:23.560Z [INFO] [slaReminder] SLA_SCAN cases=1 respRemind=0 respEsc=0 closureRemind=0 closureEsc=0 surveyExpired=0
2026-09-05T21:01:23.565Z [INFO] [slaReminder] SLA_SCAN cases=1 respRemind=0 respEsc=0 closureRemind=0 closureEsc=0 surveyExpired=0
2026-09-05T21:02:23.570Z [INFO] [slaReminder] SLA_SCAN cases=1 respRemind=0 respEsc=0 closureRemind=0 closureEsc=0 surveyExpired=0
2026-09-05T21:03:23.577Z [INFO] [slaReminder] SLA_SCAN cases=1 respRemind=0 respEsc=0 closureRemind=0 closureEsc=0 surveyExpired=0
2026-09-05T21:04:23.587Z [INFO] [slaReminder] SLA_SCAN cases=1 respRemind=0 respEsc=0 closureRemind=0 closureEsc=0 surveyExpired=0
2026-09-05T21:05:23.598Z [INFO] [slaReminder] SLA_SCAN cases=1 respRemind=0 respEsc=0 closureRemind=0 closureEsc=0 surveyExpired=0
2026-09-05T21:06:23.607Z [INFO] [slaReminder] SLA_SCAN cases=1 respRemind=0 respEsc=0 closureRemind=0 closureEsc=0 surveyExpired=0
2026-09-05T21:07:23.612Z [INFO] [slaReminder] SLA_SCAN cases=1 respRemind=0 respEsc=0 closureRemind=0 closureEsc=0 surveyExpired=0
2026-09-05T21:08:23.616Z [INFO] [slaReminder] SLA_SCAN cases=1 respRemind=0 respEsc=0 closureRemind=0 closureEsc=0 surveyExpired=0
2026-09-05T21:09:23.715Z [INFO] [slaReminder] SLA_SCAN cases=1 respRemind=0 respEsc=0 closureRemind=0 closureEsc=0 surveyExpired=0
2026-09-05T21:10:23.631Z [INFO] [slaReminder] SLA_SCAN cases=1 respRemind=0 respEsc=0 closureRemind=0 closureEsc=0 surveyExpired=0
2026-09-05T21:11:23.641Z [INFO] [slaReminder] SLA_SCAN cases=1 respRemind=0 respEsc=0 closureRemind=0 closureEsc=0 surveyExpired=0
2026-09-05T21:12:23.643Z [INFO] [slaReminder] SLA_SCAN cases=1 respRemind=0 respEsc=0 closureRemind=0 closureEsc=0 surveyExpired=0
2026-09-05T21:13:23.651Z [INFO] [slaReminder] SLA_SCAN cases=1 respRemind=0 respEsc=0 closureRemind=0 closureEsc=0 surveyExpired=0
2026-09-05T21:14:23.659Z [INFO] [slaReminder] SLA_SCAN cases=1 respRemind=0 respEsc=0 closureRemind=0 closureEsc=0 surveyExpired=0
2026-09-05T21:15:23.661Z [INFO] [slaReminder] SLA_SCAN cases=1 respRemind=0 respEsc=0 closureRemind=0 closureEsc=0 surveyExpired=0
2026-09-05T21:16:23.665Z [INFO] [slaReminder] SLA_SCAN cases=1 respRemind=0 respEsc=0 closureRemind=0 closureEsc=0 surveyExpired=0
2026-09-05T21:17:23.676Z [INFO] [slaReminder] SLA_SCAN cases=1 respRemind=0 respEsc=0 closureRemind=0 closureEsc=0 surveyExpired=0
2026-09-05T21:18:23.684Z [INFO] [slaReminder] SLA_SCAN cases=1 respRemind=0 respEsc=0 closureRemind=0 closureEsc=0 surveyExpired=0
2026-09-05T21:19:23.686Z [INFO] [slaReminder] SLA_SCAN cases=1 respRemind=0 respEsc=0 closureRemind=0 closureEsc=0 surveyExpired=0
2026-09-05T21:20:23.689Z [INFO] [slaReminder] SLA_SCAN cases=1 respRemind=0 respEsc=0 closureRemind=0 closureEsc=0 surveyExpired=0
2026-09-05T21:21:23.692Z [INFO] [slaReminder] SLA_SCAN cases=1 respRemind=0 respEsc=0 closureRemind=0 closureEsc=0 surveyExpired=0
2026-09-05T21:22:23.703Z [INFO] [slaReminder] SLA_SCAN cases=1 respRemind=0 respEsc=0 closureRemind=0 closureEsc=0 surveyExpired=0
2026-09-05T21:23:23.718Z [INFO] [slaReminder] SLA_SCAN cases=1 respRemind=0 respEsc=0 closureRemind=0 closureEsc=0 surveyExpired=0
2026-09-05T21:24:23.721Z [INFO] [slaReminder] SLA_SCAN cases=1 respRemind=0 respEsc=0 closureRemind=0 closureEsc=0 surveyExpired=0
2026-09-05T21:25:23.730Z [INFO] [slaReminder] SLA_SCAN cases=1 respRemind=0 respEsc=0 closureRemind=0 closureEsc=0 surveyExpired=0
2026-09-05T21:26:23.742Z [INFO] [slaReminder] SLA_SCAN cases=1 respRemind=0 respEsc=0 closureRemind=0 closureEsc=0 surveyExpired=0
2026-09-05T21:27:23.753Z [INFO] [slaReminder] SLA_SCAN cases=1 respRemind=0 respEsc=0 closureRemind=0 closureEsc=0 surveyExpired=0
2026-09-05T21:28:23.763Z [INFO] [slaReminder] SLA_SCAN cases=1 respRemind=0 respEsc=0 closureRemind=0 closureEsc=0 surveyExpired=0
2026-09-05T21:29:23.777Z [INFO] [slaReminder] SLA_SCAN cases=1 respRemind=0 respEsc=0 closureRemind=0 closureEsc=0 surveyExpired=0
2026-09-05T21:30:23.789Z [INFO] [slaReminder] SLA_SCAN cases=1 respRemind=0 respEsc=0 closureRemind=0 closureEsc=0 surveyExpired=0
2026-09-05T21:31:23.793Z [INFO] [slaReminder] SLA_SCAN cases=1 respRemind=0 respEsc=0 closureRemind=0 closureEsc=0 surveyExpired=0
2026-09-05T21:32:23.801Z [INFO] [slaReminder] SLA_SCAN cases=1 respRemind=0 respEsc=0 closureRemind=0 closureEsc=0 surveyExpired=0
2026-09-05T21:33:23.817Z [INFO] [slaReminder] SLA_SCAN cases=1 respRemind=0 respEsc=0 closureRemind=0 closureEsc=0 surveyExpired=0
2026-09-05T21:34:23.825Z [INFO] [slaReminder] SLA_SCAN cases=1 respRemind=0 respEsc=0 closureRemind=0 closureEsc=0 surveyExpired=0
2026-09-05T21:35:23.830Z [INFO] [slaReminder] SLA_SCAN cases=1 respRemind=0 respEsc=0 closureRemind=0 closureEsc=0 surveyExpired=0
2026-09-05T21:36:23.832Z [INFO] [slaReminder] SLA_SCAN cases=1 respRemind=0 respEsc=0 closureRemind=0 closureEsc=0 surveyExpired=0
2026-09-05T21:37:23.841Z [INFO] [slaReminder] SLA_SCAN cases=1 respRemind=0 respEsc=0 closureRemind=0 closureEsc=0 surveyExpired=0
2026-09-05T21:38:23.843Z [INFO] [slaReminder] SLA_SCAN cases=1 respRemind=0 respEsc=0 closureRemind=0 closureEsc=0 surveyExpired=0
2026-09-05T21:39:23.845Z [INFO] [slaReminder] SLA_SCAN cases=1 respRemind=0 respEsc=0 closureRemind=0 closureEsc=0 surveyExpired=0
2026-09-05T21:40:23.860Z [INFO] [slaReminder] SLA_SCAN cases=1 respRemind=0 respEsc=0 closureRemind=0 closureEsc=0 surveyExpired=0
2026-09-05T21:41:23.865Z [INFO] [slaReminder] SLA_SCAN cases=1 respRemind=0 respEsc=0 closureRemind=0 closureEsc=0 surveyExpired=0
2026-09-05T21:42:23.876Z [INFO] [slaReminder] SLA_SCAN cases=1 respRemind=0 respEsc=0 closureRemind=0 closureEsc=0 surveyExpired=0
2026-09-05T21:43:23.884Z [INFO] [slaReminder] SLA_SCAN cases=1 respRemind=0 respEsc=0 closureRemind=0 closureEsc=0 surveyExpired=0
2026-09-05T21:44:23.893Z [INFO] [slaReminder] SLA_SCAN cases=1 respRemind=0 respEsc=0 closureRemind=0 closureEsc=0 surveyExpired=0
2026-09-05T21:45:23.900Z [INFO] [slaReminder] SLA_SCAN cases=1 respRemind=0 respEsc=0 closureRemind=0 closureEsc=0 surveyExpired=0
2026-09-05T21:46:23.900Z [INFO] [slaReminder] SLA_SCAN cases=1 respRemind=0 respEsc=0 closureRemind=0 closureEsc=0 surveyExpired=0
2026-09-05T21:47:23.915Z [INFO] [slaReminder] SLA_SCAN cases=1 respRemind=0 respEsc=0 closureRemind=0 closureEsc=0 surveyExpired=0
2026-09-05T21:48:23.925Z [INFO] [slaReminder] SLA_SCAN cases=1 respRemind=0 respEsc=0 closureRemind=0 closureEsc=0 surveyExpired=0
2026-09-05T21:49:23.933Z [INFO] [slaReminder] SLA_SCAN cases=1 respRemind=0 respEsc=0 closureRemind=0 closureEsc=0 surveyExpired=0
2026-09-05T21:50:23.943Z [INFO] [slaReminder] SLA_SCAN cases=1 respRemind=0 respEsc=0 closureRemind=0 closureEsc=0 surveyExpired=0
2026-09-05T21:51:23.951Z [INFO] [slaReminder] SLA_SCAN cases=1 respRemind=0 respEsc=0 closureRemind=0 closureEsc=0 surveyExpired=0
2026-09-05T21:52:23.963Z [INFO] [slaReminder] SLA_SCAN cases=1 respRemind=0 respEsc=0 closureRemind=0 closureEsc=0 surveyExpired=0
2026-09-05T21:53:23.971Z [INFO] [slaReminder] SLA_SCAN cases=1 respRemind=0 respEsc=0 closureRemind=0 closureEsc=0 surveyExpired=0
2026-09-05T21:54:23.972Z [INFO] [slaReminder] SLA_SCAN cases=1 respRemind=0 respEsc=0 closureRemind=0 closureEsc=0 surveyExpired=0
2026-09-05T21:55:23.979Z [INFO] [slaReminder] SLA_SCAN cases=1 respRemind=0 respEsc=0 closureRemind=0 closureEsc=0 surveyExpired=0
2026-09-05T21:56:23.992Z [INFO] [slaReminder] SLA_SCAN cases=1 respRemind=0 respEsc=0 closureRemind=0 closureEsc=0 surveyExpired=0
2026-09-05T21:57:23.993Z [INFO] [slaReminder] SLA_SCAN cases=1 respRemind=0 respEsc=0 closureRemind=0 closureEsc=0 surveyExpired=0
2026-09-05T21:58:24.002Z [INFO] [slaReminder] SLA_SCAN cases=1 respRemind=0 respEsc=0 closureRemind=0 closureEsc=0 surveyExpired=0
2026-09-05T21:59:24.018Z [INFO] [slaReminder] SLA_SCAN cases=1 respRemind=0 respEsc=0 closureRemind=0 closureEsc=0 surveyExpired=0
2026-09-05T22:00:24.020Z [INFO] [slaReminder] SLA_SCAN cases=1 respRemind=0 respEsc=0 closureRemind=0 closureEsc=0 surveyExpired=0
2026-09-05T22:01:24.030Z [INFO] [slaReminder] SLA_SCAN cases=1 respRemind=0 respEsc=0 closureRemind=0 closureEsc=0 surveyExpired=0
2026-09-05T22:02:24.036Z [INFO] [slaReminder] SLA_SCAN cases=1 respRemind=0 respEsc=0 closureRemind=0 closureEsc=0 surveyExpired=0
2026-09-05T22:03:24.042Z [INFO] [slaReminder] SLA_SCAN cases=1 respRemind=0 respEsc=0 closureRemind=0 closureEsc=0 surveyExpired=0
2026-09-05T22:04:24.044Z [INFO] [slaReminder] SLA_SCAN cases=1 respRemind=0 respEsc=0 closureRemind=0 closureEsc=0 surveyExpired=0
2026-09-05T22:05:24.053Z [INFO] [slaReminder] SLA_SCAN cases=1 respRemind=0 respEsc=0 closureRemind=0 closureEsc=0 surveyExpired=0
2026-09-05T22:06:24.068Z [INFO] [slaReminder] SLA_SCAN cases=1 respRemind=0 respEsc=0 closureRemind=0 closureEsc=0 surveyExpired=0
2026-09-05T22:07:24.074Z [INFO] [slaReminder] SLA_SCAN cases=1 respRemind=0 respEsc=0 closureRemind=0 closureEsc=0 surveyExpired=0
2026-09-05T22:08:24.083Z [INFO] [slaReminder] SLA_SCAN cases=1 respRemind=0 respEsc=0 closureRemind=0 closureEsc=0 surveyExpired=0
2026-09-05T22:09:24.086Z [INFO] [slaReminder] SLA_SCAN cases=1 respRemind=0 respEsc=0 closureRemind=0 closureEsc=0 surveyExpired=0
2026-09-05T22:10:24.097Z [INFO] [slaReminder] SLA_SCAN cases=1 respRemind=0 respEsc=0 closureRemind=0 closureEsc=0 surveyExpired=0
2026-09-05T22:11:24.105Z [INFO] [slaReminder] SLA_SCAN cases=1 respRemind=0 respEsc=0 closureRemind=0 closureEsc=0 surveyExpired=0
2026-09-05T22:12:24.111Z [INFO] [slaReminder] SLA_SCAN cases=1 respRemind=0 respEsc=0 closureRemind=0 closureEsc=0 surveyExpired=0
2026-09-05T22:13:24.127Z [INFO] [slaReminder] SLA_SCAN cases=1 respRemind=0 respEsc=0 closureRemind=0 closureEsc=0 surveyExpired=0
2026-09-05T22:14:24.135Z [INFO] [slaReminder] SLA_SCAN cases=1 respRemind=0 respEsc=0 closureRemind=0 closureEsc=0 surveyExpired=0
2026-09-05T22:15:24.137Z [INFO] [slaReminder] SLA_SCAN cases=1 respRemind=0 respEsc=0 closureRemind=0 closureEsc=0 surveyExpired=0
2026-09-05T22:16:24.138Z [INFO] [slaReminder] SLA_SCAN cases=1 respRemind=0 respEsc=0 closureRemind=0 closureEsc=0 surveyExpired=0
2026-09-05T22:17:24.142Z [INFO] [slaReminder] SLA_SCAN cases=1 respRemind=0 respEsc=0 closureRemind=0 closureEsc=0 surveyExpired=0
2026-09-05T22:18:24.155Z [INFO] [slaReminder] SLA_SCAN cases=1 respRemind=0 respEsc=0 closureRemind=0 closureEsc=0 surveyExpired=0
2026-09-05T22:19:24.156Z [INFO] [slaReminder] SLA_SCAN cases=1 respRemind=0 respEsc=0 closureRemind=0 closureEsc=0 surveyExpired=0
2026-09-05T22:20:24.159Z [INFO] [slaReminder] SLA_SCAN cases=1 respRemind=0 respEsc=0 closureRemind=0 closureEsc=0 surveyExpired=0
2026-09-05T22:21:24.170Z [INFO] [slaReminder] SLA_SCAN cases=1 respRemind=0 respEsc=0 closureRemind=0 closureEsc=0 surveyExpired=0
2026-09-05T22:22:24.180Z [INFO] [slaReminder] SLA_SCAN cases=1 respRemind=0 respEsc=0 closureRemind=0 closureEsc=0 surveyExpired=0
2026-09-05T22:23:24.192Z [INFO] [slaReminder] SLA_SCAN cases=1 respRemind=0 respEsc=0 closureRemind=0 closureEsc=0 surveyExpired=0
2026-09-05T22:24:24.197Z [INFO] [slaReminder] SLA_SCAN cases=1 respRemind=0 respEsc=0 closureRemind=0 closureEsc=0 surveyExpired=0
2026-09-05T22:25:24.206Z [INFO] [slaReminder] SLA_SCAN cases=1 respRemind=0 respEsc=0 closureRemind=0 closureEsc=0 surveyExpired=0
2026-09-05T22:26:24.219Z [INFO] [slaReminder] SLA_SCAN cases=1 respRemind=0 respEsc=0 closureRemind=0 closureEsc=0 surveyExpired=0
2026-09-05T22:27:24.227Z [INFO] [slaReminder] SLA_SCAN cases=1 respRemind=0 respEsc=0 closureRemind=0 closureEsc=0 surveyExpired=0
2026-09-05T22:28:24.230Z [INFO] [slaReminder] SLA_SCAN cases=1 respRemind=0 respEsc=0 closureRemind=0 closureEsc=0 surveyExpired=0
2026-09-05T22:29:24.237Z [INFO] [slaReminder] SLA_SCAN cases=1 respRemind=0 respEsc=0 closureRemind=0 closureEsc=0 surveyExpired=0
2026-09-05T22:30:24.242Z [INFO] [slaReminder] SLA_SCAN cases=1 respRemind=0 respEsc=0 closureRemind=0 closureEsc=0 surveyExpired=0
2026-09-05T22:31:24.246Z [INFO] [slaReminder] SLA_SCAN cases=1 respRemind=0 respEsc=0 closureRemind=0 closureEsc=0 surveyExpired=0
2026-09-05T22:32:24.249Z [INFO] [slaReminder] SLA_SCAN cases=1 respRemind=0 respEsc=0 closureRemind=0 closureEsc=0 surveyExpired=0
2026-09-05T22:33:24.250Z [INFO] [slaReminder] SLA_SCAN cases=1 respRemind=0 respEsc=0 closureRemind=0 closureEsc=0 surveyExpired=0
2026-09-05T22:34:24.266Z [INFO] [slaReminder] SLA_SCAN cases=1 respRemind=0 respEsc=0 closureRemind=0 closureEsc=0 surveyExpired=0
2026-09-05T22:35:24.268Z [INFO] [slaReminder] SLA_SCAN cases=1 respRemind=0 respEsc=0 closureRemind=0 closureEsc=0 surveyExpired=0
2026-09-05T22:36:24.280Z [INFO] [slaReminder] SLA_SCAN cases=1 respRemind=0 respEsc=0 closureRemind=0 closureEsc=0 surveyExpired=0
2026-09-05T22:37:24.291Z [INFO] [slaReminder] SLA_SCAN cases=1 respRemind=0 respEsc=0 closureRemind=0 closureEsc=0 surveyExpired=0
2026-09-05T22:38:24.304Z [INFO] [slaReminder] SLA_SCAN cases=1 respRemind=0 respEsc=0 closureRemind=0 closureEsc=0 surveyExpired=0
2026-09-05T22:39:24.313Z [INFO] [slaReminder] SLA_SCAN cases=1 respRemind=0 respEsc=0 closureRemind=0 closureEsc=0 surveyExpired=0
2026-09-05T22:40:24.319Z [INFO] [slaReminder] SLA_SCAN cases=1 respRemind=0 respEsc=0 closureRemind=0 closureEsc=0 surveyExpired=0
2026-09-05T22:41:24.331Z [INFO] [slaReminder] SLA_SCAN cases=1 respRemind=0 respEsc=0 closureRemind=0 closureEsc=0 surveyExpired=0
2026-09-05T22:42:24.342Z [INFO] [slaReminder] SLA_SCAN cases=1 respRemind=0 respEsc=0 closureRemind=0 closureEsc=0 surveyExpired=0
2026-09-05T22:43:24.350Z [INFO] [slaReminder] SLA_SCAN cases=1 respRemind=0 respEsc=0 closureRemind=0 closureEsc=0 surveyExpired=0
2026-09-05T22:44:24.363Z [INFO] [slaReminder] SLA_SCAN cases=1 respRemind=0 respEsc=0 closureRemind=0 closureEsc=0 surveyExpired=0
2026-09-05T22:45:24.373Z [INFO] [slaReminder] SLA_SCAN cases=1 respRemind=0 respEsc=0 closureRemind=0 closureEsc=0 surveyExpired=0
2026-09-05T22:46:24.382Z [INFO] [slaReminder] SLA_SCAN cases=1 respRemind=0 respEsc=0 closureRemind=0 closureEsc=0 surveyExpired=0
2026-09-05T22:47:24.399Z [INFO] [slaReminder] SLA_SCAN cases=1 respRemind=0 respEsc=0 closureRemind=0 closureEsc=0 surveyExpired=0
2026-09-05T22:48:24.413Z [INFO] [slaReminder] SLA_SCAN cases=1 respRemind=0 respEsc=0 closureRemind=0 closureEsc=0 surveyExpired=0
2026-09-05T22:49:24.424Z [INFO] [slaReminder] SLA_SCAN cases=1 respRemind=0 respEsc=0 closureRemind=0 closureEsc=0 surveyExpired=0
2026-09-05T22:50:24.437Z [INFO] [slaReminder] SLA_SCAN cases=1 respRemind=0 respEsc=0 closureRemind=0 closureEsc=0 surveyExpired=0
2026-09-05T22:51:24.451Z [INFO] [slaReminder] SLA_SCAN cases=1 respRemind=0 respEsc=0 closureRemind=0 closureEsc=0 surveyExpired=0
2026-09-05T22:52:24.461Z [INFO] [slaReminder] SLA_SCAN cases=1 respRemind=0 respEsc=0 closureRemind=0 closureEsc=0 surveyExpired=0
2026-09-05T22:53:24.473Z [INFO] [slaReminder] SLA_SCAN cases=1 respRemind=0 respEsc=0 closureRemind=0 closureEsc=0 surveyExpired=0
2026-09-05T22:54:24.474Z [INFO] [slaReminder] SLA_SCAN cases=1 respRemind=0 respEsc=0 closureRemind=0 closureEsc=0 surveyExpired=0
2026-09-05T22:55:24.478Z [INFO] [slaReminder] SLA_SCAN cases=1 respRemind=0 respEsc=0 closureRemind=0 closureEsc=0 surveyExpired=0
2026-09-05T22:56:24.480Z [INFO] [slaReminder] SLA_SCAN cases=1 respRemind=0 respEsc=0 closureRemind=0 closureEsc=0 surveyExpired=0
2026-09-05T22:57:24.494Z [INFO] [slaReminder] SLA_SCAN cases=1 respRemind=0 respEsc=0 closureRemind=0 closureEsc=0 surveyExpired=0
2026-09-05T22:58:24.507Z [INFO] [slaReminder] SLA_SCAN cases=1 respRemind=0 respEsc=0 closureRemind=0 closureEsc=0 surveyExpired=0
2026-09-05T22:59:24.520Z [INFO] [slaReminder] SLA_SCAN cases=1 respRemind=0 respEsc=0 closureRemind=0 closureEsc=0 surveyExpired=0
2026-09-05T23:00:24.524Z [INFO] [slaReminder] SLA_SCAN cases=1 respRemind=0 respEsc=0 closureRemind=0 closureEsc=0 surveyExpired=0
2026-09-05T23:01:24.534Z [INFO] [slaReminder] SLA_SCAN cases=1 respRemind=0 respEsc=0 closureRemind=0 closureEsc=0 surveyExpired=0
2026-09-05T23:02:24.548Z [INFO] [slaReminder] SLA_SCAN cases=1 respRemind=0 respEsc=0 closureRemind=0 closureEsc=0 surveyExpired=0
2026-09-05T23:03:24.559Z [INFO] [slaReminder] SLA_SCAN cases=1 respRemind=0 respEsc=0 closureRemind=0 closureEsc=0 surveyExpired=0
2026-09-05T23:04:24.569Z [INFO] [slaReminder] SLA_SCAN cases=1 respRemind=0 respEsc=0 closureRemind=0 closureEsc=0 surveyExpired=0
2026-09-05T23:05:24.580Z [INFO] [slaReminder] SLA_SCAN cases=1 respRemind=0 respEsc=0 closureRemind=0 closureEsc=0 surveyExpired=0
2026-09-05T23:06:24.593Z [INFO] [slaReminder] SLA_SCAN cases=1 respRemind=0 respEsc=0 closureRemind=0 closureEsc=0 surveyExpired=0
2026-09-05T23:07:24.595Z [INFO] [slaReminder] SLA_SCAN cases=1 respRemind=0 respEsc=0 closureRemind=0 closureEsc=0 surveyExpired=0
2026-09-05T23:08:24.597Z [INFO] [slaReminder] SLA_SCAN cases=1 respRemind=0 respEsc=0 closureRemind=0 closureEsc=0 surveyExpired=0
2026-09-05T23:09:24.604Z [INFO] [slaReminder] SLA_SCAN cases=1 respRemind=0 respEsc=0 closureRemind=0 closureEsc=0 surveyExpired=0
2026-09-05T23:10:24.608Z [INFO] [slaReminder] SLA_SCAN cases=1 respRemind=0 respEsc=0 closureRemind=0 closureEsc=0 surveyExpired=0
2026-09-05T23:11:24.613Z [INFO] [slaReminder] SLA_SCAN cases=1 respRemind=0 respEsc=0 closureRemind=0 closureEsc=0 surveyExpired=0
2026-09-05T23:12:24.618Z [INFO] [slaReminder] SLA_SCAN cases=1 respRemind=0 respEsc=0 closureRemind=0 closureEsc=0 surveyExpired=0
2026-09-05T23:13:24.621Z [INFO] [slaReminder] SLA_SCAN cases=1 respRemind=0 respEsc=0 closureRemind=0 closureEsc=0 surveyExpired=0
2026-09-05T23:14:24.626Z [INFO] [slaReminder] SLA_SCAN cases=1 respRemind=0 respEsc=0 closureRemind=0 closureEsc=0 surveyExpired=0
2026-09-05T23:15:24.629Z [INFO] [slaReminder] SLA_SCAN cases=1 respRemind=0 respEsc=0 closureRemind=0 closureEsc=0 surveyExpired=0
2026-09-05T23:16:24.642Z [INFO] [slaReminder] SLA_SCAN cases=1 respRemind=0 respEsc=0 closureRemind=0 closureEsc=0 surveyExpired=0
2026-09-05T23:17:24.649Z [INFO] [slaReminder] SLA_SCAN cases=1 respRemind=0 respEsc=0 closureRemind=0 closureEsc=0 surveyExpired=0
2026-09-05T23:18:24.660Z [INFO] [slaReminder] SLA_SCAN cases=1 respRemind=0 respEsc=0 closureRemind=0 closureEsc=0 surveyExpired=0
2026-09-05T23:19:24.672Z [INFO] [slaReminder] SLA_SCAN cases=1 respRemind=0 respEsc=0 closureRemind=0 closureEsc=0 surveyExpired=0
2026-09-05T23:20:24.681Z [INFO] [slaReminder] SLA_SCAN cases=1 respRemind=0 respEsc=0 closureRemind=0 closureEsc=0 surveyExpired=0
2026-09-05T23:21:24.696Z [INFO] [slaReminder] SLA_SCAN cases=1 respRemind=0 respEsc=0 closureRemind=0 closureEsc=0 surveyExpired=0
2026-09-05T23:22:24.721Z [INFO] [slaReminder] SLA_SCAN cases=1 respRemind=0 respEsc=0 closureRemind=0 closureEsc=0 surveyExpired=0
2026-09-05T23:23:24.731Z [INFO] [slaReminder] SLA_SCAN cases=1 respRemind=0 respEsc=0 closureRemind=0 closureEsc=0 surveyExpired=0
2026-09-05T23:24:24.738Z [INFO] [slaReminder] SLA_SCAN cases=1 respRemind=0 respEsc=0 closureRemind=0 closureEsc=0 surveyExpired=0
2026-09-05T23:25:24.749Z [INFO] [slaReminder] SLA_SCAN cases=1 respRemind=0 respEsc=0 closureRemind=0 closureEsc=0 surveyExpired=0
2026-09-05T23:26:24.757Z [INFO] [slaReminder] SLA_SCAN cases=1 respRemind=0 respEsc=0 closureRemind=0 closureEsc=0 surveyExpired=0
2026-09-05T23:27:24.757Z [INFO] [slaReminder] SLA_SCAN cases=1 respRemind=0 respEsc=0 closureRemind=0 closureEsc=0 surveyExpired=0
2026-09-05T23:28:24.770Z [INFO] [slaReminder] SLA_SCAN cases=1 respRemind=0 respEsc=0 closureRemind=0 closureEsc=0 surveyExpired=0
2026-09-05T23:29:24.782Z [INFO] [slaReminder] SLA_SCAN cases=1 respRemind=0 respEsc=0 closureRemind=0 closureEsc=0 surveyExpired=0
2026-09-05T23:30:24.784Z [INFO] [slaReminder] SLA_SCAN cases=1 respRemind=0 respEsc=0 closureRemind=0 closureEsc=0 surveyExpired=0
2026-09-05T23:31:24.793Z [INFO] [slaReminder] SLA_SCAN cases=1 respRemind=0 respEsc=0 closureRemind=0 closureEsc=0 surveyExpired=0
2026-09-05T23:32:24.809Z [INFO] [slaReminder] SLA_SCAN cases=1 respRemind=0 respEsc=0 closureRemind=0 closureEsc=0 surveyExpired=0
2026-09-05T23:33:24.813Z [INFO] [slaReminder] SLA_SCAN cases=1 respRemind=0 respEsc=0 closureRemind=0 closureEsc=0 surveyExpired=0
2026-09-05T23:34:24.824Z [INFO] [slaReminder] SLA_SCAN cases=1 respRemind=0 respEsc=0 closureRemind=0 closureEsc=0 surveyExpired=0
2026-09-05T23:35:24.824Z [INFO] [slaReminder] SLA_SCAN cases=1 respRemind=0 respEsc=0 closureRemind=0 closureEsc=0 surveyExpired=0
2026-09-05T23:36:24.828Z [INFO] [slaReminder] SLA_SCAN cases=1 respRemind=0 respEsc=0 closureRemind=0 closureEsc=0 surveyExpired=0
2026-09-05T23:37:24.834Z [INFO] [slaReminder] SLA_SCAN cases=1 respRemind=0 respEsc=0 closureRemind=0 closureEsc=0 surveyExpired=0
2026-09-05T23:38:24.843Z [INFO] [slaReminder] SLA_SCAN cases=1 respRemind=0 respEsc=0 closureRemind=0 closureEsc=0 surveyExpired=0
2026-09-05T23:39:24.850Z [INFO] [slaReminder] SLA_SCAN cases=1 respRemind=0 respEsc=0 closureRemind=0 closureEsc=0 surveyExpired=0
2026-09-05T23:40:24.858Z [INFO] [slaReminder] SLA_SCAN cases=1 respRemind=0 respEsc=0 closureRemind=0 closureEsc=0 surveyExpired=0
2026-09-05T23:41:24.869Z [INFO] [slaReminder] SLA_SCAN cases=1 respRemind=0 respEsc=0 closureRemind=0 closureEsc=0 surveyExpired=0
2026-09-05T23:42:24.877Z [INFO] [slaReminder] SLA_SCAN cases=1 respRemind=0 respEsc=0 closureRemind=0 closureEsc=0 surveyExpired=0
2026-09-05T23:43:24.883Z [INFO] [slaReminder] SLA_SCAN cases=1 respRemind=0 respEsc=0 closureRemind=0 closureEsc=0 surveyExpired=0
2026-09-05T23:44:24.894Z [INFO] [slaReminder] SLA_SCAN cases=1 respRemind=0 respEsc=0 closureRemind=0 closureEsc=0 surveyExpired=0
2026-09-05T23:45:24.906Z [INFO] [slaReminder] SLA_SCAN cases=1 respRemind=0 respEsc=0 closureRemind=0 closureEsc=0 surveyExpired=0
2026-09-05T23:46:24.917Z [INFO] [slaReminder] SLA_SCAN cases=1 respRemind=0 respEsc=0 closureRemind=0 closureEsc=0 surveyExpired=0
2026-09-05T23:47:24.925Z [INFO] [slaReminder] SLA_SCAN cases=1 respRemind=0 respEsc=0 closureRemind=0 closureEsc=0 surveyExpired=0
2026-09-05T23:48:24.940Z [INFO] [slaReminder] SLA_SCAN cases=1 respRemind=0 respEsc=0 closureRemind=0 closureEsc=0 surveyExpired=0
2026-09-05T23:49:24.953Z [INFO] [slaReminder] SLA_SCAN cases=1 respRemind=0 respEsc=0 closureRemind=0 closureEsc=0 surveyExpired=0
2026-09-05T23:50:24.954Z [INFO] [slaReminder] SLA_SCAN cases=1 respRemind=0 respEsc=0 closureRemind=0 closureEsc=0 surveyExpired=0
2026-09-05T23:51:24.960Z [INFO] [slaReminder] SLA_SCAN cases=1 respRemind=0 respEsc=0 closureRemind=0 closureEsc=0 surveyExpired=0
2026-09-05T23:52:24.964Z [INFO] [slaReminder] SLA_SCAN cases=1 respRemind=0 respEsc=0 closureRemind=0 closureEsc=0 surveyExpired=0
2026-09-05T23:53:24.972Z [INFO] [slaReminder] SLA_SCAN cases=1 respRemind=0 respEsc=0 closureRemind=0 closureEsc=0 surveyExpired=0
2026-09-05T23:54:24.986Z [INFO] [slaReminder] SLA_SCAN cases=1 respRemind=0 respEsc=0 closureRemind=0 closureEsc=0 surveyExpired=0
2026-09-05T23:55:24.992Z [INFO] [slaReminder] SLA_SCAN cases=1 respRemind=0 respEsc=0 closureRemind=0 closureEsc=0 surveyExpired=0
2026-09-05T23:56:25.003Z [INFO] [slaReminder] SLA_SCAN cases=1 respRemind=0 respEsc=0 closureRemind=0 closureEsc=0 surveyExpired=0
2026-09-05T23:57:25.018Z [INFO] [slaReminder] SLA_SCAN cases=1 respRemind=0 respEsc=0 closureRemind=0 closureEsc=0 surveyExpired=0
2026-09-05T23:58:25.033Z [INFO] [slaReminder] SLA_SCAN cases=1 respRemind=0 respEsc=0 closureRemind=0 closureEsc=0 surveyExpired=0
2026-09-05T23:59:25.044Z [INFO] [slaReminder] SLA_SCAN cases=1 respRemind=0 respEsc=0 closureRemind=0 closureEsc=0 surveyExpired=0
2026-09-06T00:00:25.055Z [INFO] [slaReminder] SLA_SCAN cases=1 respRemind=0 respEsc=0 closureRemind=0 closureEsc=0 surveyExpired=0
2026-09-06T00:01:25.052Z [INFO] [slaReminder] SLA_SCAN cases=1 respRemind=0 respEsc=0 closureRemind=0 closureEsc=0 surveyExpired=0
2026-09-06T00:02:25.067Z [INFO] [slaReminder] SLA_SCAN cases=1 respRemind=0 respEsc=0 closureRemind=0 closureEsc=0 surveyExpired=0
2026-09-06T00:03:25.072Z [INFO] [slaReminder] SLA_SCAN cases=1 respRemind=0 respEsc=0 closureRemind=0 closureEsc=0 surveyExpired=0
2026-09-06T00:04:25.076Z [INFO] [slaReminder] SLA_SCAN cases=1 respRemind=0 respEsc=0 closureRemind=0 closureEsc=0 surveyExpired=0
2026-09-06T00:05:25.077Z [INFO] [slaReminder] SLA_SCAN cases=1 respRemind=0 respEsc=0 closureRemind=0 closureEsc=0 surveyExpired=0
2026-09-06T00:06:25.081Z [INFO] [slaReminder] SLA_SCAN cases=1 respRemind=0 respEsc=0 closureRemind=0 closureEsc=0 surveyExpired=0
2026-09-06T00:07:25.093Z [INFO] [slaReminder] SLA_SCAN cases=1 respRemind=0 respEsc=0 closureRemind=0 closureEsc=0 surveyExpired=0
2026-09-06T00:08:25.097Z [INFO] [slaReminder] SLA_SCAN cases=1 respRemind=0 respEsc=0 closureRemind=0 closureEsc=0 surveyExpired=0
2026-09-06T00:09:25.141Z [INFO] [slaReminder] SLA_SCAN cases=1 respRemind=0 respEsc=0 closureRemind=0 closureEsc=0 surveyExpired=0
2026-09-06T00:10:25.148Z [INFO] [slaReminder] SLA_SCAN cases=1 respRemind=0 respEsc=0 closureRemind=0 closureEsc=0 surveyExpired=0
2026-09-06T00:11:25.158Z [INFO] [slaReminder] SLA_SCAN cases=1 respRemind=0 respEsc=0 closureRemind=0 closureEsc=0 surveyExpired=0
2026-09-06T00:12:25.164Z [INFO] [slaReminder] SLA_SCAN cases=1 respRemind=0 respEsc=0 closureRemind=0 closureEsc=0 surveyExpired=0
2026-09-06T00:13:25.172Z [INFO] [slaReminder] SLA_SCAN cases=1 respRemind=0 respEsc=0 closureRemind=0 closureEsc=0 surveyExpired=0
2026-09-06T00:14:25.175Z [INFO] [slaReminder] SLA_SCAN cases=1 respRemind=0 respEsc=0 closureRemind=0 closureEsc=0 surveyExpired=0
2026-09-06T00:15:25.180Z [INFO] [slaReminder] SLA_SCAN cases=1 respRemind=0 respEsc=0 closureRemind=0 closureEsc=0 surveyExpired=0
2026-09-06T00:16:25.188Z [INFO] [slaReminder] SLA_SCAN cases=1 respRemind=0 respEsc=0 closureRemind=0 closureEsc=0 surveyExpired=0
2026-09-06T00:17:25.198Z [INFO] [slaReminder] SLA_SCAN cases=1 respRemind=0 respEsc=0 closureRemind=0 closureEsc=0 surveyExpired=0
2026-09-06T00:18:25.214Z [INFO] [slaReminder] SLA_SCAN cases=1 respRemind=0 respEsc=0 closureRemind=0 closureEsc=0 surveyExpired=0
2026-09-06T00:19:25.238Z [INFO] [slaReminder] SLA_SCAN cases=1 respRemind=0 respEsc=0 closureRemind=0 closureEsc=0 surveyExpired=0
2026-09-06T00:20:25.251Z [INFO] [slaReminder] SLA_SCAN cases=1 respRemind=0 respEsc=0 closureRemind=0 closureEsc=0 surveyExpired=0
2026-09-06T00:21:25.263Z [INFO] [slaReminder] SLA_SCAN cases=1 respRemind=0 respEsc=0 closureRemind=0 closureEsc=0 surveyExpired=0
2026-09-06T00:22:25.275Z [INFO] [slaReminder] SLA_SCAN cases=1 respRemind=0 respEsc=0 closureRemind=0 closureEsc=0 surveyExpired=0
2026-09-06T00:23:25.282Z [INFO] [slaReminder] SLA_SCAN cases=1 respRemind=0 respEsc=0 closureRemind=0 closureEsc=0 surveyExpired=0
2026-09-06T00:24:25.295Z [INFO] [slaReminder] SLA_SCAN cases=1 respRemind=0 respEsc=0 closureRemind=0 closureEsc=0 surveyExpired=0
2026-09-06T00:25:25.310Z [INFO] [slaReminder] SLA_SCAN cases=1 respRemind=0 respEsc=0 closureRemind=0 closureEsc=0 surveyExpired=0
2026-09-06T00:26:25.316Z [INFO] [slaReminder] SLA_SCAN cases=1 respRemind=0 respEsc=0 closureRemind=0 closureEsc=0 surveyExpired=0
2026-09-06T00:27:25.324Z [INFO] [slaReminder] SLA_SCAN cases=1 respRemind=0 respEsc=0 closureRemind=0 closureEsc=0 surveyExpired=0
2026-09-06T00:28:25.326Z [INFO] [slaReminder] SLA_SCAN cases=1 respRemind=0 respEsc=0 closureRemind=0 closureEsc=0 surveyExpired=0
2026-09-06T00:29:25.329Z [INFO] [slaReminder] SLA_SCAN cases=1 respRemind=0 respEsc=0 closureRemind=0 closureEsc=0 surveyExpired=0
2026-09-06T00:30:25.338Z [INFO] [slaReminder] SLA_SCAN cases=1 respRemind=0 respEsc=0 closureRemind=0 closureEsc=0 surveyExpired=0
2026-09-06T00:31:25.344Z [INFO] [slaReminder] SLA_SCAN cases=1 respRemind=0 respEsc=0 closureRemind=0 closureEsc=0 surveyExpired=0
2026-09-06T00:32:25.361Z [INFO] [slaReminder] SLA_SCAN cases=1 respRemind=0 respEsc=0 closureRemind=0 closureEsc=0 surveyExpired=0
2026-09-06T00:33:25.366Z [INFO] [slaReminder] SLA_SCAN cases=1 respRemind=0 respEsc=0 closureRemind=0 closureEsc=0 surveyExpired=0
2026-09-06T00:34:25.373Z [INFO] [slaReminder] SLA_SCAN cases=1 respRemind=0 respEsc=0 closureRemind=0 closureEsc=0 surveyExpired=0
2026-09-06T00:35:25.386Z [INFO] [slaReminder] SLA_SCAN cases=1 respRemind=0 respEsc=0 closureRemind=0 closureEsc=0 surveyExpired=0
2026-09-06T00:36:25.394Z [INFO] [slaReminder] SLA_SCAN cases=1 respRemind=0 respEsc=0 closureRemind=0 closureEsc=0 surveyExpired=0
2026-09-06T00:37:25.407Z [INFO] [slaReminder] SLA_SCAN cases=1 respRemind=0 respEsc=0 closureRemind=0 closureEsc=0 surveyExpired=0
2026-09-06T00:38:25.422Z [INFO] [slaReminder] SLA_SCAN cases=1 respRemind=0 respEsc=0 closureRemind=0 closureEsc=0 surveyExpired=0
2026-09-06T00:39:25.426Z [INFO] [slaReminder] SLA_SCAN cases=1 respRemind=0 respEsc=0 closureRemind=0 closureEsc=0 surveyExpired=0
2026-09-06T00:40:25.436Z [INFO] [slaReminder] SLA_SCAN cases=1 respRemind=0 respEsc=0 closureRemind=0 closureEsc=0 surveyExpired=0
2026-09-06T00:41:25.450Z [INFO] [slaReminder] SLA_SCAN cases=1 respRemind=0 respEsc=0 closureRemind=0 closureEsc=0 surveyExpired=0
2026-09-06T00:42:25.460Z [INFO] [slaReminder] SLA_SCAN cases=1 respRemind=0 respEsc=0 closureRemind=0 closureEsc=0 surveyExpired=0
2026-09-06T00:43:25.465Z [INFO] [slaReminder] SLA_SCAN cases=1 respRemind=0 respEsc=0 closureRemind=0 closureEsc=0 surveyExpired=0
2026-09-06T00:44:25.469Z [INFO] [slaReminder] SLA_SCAN cases=1 respRemind=0 respEsc=0 closureRemind=0 closureEsc=0 surveyExpired=0
2026-09-06T00:45:25.485Z [INFO] [slaReminder] SLA_SCAN cases=1 respRemind=0 respEsc=0 closureRemind=0 closureEsc=0 surveyExpired=0
2026-09-06T00:46:25.512Z [INFO] [slaReminder] SLA_SCAN cases=1 respRemind=0 respEsc=0 closureRemind=0 closureEsc=0 surveyExpired=0
2026-09-06T00:47:25.519Z [INFO] [slaReminder] SLA_SCAN cases=1 respRemind=0 respEsc=0 closureRemind=0 closureEsc=0 surveyExpired=0
2026-09-06T00:48:25.530Z [INFO] [slaReminder] SLA_SCAN cases=1 respRemind=0 respEsc=0 closureRemind=0 closureEsc=0 surveyExpired=0
2026-09-06T00:49:25.535Z [INFO] [slaReminder] SLA_SCAN cases=1 respRemind=0 respEsc=0 closureRemind=0 closureEsc=0 surveyExpired=0
2026-09-06T00:50:25.552Z [INFO] [slaReminder] SLA_SCAN cases=1 respRemind=0 respEsc=0 closureRemind=0 closureEsc=0 surveyExpired=0
2026-09-06T00:51:25.556Z [INFO] [slaReminder] SLA_SCAN cases=1 respRemind=0 respEsc=0 closureRemind=0 closureEsc=0 surveyExpired=0
2026-09-06T00:52:25.569Z [INFO] [slaReminder] SLA_SCAN cases=1 respRemind=0 respEsc=0 closureRemind=0 closureEsc=0 surveyExpired=0
2026-09-06T00:53:25.575Z [INFO] [slaReminder] SLA_SCAN cases=1 respRemind=0 respEsc=0 closureRemind=0 closureEsc=0 surveyExpired=0
2026-09-06T00:54:25.582Z [INFO] [slaReminder] SLA_SCAN cases=1 respRemind=0 respEsc=0 closureRemind=0 closureEsc=0 surveyExpired=0
2026-09-06T00:55:25.591Z [INFO] [slaReminder] SLA_SCAN cases=1 respRemind=0 respEsc=0 closureRemind=0 closureEsc=0 surveyExpired=0
2026-09-06T00:56:25.591Z [INFO] [slaReminder] SLA_SCAN cases=1 respRemind=0 respEsc=0 closureRemind=0 closureEsc=0 surveyExpired=0
2026-09-06T00:57:25.606Z [INFO] [slaReminder] SLA_SCAN cases=1 respRemind=0 respEsc=0 closureRemind=0 closureEsc=0 surveyExpired=0
2026-09-06T00:58:25.609Z [INFO] [slaReminder] SLA_SCAN cases=1 respRemind=0 respEsc=0 closureRemind=0 closureEsc=0 surveyExpired=0
2026-09-06T00:59:25.612Z [INFO] [slaReminder] SLA_SCAN cases=1 respRemind=0 respEsc=0 closureRemind=0 closureEsc=0 surveyExpired=0
2026-09-06T01:00:25.615Z [INFO] [slaReminder] SLA_SCAN cases=1 respRemind=0 respEsc=0 closureRemind=0 closureEsc=0 surveyExpired=0
2026-09-06T01:01:25.620Z [INFO] [slaReminder] SLA_SCAN cases=1 respRemind=0 respEsc=0 closureRemind=0 closureEsc=0 surveyExpired=0
2026-09-06T01:02:25.630Z [INFO] [slaReminder] SLA_SCAN cases=1 respRemind=0 respEsc=0 closureRemind=0 closureEsc=0 surveyExpired=0
2026-09-06T01:03:25.631Z [INFO] [slaReminder] SLA_SCAN cases=1 respRemind=0 respEsc=0 closureRemind=0 closureEsc=0 surveyExpired=0
2026-09-06T01:04:25.636Z [INFO] [slaReminder] SLA_SCAN cases=1 respRemind=0 respEsc=0 closureRemind=0 closureEsc=0 surveyExpired=0
2026-09-06T01:05:25.651Z [INFO] [slaReminder] SLA_SCAN cases=1 respRemind=0 respEsc=0 closureRemind=0 closureEsc=0 surveyExpired=0
2026-09-06T01:06:25.666Z [INFO] [slaReminder] SLA_SCAN cases=1 respRemind=0 respEsc=0 closureRemind=0 closureEsc=0 surveyExpired=0
2026-09-06T01:07:25.664Z [INFO] [slaReminder] SLA_SCAN cases=1 respRemind=0 respEsc=0 closureRemind=0 closureEsc=0 surveyExpired=0
2026-09-06T01:08:25.674Z [INFO] [slaReminder] SLA_SCAN cases=1 respRemind=0 respEsc=0 closureRemind=0 closureEsc=0 surveyExpired=0
2026-09-06T01:09:25.677Z [INFO] [slaReminder] SLA_SCAN cases=1 respRemind=0 respEsc=0 closureRemind=0 closureEsc=0 surveyExpired=0
2026-09-06T01:10:25.690Z [INFO] [slaReminder] SLA_SCAN cases=1 respRemind=0 respEsc=0 closureRemind=0 closureEsc=0 surveyExpired=0
2026-09-06T01:11:25.693Z [INFO] [slaReminder] SLA_SCAN cases=1 respRemind=0 respEsc=0 closureRemind=0 closureEsc=0 surveyExpired=0
2026-09-06T01:12:25.704Z [INFO] [slaReminder] SLA_SCAN cases=1 respRemind=0 respEsc=0 closureRemind=0 closureEsc=0 surveyExpired=0
2026-09-06T01:13:25.717Z [INFO] [slaReminder] SLA_SCAN cases=1 respRemind=0 respEsc=0 closureRemind=0 closureEsc=0 surveyExpired=0
2026-09-06T01:14:25.721Z [INFO] [slaReminder] SLA_SCAN cases=1 respRemind=0 respEsc=0 closureRemind=0 closureEsc=0 surveyExpired=0
2026-09-06T01:15:25.727Z [INFO] [slaReminder] SLA_SCAN cases=1 respRemind=0 respEsc=0 closureRemind=0 closureEsc=0 surveyExpired=0
2026-09-06T01:16:25.742Z [INFO] [slaReminder] SLA_SCAN cases=1 respRemind=0 respEsc=0 closureRemind=0 closureEsc=0 surveyExpired=0
2026-09-06T01:17:25.750Z [INFO] [slaReminder] SLA_SCAN cases=1 respRemind=0 respEsc=0 closureRemind=0 closureEsc=0 surveyExpired=0
2026-09-06T01:18:25.762Z [INFO] [slaReminder] SLA_SCAN cases=1 respRemind=0 respEsc=0 closureRemind=0 closureEsc=0 surveyExpired=0
2026-09-06T01:19:25.774Z [INFO] [slaReminder] SLA_SCAN cases=1 respRemind=0 respEsc=0 closureRemind=0 closureEsc=0 surveyExpired=0
2026-09-06T01:20:25.791Z [INFO] [slaReminder] SLA_SCAN cases=1 respRemind=0 respEsc=0 closureRemind=0 closureEsc=0 surveyExpired=0
2026-09-06T01:21:25.793Z [INFO] [slaReminder] SLA_SCAN cases=1 respRemind=0 respEsc=0 closureRemind=0 closureEsc=0 surveyExpired=0
2026-09-06T01:22:25.797Z [INFO] [slaReminder] SLA_SCAN cases=1 respRemind=0 respEsc=0 closureRemind=0 closureEsc=0 surveyExpired=0
2026-09-06T01:23:25.801Z [INFO] [slaReminder] SLA_SCAN cases=1 respRemind=0 respEsc=0 closureRemind=0 closureEsc=0 surveyExpired=0
2026-09-06T01:24:25.808Z [INFO] [slaReminder] SLA_SCAN cases=1 respRemind=0 respEsc=0 closureRemind=0 closureEsc=0 surveyExpired=0
2026-09-06T01:25:25.820Z [INFO] [slaReminder] SLA_SCAN cases=1 respRemind=0 respEsc=0 closureRemind=0 closureEsc=0 surveyExpired=0
2026-09-06T01:26:25.830Z [INFO] [slaReminder] SLA_SCAN cases=1 respRemind=0 respEsc=0 closureRemind=0 closureEsc=0 surveyExpired=0
2026-09-06T01:27:25.845Z [INFO] [slaReminder] SLA_SCAN cases=1 respRemind=0 respEsc=0 closureRemind=0 closureEsc=0 surveyExpired=0
2026-09-06T01:28:25.851Z [INFO] [slaReminder] SLA_SCAN cases=1 respRemind=0 respEsc=0 closureRemind=0 closureEsc=0 surveyExpired=0
2026-09-06T01:29:25.861Z [INFO] [slaReminder] SLA_SCAN cases=1 respRemind=0 respEsc=0 closureRemind=0 closureEsc=0 surveyExpired=0
2026-09-06T01:30:25.869Z [INFO] [slaReminder] SLA_SCAN cases=1 respRemind=0 respEsc=0 closureRemind=0 closureEsc=0 surveyExpired=0
2026-09-06T01:31:25.878Z [INFO] [slaReminder] SLA_SCAN cases=1 respRemind=0 respEsc=0 closureRemind=0 closureEsc=0 surveyExpired=0
2026-09-06T01:32:25.889Z [INFO] [slaReminder] SLA_SCAN cases=1 respRemind=0 respEsc=0 closureRemind=0 closureEsc=0 surveyExpired=0
2026-09-06T01:33:25.899Z [INFO] [slaReminder] SLA_SCAN cases=1 respRemind=0 respEsc=0 closureRemind=0 closureEsc=0 surveyExpired=0
2026-09-06T01:34:25.902Z [INFO] [slaReminder] SLA_SCAN cases=1 respRemind=0 respEsc=0 closureRemind=0 closureEsc=0 surveyExpired=0
2026-09-06T01:35:25.911Z [INFO] [slaReminder] SLA_SCAN cases=1 respRemind=0 respEsc=0 closureRemind=0 closureEsc=0 surveyExpired=0
2026-09-06T01:36:25.917Z [INFO] [slaReminder] SLA_SCAN cases=1 respRemind=0 respEsc=0 closureRemind=0 closureEsc=0 surveyExpired=0
2026-09-06T01:37:25.917Z [INFO] [slaReminder] SLA_SCAN cases=1 respRemind=0 respEsc=0 closureRemind=0 closureEsc=0 surveyExpired=0
2026-09-06T01:38:25.929Z [INFO] [slaReminder] SLA_SCAN cases=1 respRemind=0 respEsc=0 closureRemind=0 closureEsc=0 surveyExpired=0
2026-09-06T01:39:25.932Z [INFO] [slaReminder] SLA_SCAN cases=1 respRemind=0 respEsc=0 closureRemind=0 closureEsc=0 surveyExpired=0
2026-09-06T01:40:25.933Z [INFO] [slaReminder] SLA_SCAN cases=1 respRemind=0 respEsc=0 closureRemind=0 closureEsc=0 surveyExpired=0
2026-09-06T01:41:25.943Z [INFO] [slaReminder] SLA_SCAN cases=1 respRemind=0 respEsc=0 closureRemind=0 closureEsc=0 surveyExpired=0
2026-09-06T01:42:25.949Z [INFO] [slaReminder] SLA_SCAN cases=1 respRemind=0 respEsc=0 closureRemind=0 closureEsc=0 surveyExpired=0
2026-09-06T01:43:25.952Z [INFO] [slaReminder] SLA_SCAN cases=1 respRemind=0 respEsc=0 closureRemind=0 closureEsc=0 surveyExpired=0
2026-09-06T01:44:25.961Z [INFO] [slaReminder] SLA_SCAN cases=1 respRemind=0 respEsc=0 closureRemind=0 closureEsc=0 surveyExpired=0
2026-09-06T01:45:25.979Z [INFO] [slaReminder] SLA_SCAN cases=1 respRemind=0 respEsc=0 closureRemind=0 closureEsc=0 surveyExpired=0
2026-09-06T01:46:25.983Z [INFO] [slaReminder] SLA_SCAN cases=1 respRemind=0 respEsc=0 closureRemind=0 closureEsc=0 surveyExpired=0
2026-09-06T01:47:25.987Z [INFO] [slaReminder] SLA_SCAN cases=1 respRemind=0 respEsc=0 closureRemind=0 closureEsc=0 surveyExpired=0
2026-09-06T01:48:25.991Z [INFO] [slaReminder] SLA_SCAN cases=1 respRemind=0 respEsc=0 closureRemind=0 closureEsc=0 surveyExpired=0
2026-09-06T01:49:26.003Z [INFO] [slaReminder] SLA_SCAN cases=1 respRemind=0 respEsc=0 closureRemind=0 closureEsc=0 surveyExpired=0
2026-09-06T01:50:26.015Z [INFO] [slaReminder] SLA_SCAN cases=1 respRemind=0 respEsc=0 closureRemind=0 closureEsc=0 surveyExpired=0
2026-09-06T01:51:26.019Z [INFO] [slaReminder] SLA_SCAN cases=1 respRemind=0 respEsc=0 closureRemind=0 closureEsc=0 surveyExpired=0
2026-09-06T01:52:26.021Z [INFO] [slaReminder] SLA_SCAN cases=1 respRemind=0 respEsc=0 closureRemind=0 closureEsc=0 surveyExpired=0
2026-09-06T01:53:26.026Z [INFO] [slaReminder] SLA_SCAN cases=1 respRemind=0 respEsc=0 closureRemind=0 closureEsc=0 surveyExpired=0
2026-09-06T01:54:26.027Z [INFO] [slaReminder] SLA_SCAN cases=1 respRemind=0 respEsc=0 closureRemind=0 closureEsc=0 surveyExpired=0
2026-09-06T01:55:26.031Z [INFO] [slaReminder] SLA_SCAN cases=1 respRemind=0 respEsc=0 closureRemind=0 closureEsc=0 surveyExpired=0
2026-09-06T01:56:26.045Z [INFO] [slaReminder] SLA_SCAN cases=1 respRemind=0 respEsc=0 closureRemind=0 closureEsc=0 surveyExpired=0
2026-09-06T01:57:26.053Z [INFO] [slaReminder] SLA_SCAN cases=1 respRemind=0 respEsc=0 closureRemind=0 closureEsc=0 surveyExpired=0
2026-09-06T01:58:26.053Z [INFO] [slaReminder] SLA_SCAN cases=1 respRemind=0 respEsc=0 closureRemind=0 closureEsc=0 surveyExpired=0
2026-09-06T01:59:26.063Z [INFO] [slaReminder] SLA_SCAN cases=1 respRemind=0 respEsc=0 closureRemind=0 closureEsc=0 surveyExpired=0
2026-09-06T02:00:26.064Z [INFO] [slaReminder] SLA_SCAN cases=1 respRemind=0 respEsc=0 closureRemind=0 closureEsc=0 surveyExpired=0
2026-09-06T02:01:26.077Z [INFO] [slaReminder] SLA_SCAN cases=1 respRemind=0 respEsc=0 closureRemind=0 closureEsc=0 surveyExpired=0
2026-09-06T02:02:26.082Z [INFO] [slaReminder] SLA_SCAN cases=1 respRemind=0 respEsc=0 closureRemind=0 closureEsc=0 surveyExpired=0
2026-09-06T02:03:26.092Z [INFO] [slaReminder] SLA_SCAN cases=1 respRemind=0 respEsc=0 closureRemind=0 closureEsc=0 surveyExpired=0
2026-09-06T02:04:26.101Z [INFO] [slaReminder] SLA_SCAN cases=1 respRemind=0 respEsc=0 closureRemind=0 closureEsc=0 surveyExpired=0
2026-09-06T02:05:26.106Z [INFO] [slaReminder] SLA_SCAN cases=1 respRemind=0 respEsc=0 closureRemind=0 closureEsc=0 surveyExpired=0
2026-09-06T02:06:26.117Z [INFO] [slaReminder] SLA_SCAN cases=1 respRemind=0 respEsc=0 closureRemind=0 closureEsc=0 surveyExpired=0
2026-09-06T02:07:26.120Z [INFO] [slaReminder] SLA_SCAN cases=1 respRemind=0 respEsc=0 closureRemind=0 closureEsc=0 surveyExpired=0
2026-09-06T02:08:26.121Z [INFO] [slaReminder] SLA_SCAN cases=1 respRemind=0 respEsc=0 closureRemind=0 closureEsc=0 surveyExpired=0
2026-09-06T02:09:26.134Z [INFO] [slaReminder] SLA_SCAN cases=1 respRemind=0 respEsc=0 closureRemind=0 closureEsc=0 surveyExpired=0
2026-09-06T02:10:26.143Z [INFO] [slaReminder] SLA_SCAN cases=1 respRemind=0 respEsc=0 closureRemind=0 closureEsc=0 surveyExpired=0
2026-09-06T02:11:26.147Z [INFO] [slaReminder] SLA_SCAN cases=1 respRemind=0 respEsc=0 closureRemind=0 closureEsc=0 surveyExpired=0
2026-09-06T02:12:26.156Z [INFO] [slaReminder] SLA_SCAN cases=1 respRemind=0 respEsc=0 closureRemind=0 closureEsc=0 surveyExpired=0
2026-09-06T02:13:26.158Z [INFO] [slaReminder] SLA_SCAN cases=1 respRemind=0 respEsc=0 closureRemind=0 closureEsc=0 surveyExpired=0
2026-09-06T02:14:26.167Z [INFO] [slaReminder] SLA_SCAN cases=1 respRemind=0 respEsc=0 closureRemind=0 closureEsc=0 surveyExpired=0
2026-09-06T02:15:26.171Z [INFO] [slaReminder] SLA_SCAN cases=1 respRemind=0 respEsc=0 closureRemind=0 closureEsc=0 surveyExpired=0
2026-09-06T02:16:26.179Z [INFO] [slaReminder] SLA_SCAN cases=1 respRemind=0 respEsc=0 closureRemind=0 closureEsc=0 surveyExpired=0
2026-09-06T02:17:26.185Z [INFO] [slaReminder] SLA_SCAN cases=1 respRemind=0 respEsc=0 closureRemind=0 closureEsc=0 surveyExpired=0
2026-09-06T02:18:26.189Z [INFO] [slaReminder] SLA_SCAN cases=1 respRemind=0 respEsc=0 closureRemind=0 closureEsc=0 surveyExpired=0
2026-09-06T02:19:26.192Z [INFO] [slaReminder] SLA_SCAN cases=1 respRemind=0 respEsc=0 closureRemind=0 closureEsc=0 surveyExpired=0
2026-09-06T02:20:26.208Z [INFO] [slaReminder] SLA_SCAN cases=1 respRemind=0 respEsc=0 closureRemind=0 closureEsc=0 surveyExpired=0
2026-09-06T02:21:26.215Z [INFO] [slaReminder] SLA_SCAN cases=1 respRemind=0 respEsc=0 closureRemind=0 closureEsc=0 surveyExpired=0
2026-09-06T02:22:26.227Z [INFO] [slaReminder] SLA_SCAN cases=1 respRemind=0 respEsc=0 closureRemind=0 closureEsc=0 surveyExpired=0
2026-09-06T02:23:26.228Z [INFO] [slaReminder] SLA_SCAN cases=1 respRemind=0 respEsc=0 closureRemind=0 closureEsc=0 surveyExpired=0
2026-09-06T02:24:26.243Z [INFO] [slaReminder] SLA_SCAN cases=1 respRemind=0 respEsc=0 closureRemind=0 closureEsc=0 surveyExpired=0
2026-09-06T02:25:26.254Z [INFO] [slaReminder] SLA_SCAN cases=1 respRemind=0 respEsc=0 closureRemind=0 closureEsc=0 surveyExpired=0
2026-09-06T02:26:26.261Z [INFO] [slaReminder] SLA_SCAN cases=1 respRemind=0 respEsc=0 closureRemind=0 closureEsc=0 surveyExpired=0
2026-09-06T02:27:26.275Z [INFO] [slaReminder] SLA_SCAN cases=1 respRemind=0 respEsc=0 closureRemind=0 closureEsc=0 surveyExpired=0
2026-09-06T02:28:26.290Z [INFO] [slaReminder] SLA_SCAN cases=1 respRemind=0 respEsc=0 closureRemind=0 closureEsc=0 surveyExpired=0
2026-09-06T02:29:26.292Z [INFO] [slaReminder] SLA_SCAN cases=1 respRemind=0 respEsc=0 closureRemind=0 closureEsc=0 surveyExpired=0
2026-09-06T02:30:26.303Z [INFO] [slaReminder] SLA_SCAN cases=1 respRemind=0 respEsc=0 closureRemind=0 closureEsc=0 surveyExpired=0
2026-09-06T02:31:26.319Z [INFO] [slaReminder] SLA_SCAN cases=1 respRemind=0 respEsc=0 closureRemind=0 closureEsc=0 surveyExpired=0
2026-09-06T02:32:26.320Z [INFO] [slaReminder] SLA_SCAN cases=1 respRemind=0 respEsc=0 closureRemind=0 closureEsc=0 surveyExpired=0
2026-09-06T02:33:26.324Z [INFO] [slaReminder] SLA_SCAN cases=1 respRemind=0 respEsc=0 closureRemind=0 closureEsc=0 surveyExpired=0
2026-09-06T02:34:26.339Z [INFO] [slaReminder] SLA_SCAN cases=1 respRemind=0 respEsc=0 closureRemind=0 closureEsc=0 surveyExpired=0
2026-09-06T02:35:26.342Z [INFO] [slaReminder] SLA_SCAN cases=1 respRemind=0 respEsc=0 closureRemind=0 closureEsc=0 surveyExpired=0
2026-09-06T02:36:26.353Z [INFO] [slaReminder] SLA_SCAN cases=1 respRemind=0 respEsc=0 closureRemind=0 closureEsc=0 surveyExpired=0
2026-09-06T02:37:26.365Z [INFO] [slaReminder] SLA_SCAN cases=1 respRemind=0 respEsc=0 closureRemind=0 closureEsc=0 surveyExpired=0
2026-09-06T02:38:26.367Z [INFO] [slaReminder] SLA_SCAN cases=1 respRemind=0 respEsc=0 closureRemind=0 closureEsc=0 surveyExpired=0
2026-09-06T02:39:26.370Z [INFO] [slaReminder] SLA_SCAN cases=1 respRemind=0 respEsc=0 closureRemind=0 closureEsc=0 surveyExpired=0
2026-09-06T02:40:26.382Z [INFO] [slaReminder] SLA_SCAN cases=1 respRemind=0 respEsc=0 closureRemind=0 closureEsc=0 surveyExpired=0
2026-09-06T02:41:26.396Z [INFO] [slaReminder] SLA_SCAN cases=1 respRemind=0 respEsc=0 closureRemind=0 closureEsc=0 surveyExpired=0
2026-09-06T02:42:26.398Z [INFO] [slaReminder] SLA_SCAN cases=1 respRemind=0 respEsc=0 closureRemind=0 closureEsc=0 surveyExpired=0
2026-09-06T02:43:26.405Z [INFO] [slaReminder] SLA_SCAN cases=1 respRemind=0 respEsc=0 closureRemind=0 closureEsc=0 surveyExpired=0
2026-09-06T02:44:26.407Z [INFO] [slaReminder] SLA_SCAN cases=1 respRemind=0 respEsc=0 closureRemind=0 closureEsc=0 surveyExpired=0
2026-09-06T02:45:26.409Z [INFO] [slaReminder] SLA_SCAN cases=1 respRemind=0 respEsc=0 closureRemind=0 closureEsc=0 surveyExpired=0
2026-09-06T02:46:26.430Z [INFO] [slaReminder] SLA_SCAN cases=1 respRemind=0 respEsc=0 closureRemind=0 closureEsc=0 surveyExpired=0
2026-09-06T02:47:26.434Z [INFO] [slaReminder] SLA_SCAN cases=1 respRemind=0 respEsc=0 closureRemind=0 closureEsc=0 surveyExpired=0
2026-09-06T02:48:26.445Z [INFO] [slaReminder] SLA_SCAN cases=1 respRemind=0 respEsc=0 closureRemind=0 closureEsc=0 surveyExpired=0
2026-09-06T02:49:26.458Z [INFO] [slaReminder] SLA_SCAN cases=1 respRemind=0 respEsc=0 closureRemind=0 closureEsc=0 surveyExpired=0
2026-09-06T02:50:26.463Z [INFO] [slaReminder] SLA_SCAN cases=1 respRemind=0 respEsc=0 closureRemind=0 closureEsc=0 surveyExpired=0
2026-09-06T02:51:26.470Z [INFO] [slaReminder] SLA_SCAN cases=1 respRemind=0 respEsc=0 closureRemind=0 closureEsc=0 surveyExpired=0
2026-09-06T02:52:26.475Z [INFO] [slaReminder] SLA_SCAN cases=1 respRemind=0 respEsc=0 closureRemind=0 closureEsc=0 surveyExpired=0
2026-09-06T02:53:26.488Z [INFO] [slaReminder] SLA_SCAN cases=1 respRemind=0 respEsc=0 closureRemind=0 closureEsc=0 surveyExpired=0
2026-09-06T02:54:26.500Z [INFO] [slaReminder] SLA_SCAN cases=1 respRemind=0 respEsc=0 closureRemind=0 closureEsc=0 surveyExpired=0
2026-09-06T02:55:26.512Z [INFO] [slaReminder] SLA_SCAN cases=1 respRemind=0 respEsc=0 closureRemind=0 closureEsc=0 surveyExpired=0
2026-09-06T02:56:26.526Z [INFO] [slaReminder] SLA_SCAN cases=1 respRemind=0 respEsc=0 closureRemind=0 closureEsc=0 surveyExpired=0
2026-09-06T02:57:26.540Z [INFO] [slaReminder] SLA_SCAN cases=1 respRemind=0 respEsc=0 closureRemind=0 closureEsc=0 surveyExpired=0
2026-09-06T02:58:26.543Z [INFO] [slaReminder] SLA_SCAN cases=1 respRemind=0 respEsc=0 closureRemind=0 closureEsc=0 surveyExpired=0
2026-09-06T02:59:26.553Z [INFO] [slaReminder] SLA_SCAN cases=1 respRemind=0 respEsc=0 closureRemind=0 closureEsc=0 surveyExpired=0
2026-09-06T03:00:26.563Z [INFO] [slaReminder] SLA_SCAN cases=1 respRemind=0 respEsc=0 closureRemind=0 closureEsc=0 surveyExpired=0
2026-09-06T03:01:26.577Z [INFO] [slaReminder] SLA_SCAN cases=1 respRemind=0 respEsc=0 closureRemind=0 closureEsc=0 surveyExpired=0
2026-09-06T03:02:26.582Z [INFO] [slaReminder] SLA_SCAN cases=1 respRemind=0 respEsc=0 closureRemind=0 closureEsc=0 surveyExpired=0
2026-09-06T03:03:26.592Z [INFO] [slaReminder] SLA_SCAN cases=1 respRemind=0 respEsc=0 closureRemind=0 closureEsc=0 surveyExpired=0
2026-09-06T03:04:26.602Z [INFO] [slaReminder] SLA_SCAN cases=1 respRemind=0 respEsc=0 closureRemind=0 closureEsc=0 surveyExpired=0
2026-09-06T03:05:26.617Z [INFO] [slaReminder] SLA_SCAN cases=1 respRemind=0 respEsc=0 closureRemind=0 closureEsc=0 surveyExpired=0
2026-09-06T03:06:26.633Z [INFO] [slaReminder] SLA_SCAN cases=1 respRemind=0 respEsc=0 closureRemind=0 closureEsc=0 surveyExpired=0
2026-09-06T03:07:26.646Z [INFO] [slaReminder] SLA_SCAN cases=1 respRemind=0 respEsc=0 closureRemind=0 closureEsc=0 surveyExpired=0
2026-09-06T03:08:26.662Z [INFO] [slaReminder] SLA_SCAN cases=1 respRemind=0 respEsc=0 closureRemind=0 closureEsc=0 surveyExpired=0
2026-09-06T03:09:26.680Z [INFO] [slaReminder] SLA_SCAN cases=1 respRemind=0 respEsc=0 closureRemind=0 closureEsc=0 surveyExpired=0
2026-09-06T03:10:26.691Z [INFO] [slaReminder] SLA_SCAN cases=1 respRemind=0 respEsc=0 closureRemind=0 closureEsc=0 surveyExpired=0
2026-09-06T03:11:26.705Z [INFO] [slaReminder] SLA_SCAN cases=1 respRemind=0 respEsc=0 closureRemind=0 closureEsc=0 surveyExpired=0
2026-09-06T03:12:26.707Z [INFO] [slaReminder] SLA_SCAN cases=1 respRemind=0 respEsc=0 closureRemind=0 closureEsc=0 surveyExpired=0
2026-09-06T03:13:26.724Z [INFO] [slaReminder] SLA_SCAN cases=1 respRemind=0 respEsc=0 closureRemind=0 closureEsc=0 surveyExpired=0
2026-09-06T03:14:26.736Z [INFO] [slaReminder] SLA_SCAN cases=1 respRemind=0 respEsc=0 closureRemind=0 closureEsc=0 surveyExpired=0
2026-09-06T03:15:26.749Z [INFO] [slaReminder] SLA_SCAN cases=1 respRemind=0 respEsc=0 closureRemind=0 closureEsc=0 surveyExpired=0
2026-09-06T03:16:26.752Z [INFO] [slaReminder] SLA_SCAN cases=1 respRemind=0 respEsc=0 closureRemind=0 closureEsc=0 surveyExpired=0
2026-09-06T03:17:26.762Z [INFO] [slaReminder] SLA_SCAN cases=1 respRemind=0 respEsc=0 closureRemind=0 closureEsc=0 surveyExpired=0
2026-09-06T03:18:26.779Z [INFO] [slaReminder] SLA_SCAN cases=1 respRemind=0 respEsc=0 closureRemind=0 closureEsc=0 surveyExpired=0
2026-09-06T03:19:26.789Z [INFO] [slaReminder] SLA_SCAN cases=1 respRemind=0 respEsc=0 closureRemind=0 closureEsc=0 surveyExpired=0
2026-09-06T03:20:26.789Z [INFO] [slaReminder] SLA_SCAN cases=1 respRemind=0 respEsc=0 closureRemind=0 closureEsc=0 surveyExpired=0
2026-09-06T03:21:26.793Z [INFO] [slaReminder] SLA_SCAN cases=1 respRemind=0 respEsc=0 closureRemind=0 closureEsc=0 surveyExpired=0
2026-09-06T03:22:26.807Z [INFO] [slaReminder] SLA_SCAN cases=1 respRemind=0 respEsc=0 closureRemind=0 closureEsc=0 surveyExpired=0
2026-09-06T03:23:26.820Z [INFO] [slaReminder] SLA_SCAN cases=1 respRemind=0 respEsc=0 closureRemind=0 closureEsc=0 surveyExpired=0
2026-09-06T03:24:26.831Z [INFO] [slaReminder] SLA_SCAN cases=1 respRemind=0 respEsc=0 closureRemind=0 closureEsc=0 surveyExpired=0
2026-09-06T03:25:26.842Z [INFO] [slaReminder] SLA_SCAN cases=1 respRemind=0 respEsc=0 closureRemind=0 closureEsc=0 surveyExpired=0
2026-09-06T03:26:26.847Z [INFO] [slaReminder] SLA_SCAN cases=1 respRemind=0 respEsc=0 closureRemind=0 closureEsc=0 surveyExpired=0
2026-09-06T03:27:26.858Z [INFO] [slaReminder] SLA_SCAN cases=1 respRemind=0 respEsc=0 closureRemind=0 closureEsc=0 surveyExpired=0
2026-09-06T03:28:26.872Z [INFO] [slaReminder] SLA_SCAN cases=1 respRemind=0 respEsc=0 closureRemind=0 closureEsc=0 surveyExpired=0
2026-09-06T03:29:26.869Z [INFO] [slaReminder] SLA_SCAN cases=1 respRemind=0 respEsc=0 closureRemind=0 closureEsc=0 surveyExpired=0
2026-09-06T03:30:26.880Z [INFO] [slaReminder] SLA_SCAN cases=1 respRemind=0 respEsc=0 closureRemind=0 closureEsc=0 surveyExpired=0
2026-09-06T03:31:26.891Z [INFO] [slaReminder] SLA_SCAN cases=1 respRemind=0 respEsc=0 closureRemind=0 closureEsc=0 surveyExpired=0
2026-09-06T03:32:26.905Z [INFO] [slaReminder] SLA_SCAN cases=1 respRemind=0 respEsc=0 closureRemind=0 closureEsc=0 surveyExpired=0
2026-09-06T03:33:26.908Z [INFO] [slaReminder] SLA_SCAN cases=1 respRemind=0 respEsc=0 closureRemind=0 closureEsc=0 surveyExpired=0
2026-09-06T03:34:26.918Z [INFO] [slaReminder] SLA_SCAN cases=1 respRemind=0 respEsc=0 closureRemind=0 closureEsc=0 surveyExpired=0
2026-09-06T03:35:26.919Z [INFO] [slaReminder] SLA_SCAN cases=1 respRemind=0 respEsc=0 closureRemind=0 closureEsc=0 surveyExpired=0
2026-09-06T03:36:26.929Z [INFO] [slaReminder] SLA_SCAN cases=1 respRemind=0 respEsc=0 closureRemind=0 closureEsc=0 surveyExpired=0
2026-09-06T03:37:26.941Z [INFO] [slaReminder] SLA_SCAN cases=1 respRemind=0 respEsc=0 closureRemind=0 closureEsc=0 surveyExpired=0
2026-09-06T03:38:26.946Z [INFO] [slaReminder] SLA_SCAN cases=1 respRemind=0 respEsc=0 closureRemind=0 closureEsc=0 surveyExpired=0
2026-09-06T03:39:26.951Z [INFO] [slaReminder] SLA_SCAN cases=1 respRemind=0 respEsc=0 closureRemind=0 closureEsc=0 surveyExpired=0
2026-09-06T03:40:26.957Z [INFO] [slaReminder] SLA_SCAN cases=1 respRemind=0 respEsc=0 closureRemind=0 closureEsc=0 surveyExpired=0
2026-09-06T03:41:26.974Z [INFO] [slaReminder] SLA_SCAN cases=1 respRemind=0 respEsc=0 closureRemind=0 closureEsc=0 surveyExpired=0
2026-09-06T03:42:26.987Z [INFO] [slaReminder] SLA_SCAN cases=1 respRemind=0 respEsc=0 closureRemind=0 closureEsc=0 surveyExpired=0
2026-09-06T03:43:26.996Z [INFO] [slaReminder] SLA_SCAN cases=1 respRemind=0 respEsc=0 closureRemind=0 closureEsc=0 surveyExpired=0
2026-09-06T03:44:27.003Z [INFO] [slaReminder] SLA_SCAN cases=1 respRemind=0 respEsc=0 closureRemind=0 closureEsc=0 surveyExpired=0
2026-09-06T03:45:27.013Z [INFO] [slaReminder] SLA_SCAN cases=1 respRemind=0 respEsc=0 closureRemind=0 closureEsc=0 surveyExpired=0
2026-09-06T03:46:27.023Z [INFO] [slaReminder] SLA_SCAN cases=1 respRemind=0 respEsc=0 closureRemind=0 closureEsc=0 surveyExpired=0
2026-09-06T03:47:27.024Z [INFO] [slaReminder] SLA_SCAN cases=1 respRemind=0 respEsc=0 closureRemind=0 closureEsc=0 surveyExpired=0
2026-09-06T03:48:27.026Z [INFO] [slaReminder] SLA_SCAN cases=1 respRemind=0 respEsc=0 closureRemind=0 closureEsc=0 surveyExpired=0
2026-09-06T03:49:27.029Z [INFO] [slaReminder] SLA_SCAN cases=1 respRemind=0 respEsc=0 closureRemind=0 closureEsc=0 surveyExpired=0
2026-09-06T03:50:27.037Z [INFO] [slaReminder] SLA_SCAN cases=1 respRemind=0 respEsc=0 closureRemind=0 closureEsc=0 surveyExpired=0
2026-09-06T03:51:27.046Z [INFO] [slaReminder] SLA_SCAN cases=1 respRemind=0 respEsc=0 closureRemind=0 closureEsc=0 surveyExpired=0
2026-09-06T03:52:27.061Z [INFO] [slaReminder] SLA_SCAN cases=1 respRemind=0 respEsc=0 closureRemind=0 closureEsc=0 surveyExpired=0
2026-09-06T03:53:27.064Z [INFO] [slaReminder] SLA_SCAN cases=1 respRemind=0 respEsc=0 closureRemind=0 closureEsc=0 surveyExpired=0
2026-09-06T03:54:27.070Z [INFO] [slaReminder] SLA_SCAN cases=1 respRemind=0 respEsc=0 closureRemind=0 closureEsc=0 surveyExpired=0
2026-09-06T03:55:27.074Z [INFO] [slaReminder] SLA_SCAN cases=1 respRemind=0 respEsc=0 closureRemind=0 closureEsc=0 surveyExpired=0
2026-09-06T03:56:27.076Z [INFO] [slaReminder] SLA_SCAN cases=1 respRemind=0 respEsc=0 closureRemind=0 closureEsc=0 surveyExpired=0
2026-09-06T03:57:27.086Z [INFO] [slaReminder] SLA_SCAN cases=1 respRemind=0 respEsc=0 closureRemind=0 closureEsc=0 surveyExpired=0
2026-09-06T03:58:27.100Z [INFO] [slaReminder] SLA_SCAN cases=1 respRemind=0 respEsc=0 closureRemind=0 closureEsc=0 surveyExpired=0
2026-09-06T03:59:27.112Z [INFO] [slaReminder] SLA_SCAN cases=1 respRemind=0 respEsc=0 closureRemind=0 closureEsc=0 surveyExpired=0
2026-09-06T04:00:27.124Z [INFO] [slaReminder] SLA_SCAN cases=1 respRemind=0 respEsc=0 closureRemind=0 closureEsc=0 surveyExpired=0
2026-09-06T04:01:27.136Z [INFO] [slaReminder] SLA_SCAN cases=1 respRemind=0 respEsc=0 closureRemind=0 closureEsc=0 surveyExpired=0
2026-09-06T04:02:27.141Z [INFO] [slaReminder] SLA_SCAN cases=1 respRemind=0 respEsc=0 closureRemind=0 closureEsc=0 surveyExpired=0
2026-09-06T04:03:27.147Z [INFO] [slaReminder] SLA_SCAN cases=1 respRemind=0 respEsc=0 closureRemind=0 closureEsc=0 surveyExpired=0
2026-09-06T04:04:27.154Z [INFO] [slaReminder] SLA_SCAN cases=1 respRemind=0 respEsc=0 closureRemind=0 closureEsc=0 surveyExpired=0
2026-09-06T04:05:27.157Z [INFO] [slaReminder] SLA_SCAN cases=1 respRemind=0 respEsc=0 closureRemind=0 closureEsc=0 surveyExpired=0
2026-09-06T04:06:27.172Z [INFO] [slaReminder] SLA_SCAN cases=1 respRemind=0 respEsc=0 closureRemind=0 closureEsc=0 surveyExpired=0
2026-09-06T04:07:27.176Z [INFO] [slaReminder] SLA_SCAN cases=1 respRemind=0 respEsc=0 closureRemind=0 closureEsc=0 surveyExpired=0
2026-09-06T04:08:27.189Z [INFO] [slaReminder] SLA_SCAN cases=1 respRemind=0 respEsc=0 closureRemind=0 closureEsc=0 surveyExpired=0
2026-09-06T04:09:27.200Z [INFO] [slaReminder] SLA_SCAN cases=1 respRemind=0 respEsc=0 closureRemind=0 closureEsc=0 surveyExpired=0
2026-09-06T04:10:27.206Z [INFO] [slaReminder] SLA_SCAN cases=1 respRemind=0 respEsc=0 closureRemind=0 closureEsc=0 surveyExpired=0
2026-09-06T04:11:27.213Z [INFO] [slaReminder] SLA_SCAN cases=1 respRemind=0 respEsc=0 closureRemind=0 closureEsc=0 surveyExpired=0
2026-09-06T04:12:27.225Z [INFO] [slaReminder] SLA_SCAN cases=1 respRemind=0 respEsc=0 closureRemind=0 closureEsc=0 surveyExpired=0
2026-09-06T04:13:27.231Z [INFO] [slaReminder] SLA_SCAN cases=1 respRemind=0 respEsc=0 closureRemind=0 closureEsc=0 surveyExpired=0
2026-09-06T04:14:27.239Z [INFO] [slaReminder] SLA_SCAN cases=1 respRemind=0 respEsc=0 closureRemind=0 closureEsc=0 surveyExpired=0
2026-09-06T04:15:27.242Z [INFO] [slaReminder] SLA_SCAN cases=1 respRemind=0 respEsc=0 closureRemind=0 closureEsc=0 surveyExpired=0
2026-09-06T04:16:27.244Z [INFO] [slaReminder] SLA_SCAN cases=1 respRemind=0 respEsc=0 closureRemind=0 closureEsc=0 surveyExpired=0
2026-09-06T04:17:27.246Z [INFO] [slaReminder] SLA_SCAN cases=1 respRemind=0 respEsc=0 closureRemind=0 closureEsc=0 surveyExpired=0
2026-09-06T04:18:27.249Z [INFO] [slaReminder] SLA_SCAN cases=1 respRemind=0 respEsc=0 closureRemind=0 closureEsc=0 surveyExpired=0
2026-09-06T04:19:27.250Z [INFO] [slaReminder] SLA_SCAN cases=1 respRemind=0 respEsc=0 closureRemind=0 closureEsc=0 surveyExpired=0
2026-09-06T04:20:27.262Z [INFO] [slaReminder] SLA_SCAN cases=1 respRemind=0 respEsc=0 closureRemind=0 closureEsc=0 surveyExpired=0
2026-09-06T04:21:27.270Z [INFO] [slaReminder] SLA_SCAN cases=1 respRemind=0 respEsc=0 closureRemind=0 closureEsc=0 surveyExpired=0
2026-09-06T04:22:27.279Z [INFO] [slaReminder] SLA_SCAN cases=1 respRemind=0 respEsc=0 closureRemind=0 closureEsc=0 surveyExpired=0
2026-09-06T04:23:27.285Z [INFO] [slaReminder] SLA_SCAN cases=1 respRemind=0 respEsc=0 closureRemind=0 closureEsc=0 surveyExpired=0
2026-09-06T04:24:27.290Z [INFO] [slaReminder] SLA_SCAN cases=1 respRemind=0 respEsc=0 closureRemind=0 closureEsc=0 surveyExpired=0
2026-09-06T04:25:27.307Z [INFO] [slaReminder] SLA_SCAN cases=1 respRemind=0 respEsc=0 closureRemind=0 closureEsc=0 surveyExpired=0
2026-09-06T04:26:27.312Z [INFO] [slaReminder] SLA_SCAN cases=1 respRemind=0 respEsc=0 closureRemind=0 closureEsc=0 surveyExpired=0
2026-09-06T04:27:27.322Z [INFO] [slaReminder] SLA_SCAN cases=1 respRemind=0 respEsc=0 closureRemind=0 closureEsc=0 surveyExpired=0
2026-09-06T04:28:27.340Z [INFO] [slaReminder] SLA_SCAN cases=1 respRemind=0 respEsc=0 closureRemind=0 closureEsc=0 surveyExpired=0
2026-09-06T04:29:27.346Z [INFO] [slaReminder] SLA_SCAN cases=1 respRemind=0 respEsc=0 closureRemind=0 closureEsc=0 surveyExpired=0
2026-09-06T04:30:27.358Z [INFO] [slaReminder] SLA_SCAN cases=1 respRemind=0 respEsc=0 closureRemind=0 closureEsc=0 surveyExpired=0
2026-09-06T04:31:27.359Z [INFO] [slaReminder] SLA_SCAN cases=1 respRemind=0 respEsc=0 closureRemind=0 closureEsc=0 surveyExpired=0
2026-09-06T04:32:27.361Z [INFO] [slaReminder] SLA_SCAN cases=1 respRemind=0 respEsc=0 closureRemind=0 closureEsc=0 surveyExpired=0
2026-09-06T04:33:27.373Z [INFO] [slaReminder] SLA_SCAN cases=1 respRemind=0 respEsc=0 closureRemind=0 closureEsc=0 surveyExpired=0
2026-09-06T04:34:27.388Z [INFO] [slaReminder] SLA_SCAN cases=1 respRemind=0 respEsc=0 closureRemind=0 closureEsc=0 surveyExpired=0
2026-09-06T04:35:27.400Z [INFO] [slaReminder] SLA_SCAN cases=1 respRemind=0 respEsc=0 closureRemind=0 closureEsc=0 surveyExpired=0
2026-09-06T04:36:27.413Z [INFO] [slaReminder] SLA_SCAN cases=1 respRemind=0 respEsc=0 closureRemind=0 closureEsc=0 surveyExpired=0
2026-09-06T04:37:27.416Z [INFO] [slaReminder] SLA_SCAN cases=1 respRemind=0 respEsc=0 closureRemind=0 closureEsc=0 surveyExpired=0
2026-09-06T04:38:27.428Z [INFO] [slaReminder] SLA_SCAN cases=1 respRemind=0 respEsc=0 closureRemind=0 closureEsc=0 surveyExpired=0
2026-09-06T04:39:27.438Z [INFO] [slaReminder] SLA_SCAN cases=1 respRemind=0 respEsc=0 closureRemind=0 closureEsc=0 surveyExpired=0
2026-09-06T04:40:27.452Z [INFO] [slaReminder] SLA_SCAN cases=1 respRemind=0 respEsc=0 closureRemind=0 closureEsc=0 surveyExpired=0
2026-09-06T04:41:27.454Z [INFO] [slaReminder] SLA_SCAN cases=1 respRemind=0 respEsc=0 closureRemind=0 closureEsc=0 surveyExpired=0
2026-09-06T04:42:27.471Z [INFO] [slaReminder] SLA_SCAN cases=1 respRemind=0 respEsc=0 closureRemind=0 closureEsc=0 surveyExpired=0
2026-09-06T04:43:27.487Z [INFO] [slaReminder] SLA_SCAN cases=1 respRemind=0 respEsc=0 closureRemind=0 closureEsc=0 surveyExpired=0
2026-09-06T04:44:27.489Z [INFO] [slaReminder] SLA_SCAN cases=1 respRemind=0 respEsc=0 closureRemind=0 closureEsc=0 surveyExpired=0
2026-09-06T04:45:27.500Z [INFO] [slaReminder] SLA_SCAN cases=1 respRemind=0 respEsc=0 closureRemind=0 closureEsc=0 surveyExpired=0
2026-09-06T04:46:27.505Z [INFO] [slaReminder] SLA_SCAN cases=1 respRemind=0 respEsc=0 closureRemind=0 closureEsc=0 surveyExpired=0
2026-09-06T04:47:27.513Z [INFO] [slaReminder] SLA_SCAN cases=1 respRemind=0 respEsc=0 closureRemind=0 closureEsc=0 surveyExpired=0
2026-09-06T04:48:27.516Z [INFO] [slaReminder] SLA_SCAN cases=1 respRemind=0 respEsc=0 closureRemind=0 closureEsc=0 surveyExpired=0
2026-09-06T04:49:27.518Z [INFO] [slaReminder] SLA_SCAN cases=1 respRemind=0 respEsc=0 closureRemind=0 closureEsc=0 surveyExpired=0
2026-09-06T04:50:27.532Z [INFO] [slaReminder] SLA_SCAN cases=1 respRemind=0 respEsc=0 closureRemind=0 closureEsc=0 surveyExpired=0
2026-09-06T04:51:27.536Z [INFO] [slaReminder] SLA_SCAN cases=1 respRemind=0 respEsc=0 closureRemind=0 closureEsc=0 surveyExpired=0
2026-09-06T04:52:27.541Z [INFO] [slaReminder] SLA_SCAN cases=1 respRemind=0 respEsc=0 closureRemind=0 closureEsc=0 surveyExpired=0
2026-09-06T04:53:27.556Z [INFO] [slaReminder] SLA_SCAN cases=1 respRemind=0 respEsc=0 closureRemind=0 closureEsc=0 surveyExpired=0
2026-09-06T04:54:27.560Z [INFO] [slaReminder] SLA_SCAN cases=1 respRemind=0 respEsc=0 closureRemind=0 closureEsc=0 surveyExpired=0
2026-09-06T04:55:27.574Z [INFO] [slaReminder] SLA_SCAN cases=1 respRemind=0 respEsc=0 closureRemind=0 closureEsc=0 surveyExpired=0
2026-09-06T04:56:27.582Z [INFO] [slaReminder] SLA_SCAN cases=1 respRemind=0 respEsc=0 closureRemind=0 closureEsc=0 surveyExpired=0
2026-09-06T04:57:27.592Z [INFO] [slaReminder] SLA_SCAN cases=1 respRemind=0 respEsc=0 closureRemind=0 closureEsc=0 surveyExpired=0
2026-09-06T04:58:27.595Z [INFO] [slaReminder] SLA_SCAN cases=1 respRemind=0 respEsc=0 closureRemind=0 closureEsc=0 surveyExpired=0
2026-09-06T04:59:27.609Z [INFO] [slaReminder] SLA_SCAN cases=1 respRemind=0 respEsc=0 closureRemind=0 closureEsc=0 surveyExpired=0
2026-09-06T05:00:27.617Z [INFO] [slaReminder] SLA_SCAN cases=1 respRemind=0 respEsc=0 closureRemind=0 closureEsc=0 surveyExpired=0
2026-09-06T05:01:27.629Z [INFO] [slaReminder] SLA_SCAN cases=1 respRemind=0 respEsc=0 closureRemind=0 closureEsc=0 surveyExpired=0
2026-09-06T05:02:27.647Z [INFO] [slaReminder] SLA_SCAN cases=1 respRemind=0 respEsc=0 closureRemind=0 closureEsc=0 surveyExpired=0
2026-09-06T05:03:27.650Z [INFO] [slaReminder] SLA_SCAN cases=1 respRemind=0 respEsc=0 closureRemind=0 closureEsc=0 surveyExpired=0
2026-09-06T05:04:27.665Z [INFO] [slaReminder] SLA_SCAN cases=1 respRemind=0 respEsc=0 closureRemind=0 closureEsc=0 surveyExpired=0
2026-09-06T05:05:27.668Z [INFO] [slaReminder] SLA_SCAN cases=1 respRemind=0 respEsc=0 closureRemind=0 closureEsc=0 surveyExpired=0
2026-09-06T05:06:27.670Z [INFO] [slaReminder] SLA_SCAN cases=1 respRemind=0 respEsc=0 closureRemind=0 closureEsc=0 surveyExpired=0
2026-09-06T05:07:27.685Z [INFO] [slaReminder] SLA_SCAN cases=1 respRemind=0 respEsc=0 closureRemind=0 closureEsc=0 surveyExpired=0
2026-09-06T05:08:27.694Z [INFO] [slaReminder] SLA_SCAN cases=1 respRemind=0 respEsc=0 closureRemind=0 closureEsc=0 surveyExpired=0
2026-09-06T05:09:27.703Z [INFO] [slaReminder] SLA_SCAN cases=1 respRemind=0 respEsc=0 closureRemind=0 closureEsc=0 surveyExpired=0
2026-09-06T05:10:27.718Z [INFO] [slaReminder] SLA_SCAN cases=1 respRemind=0 respEsc=0 closureRemind=0 closureEsc=0 surveyExpired=0
2026-09-06T05:11:27.718Z [INFO] [slaReminder] SLA_SCAN cases=1 respRemind=0 respEsc=0 closureRemind=0 closureEsc=0 surveyExpired=0
2026-09-06T05:12:27.722Z [INFO] [slaReminder] SLA_SCAN cases=1 respRemind=0 respEsc=0 closureRemind=0 closureEsc=0 surveyExpired=0
2026-09-06T05:13:27.737Z [INFO] [slaReminder] SLA_SCAN cases=1 respRemind=0 respEsc=0 closureRemind=0 closureEsc=0 surveyExpired=0
2026-09-06T05:14:27.747Z [INFO] [slaReminder] SLA_SCAN cases=1 respRemind=0 respEsc=0 closureRemind=0 closureEsc=0 surveyExpired=0
2026-09-06T05:15:27.754Z [INFO] [slaReminder] SLA_SCAN cases=1 respRemind=0 respEsc=0 closureRemind=0 closureEsc=0 surveyExpired=0
2026-09-06T05:16:27.769Z [INFO] [slaReminder] SLA_SCAN cases=1 respRemind=0 respEsc=0 closureRemind=0 closureEsc=0 surveyExpired=0
2026-09-06T05:17:27.770Z [INFO] [slaReminder] SLA_SCAN cases=1 respRemind=0 respEsc=0 closureRemind=0 closureEsc=0 surveyExpired=0
2026-09-06T05:18:27.774Z [INFO] [slaReminder] SLA_SCAN cases=1 respRemind=0 respEsc=0 closureRemind=0 closureEsc=0 surveyExpired=0
2026-09-06T05:19:27.774Z [INFO] [slaReminder] SLA_SCAN cases=1 respRemind=0 respEsc=0 closureRemind=0 closureEsc=0 surveyExpired=0
2026-09-06T05:20:27.789Z [INFO] [slaReminder] SLA_SCAN cases=1 respRemind=0 respEsc=0 closureRemind=0 closureEsc=0 surveyExpired=0
2026-09-06T05:21:27.799Z [INFO] [slaReminder] SLA_SCAN cases=1 respRemind=0 respEsc=0 closureRemind=0 closureEsc=0 surveyExpired=0
2026-09-06T05:22:27.803Z [INFO] [slaReminder] SLA_SCAN cases=1 respRemind=0 respEsc=0 closureRemind=0 closureEsc=0 surveyExpired=0
2026-09-06T05:23:27.817Z [INFO] [slaReminder] SLA_SCAN cases=1 respRemind=0 respEsc=0 closureRemind=0 closureEsc=0 surveyExpired=0
2026-09-06T05:24:27.821Z [INFO] [slaReminder] SLA_SCAN cases=1 respRemind=0 respEsc=0 closureRemind=0 closureEsc=0 surveyExpired=0
2026-09-06T05:25:27.832Z [INFO] [slaReminder] SLA_SCAN cases=1 respRemind=0 respEsc=0 closureRemind=0 closureEsc=0 surveyExpired=0
2026-09-06T05:26:27.846Z [INFO] [slaReminder] SLA_SCAN cases=1 respRemind=0 respEsc=0 closureRemind=0 closureEsc=0 surveyExpired=0
2026-09-06T05:27:27.858Z [INFO] [slaReminder] SLA_SCAN cases=1 respRemind=0 respEsc=0 closureRemind=0 closureEsc=0 surveyExpired=0
2026-09-06T05:28:27.859Z [INFO] [slaReminder] SLA_SCAN cases=1 respRemind=0 respEsc=0 closureRemind=0 closureEsc=0 surveyExpired=0
2026-09-06T05:29:27.861Z [INFO] [slaReminder] SLA_SCAN cases=1 respRemind=0 respEsc=0 closureRemind=0 closureEsc=0 surveyExpired=0
2026-09-06T05:30:27.874Z [INFO] [slaReminder] SLA_SCAN cases=1 respRemind=0 respEsc=0 closureRemind=0 closureEsc=0 surveyExpired=0
2026-09-06T05:31:27.881Z [INFO] [slaReminder] SLA_SCAN cases=1 respRemind=0 respEsc=0 closureRemind=0 closureEsc=0 surveyExpired=0
2026-09-06T05:32:27.897Z [INFO] [slaReminder] SLA_SCAN cases=1 respRemind=0 respEsc=0 closureRemind=0 closureEsc=0 surveyExpired=0
2026-09-06T05:33:27.906Z [INFO] [slaReminder] SLA_SCAN cases=1 respRemind=0 respEsc=0 closureRemind=0 closureEsc=0 surveyExpired=0
2026-09-06T05:34:27.918Z [INFO] [slaReminder] SLA_SCAN cases=1 respRemind=0 respEsc=0 closureRemind=0 closureEsc=0 surveyExpired=0
2026-09-06T05:35:27.930Z [INFO] [slaReminder] SLA_SCAN cases=1 respRemind=0 respEsc=0 closureRemind=0 closureEsc=0 surveyExpired=0
2026-09-06T05:36:27.932Z [INFO] [slaReminder] SLA_SCAN cases=1 respRemind=0 respEsc=0 closureRemind=0 closureEsc=0 surveyExpired=0
2026-09-06T05:37:27.946Z [INFO] [slaReminder] SLA_SCAN cases=1 respRemind=0 respEsc=0 closureRemind=0 closureEsc=0 surveyExpired=0
2026-09-06T05:38:27.952Z [INFO] [slaReminder] SLA_SCAN cases=1 respRemind=0 respEsc=0 closureRemind=0 closureEsc=0 surveyExpired=0
2026-09-06T05:39:27.959Z [INFO] [slaReminder] SLA_SCAN cases=1 respRemind=0 respEsc=0 closureRemind=0 closureEsc=0 surveyExpired=0
2026-09-06T05:40:27.971Z [INFO] [slaReminder] SLA_SCAN cases=1 respRemind=0 respEsc=0 closureRemind=0 closureEsc=0 surveyExpired=0
2026-09-06T05:41:27.981Z [INFO] [slaReminder] SLA_SCAN cases=1 respRemind=0 respEsc=0 closureRemind=0 closureEsc=0 surveyExpired=0
2026-09-06T05:42:27.985Z [INFO] [slaReminder] SLA_SCAN cases=1 respRemind=0 respEsc=0 closureRemind=0 closureEsc=0 surveyExpired=0
2026-09-06T05:43:27.997Z [INFO] [slaReminder] SLA_SCAN cases=1 respRemind=0 respEsc=0 closureRemind=0 closureEsc=0 surveyExpired=0
2026-09-06T05:44:28.000Z [INFO] [slaReminder] SLA_SCAN cases=1 respRemind=0 respEsc=0 closureRemind=0 closureEsc=0 surveyExpired=0
2026-09-06T05:45:28.004Z [INFO] [slaReminder] SLA_SCAN cases=1 respRemind=0 respEsc=0 closureRemind=0 closureEsc=0 surveyExpired=0
2026-09-06T05:46:28.007Z [INFO] [slaReminder] SLA_SCAN cases=1 respRemind=0 respEsc=0 closureRemind=0 closureEsc=0 surveyExpired=0
2026-09-06T05:47:28.018Z [INFO] [slaReminder] SLA_SCAN cases=1 respRemind=0 respEsc=0 closureRemind=0 closureEsc=0 surveyExpired=0
2026-09-06T05:48:28.024Z [INFO] [slaReminder] SLA_SCAN cases=1 respRemind=0 respEsc=0 closureRemind=0 closureEsc=0 surveyExpired=0
2026-09-06T05:49:28.040Z [INFO] [slaReminder] SLA_SCAN cases=1 respRemind=0 respEsc=0 closureRemind=0 closureEsc=0 surveyExpired=0
2026-09-06T05:50:28.047Z [INFO] [slaReminder] SLA_SCAN cases=1 respRemind=0 respEsc=0 closureRemind=0 closureEsc=0 surveyExpired=0
2026-09-06T05:51:28.054Z [INFO] [slaReminder] SLA_SCAN cases=1 respRemind=0 respEsc=0 closureRemind=0 closureEsc=0 surveyExpired=0
2026-09-06T05:52:28.060Z [INFO] [slaReminder] SLA_SCAN cases=1 respRemind=0 respEsc=0 closureRemind=0 closureEsc=0 surveyExpired=0
2026-09-06T05:53:28.070Z [INFO] [slaReminder] SLA_SCAN cases=1 respRemind=0 respEsc=0 closureRemind=0 closureEsc=0 surveyExpired=0
2026-09-06T05:54:28.080Z [INFO] [slaReminder] SLA_SCAN cases=1 respRemind=0 respEsc=0 closureRemind=0 closureEsc=0 surveyExpired=0
2026-09-06T05:55:28.086Z [INFO] [slaReminder] SLA_SCAN cases=1 respRemind=0 respEsc=0 closureRemind=0 closureEsc=0 surveyExpired=0
2026-09-06T05:56:28.102Z [INFO] [slaReminder] SLA_SCAN cases=1 respRemind=0 respEsc=0 closureRemind=0 closureEsc=0 surveyExpired=0
2026-09-06T05:57:28.110Z [INFO] [slaReminder] SLA_SCAN cases=1 respRemind=0 respEsc=0 closureRemind=0 closureEsc=0 surveyExpired=0
2026-09-06T05:58:28.114Z [INFO] [slaReminder] SLA_SCAN cases=1 respRemind=0 respEsc=0 closureRemind=0 closureEsc=0 surveyExpired=0
2026-09-06T05:59:28.119Z [INFO] [slaReminder] SLA_SCAN cases=1 respRemind=0 respEsc=0 closureRemind=0 closureEsc=0 surveyExpired=0
2026-09-06T06:00:28.120Z [INFO] [slaReminder] SLA_SCAN cases=1 respRemind=0 respEsc=0 closureRemind=0 closureEsc=0 surveyExpired=0
2026-09-06T06:01:28.133Z [INFO] [slaReminder] SLA_SCAN cases=1 respRemind=0 respEsc=0 closureRemind=0 closureEsc=0 surveyExpired=0
2026-09-06T06:02:28.147Z [INFO] [slaReminder] SLA_SCAN cases=1 respRemind=0 respEsc=0 closureRemind=0 closureEsc=0 surveyExpired=0
2026-09-06T06:03:28.156Z [INFO] [slaReminder] SLA_SCAN cases=1 respRemind=0 respEsc=0 closureRemind=0 closureEsc=0 surveyExpired=0
2026-09-06T06:04:28.170Z [INFO] [slaReminder] SLA_SCAN cases=1 respRemind=0 respEsc=0 closureRemind=0 closureEsc=0 surveyExpired=0
2026-09-06T06:05:28.186Z [INFO] [slaReminder] SLA_SCAN cases=1 respRemind=0 respEsc=0 closureRemind=0 closureEsc=0 surveyExpired=0
2026-09-06T06:06:28.195Z [INFO] [slaReminder] SLA_SCAN cases=1 respRemind=0 respEsc=0 closureRemind=0 closureEsc=0 surveyExpired=0
2026-09-06T06:07:28.210Z [INFO] [slaReminder] SLA_SCAN cases=1 respRemind=0 respEsc=0 closureRemind=0 closureEsc=0 surveyExpired=0
2026-09-06T06:08:28.223Z [INFO] [slaReminder] SLA_SCAN cases=1 respRemind=0 respEsc=0 closureRemind=0 closureEsc=0 surveyExpired=0
2026-09-06T06:09:28.227Z [INFO] [slaReminder] SLA_SCAN cases=1 respRemind=0 respEsc=0 closureRemind=0 closureEsc=0 surveyExpired=0
2026-09-06T06:10:28.242Z [INFO] [slaReminder] SLA_SCAN cases=1 respRemind=0 respEsc=0 closureRemind=0 closureEsc=0 surveyExpired=0
2026-09-06T06:11:28.246Z [INFO] [slaReminder] SLA_SCAN cases=1 respRemind=0 respEsc=0 closureRemind=0 closureEsc=0 surveyExpired=0
2026-09-06T06:12:28.254Z [INFO] [slaReminder] SLA_SCAN cases=1 respRemind=0 respEsc=0 closureRemind=0 closureEsc=0 surveyExpired=0
2026-09-06T06:13:28.258Z [INFO] [slaReminder] SLA_SCAN cases=1 respRemind=0 respEsc=0 closureRemind=0 closureEsc=0 surveyExpired=0
2026-09-06T06:14:28.273Z [INFO] [slaReminder] SLA_SCAN cases=1 respRemind=0 respEsc=0 closureRemind=0 closureEsc=0 surveyExpired=0
2026-09-06T06:15:28.272Z [INFO] [slaReminder] SLA_SCAN cases=1 respRemind=0 respEsc=0 closureRemind=0 closureEsc=0 surveyExpired=0
2026-09-06T06:16:28.280Z [INFO] [slaReminder] SLA_SCAN cases=1 respRemind=0 respEsc=0 closureRemind=0 closureEsc=0 surveyExpired=0
2026-09-06T06:17:28.282Z [INFO] [slaReminder] SLA_SCAN cases=1 respRemind=0 respEsc=0 closureRemind=0 closureEsc=0 surveyExpired=0
2026-09-06T06:18:28.287Z [INFO] [slaReminder] SLA_SCAN cases=1 respRemind=0 respEsc=0 closureRemind=0 closureEsc=0 surveyExpired=0
2026-09-06T06:19:28.293Z [INFO] [slaReminder] SLA_SCAN cases=1 respRemind=0 respEsc=0 closureRemind=0 closureEsc=0 surveyExpired=0
2026-09-06T06:20:28.294Z [INFO] [slaReminder] SLA_SCAN cases=1 respRemind=0 respEsc=0 closureRemind=0 closureEsc=0 surveyExpired=0
2026-09-06T06:21:28.296Z [INFO] [slaReminder] SLA_SCAN cases=1 respRemind=0 respEsc=0 closureRemind=0 closureEsc=0 surveyExpired=0
2026-09-06T06:22:28.309Z [INFO] [slaReminder] SLA_SCAN cases=1 respRemind=0 respEsc=0 closureRemind=0 closureEsc=0 surveyExpired=0
2026-09-06T06:23:28.317Z [INFO] [slaReminder] SLA_SCAN cases=1 respRemind=0 respEsc=0 closureRemind=0 closureEsc=0 surveyExpired=0
2026-09-06T06:24:28.334Z [INFO] [slaReminder] SLA_SCAN cases=1 respRemind=0 respEsc=0 closureRemind=0 closureEsc=0 surveyExpired=0
2026-09-06T06:25:28.344Z [INFO] [slaReminder] SLA_SCAN cases=1 respRemind=0 respEsc=0 closureRemind=0 closureEsc=0 surveyExpired=0
2026-09-06T06:26:28.361Z [INFO] [slaReminder] SLA_SCAN cases=1 respRemind=0 respEsc=0 closureRemind=0 closureEsc=0 surveyExpired=0
2026-09-06T06:27:28.371Z [INFO] [slaReminder] SLA_SCAN cases=1 respRemind=0 respEsc=0 closureRemind=0 closureEsc=0 surveyExpired=0
2026-09-06T06:28:28.390Z [INFO] [slaReminder] SLA_SCAN cases=1 respRemind=0 respEsc=0 closureRemind=0 closureEsc=0 surveyExpired=0
2026-09-06T06:29:28.406Z [INFO] [slaReminder] SLA_SCAN cases=1 respRemind=0 respEsc=0 closureRemind=0 closureEsc=0 surveyExpired=0
2026-09-06T06:30:28.420Z [INFO] [slaReminder] SLA_SCAN cases=1 respRemind=0 respEsc=0 closureRemind=0 closureEsc=0 surveyExpired=0
2026-09-06T06:31:28.432Z [INFO] [slaReminder] SLA_SCAN cases=1 respRemind=0 respEsc=0 closureRemind=0 closureEsc=0 surveyExpired=0
2026-09-06T06:32:28.443Z [INFO] [slaReminder] SLA_SCAN cases=1 respRemind=0 respEsc=0 closureRemind=0 closureEsc=0 surveyExpired=0
2026-09-06T06:33:28.449Z [INFO] [slaReminder] SLA_SCAN cases=1 respRemind=0 respEsc=0 closureRemind=0 closureEsc=0 surveyExpired=0
2026-09-06T06:34:28.456Z [INFO] [slaReminder] SLA_SCAN cases=1 respRemind=0 respEsc=0 closureRemind=0 closureEsc=0 surveyExpired=0
2026-09-06T06:35:28.466Z [INFO] [slaReminder] SLA_SCAN cases=1 respRemind=0 respEsc=0 closureRemind=0 closureEsc=0 surveyExpired=0
2026-09-06T06:36:28.469Z [INFO] [slaReminder] SLA_SCAN cases=1 respRemind=0 respEsc=0 closureRemind=0 closureEsc=0 surveyExpired=0
2026-09-06T06:37:28.477Z [INFO] [slaReminder] SLA_SCAN cases=1 respRemind=0 respEsc=0 closureRemind=0 closureEsc=0 surveyExpired=0
2026-09-06T06:38:28.481Z [INFO] [slaReminder] SLA_SCAN cases=1 respRemind=0 respEsc=0 closureRemind=0 closureEsc=0 surveyExpired=0
2026-09-06T06:39:28.484Z [INFO] [slaReminder] SLA_SCAN cases=1 respRemind=0 respEsc=0 closureRemind=0 closureEsc=0 surveyExpired=0
2026-09-06T06:40:28.491Z [INFO] [slaReminder] SLA_SCAN cases=1 respRemind=0 respEsc=0 closureRemind=0 closureEsc=0 surveyExpired=0
2026-09-06T06:41:28.496Z [INFO] [slaReminder] SLA_SCAN cases=1 respRemind=0 respEsc=0 closureRemind=0 closureEsc=0 surveyExpired=0
2026-09-06T06:42:28.498Z [INFO] [slaReminder] SLA_SCAN cases=1 respRemind=0 respEsc=0 closureRemind=0 closureEsc=0 surveyExpired=0
2026-09-06T06:43:28.502Z [INFO] [slaReminder] SLA_SCAN cases=1 respRemind=0 respEsc=0 closureRemind=0 closureEsc=0 surveyExpired=0
2026-09-06T06:44:28.517Z [INFO] [slaReminder] SLA_SCAN cases=1 respRemind=0 respEsc=0 closureRemind=0 closureEsc=0 surveyExpired=0
2026-09-06T06:45:28.519Z [INFO] [slaReminder] SLA_SCAN cases=1 respRemind=0 respEsc=0 closureRemind=0 closureEsc=0 surveyExpired=0
2026-09-06T06:46:28.529Z [INFO] [slaReminder] SLA_SCAN cases=1 respRemind=0 respEsc=0 closureRemind=0 closureEsc=0 surveyExpired=0
2026-09-06T06:47:28.534Z [INFO] [slaReminder] SLA_SCAN cases=1 respRemind=0 respEsc=0 closureRemind=0 closureEsc=0 surveyExpired=0
2026-09-06T06:48:28.571Z [INFO] [slaReminder] SLA_SCAN cases=1 respRemind=0 respEsc=0 closureRemind=0 closureEsc=0 surveyExpired=0
2026-09-06T06:49:28.578Z [INFO] [slaReminder] SLA_SCAN cases=1 respRemind=0 respEsc=0 closureRemind=0 closureEsc=0 surveyExpired=0
2026-09-06T06:50:28.580Z [INFO] [slaReminder] SLA_SCAN cases=1 respRemind=0 respEsc=0 closureRemind=0 closureEsc=0 surveyExpired=0
2026-09-06T06:51:28.593Z [INFO] [slaReminder] SLA_SCAN cases=1 respRemind=0 respEsc=0 closureRemind=0 closureEsc=0 surveyExpired=0
2026-09-06T06:52:28.606Z [INFO] [slaReminder] SLA_SCAN cases=1 respRemind=0 respEsc=0 closureRemind=0 closureEsc=0 surveyExpired=0
2026-09-06T06:53:28.610Z [INFO] [slaReminder] SLA_SCAN cases=1 respRemind=0 respEsc=0 closureRemind=0 closureEsc=0 surveyExpired=0
2026-09-06T06:54:28.614Z [INFO] [slaReminder] SLA_SCAN cases=1 respRemind=0 respEsc=0 closureRemind=0 closureEsc=0 surveyExpired=0
2026-09-06T06:55:28.614Z [INFO] [slaReminder] SLA_SCAN cases=1 respRemind=0 respEsc=0 closureRemind=0 closureEsc=0 surveyExpired=0
2026-09-06T06:56:28.618Z [INFO] [slaReminder] SLA_SCAN cases=1 respRemind=0 respEsc=0 closureRemind=0 closureEsc=0 surveyExpired=0
2026-09-06T06:57:28.632Z [INFO] [slaReminder] SLA_SCAN cases=1 respRemind=0 respEsc=0 closureRemind=0 closureEsc=0 surveyExpired=0
2026-09-06T06:58:28.641Z [INFO] [slaReminder] SLA_SCAN cases=1 respRemind=0 respEsc=0 closureRemind=0 closureEsc=0 surveyExpired=0
2026-09-06T06:59:28.658Z [INFO] [slaReminder] SLA_SCAN cases=1 respRemind=0 respEsc=0 closureRemind=0 closureEsc=0 surveyExpired=0
2026-09-06T07:00:28.668Z [INFO] [slaReminder] SLA_SCAN cases=1 respRemind=0 respEsc=0 closureRemind=0 closureEsc=0 surveyExpired=0
2026-09-06T07:01:28.681Z [INFO] [slaReminder] SLA_SCAN cases=1 respRemind=0 respEsc=0 closureRemind=0 closureEsc=0 surveyExpired=0
2026-09-06T07:02:28.694Z [INFO] [slaReminder] SLA_SCAN cases=1 respRemind=0 respEsc=0 closureRemind=0 closureEsc=0 surveyExpired=0
2026-09-06T07:03:28.695Z [INFO] [slaReminder] SLA_SCAN cases=1 respRemind=0 respEsc=0 closureRemind=0 closureEsc=0 surveyExpired=0
2026-09-06T07:04:28.710Z [INFO] [slaReminder] SLA_SCAN cases=1 respRemind=0 respEsc=0 closureRemind=0 closureEsc=0 surveyExpired=0
2026-09-06T07:05:28.723Z [INFO] [slaReminder] SLA_SCAN cases=1 respRemind=0 respEsc=0 closureRemind=0 closureEsc=0 surveyExpired=0
2026-09-06T07:06:28.728Z [INFO] [slaReminder] SLA_SCAN cases=1 respRemind=0 respEsc=0 closureRemind=0 closureEsc=0 surveyExpired=0
2026-09-06T07:07:28.731Z [INFO] [slaReminder] SLA_SCAN cases=1 respRemind=0 respEsc=0 closureRemind=0 closureEsc=0 surveyExpired=0
2026-09-06T07:08:28.735Z [INFO] [slaReminder] SLA_SCAN cases=1 respRemind=0 respEsc=0 closureRemind=0 closureEsc=0 surveyExpired=0
2026-09-06T07:09:28.736Z [INFO] [slaReminder] SLA_SCAN cases=1 respRemind=0 respEsc=0 closureRemind=0 closureEsc=0 surveyExpired=0
2026-09-06T07:10:28.747Z [INFO] [slaReminder] SLA_SCAN cases=1 respRemind=0 respEsc=0 closureRemind=0 closureEsc=0 surveyExpired=0
2026-09-06T07:11:28.750Z [INFO] [slaReminder] SLA_SCAN cases=1 respRemind=0 respEsc=0 closureRemind=0 closureEsc=0 surveyExpired=0
2026-09-06T07:12:28.754Z [INFO] [slaReminder] SLA_SCAN cases=1 respRemind=0 respEsc=0 closureRemind=0 closureEsc=0 surveyExpired=0
2026-09-06T07:13:28.760Z [INFO] [slaReminder] SLA_SCAN cases=1 respRemind=0 respEsc=0 closureRemind=0 closureEsc=0 surveyExpired=0
2026-09-06T07:14:28.764Z [INFO] [slaReminder] SLA_SCAN cases=1 respRemind=0 respEsc=0 closureRemind=0 closureEsc=0 surveyExpired=0
2026-09-06T07:15:28.766Z [INFO] [slaReminder] SLA_SCAN cases=1 respRemind=0 respEsc=0 closureRemind=0 closureEsc=0 surveyExpired=0
2026-09-06T07:16:28.769Z [INFO] [slaReminder] SLA_SCAN cases=1 respRemind=0 respEsc=0 closureRemind=0 closureEsc=0 surveyExpired=0
2026-09-06T07:17:28.771Z [INFO] [slaReminder] SLA_SCAN cases=1 respRemind=0 respEsc=0 closureRemind=0 closureEsc=0 surveyExpired=0
2026-09-06T07:18:28.782Z [INFO] [slaReminder] SLA_SCAN cases=1 respRemind=0 respEsc=0 closureRemind=0 closureEsc=0 surveyExpired=0
2026-09-06T07:19:28.812Z [INFO] [slaReminder] SLA_SCAN cases=1 respRemind=0 respEsc=0 closureRemind=0 closureEsc=0 surveyExpired=0
2026-09-06T07:20:28.814Z [INFO] [slaReminder] SLA_SCAN cases=1 respRemind=0 respEsc=0 closureRemind=0 closureEsc=0 surveyExpired=0
2026-09-06T07:21:28.827Z [INFO] [slaReminder] SLA_SCAN cases=1 respRemind=0 respEsc=0 closureRemind=0 closureEsc=0 surveyExpired=0
2026-09-06T07:22:28.833Z [INFO] [slaReminder] SLA_SCAN cases=1 respRemind=0 respEsc=0 closureRemind=0 closureEsc=0 surveyExpired=0
2026-09-06T07:23:28.846Z [INFO] [slaReminder] SLA_SCAN cases=1 respRemind=0 respEsc=0 closureRemind=0 closureEsc=0 surveyExpired=0
2026-09-06T07:24:28.856Z [INFO] [slaReminder] SLA_SCAN cases=1 respRemind=0 respEsc=0 closureRemind=0 closureEsc=0 surveyExpired=0
2026-09-06T07:25:28.860Z [INFO] [slaReminder] SLA_SCAN cases=1 respRemind=0 respEsc=0 closureRemind=0 closureEsc=0 surveyExpired=0
2026-09-06T07:26:28.876Z [INFO] [slaReminder] SLA_SCAN cases=1 respRemind=0 respEsc=0 closureRemind=0 closureEsc=0 surveyExpired=0
2026-09-06T07:27:28.882Z [INFO] [slaReminder] SLA_SCAN cases=1 respRemind=0 respEsc=0 closureRemind=0 closureEsc=0 surveyExpired=0
2026-09-06T07:28:28.891Z [INFO] [slaReminder] SLA_SCAN cases=1 respRemind=0 respEsc=0 closureRemind=0 closureEsc=0 surveyExpired=0
2026-09-06T07:29:28.901Z [INFO] [slaReminder] SLA_SCAN cases=1 respRemind=0 respEsc=0 closureRemind=0 closureEsc=0 surveyExpired=0
2026-09-06T07:30:28.909Z [INFO] [slaReminder] SLA_SCAN cases=1 respRemind=0 respEsc=0 closureRemind=0 closureEsc=0 surveyExpired=0
2026-09-06T07:31:28.916Z [INFO] [slaReminder] SLA_SCAN cases=1 respRemind=0 respEsc=0 closureRemind=0 closureEsc=0 surveyExpired=0
2026-09-06T07:32:28.916Z [INFO] [slaReminder] SLA_SCAN cases=1 respRemind=0 respEsc=0 closureRemind=0 closureEsc=0 surveyExpired=0
2026-09-06T07:33:28.924Z [INFO] [slaReminder] SLA_SCAN cases=1 respRemind=0 respEsc=0 closureRemind=0 closureEsc=0 surveyExpired=0
2026-09-06T07:34:28.932Z [INFO] [slaReminder] SLA_SCAN cases=1 respRemind=0 respEsc=0 closureRemind=0 closureEsc=0 surveyExpired=0
2026-09-06T07:35:28.943Z [INFO] [slaReminder] SLA_SCAN cases=1 respRemind=0 respEsc=0 closureRemind=0 closureEsc=0 surveyExpired=0
2026-09-06T07:36:28.947Z [INFO] [slaReminder] SLA_SCAN cases=1 respRemind=0 respEsc=0 closureRemind=0 closureEsc=0 surveyExpired=0
2026-09-06T07:37:28.948Z [INFO] [slaReminder] SLA_SCAN cases=1 respRemind=0 respEsc=0 closureRemind=0 closureEsc=0 surveyExpired=0
2026-09-06T07:38:28.963Z [INFO] [slaReminder] SLA_SCAN cases=1 respRemind=0 respEsc=0 closureRemind=0 closureEsc=0 surveyExpired=0
2026-09-06T07:39:28.965Z [INFO] [slaReminder] SLA_SCAN cases=1 respRemind=0 respEsc=0 closureRemind=0 closureEsc=0 surveyExpired=0
2026-09-06T07:40:28.977Z [INFO] [slaReminder] SLA_SCAN cases=1 respRemind=0 respEsc=0 closureRemind=0 closureEsc=0 surveyExpired=0
2026-09-06T07:41:28.980Z [INFO] [slaReminder] SLA_SCAN cases=1 respRemind=0 respEsc=0 closureRemind=0 closureEsc=0 surveyExpired=0
2026-09-06T07:42:28.993Z [INFO] [slaReminder] SLA_SCAN cases=1 respRemind=0 respEsc=0 closureRemind=0 closureEsc=0 surveyExpired=0
2026-09-06T07:43:29.005Z [INFO] [slaReminder] SLA_SCAN cases=1 respRemind=0 respEsc=0 closureRemind=0 closureEsc=0 surveyExpired=0
2026-09-06T07:44:29.010Z [INFO] [slaReminder] SLA_SCAN cases=1 respRemind=0 respEsc=0 closureRemind=0 closureEsc=0 surveyExpired=0
2026-09-06T07:45:29.025Z [INFO] [slaReminder] SLA_SCAN cases=1 respRemind=0 respEsc=0 closureRemind=0 closureEsc=0 surveyExpired=0
2026-09-06T07:46:29.038Z [INFO] [slaReminder] SLA_SCAN cases=1 respRemind=0 respEsc=0 closureRemind=0 closureEsc=0 surveyExpired=0
2026-09-06T07:47:29.045Z [INFO] [slaReminder] SLA_SCAN cases=1 respRemind=0 respEsc=0 closureRemind=0 closureEsc=0 surveyExpired=0
2026-09-06T07:48:29.062Z [INFO] [slaReminder] SLA_SCAN cases=1 respRemind=0 respEsc=0 closureRemind=0 closureEsc=0 surveyExpired=0
2026-09-06T07:49:29.076Z [INFO] [slaReminder] SLA_SCAN cases=1 respRemind=0 respEsc=0 closureRemind=0 closureEsc=0 surveyExpired=0
2026-09-06T07:50:29.089Z [INFO] [slaReminder] SLA_SCAN cases=1 respRemind=0 respEsc=0 closureRemind=0 closureEsc=0 surveyExpired=0
2026-09-06T07:51:29.102Z [INFO] [slaReminder] SLA_SCAN cases=1 respRemind=0 respEsc=0 closureRemind=0 closureEsc=0 surveyExpired=0
2026-09-06T07:52:29.114Z [INFO] [slaReminder] SLA_SCAN cases=1 respRemind=0 respEsc=0 closureRemind=0 closureEsc=0 surveyExpired=0
2026-09-06T07:53:29.130Z [INFO] [slaReminder] SLA_SCAN cases=1 respRemind=0 respEsc=0 closureRemind=0 closureEsc=0 surveyExpired=0
2026-09-06T07:54:29.137Z [INFO] [slaReminder] SLA_SCAN cases=1 respRemind=0 respEsc=0 closureRemind=0 closureEsc=0 surveyExpired=0
2026-09-06T07:55:29.141Z [INFO] [slaReminder] SLA_SCAN cases=1 respRemind=0 respEsc=0 closureRemind=0 closureEsc=0 surveyExpired=0
2026-09-06T07:56:29.147Z [INFO] [slaReminder] SLA_SCAN cases=1 respRemind=0 respEsc=0 closureRemind=0 closureEsc=0 surveyExpired=0
2026-09-06T07:57:29.162Z [INFO] [slaReminder] SLA_SCAN cases=1 respRemind=0 respEsc=0 closureRemind=0 closureEsc=0 surveyExpired=0
2026-09-06T07:58:29.169Z [INFO] [slaReminder] SLA_SCAN cases=1 respRemind=0 respEsc=0 closureRemind=0 closureEsc=0 surveyExpired=0
2026-09-06T07:59:29.177Z [INFO] [slaReminder] SLA_SCAN cases=1 respRemind=0 respEsc=0 closureRemind=0 closureEsc=0 surveyExpired=0
2026-09-06T08:00:29.189Z [INFO] [slaReminder] SLA_SCAN cases=1 respRemind=0 respEsc=0 closureRemind=0 closureEsc=0 surveyExpired=0
2026-09-06T08:01:29.205Z [INFO] [slaReminder] SLA_SCAN cases=1 respRemind=0 respEsc=0 closureRemind=0 closureEsc=0 surveyExpired=0
2026-09-06T08:02:29.209Z [INFO] [slaReminder] SLA_SCAN cases=1 respRemind=0 respEsc=0 closureRemind=0 closureEsc=0 surveyExpired=0
2026-09-06T08:03:29.213Z [INFO] [slaReminder] SLA_SCAN cases=1 respRemind=0 respEsc=0 closureRemind=0 closureEsc=0 surveyExpired=0
2026-09-06T08:04:29.225Z [INFO] [slaReminder] SLA_SCAN cases=1 respRemind=0 respEsc=0 closureRemind=0 closureEsc=0 surveyExpired=0
2026-09-06T08:05:29.233Z [INFO] [slaReminder] SLA_SCAN cases=1 respRemind=0 respEsc=0 closureRemind=0 closureEsc=0 surveyExpired=0
2026-09-06T08:06:29.246Z [INFO] [slaReminder] SLA_SCAN cases=1 respRemind=0 respEsc=0 closureRemind=0 closureEsc=0 surveyExpired=0
2026-09-06T08:07:29.259Z [INFO] [slaReminder] SLA_SCAN cases=1 respRemind=0 respEsc=0 closureRemind=0 closureEsc=0 surveyExpired=0
2026-09-06T08:08:29.262Z [INFO] [slaReminder] SLA_SCAN cases=1 respRemind=0 respEsc=0 closureRemind=0 closureEsc=0 surveyExpired=0
2026-09-06T08:09:29.262Z [INFO] [slaReminder] SLA_SCAN cases=1 respRemind=0 respEsc=0 closureRemind=0 closureEsc=0 surveyExpired=0
2026-09-06T08:10:29.262Z [INFO] [slaReminder] SLA_SCAN cases=1 respRemind=0 respEsc=0 closureRemind=0 closureEsc=0 surveyExpired=0
2026-09-06T08:11:29.267Z [INFO] [slaReminder] SLA_SCAN cases=1 respRemind=0 respEsc=0 closureRemind=0 closureEsc=0 surveyExpired=0
2026-09-06T08:12:29.278Z [INFO] [slaReminder] SLA_SCAN cases=1 respRemind=0 respEsc=0 closureRemind=0 closureEsc=0 surveyExpired=0
2026-09-06T08:13:29.284Z [INFO] [slaReminder] SLA_SCAN cases=1 respRemind=0 respEsc=0 closureRemind=0 closureEsc=0 surveyExpired=0
2026-09-06T08:14:29.285Z [INFO] [slaReminder] SLA_SCAN cases=1 respRemind=0 respEsc=0 closureRemind=0 closureEsc=0 surveyExpired=0
2026-09-06T08:15:29.287Z [INFO] [slaReminder] SLA_SCAN cases=1 respRemind=0 respEsc=0 closureRemind=0 closureEsc=0 surveyExpired=0
2026-09-06T08:16:29.296Z [INFO] [slaReminder] SLA_SCAN cases=1 respRemind=0 respEsc=0 closureRemind=0 closureEsc=0 surveyExpired=0
2026-09-06T08:17:29.302Z [INFO] [slaReminder] SLA_SCAN cases=1 respRemind=0 respEsc=0 closureRemind=0 closureEsc=0 surveyExpired=0
2026-09-06T08:18:29.308Z [INFO] [slaReminder] SLA_SCAN cases=1 respRemind=0 respEsc=0 closureRemind=0 closureEsc=0 surveyExpired=0
2026-09-06T08:19:29.315Z [INFO] [slaReminder] SLA_SCAN cases=1 respRemind=0 respEsc=0 closureRemind=0 closureEsc=0 surveyExpired=0
2026-09-06T08:20:29.327Z [INFO] [slaReminder] SLA_SCAN cases=1 respRemind=0 respEsc=0 closureRemind=0 closureEsc=0 surveyExpired=0
2026-09-06T08:21:29.327Z [INFO] [slaReminder] SLA_SCAN cases=1 respRemind=0 respEsc=0 closureRemind=0 closureEsc=0 surveyExpired=0
2026-09-06T08:22:29.331Z [INFO] [slaReminder] SLA_SCAN cases=1 respRemind=0 respEsc=0 closureRemind=0 closureEsc=0 surveyExpired=0
2026-09-06T08:23:29.339Z [INFO] [slaReminder] SLA_SCAN cases=1 respRemind=0 respEsc=0 closureRemind=0 closureEsc=0 surveyExpired=0
2026-09-06T08:24:29.350Z [INFO] [slaReminder] SLA_SCAN cases=1 respRemind=0 respEsc=0 closureRemind=0 closureEsc=0 surveyExpired=0
2026-09-06T08:25:29.353Z [INFO] [slaReminder] SLA_SCAN cases=1 respRemind=0 respEsc=0 closureRemind=0 closureEsc=0 surveyExpired=0
2026-09-06T08:26:29.388Z [INFO] [slaReminder] SLA_SCAN cases=1 respRemind=0 respEsc=0 closureRemind=0 closureEsc=0 surveyExpired=0
2026-09-06T08:27:29.402Z [INFO] [slaReminder] SLA_SCAN cases=1 respRemind=0 respEsc=0 closureRemind=0 closureEsc=0 surveyExpired=0
2026-09-06T08:28:29.408Z [INFO] [slaReminder] SLA_SCAN cases=1 respRemind=0 respEsc=0 closureRemind=0 closureEsc=0 surveyExpired=0
2026-09-06T08:29:29.424Z [INFO] [slaReminder] SLA_SCAN cases=1 respRemind=0 respEsc=0 closureRemind=0 closureEsc=0 surveyExpired=0
2026-09-06T08:30:29.432Z [INFO] [slaReminder] SLA_SCAN cases=1 respRemind=0 respEsc=0 closureRemind=0 closureEsc=0 surveyExpired=0
2026-09-06T08:31:29.443Z [INFO] [slaReminder] SLA_SCAN cases=1 respRemind=0 respEsc=0 closureRemind=0 closureEsc=0 surveyExpired=0
2026-09-06T08:32:29.458Z [INFO] [slaReminder] SLA_SCAN cases=1 respRemind=0 respEsc=0 closureRemind=0 closureEsc=0 surveyExpired=0
2026-09-06T08:33:29.468Z [INFO] [slaReminder] SLA_SCAN cases=1 respRemind=0 respEsc=0 closureRemind=0 closureEsc=0 surveyExpired=0
2026-09-06T08:34:29.476Z [INFO] [slaReminder] SLA_SCAN cases=1 respRemind=0 respEsc=0 closureRemind=0 closureEsc=0 surveyExpired=0
2026-09-06T08:35:29.478Z [INFO] [slaReminder] SLA_SCAN cases=1 respRemind=0 respEsc=0 closureRemind=0 closureEsc=0 surveyExpired=0
2026-09-06T08:36:29.481Z [INFO] [slaReminder] SLA_SCAN cases=1 respRemind=0 respEsc=0 closureRemind=0 closureEsc=0 surveyExpired=0
2026-09-06T08:37:29.481Z [INFO] [slaReminder] SLA_SCAN cases=1 respRemind=0 respEsc=0 closureRemind=0 closureEsc=0 surveyExpired=0
2026-09-06T08:38:29.483Z [INFO] [slaReminder] SLA_SCAN cases=1 respRemind=0 respEsc=0 closureRemind=0 closureEsc=0 surveyExpired=0
2026-09-06T08:39:29.498Z [INFO] [slaReminder] SLA_SCAN cases=1 respRemind=0 respEsc=0 closureRemind=0 closureEsc=0 surveyExpired=0
2026-09-06T08:40:29.511Z [INFO] [slaReminder] SLA_SCAN cases=1 respRemind=0 respEsc=0 closureRemind=0 closureEsc=0 surveyExpired=0
2026-09-06T08:41:29.513Z [INFO] [slaReminder] SLA_SCAN cases=1 respRemind=0 respEsc=0 closureRemind=0 closureEsc=0 surveyExpired=0
2026-09-06T08:42:29.520Z [INFO] [slaReminder] SLA_SCAN cases=1 respRemind=0 respEsc=0 closureRemind=0 closureEsc=0 surveyExpired=0
2026-09-06T08:43:29.528Z [INFO] [slaReminder] SLA_SCAN cases=1 respRemind=0 respEsc=0 closureRemind=0 closureEsc=0 surveyExpired=0
2026-09-06T08:44:29.542Z [INFO] [slaReminder] SLA_SCAN cases=1 respRemind=0 respEsc=0 closureRemind=0 closureEsc=0 surveyExpired=0
2026-09-06T08:45:29.553Z [INFO] [slaReminder] SLA_SCAN cases=1 respRemind=0 respEsc=0 closureRemind=0 closureEsc=0 surveyExpired=0
2026-09-06T08:46:29.556Z [INFO] [slaReminder] SLA_SCAN cases=1 respRemind=0 respEsc=0 closureRemind=0 closureEsc=0 surveyExpired=0
2026-09-06T08:47:29.559Z [INFO] [slaReminder] SLA_SCAN cases=1 respRemind=0 respEsc=0 closureRemind=0 closureEsc=0 surveyExpired=0
2026-09-06T08:48:29.568Z [INFO] [slaReminder] SLA_SCAN cases=1 respRemind=0 respEsc=0 closureRemind=0 closureEsc=0 surveyExpired=0
2026-09-06T08:49:29.570Z [INFO] [slaReminder] SLA_SCAN cases=1 respRemind=0 respEsc=0 closureRemind=0 closureEsc=0 surveyExpired=0
2026-09-06T08:50:29.579Z [INFO] [slaReminder] SLA_SCAN cases=1 respRemind=0 respEsc=0 closureRemind=0 closureEsc=0 surveyExpired=0
2026-09-06T08:51:29.584Z [INFO] [slaReminder] SLA_SCAN cases=1 respRemind=0 respEsc=0 closureRemind=0 closureEsc=0 surveyExpired=0
2026-09-06T08:52:29.588Z [INFO] [slaReminder] SLA_SCAN cases=1 respRemind=0 respEsc=0 closureRemind=0 closureEsc=0 surveyExpired=0
2026-09-06T08:53:29.592Z [INFO] [slaReminder] SLA_SCAN cases=1 respRemind=0 respEsc=0 closureRemind=0 closureEsc=0 surveyExpired=0
2026-09-06T08:54:29.607Z [INFO] [slaReminder] SLA_SCAN cases=1 respRemind=0 respEsc=0 closureRemind=0 closureEsc=0 surveyExpired=0
2026-09-06T08:55:29.618Z [INFO] [slaReminder] SLA_SCAN cases=1 respRemind=0 respEsc=0 closureRemind=0 closureEsc=0 surveyExpired=0
2026-09-06T08:56:29.623Z [INFO] [slaReminder] SLA_SCAN cases=1 respRemind=0 respEsc=0 closureRemind=0 closureEsc=0 surveyExpired=0
2026-09-06T08:57:29.625Z [INFO] [slaReminder] SLA_SCAN cases=1 respRemind=0 respEsc=0 closureRemind=0 closureEsc=0 surveyExpired=0
2026-09-06T08:58:29.626Z [INFO] [slaReminder] SLA_SCAN cases=1 respRemind=0 respEsc=0 closureRemind=0 closureEsc=0 surveyExpired=0
2026-09-06T08:59:29.637Z [INFO] [slaReminder] SLA_SCAN cases=1 respRemind=0 respEsc=0 closureRemind=0 closureEsc=0 surveyExpired=0
2026-09-06T09:00:29.655Z [INFO] [slaReminder] SLA_SCAN cases=1 respRemind=0 respEsc=0 closureRemind=0 closureEsc=0 surveyExpired=0
2026-09-06T09:01:29.690Z [INFO] [slaReminder] SLA_SCAN cases=1 respRemind=0 respEsc=0 closureRemind=0 closureEsc=0 surveyExpired=0
2026-09-06T09:02:29.700Z [INFO] [slaReminder] SLA_SCAN cases=1 respRemind=0 respEsc=0 closureRemind=0 closureEsc=0 surveyExpired=0
2026-09-06T09:03:29.714Z [INFO] [slaReminder] SLA_SCAN cases=1 respRemind=0 respEsc=0 closureRemind=0 closureEsc=0 surveyExpired=0
2026-09-06T09:04:29.715Z [INFO] [slaReminder] SLA_SCAN cases=1 respRemind=0 respEsc=0 closureRemind=0 closureEsc=0 surveyExpired=0
2026-09-06T09:05:29.732Z [INFO] [slaReminder] SLA_SCAN cases=1 respRemind=0 respEsc=0 closureRemind=0 closureEsc=0 surveyExpired=0
2026-09-06T09:06:29.739Z [INFO] [slaReminder] SLA_SCAN cases=1 respRemind=0 respEsc=0 closureRemind=0 closureEsc=0 surveyExpired=0
2026-09-06T09:07:29.741Z [INFO] [slaReminder] SLA_SCAN cases=1 respRemind=0 respEsc=0 closureRemind=0 closureEsc=0 surveyExpired=0
2026-09-06T09:08:29.744Z [INFO] [slaReminder] SLA_SCAN cases=1 respRemind=0 respEsc=0 closureRemind=0 closureEsc=0 surveyExpired=0
2026-09-06T09:09:29.749Z [INFO] [slaReminder] SLA_SCAN cases=1 respRemind=0 respEsc=0 closureRemind=0 closureEsc=0 surveyExpired=0
2026-09-06T09:10:29.755Z [INFO] [slaReminder] SLA_SCAN cases=1 respRemind=0 respEsc=0 closureRemind=0 closureEsc=0 surveyExpired=0
2026-09-06T09:11:29.759Z [INFO] [slaReminder] SLA_SCAN cases=1 respRemind=0 respEsc=0 closureRemind=0 closureEsc=0 surveyExpired=0
2026-09-06T09:12:29.769Z [INFO] [slaReminder] SLA_SCAN cases=1 respRemind=0 respEsc=0 closureRemind=0 closureEsc=0 surveyExpired=0
2026-09-06T09:13:29.776Z [INFO] [slaReminder] SLA_SCAN cases=1 respRemind=0 respEsc=0 closureRemind=0 closureEsc=0 surveyExpired=0
2026-09-06T09:14:29.789Z [INFO] [slaReminder] SLA_SCAN cases=1 respRemind=0 respEsc=0 closureRemind=0 closureEsc=0 surveyExpired=0
2026-09-06T09:15:29.791Z [INFO] [slaReminder] SLA_SCAN cases=1 respRemind=0 respEsc=0 closureRemind=0 closureEsc=0 surveyExpired=0
2026-09-06T09:16:29.803Z [INFO] [slaReminder] SLA_SCAN cases=1 respRemind=0 respEsc=0 closureRemind=0 closureEsc=0 surveyExpired=0
2026-09-06T09:17:29.808Z [INFO] [slaReminder] SLA_SCAN cases=1 respRemind=0 respEsc=0 closureRemind=0 closureEsc=0 surveyExpired=0
2026-09-06T09:18:29.814Z [INFO] [slaReminder] SLA_SCAN cases=1 respRemind=0 respEsc=0 closureRemind=0 closureEsc=0 surveyExpired=0
2026-09-06T09:19:29.819Z [INFO] [slaReminder] SLA_SCAN cases=1 respRemind=0 respEsc=0 closureRemind=0 closureEsc=0 surveyExpired=0
2026-09-06T09:20:29.820Z [INFO] [slaReminder] SLA_SCAN cases=1 respRemind=0 respEsc=0 closureRemind=0 closureEsc=0 surveyExpired=0
2026-09-06T09:21:29.834Z [INFO] [slaReminder] SLA_SCAN cases=1 respRemind=0 respEsc=0 closureRemind=0 closureEsc=0 surveyExpired=0
2026-09-06T09:22:29.836Z [INFO] [slaReminder] SLA_SCAN cases=1 respRemind=0 respEsc=0 closureRemind=0 closureEsc=0 surveyExpired=0
2026-09-06T09:23:29.844Z [INFO] [slaReminder] SLA_SCAN cases=1 respRemind=0 respEsc=0 closureRemind=0 closureEsc=0 surveyExpired=0
2026-09-06T09:24:29.848Z [INFO] [slaReminder] SLA_SCAN cases=1 respRemind=0 respEsc=0 closureRemind=0 closureEsc=0 surveyExpired=0
2026-09-06T09:25:29.851Z [INFO] [slaReminder] SLA_SCAN cases=1 respRemind=0 respEsc=0 closureRemind=0 closureEsc=0 surveyExpired=0
2026-09-06T09:26:29.865Z [INFO] [slaReminder] SLA_SCAN cases=1 respRemind=0 respEsc=0 closureRemind=0 closureEsc=0 surveyExpired=0
2026-09-06T09:27:29.871Z [INFO] [slaReminder] SLA_SCAN cases=1 respRemind=0 respEsc=0 closureRemind=0 closureEsc=0 surveyExpired=0
2026-09-06T09:28:29.883Z [INFO] [slaReminder] SLA_SCAN cases=1 respRemind=0 respEsc=0 closureRemind=0 closureEsc=0 surveyExpired=0
2026-09-06T09:29:29.895Z [INFO] [slaReminder] SLA_SCAN cases=1 respRemind=0 respEsc=0 closureRemind=0 closureEsc=0 surveyExpired=0
2026-09-06T09:30:29.907Z [INFO] [slaReminder] SLA_SCAN cases=1 respRemind=0 respEsc=0 closureRemind=0 closureEsc=0 surveyExpired=0
2026-09-06T09:31:29.908Z [INFO] [slaReminder] SLA_SCAN cases=1 respRemind=0 respEsc=0 closureRemind=0 closureEsc=0 surveyExpired=0
2026-09-06T09:32:29.909Z [INFO] [slaReminder] SLA_SCAN cases=1 respRemind=0 respEsc=0 closureRemind=0 closureEsc=0 surveyExpired=0
2026-09-06T09:33:29.914Z [INFO] [slaReminder] SLA_SCAN cases=1 respRemind=0 respEsc=0 closureRemind=0 closureEsc=0 surveyExpired=0
2026-09-06T09:34:29.915Z [INFO] [slaReminder] SLA_SCAN cases=1 respRemind=0 respEsc=0 closureRemind=0 closureEsc=0 surveyExpired=0
2026-09-06T09:35:29.916Z [INFO] [slaReminder] SLA_SCAN cases=1 respRemind=0 respEsc=0 closureRemind=0 closureEsc=0 surveyExpired=0
2026-09-06T09:36:29.931Z [INFO] [slaReminder] SLA_SCAN cases=1 respRemind=0 respEsc=0 closureRemind=0 closureEsc=0 surveyExpired=0
2026-09-06T09:37:29.932Z [INFO] [slaReminder] SLA_SCAN cases=1 respRemind=0 respEsc=0 closureRemind=0 closureEsc=0 surveyExpired=0
2026-09-06T09:38:29.947Z [INFO] [slaReminder] SLA_SCAN cases=1 respRemind=0 respEsc=0 closureRemind=0 closureEsc=0 surveyExpired=0
2026-09-06T09:39:29.956Z [INFO] [slaReminder] SLA_SCAN cases=1 respRemind=0 respEsc=0 closureRemind=0 closureEsc=0 surveyExpired=0
2026-09-06T09:40:29.961Z [INFO] [slaReminder] SLA_SCAN cases=1 respRemind=0 respEsc=0 closureRemind=0 closureEsc=0 surveyExpired=0
2026-09-06T09:41:29.967Z [INFO] [slaReminder] SLA_SCAN cases=1 respRemind=0 respEsc=0 closureRemind=0 closureEsc=0 surveyExpired=0
2026-09-06T09:42:29.968Z [INFO] [slaReminder] SLA_SCAN cases=1 respRemind=0 respEsc=0 closureRemind=0 closureEsc=0 surveyExpired=0
2026-09-06T09:43:29.972Z [INFO] [slaReminder] SLA_SCAN cases=1 respRemind=0 respEsc=0 closureRemind=0 closureEsc=0 surveyExpired=0
2026-09-06T09:44:29.980Z [INFO] [slaReminder] SLA_SCAN cases=1 respRemind=0 respEsc=0 closureRemind=0 closureEsc=0 surveyExpired=0
2026-09-06T09:45:29.983Z [INFO] [slaReminder] SLA_SCAN cases=1 respRemind=0 respEsc=0 closureRemind=0 closureEsc=0 surveyExpired=0
2026-09-06T09:46:29.995Z [INFO] [slaReminder] SLA_SCAN cases=1 respRemind=0 respEsc=0 closureRemind=0 closureEsc=0 surveyExpired=0
2026-09-06T09:47:30.006Z [INFO] [slaReminder] SLA_SCAN cases=1 respRemind=0 respEsc=0 closureRemind=0 closureEsc=0 surveyExpired=0
2026-09-06T09:48:30.013Z [INFO] [slaReminder] SLA_SCAN cases=1 respRemind=0 respEsc=0 closureRemind=0 closureEsc=0 surveyExpired=0
2026-09-06T09:49:30.023Z [INFO] [slaReminder] SLA_SCAN cases=1 respRemind=0 respEsc=0 closureRemind=0 closureEsc=0 surveyExpired=0
2026-09-06T09:50:30.026Z [INFO] [slaReminder] SLA_SCAN cases=1 respRemind=0 respEsc=0 closureRemind=0 closureEsc=0 surveyExpired=0
2026-09-06T09:51:30.038Z [INFO] [slaReminder] SLA_SCAN cases=1 respRemind=0 respEsc=0 closureRemind=0 closureEsc=0 surveyExpired=0
2026-09-06T09:52:30.046Z [INFO] [slaReminder] SLA_SCAN cases=1 respRemind=0 respEsc=0 closureRemind=0 closureEsc=0 surveyExpired=0
2026-09-06T09:53:30.053Z [INFO] [slaReminder] SLA_SCAN cases=1 respRemind=0 respEsc=0 closureRemind=0 closureEsc=0 surveyExpired=0
2026-09-06T09:54:30.057Z [INFO] [slaReminder] SLA_SCAN cases=1 respRemind=0 respEsc=0 closureRemind=0 closureEsc=0 surveyExpired=0
2026-09-06T09:55:30.061Z [INFO] [slaReminder] SLA_SCAN cases=1 respRemind=0 respEsc=0 closureRemind=0 closureEsc=0 surveyExpired=0
2026-09-06T09:56:30.065Z [INFO] [slaReminder] SLA_SCAN cases=1 respRemind=0 respEsc=0 closureRemind=0 closureEsc=0 surveyExpired=0
2026-09-06T09:57:30.073Z [INFO] [slaReminder] SLA_SCAN cases=1 respRemind=0 respEsc=0 closureRemind=0 closureEsc=0 surveyExpired=0
2026-09-06T09:58:30.082Z [INFO] [slaReminder] SLA_SCAN cases=1 respRemind=0 respEsc=0 closureRemind=0 closureEsc=0 surveyExpired=0
2026-09-06T09:59:30.090Z [INFO] [slaReminder] SLA_SCAN cases=1 respRemind=0 respEsc=0 closureRemind=0 closureEsc=0 surveyExpired=0
2026-09-06T10:00:30.092Z [INFO] [slaReminder] SLA_SCAN cases=1 respRemind=0 respEsc=0 closureRemind=0 closureEsc=0 surveyExpired=0
2026-09-06T10:01:30.104Z [INFO] [slaReminder] SLA_SCAN cases=1 respRemind=0 respEsc=0 closureRemind=0 closureEsc=0 surveyExpired=0
2026-09-06T10:02:30.106Z [INFO] [slaReminder] SLA_SCAN cases=1 respRemind=0 respEsc=0 closureRemind=0 closureEsc=0 surveyExpired=0
2026-09-06T10:03:30.117Z [INFO] [slaReminder] SLA_SCAN cases=1 respRemind=0 respEsc=0 closureRemind=0 closureEsc=0 surveyExpired=0
2026-09-06T10:04:30.122Z [INFO] [slaReminder] SLA_SCAN cases=1 respRemind=0 respEsc=0 closureRemind=0 closureEsc=0 surveyExpired=0
2026-09-06T10:05:30.127Z [INFO] [slaReminder] SLA_SCAN cases=1 respRemind=0 respEsc=0 closureRemind=0 closureEsc=0 surveyExpired=0
2026-09-06T10:06:30.130Z [INFO] [slaReminder] SLA_SCAN cases=1 respRemind=0 respEsc=0 closureRemind=0 closureEsc=0 surveyExpired=0
2026-09-06T10:07:30.137Z [INFO] [slaReminder] SLA_SCAN cases=1 respRemind=0 respEsc=0 closureRemind=0 closureEsc=0 surveyExpired=0
2026-09-06T10:08:30.139Z [INFO] [slaReminder] SLA_SCAN cases=1 respRemind=0 respEsc=0 closureRemind=0 closureEsc=0 surveyExpired=0
2026-09-06T10:09:30.159Z [INFO] [slaReminder] SLA_SCAN cases=1 respRemind=0 respEsc=0 closureRemind=0 closureEsc=0 surveyExpired=0
2026-09-06T10:10:30.174Z [INFO] [slaReminder] SLA_SCAN cases=1 respRemind=0 respEsc=0 closureRemind=0 closureEsc=0 surveyExpired=0
2026-09-06T10:11:30.186Z [INFO] [slaReminder] SLA_SCAN cases=1 respRemind=0 respEsc=0 closureRemind=0 closureEsc=0 surveyExpired=0
2026-09-06T10:12:30.195Z [INFO] [slaReminder] SLA_SCAN cases=1 respRemind=0 respEsc=0 closureRemind=0 closureEsc=0 surveyExpired=0
2026-09-06T10:13:30.197Z [INFO] [slaReminder] SLA_SCAN cases=1 respRemind=0 respEsc=0 closureRemind=0 closureEsc=0 surveyExpired=0
2026-09-06T10:14:30.201Z [INFO] [slaReminder] SLA_SCAN cases=1 respRemind=0 respEsc=0 closureRemind=0 closureEsc=0 surveyExpired=0
2026-09-06T10:15:30.211Z [INFO] [slaReminder] SLA_SCAN cases=1 respRemind=0 respEsc=0 closureRemind=0 closureEsc=0 surveyExpired=0
2026-09-06T10:16:30.215Z [INFO] [slaReminder] SLA_SCAN cases=1 respRemind=0 respEsc=0 closureRemind=0 closureEsc=0 surveyExpired=0
2026-09-06T10:17:30.224Z [INFO] [slaReminder] SLA_SCAN cases=1 respRemind=0 respEsc=0 closureRemind=0 closureEsc=0 surveyExpired=0
2026-09-06T10:18:30.230Z [INFO] [slaReminder] SLA_SCAN cases=1 respRemind=0 respEsc=0 closureRemind=0 closureEsc=0 surveyExpired=0
2026-09-06T10:19:30.241Z [INFO] [slaReminder] SLA_SCAN cases=1 respRemind=0 respEsc=0 closureRemind=0 closureEsc=0 surveyExpired=0
2026-09-06T10:20:30.257Z [INFO] [slaReminder] SLA_SCAN cases=1 respRemind=0 respEsc=0 closureRemind=0 closureEsc=0 surveyExpired=0
2026-09-06T10:21:30.269Z [INFO] [slaReminder] SLA_SCAN cases=1 respRemind=0 respEsc=0 closureRemind=0 closureEsc=0 surveyExpired=0
2026-09-06T10:22:30.275Z [INFO] [slaReminder] SLA_SCAN cases=1 respRemind=0 respEsc=0 closureRemind=0 closureEsc=0 surveyExpired=0
2026-09-06T10:23:30.277Z [INFO] [slaReminder] SLA_SCAN cases=1 respRemind=0 respEsc=0 closureRemind=0 closureEsc=0 surveyExpired=0
2026-09-06T10:24:30.293Z [INFO] [slaReminder] SLA_SCAN cases=1 respRemind=0 respEsc=0 closureRemind=0 closureEsc=0 surveyExpired=0
2026-09-06T10:25:30.299Z [INFO] [slaReminder] SLA_SCAN cases=1 respRemind=0 respEsc=0 closureRemind=0 closureEsc=0 surveyExpired=0
2026-09-06T10:26:30.310Z [INFO] [slaReminder] SLA_SCAN cases=1 respRemind=0 respEsc=0 closureRemind=0 closureEsc=0 surveyExpired=0
2026-09-06T10:27:30.317Z [INFO] [slaReminder] SLA_SCAN cases=1 respRemind=0 respEsc=0 closureRemind=0 closureEsc=0 surveyExpired=0
2026-09-06T10:28:30.333Z [INFO] [slaReminder] SLA_SCAN cases=1 respRemind=0 respEsc=0 closureRemind=0 closureEsc=0 surveyExpired=0
2026-09-06T10:29:30.342Z [INFO] [slaReminder] SLA_SCAN cases=1 respRemind=0 respEsc=0 closureRemind=0 closureEsc=0 surveyExpired=0
2026-09-06T10:30:30.354Z [INFO] [slaReminder] SLA_SCAN cases=1 respRemind=0 respEsc=0 closureRemind=0 closureEsc=0 surveyExpired=0
2026-09-06T10:31:30.355Z [INFO] [slaReminder] SLA_SCAN cases=1 respRemind=0 respEsc=0 closureRemind=0 closureEsc=0 surveyExpired=0
2026-09-06T10:32:30.363Z [INFO] [slaReminder] SLA_SCAN cases=1 respRemind=0 respEsc=0 closureRemind=0 closureEsc=0 surveyExpired=0
2026-09-06T10:33:30.377Z [INFO] [slaReminder] SLA_SCAN cases=1 respRemind=0 respEsc=0 closureRemind=0 closureEsc=0 surveyExpired=0
2026-09-06T10:34:30.389Z [INFO] [slaReminder] SLA_SCAN cases=1 respRemind=0 respEsc=0 closureRemind=0 closureEsc=0 surveyExpired=0
2026-09-06T10:35:30.402Z [INFO] [slaReminder] SLA_SCAN cases=1 respRemind=0 respEsc=0 closureRemind=0 closureEsc=0 surveyExpired=0
2026-09-06T10:36:30.415Z [INFO] [slaReminder] SLA_SCAN cases=1 respRemind=0 respEsc=0 closureRemind=0 closureEsc=0 surveyExpired=0
2026-09-06T10:37:30.426Z [INFO] [slaReminder] SLA_SCAN cases=1 respRemind=0 respEsc=0 closureRemind=0 closureEsc=0 surveyExpired=0
2026-09-06T10:38:30.433Z [INFO] [slaReminder] SLA_SCAN cases=1 respRemind=0 respEsc=0 closureRemind=0 closureEsc=0 surveyExpired=0
2026-09-06T10:39:30.440Z [INFO] [slaReminder] SLA_SCAN cases=1 respRemind=0 respEsc=0 closureRemind=0 closureEsc=0 surveyExpired=0
2026-09-06T10:40:30.454Z [INFO] [slaReminder] SLA_SCAN cases=1 respRemind=0 respEsc=0 closureRemind=0 closureEsc=0 surveyExpired=0
2026-09-06T10:41:30.465Z [INFO] [slaReminder] SLA_SCAN cases=1 respRemind=0 respEsc=0 closureRemind=0 closureEsc=0 surveyExpired=0
2026-09-06T10:42:30.483Z [INFO] [slaReminder] SLA_SCAN cases=1 respRemind=0 respEsc=0 closureRemind=0 closureEsc=0 surveyExpired=0
2026-09-06T10:43:30.484Z [INFO] [slaReminder] SLA_SCAN cases=1 respRemind=0 respEsc=0 closureRemind=0 closureEsc=0 surveyExpired=0
2026-09-06T10:44:30.492Z [INFO] [slaReminder] SLA_SCAN cases=1 respRemind=0 respEsc=0 closureRemind=0 closureEsc=0 surveyExpired=0
2026-09-06T10:45:30.506Z [INFO] [slaReminder] SLA_SCAN cases=1 respRemind=0 respEsc=0 closureRemind=0 closureEsc=0 surveyExpired=0
2026-09-06T10:46:30.510Z [INFO] [slaReminder] SLA_SCAN cases=1 respRemind=0 respEsc=0 closureRemind=0 closureEsc=0 surveyExpired=0
2026-09-06T10:47:30.520Z [INFO] [slaReminder] SLA_SCAN cases=1 respRemind=0 respEsc=0 closureRemind=0 closureEsc=0 surveyExpired=0
2026-09-06T10:48:30.533Z [INFO] [slaReminder] SLA_SCAN cases=1 respRemind=0 respEsc=0 closureRemind=0 closureEsc=0 surveyExpired=0
2026-09-06T10:49:30.533Z [INFO] [slaReminder] SLA_SCAN cases=1 respRemind=0 respEsc=0 closureRemind=0 closureEsc=0 surveyExpired=0
2026-09-06T10:50:30.540Z [INFO] [slaReminder] SLA_SCAN cases=1 respRemind=0 respEsc=0 closureRemind=0 closureEsc=0 surveyExpired=0
2026-09-06T10:51:30.555Z [INFO] [slaReminder] SLA_SCAN cases=1 respRemind=0 respEsc=0 closureRemind=0 closureEsc=0 surveyExpired=0
2026-09-06T10:52:30.563Z [INFO] [slaReminder] SLA_SCAN cases=1 respRemind=0 respEsc=0 closureRemind=0 closureEsc=0 surveyExpired=0
2026-09-06T10:53:30.563Z [INFO] [slaReminder] SLA_SCAN cases=1 respRemind=0 respEsc=0 closureRemind=0 closureEsc=0 surveyExpired=0
2026-09-06T10:54:30.566Z [INFO] [slaReminder] SLA_SCAN cases=1 respRemind=0 respEsc=0 closureRemind=0 closureEsc=0 surveyExpired=0
2026-09-06T10:55:30.577Z [INFO] [slaReminder] SLA_SCAN cases=1 respRemind=0 respEsc=0 closureRemind=0 closureEsc=0 surveyExpired=0
2026-09-06T10:56:30.585Z [INFO] [slaReminder] SLA_SCAN cases=1 respRemind=0 respEsc=0 closureRemind=0 closureEsc=0 surveyExpired=0
2026-09-06T10:57:30.586Z [INFO] [slaReminder] SLA_SCAN cases=1 respRemind=0 respEsc=0 closureRemind=0 closureEsc=0 surveyExpired=0
2026-09-06T10:58:30.593Z [INFO] [slaReminder] SLA_SCAN cases=1 respRemind=0 respEsc=0 closureRemind=0 closureEsc=0 surveyExpired=0
2026-09-06T10:59:30.599Z [INFO] [slaReminder] SLA_SCAN cases=1 respRemind=0 respEsc=0 closureRemind=0 closureEsc=0 surveyExpired=0
2026-09-06T11:00:30.612Z [INFO] [slaReminder] SLA_SCAN cases=1 respRemind=0 respEsc=0 closureRemind=0 closureEsc=0 surveyExpired=0
2026-09-06T11:01:30.612Z [INFO] [slaReminder] SLA_SCAN cases=1 respRemind=0 respEsc=0 closureRemind=0 closureEsc=0 surveyExpired=0
2026-09-06T11:02:30.615Z [INFO] [slaReminder] SLA_SCAN cases=1 respRemind=0 respEsc=0 closureRemind=0 closureEsc=0 surveyExpired=0
2026-09-06T11:03:30.625Z [INFO] [slaReminder] SLA_SCAN cases=1 respRemind=0 respEsc=0 closureRemind=0 closureEsc=0 surveyExpired=0
2026-09-06T11:04:30.627Z [INFO] [slaReminder] SLA_SCAN cases=1 respRemind=0 respEsc=0 closureRemind=0 closureEsc=0 surveyExpired=0
2026-09-06T11:05:30.638Z [INFO] [slaReminder] SLA_SCAN cases=1 respRemind=0 respEsc=0 closureRemind=0 closureEsc=0 surveyExpired=0
2026-09-06T11:06:30.641Z [INFO] [slaReminder] SLA_SCAN cases=1 respRemind=0 respEsc=0 closureRemind=0 closureEsc=0 surveyExpired=0
2026-09-06T11:07:30.654Z [INFO] [slaReminder] SLA_SCAN cases=1 respRemind=0 respEsc=0 closureRemind=0 closureEsc=0 surveyExpired=0
2026-09-06T11:08:30.668Z [INFO] [slaReminder] SLA_SCAN cases=1 respRemind=0 respEsc=0 closureRemind=0 closureEsc=0 surveyExpired=0
2026-09-06T11:09:30.670Z [INFO] [slaReminder] SLA_SCAN cases=1 respRemind=0 respEsc=0 closureRemind=0 closureEsc=0 surveyExpired=0
2026-09-06T11:10:30.685Z [INFO] [slaReminder] SLA_SCAN cases=1 respRemind=0 respEsc=0 closureRemind=0 closureEsc=0 surveyExpired=0
2026-09-06T11:11:30.697Z [INFO] [slaReminder] SLA_SCAN cases=1 respRemind=0 respEsc=0 closureRemind=0 closureEsc=0 surveyExpired=0
2026-09-06T11:12:30.701Z [INFO] [slaReminder] SLA_SCAN cases=1 respRemind=0 respEsc=0 closureRemind=0 closureEsc=0 surveyExpired=0
2026-09-06T11:13:30.710Z [INFO] [slaReminder] SLA_SCAN cases=1 respRemind=0 respEsc=0 closureRemind=0 closureEsc=0 surveyExpired=0
2026-09-06T11:14:30.712Z [INFO] [slaReminder] SLA_SCAN cases=1 respRemind=0 respEsc=0 closureRemind=0 closureEsc=0 surveyExpired=0
2026-09-06T11:15:30.724Z [INFO] [slaReminder] SLA_SCAN cases=1 respRemind=0 respEsc=0 closureRemind=0 closureEsc=0 surveyExpired=0
2026-09-06T11:16:30.735Z [INFO] [slaReminder] SLA_SCAN cases=1 respRemind=0 respEsc=0 closureRemind=0 closureEsc=0 surveyExpired=0
2026-09-06T11:17:30.743Z [INFO] [slaReminder] SLA_SCAN cases=1 respRemind=0 respEsc=0 closureRemind=0 closureEsc=0 surveyExpired=0
2026-09-06T11:18:30.748Z [INFO] [slaReminder] SLA_SCAN cases=1 respRemind=0 respEsc=0 closureRemind=0 closureEsc=0 surveyExpired=0
2026-09-06T11:19:30.764Z [INFO] [slaReminder] SLA_SCAN cases=1 respRemind=0 respEsc=0 closureRemind=0 closureEsc=0 surveyExpired=0
2026-09-06T11:20:30.775Z [INFO] [slaReminder] SLA_SCAN cases=1 respRemind=0 respEsc=0 closureRemind=0 closureEsc=0 surveyExpired=0
2026-09-06T11:21:30.777Z [INFO] [slaReminder] SLA_SCAN cases=1 respRemind=0 respEsc=0 closureRemind=0 closureEsc=0 surveyExpired=0
2026-09-06T11:22:30.778Z [INFO] [slaReminder] SLA_SCAN cases=1 respRemind=0 respEsc=0 closureRemind=0 closureEsc=0 surveyExpired=0
2026-09-06T11:23:30.787Z [INFO] [slaReminder] SLA_SCAN cases=1 respRemind=0 respEsc=0 closureRemind=0 closureEsc=0 surveyExpired=0
2026-09-06T11:24:30.801Z [INFO] [slaReminder] SLA_SCAN cases=1 respRemind=0 respEsc=0 closureRemind=0 closureEsc=0 surveyExpired=0
2026-09-06T11:25:30.803Z [INFO] [slaReminder] SLA_SCAN cases=1 respRemind=0 respEsc=0 closureRemind=0 closureEsc=0 surveyExpired=0
2026-09-06T11:26:30.806Z [INFO] [slaReminder] SLA_SCAN cases=1 respRemind=0 respEsc=0 closureRemind=0 closureEsc=0 surveyExpired=0
2026-09-06T11:27:30.822Z [INFO] [slaReminder] SLA_SCAN cases=1 respRemind=0 respEsc=0 closureRemind=0 closureEsc=0 surveyExpired=0
2026-09-06T11:28:30.823Z [INFO] [slaReminder] SLA_SCAN cases=1 respRemind=0 respEsc=0 closureRemind=0 closureEsc=0 surveyExpired=0
2026-09-06T11:29:30.836Z [INFO] [slaReminder] SLA_SCAN cases=1 respRemind=0 respEsc=0 closureRemind=0 closureEsc=0 surveyExpired=0
2026-09-06T11:30:30.840Z [INFO] [slaReminder] SLA_SCAN cases=1 respRemind=0 respEsc=0 closureRemind=0 closureEsc=0 surveyExpired=0
2026-09-06T11:31:30.842Z [INFO] [slaReminder] SLA_SCAN cases=1 respRemind=0 respEsc=0 closureRemind=0 closureEsc=0 surveyExpired=0
2026-09-06T11:32:30.857Z [INFO] [slaReminder] SLA_SCAN cases=1 respRemind=0 respEsc=0 closureRemind=0 closureEsc=0 surveyExpired=0
2026-09-06T11:33:30.872Z [INFO] [slaReminder] SLA_SCAN cases=1 respRemind=0 respEsc=0 closureRemind=0 closureEsc=0 surveyExpired=0
2026-09-06T11:34:30.882Z [INFO] [slaReminder] SLA_SCAN cases=1 respRemind=0 respEsc=0 closureRemind=0 closureEsc=0 surveyExpired=0
2026-09-06T11:35:30.887Z [INFO] [slaReminder] SLA_SCAN cases=1 respRemind=0 respEsc=0 closureRemind=0 closureEsc=0 surveyExpired=0
2026-09-06T11:36:30.899Z [INFO] [slaReminder] SLA_SCAN cases=1 respRemind=0 respEsc=0 closureRemind=0 closureEsc=0 surveyExpired=0
2026-09-06T11:37:30.905Z [INFO] [slaReminder] SLA_SCAN cases=1 respRemind=0 respEsc=0 closureRemind=0 closureEsc=0 surveyExpired=0
2026-09-06T11:38:30.918Z [INFO] [slaReminder] SLA_SCAN cases=1 respRemind=0 respEsc=0 closureRemind=0 closureEsc=0 surveyExpired=0
2026-09-06T11:39:30.927Z [INFO] [slaReminder] SLA_SCAN cases=1 respRemind=0 respEsc=0 closureRemind=0 closureEsc=0 surveyExpired=0
2026-09-06T11:40:30.937Z [INFO] [slaReminder] SLA_SCAN cases=1 respRemind=0 respEsc=0 closureRemind=0 closureEsc=0 surveyExpired=0
2026-09-06T11:41:30.947Z [INFO] [slaReminder] SLA_SCAN cases=1 respRemind=0 respEsc=0 closureRemind=0 closureEsc=0 surveyExpired=0
2026-09-06T11:42:30.956Z [INFO] [slaReminder] SLA_SCAN cases=1 respRemind=0 respEsc=0 closureRemind=0 closureEsc=0 surveyExpired=0
2026-09-06T11:43:30.958Z [INFO] [slaReminder] SLA_SCAN cases=1 respRemind=0 respEsc=0 closureRemind=0 closureEsc=0 surveyExpired=0
2026-09-06T11:44:30.977Z [INFO] [slaReminder] SLA_SCAN cases=1 respRemind=0 respEsc=0 closureRemind=0 closureEsc=0 surveyExpired=0
2026-09-06T11:45:30.992Z [INFO] [slaReminder] SLA_SCAN cases=1 respRemind=0 respEsc=0 closureRemind=0 closureEsc=0 surveyExpired=0
2026-09-06T11:46:30.999Z [INFO] [slaReminder] SLA_SCAN cases=1 respRemind=0 respEsc=0 closureRemind=0 closureEsc=0 surveyExpired=0
2026-09-06T11:47:31.015Z [INFO] [slaReminder] SLA_SCAN cases=1 respRemind=0 respEsc=0 closureRemind=0 closureEsc=0 surveyExpired=0
2026-09-06T11:48:31.019Z [INFO] [slaReminder] SLA_SCAN cases=1 respRemind=0 respEsc=0 closureRemind=0 closureEsc=0 surveyExpired=0
2026-09-06T11:49:31.030Z [INFO] [slaReminder] SLA_SCAN cases=1 respRemind=0 respEsc=0 closureRemind=0 closureEsc=0 surveyExpired=0
2026-09-06T11:50:31.036Z [INFO] [slaReminder] SLA_SCAN cases=1 respRemind=0 respEsc=0 closureRemind=0 closureEsc=0 surveyExpired=0
2026-09-06T11:51:31.048Z [INFO] [slaReminder] SLA_SCAN cases=1 respRemind=0 respEsc=0 closureRemind=0 closureEsc=0 surveyExpired=0
2026-09-06T11:52:31.059Z [INFO] [slaReminder] SLA_SCAN cases=1 respRemind=0 respEsc=0 closureRemind=0 closureEsc=0 surveyExpired=0
2026-09-06T11:53:31.075Z [INFO] [slaReminder] SLA_SCAN cases=1 respRemind=0 respEsc=0 closureRemind=0 closureEsc=0 surveyExpired=0
2026-09-06T11:54:31.075Z [INFO] [slaReminder] SLA_SCAN cases=1 respRemind=0 respEsc=0 closureRemind=0 closureEsc=0 surveyExpired=0
2026-09-06T11:55:31.081Z [INFO] [slaReminder] SLA_SCAN cases=1 respRemind=0 respEsc=0 closureRemind=0 closureEsc=0 surveyExpired=0
2026-09-06T11:56:31.087Z [INFO] [slaReminder] SLA_SCAN cases=1 respRemind=0 respEsc=0 closureRemind=0 closureEsc=0 surveyExpired=0
2026-09-06T11:57:31.101Z [INFO] [slaReminder] SLA_SCAN cases=1 respRemind=0 respEsc=0 closureRemind=0 closureEsc=0 surveyExpired=0
2026-09-06T11:58:31.114Z [INFO] [slaReminder] SLA_SCAN cases=1 respRemind=0 respEsc=0 closureRemind=0 closureEsc=0 surveyExpired=0
2026-09-06T11:59:31.124Z [INFO] [slaReminder] SLA_SCAN cases=1 respRemind=0 respEsc=0 closureRemind=0 closureEsc=0 surveyExpired=0
2026-09-06T12:00:31.126Z [INFO] [slaReminder] SLA_SCAN cases=1 respRemind=0 respEsc=0 closureRemind=0 closureEsc=0 surveyExpired=0
2026-09-06T12:01:31.127Z [INFO] [slaReminder] SLA_SCAN cases=1 respRemind=0 respEsc=0 closureRemind=0 closureEsc=0 surveyExpired=0
2026-09-06T12:02:31.127Z [INFO] [slaReminder] SLA_SCAN cases=1 respRemind=0 respEsc=0 closureRemind=0 closureEsc=0 surveyExpired=0
2026-09-06T12:03:31.134Z [INFO] [slaReminder] SLA_SCAN cases=1 respRemind=0 respEsc=0 closureRemind=0 closureEsc=0 surveyExpired=0
2026-09-06T12:04:31.138Z [INFO] [slaReminder] SLA_SCAN cases=1 respRemind=0 respEsc=0 closureRemind=0 closureEsc=0 surveyExpired=0
2026-09-06T12:05:31.138Z [INFO] [slaReminder] SLA_SCAN cases=1 respRemind=0 respEsc=0 closureRemind=0 closureEsc=0 surveyExpired=0
2026-09-06T12:06:31.147Z [INFO] [slaReminder] SLA_SCAN cases=1 respRemind=0 respEsc=0 closureRemind=0 closureEsc=0 surveyExpired=0
2026-09-06T12:07:31.148Z [INFO] [slaReminder] SLA_SCAN cases=1 respRemind=0 respEsc=0 closureRemind=0 closureEsc=0 surveyExpired=0
2026-09-06T12:08:31.160Z [INFO] [slaReminder] SLA_SCAN cases=1 respRemind=0 respEsc=0 closureRemind=0 closureEsc=0 surveyExpired=0
2026-09-06T12:09:31.173Z [INFO] [slaReminder] SLA_SCAN cases=1 respRemind=0 respEsc=0 closureRemind=0 closureEsc=0 surveyExpired=0
2026-09-06T12:10:31.177Z [INFO] [slaReminder] SLA_SCAN cases=1 respRemind=0 respEsc=0 closureRemind=0 closureEsc=0 surveyExpired=0
2026-09-06T12:11:31.191Z [INFO] [slaReminder] SLA_SCAN cases=1 respRemind=0 respEsc=0 closureRemind=0 closureEsc=0 surveyExpired=0
2026-09-06T12:12:31.194Z [INFO] [slaReminder] SLA_SCAN cases=1 respRemind=0 respEsc=0 closureRemind=0 closureEsc=0 surveyExpired=0
2026-09-06T12:13:31.199Z [INFO] [slaReminder] SLA_SCAN cases=1 respRemind=0 respEsc=0 closureRemind=0 closureEsc=0 surveyExpired=0
2026-09-06T12:14:31.201Z [INFO] [slaReminder] SLA_SCAN cases=1 respRemind=0 respEsc=0 closureRemind=0 closureEsc=0 surveyExpired=0
2026-09-06T12:15:31.213Z [INFO] [slaReminder] SLA_SCAN cases=1 respRemind=0 respEsc=0 closureRemind=0 closureEsc=0 surveyExpired=0
2026-09-06T12:16:31.216Z [INFO] [slaReminder] SLA_SCAN cases=1 respRemind=0 respEsc=0 closureRemind=0 closureEsc=0 surveyExpired=0
2026-09-06T12:17:31.225Z [INFO] [slaReminder] SLA_SCAN cases=1 respRemind=0 respEsc=0 closureRemind=0 closureEsc=0 surveyExpired=0
2026-09-06T12:18:31.229Z [INFO] [slaReminder] SLA_SCAN cases=1 respRemind=0 respEsc=0 closureRemind=0 closureEsc=0 surveyExpired=0
2026-09-06T12:19:31.245Z [INFO] [slaReminder] SLA_SCAN cases=1 respRemind=0 respEsc=0 closureRemind=0 closureEsc=0 surveyExpired=0
2026-09-06T12:20:31.249Z [INFO] [slaReminder] SLA_SCAN cases=1 respRemind=0 respEsc=0 closureRemind=0 closureEsc=0 surveyExpired=0
2026-09-06T12:21:31.261Z [INFO] [slaReminder] SLA_SCAN cases=1 respRemind=0 respEsc=0 closureRemind=0 closureEsc=0 surveyExpired=0
2026-09-06T12:22:31.262Z [INFO] [slaReminder] SLA_SCAN cases=1 respRemind=0 respEsc=0 closureRemind=0 closureEsc=0 surveyExpired=0
2026-09-06T12:23:31.263Z [INFO] [slaReminder] SLA_SCAN cases=1 respRemind=0 respEsc=0 closureRemind=0 closureEsc=0 surveyExpired=0
2026-09-06T12:24:31.267Z [INFO] [slaReminder] SLA_SCAN cases=1 respRemind=0 respEsc=0 closureRemind=0 closureEsc=0 surveyExpired=0
2026-09-06T12:25:31.278Z [INFO] [slaReminder] SLA_SCAN cases=1 respRemind=0 respEsc=0 closureRemind=0 closureEsc=0 surveyExpired=0
2026-09-06T12:26:31.290Z [INFO] [slaReminder] SLA_SCAN cases=1 respRemind=0 respEsc=0 closureRemind=0 closureEsc=0 surveyExpired=0
2026-09-06T12:27:31.295Z [INFO] [slaReminder] SLA_SCAN cases=1 respRemind=0 respEsc=0 closureRemind=0 closureEsc=0 surveyExpired=0
2026-09-06T12:28:31.297Z [INFO] [slaReminder] SLA_SCAN cases=1 respRemind=0 respEsc=0 closureRemind=0 closureEsc=0 surveyExpired=0
2026-09-06T12:29:31.309Z [INFO] [slaReminder] SLA_SCAN cases=1 respRemind=0 respEsc=0 closureRemind=0 closureEsc=0 surveyExpired=0
2026-09-06T12:30:31.321Z [INFO] [slaReminder] SLA_SCAN cases=1 respRemind=0 respEsc=0 closureRemind=0 closureEsc=0 surveyExpired=0
2026-09-06T12:31:31.333Z [INFO] [slaReminder] SLA_SCAN cases=1 respRemind=0 respEsc=0 closureRemind=0 closureEsc=0 surveyExpired=0
2026-09-06T12:32:31.339Z [INFO] [slaReminder] SLA_SCAN cases=1 respRemind=0 respEsc=0 closureRemind=0 closureEsc=0 surveyExpired=0
2026-09-06T12:33:31.352Z [INFO] [slaReminder] SLA_SCAN cases=1 respRemind=0 respEsc=0 closureRemind=0 closureEsc=0 surveyExpired=0
2026-09-06T12:34:31.353Z [INFO] [slaReminder] SLA_SCAN cases=1 respRemind=0 respEsc=0 closureRemind=0 closureEsc=0 surveyExpired=0
2026-09-06T12:35:31.359Z [INFO] [slaReminder] SLA_SCAN cases=1 respRemind=0 respEsc=0 closureRemind=0 closureEsc=0 surveyExpired=0
2026-09-06T12:36:31.374Z [INFO] [slaReminder] SLA_SCAN cases=1 respRemind=0 respEsc=0 closureRemind=0 closureEsc=0 surveyExpired=0
2026-09-06T12:37:31.375Z [INFO] [slaReminder] SLA_SCAN cases=1 respRemind=0 respEsc=0 closureRemind=0 closureEsc=0 surveyExpired=0
2026-09-06T12:38:31.375Z [INFO] [slaReminder] SLA_SCAN cases=1 respRemind=0 respEsc=0 closureRemind=0 closureEsc=0 surveyExpired=0
2026-09-06T12:39:31.379Z [INFO] [slaReminder] SLA_SCAN cases=1 respRemind=0 respEsc=0 closureRemind=0 closureEsc=0 surveyExpired=0
2026-09-06T12:40:31.395Z [INFO] [slaReminder] SLA_SCAN cases=1 respRemind=0 respEsc=0 closureRemind=0 closureEsc=0 surveyExpired=0
2026-09-06T12:41:31.408Z [INFO] [slaReminder] SLA_SCAN cases=1 respRemind=0 respEsc=0 closureRemind=0 closureEsc=0 surveyExpired=0
2026-09-06T12:42:31.417Z [INFO] [slaReminder] SLA_SCAN cases=1 respRemind=0 respEsc=0 closureRemind=0 closureEsc=0 surveyExpired=0
2026-09-06T12:43:31.419Z [INFO] [slaReminder] SLA_SCAN cases=1 respRemind=0 respEsc=0 closureRemind=0 closureEsc=0 surveyExpired=0
2026-09-06T12:44:31.421Z [INFO] [slaReminder] SLA_SCAN cases=1 respRemind=0 respEsc=0 closureRemind=0 closureEsc=0 surveyExpired=0
2026-09-06T12:45:31.433Z [INFO] [slaReminder] SLA_SCAN cases=1 respRemind=0 respEsc=0 closureRemind=0 closureEsc=0 surveyExpired=0
2026-09-06T12:46:31.442Z [INFO] [slaReminder] SLA_SCAN cases=1 respRemind=0 respEsc=0 closureRemind=0 closureEsc=0 surveyExpired=0
2026-09-06T12:47:31.451Z [INFO] [slaReminder] SLA_SCAN cases=1 respRemind=0 respEsc=0 closureRemind=0 closureEsc=0 surveyExpired=0
2026-09-06T12:48:31.451Z [INFO] [slaReminder] SLA_SCAN cases=1 respRemind=0 respEsc=0 closureRemind=0 closureEsc=0 surveyExpired=0
2026-09-06T12:49:31.458Z [INFO] [slaReminder] SLA_SCAN cases=1 respRemind=0 respEsc=0 closureRemind=0 closureEsc=0 surveyExpired=0
2026-09-06T12:50:31.464Z [INFO] [slaReminder] SLA_SCAN cases=1 respRemind=0 respEsc=0 closureRemind=0 closureEsc=0 surveyExpired=0
2026-09-06T12:51:31.464Z [INFO] [slaReminder] SLA_SCAN cases=1 respRemind=0 respEsc=0 closureRemind=0 closureEsc=0 surveyExpired=0
2026-09-06T12:52:31.476Z [INFO] [slaReminder] SLA_SCAN cases=1 respRemind=0 respEsc=0 closureRemind=0 closureEsc=0 surveyExpired=0
2026-09-06T12:53:31.483Z [INFO] [slaReminder] SLA_SCAN cases=1 respRemind=0 respEsc=0 closureRemind=0 closureEsc=0 surveyExpired=0
2026-09-06T12:54:31.498Z [INFO] [slaReminder] SLA_SCAN cases=1 respRemind=0 respEsc=0 closureRemind=0 closureEsc=0 surveyExpired=0
2026-09-06T12:55:31.507Z [INFO] [slaReminder] SLA_SCAN cases=1 respRemind=0 respEsc=0 closureRemind=0 closureEsc=0 surveyExpired=0
2026-09-06T12:56:31.516Z [INFO] [slaReminder] SLA_SCAN cases=1 respRemind=0 respEsc=0 closureRemind=0 closureEsc=0 surveyExpired=0
2026-09-06T12:57:31.519Z [INFO] [slaReminder] SLA_SCAN cases=1 respRemind=0 respEsc=0 closureRemind=0 closureEsc=0 surveyExpired=0
2026-09-06T12:58:31.529Z [INFO] [slaReminder] SLA_SCAN cases=1 respRemind=0 respEsc=0 closureRemind=0 closureEsc=0 surveyExpired=0
2026-09-06T12:59:31.545Z [INFO] [slaReminder] SLA_SCAN cases=1 respRemind=0 respEsc=0 closureRemind=0 closureEsc=0 surveyExpired=0
2026-09-06T13:00:31.553Z [INFO] [slaReminder] SLA_SCAN cases=1 respRemind=0 respEsc=0 closureRemind=0 closureEsc=0 surveyExpired=0
2026-09-06T13:01:31.556Z [INFO] [slaReminder] SLA_SCAN cases=1 respRemind=0 respEsc=0 closureRemind=0 closureEsc=0 surveyExpired=0
2026-09-06T13:02:31.569Z [INFO] [slaReminder] SLA_SCAN cases=1 respRemind=0 respEsc=0 closureRemind=0 closureEsc=0 surveyExpired=0
2026-09-06T13:03:31.584Z [INFO] [slaReminder] SLA_SCAN cases=1 respRemind=0 respEsc=0 closureRemind=0 closureEsc=0 surveyExpired=0
2026-09-06T13:04:31.599Z [INFO] [slaReminder] SLA_SCAN cases=1 respRemind=0 respEsc=0 closureRemind=0 closureEsc=0 surveyExpired=0
2026-09-06T13:05:31.613Z [INFO] [slaReminder] SLA_SCAN cases=1 respRemind=0 respEsc=0 closureRemind=0 closureEsc=0 surveyExpired=0
2026-09-06T13:06:31.616Z [INFO] [slaReminder] SLA_SCAN cases=1 respRemind=0 respEsc=0 closureRemind=0 closureEsc=0 surveyExpired=0
2026-09-06T13:07:31.624Z [INFO] [slaReminder] SLA_SCAN cases=1 respRemind=0 respEsc=0 closureRemind=0 closureEsc=0 surveyExpired=0
2026-09-06T13:08:31.632Z [INFO] [slaReminder] SLA_SCAN cases=1 respRemind=0 respEsc=0 closureRemind=0 closureEsc=0 surveyExpired=0
2026-09-06T13:09:31.636Z [INFO] [slaReminder] SLA_SCAN cases=1 respRemind=0 respEsc=0 closureRemind=0 closureEsc=0 surveyExpired=0
2026-09-06T13:10:31.649Z [INFO] [slaReminder] SLA_SCAN cases=1 respRemind=0 respEsc=0 closureRemind=0 closureEsc=0 surveyExpired=0
2026-09-06T13:11:31.654Z [INFO] [slaReminder] SLA_SCAN cases=1 respRemind=0 respEsc=0 closureRemind=0 closureEsc=0 surveyExpired=0
2026-09-06T13:12:31.663Z [INFO] [slaReminder] SLA_SCAN cases=1 respRemind=0 respEsc=0 closureRemind=0 closureEsc=0 surveyExpired=0
2026-09-06T13:13:31.674Z [INFO] [slaReminder] SLA_SCAN cases=1 respRemind=0 respEsc=0 closureRemind=0 closureEsc=0 surveyExpired=0
2026-09-06T13:14:31.682Z [INFO] [slaReminder] SLA_SCAN cases=1 respRemind=0 respEsc=0 closureRemind=0 closureEsc=0 surveyExpired=0
2026-09-06T13:15:31.689Z [INFO] [slaReminder] SLA_SCAN cases=1 respRemind=0 respEsc=0 closureRemind=0 closureEsc=0 surveyExpired=0
2026-09-06T13:16:31.702Z [INFO] [slaReminder] SLA_SCAN cases=1 respRemind=0 respEsc=0 closureRemind=0 closureEsc=0 surveyExpired=0
2026-09-06T13:17:31.715Z [INFO] [slaReminder] SLA_SCAN cases=1 respRemind=0 respEsc=0 closureRemind=0 closureEsc=0 surveyExpired=0
2026-09-06T13:18:31.726Z [INFO] [slaReminder] SLA_SCAN cases=1 respRemind=0 respEsc=0 closureRemind=0 closureEsc=0 surveyExpired=0
2026-09-06T13:19:31.735Z [INFO] [slaReminder] SLA_SCAN cases=1 respRemind=0 respEsc=0 closureRemind=0 closureEsc=0 surveyExpired=0
2026-09-06T13:20:31.742Z [INFO] [slaReminder] SLA_SCAN cases=1 respRemind=0 respEsc=0 closureRemind=0 closureEsc=0 surveyExpired=0
2026-09-06T13:21:31.751Z [INFO] [slaReminder] SLA_SCAN cases=1 respRemind=0 respEsc=0 closureRemind=0 closureEsc=0 surveyExpired=0
2026-09-06T13:22:31.755Z [INFO] [slaReminder] SLA_SCAN cases=1 respRemind=0 respEsc=0 closureRemind=0 closureEsc=0 surveyExpired=0
2026-09-06T13:23:31.758Z [INFO] [slaReminder] SLA_SCAN cases=1 respRemind=0 respEsc=0 closureRemind=0 closureEsc=0 surveyExpired=0
2026-09-06T13:24:31.763Z [INFO] [slaReminder] SLA_SCAN cases=1 respRemind=0 respEsc=0 closureRemind=0 closureEsc=0 surveyExpired=0
2026-09-06T13:25:31.773Z [INFO] [slaReminder] SLA_SCAN cases=1 respRemind=0 respEsc=0 closureRemind=0 closureEsc=0 surveyExpired=0
2026-09-06T13:26:31.788Z [INFO] [slaReminder] SLA_SCAN cases=1 respRemind=0 respEsc=0 closureRemind=0 closureEsc=0 surveyExpired=0
2026-09-06T13:27:31.791Z [INFO] [slaReminder] SLA_SCAN cases=1 respRemind=0 respEsc=0 closureRemind=0 closureEsc=0 surveyExpired=0
2026-09-06T13:28:31.806Z [INFO] [slaReminder] SLA_SCAN cases=1 respRemind=0 respEsc=0 closureRemind=0 closureEsc=0 surveyExpired=0
2026-09-06T13:29:31.810Z [INFO] [slaReminder] SLA_SCAN cases=1 respRemind=0 respEsc=0 closureRemind=0 closureEsc=0 surveyExpired=0
2026-09-06T13:30:31.811Z [INFO] [slaReminder] SLA_SCAN cases=1 respRemind=0 respEsc=0 closureRemind=0 closureEsc=0 surveyExpired=0
2026-09-06T13:31:31.818Z [INFO] [slaReminder] SLA_SCAN cases=1 respRemind=0 respEsc=0 closureRemind=0 closureEsc=0 surveyExpired=0
2026-09-06T13:32:31.831Z [INFO] [slaReminder] SLA_SCAN cases=1 respRemind=0 respEsc=0 closureRemind=0 closureEsc=0 surveyExpired=0
2026-09-06T13:33:31.833Z [INFO] [slaReminder] SLA_SCAN cases=1 respRemind=0 respEsc=0 closureRemind=0 closureEsc=0 surveyExpired=0
2026-09-06T13:34:31.841Z [INFO] [slaReminder] SLA_SCAN cases=1 respRemind=0 respEsc=0 closureRemind=0 closureEsc=0 surveyExpired=0
2026-09-06T13:35:31.855Z [INFO] [slaReminder] SLA_SCAN cases=1 respRemind=0 respEsc=0 closureRemind=0 closureEsc=0 surveyExpired=0
2026-09-06T13:36:31.865Z [INFO] [slaReminder] SLA_SCAN cases=1 respRemind=0 respEsc=0 closureRemind=0 closureEsc=0 surveyExpired=0
2026-09-06T13:37:31.868Z [INFO] [slaReminder] SLA_SCAN cases=1 respRemind=0 respEsc=0 closureRemind=0 closureEsc=0 surveyExpired=0
2026-09-06T13:38:31.881Z [INFO] [slaReminder] SLA_SCAN cases=1 respRemind=0 respEsc=0 closureRemind=0 closureEsc=0 surveyExpired=0
2026-09-06T13:39:31.888Z [INFO] [slaReminder] SLA_SCAN cases=1 respRemind=0 respEsc=0 closureRemind=0 closureEsc=0 surveyExpired=0
2026-09-06T13:40:31.890Z [INFO] [slaReminder] SLA_SCAN cases=1 respRemind=0 respEsc=0 closureRemind=0 closureEsc=0 surveyExpired=0
2026-09-06T13:41:31.895Z [INFO] [slaReminder] SLA_SCAN cases=1 respRemind=0 respEsc=0 closureRemind=0 closureEsc=0 surveyExpired=0
2026-09-06T13:42:31.898Z [INFO] [slaReminder] SLA_SCAN cases=1 respRemind=0 respEsc=0 closureRemind=0 closureEsc=0 surveyExpired=0
2026-09-06T13:43:31.905Z [INFO] [slaReminder] SLA_SCAN cases=1 respRemind=0 respEsc=0 closureRemind=0 closureEsc=0 surveyExpired=0
2026-09-06T13:44:31.918Z [INFO] [slaReminder] SLA_SCAN cases=1 respRemind=0 respEsc=0 closureRemind=0 closureEsc=0 surveyExpired=0
2026-09-06T13:45:31.919Z [INFO] [slaReminder] SLA_SCAN cases=1 respRemind=0 respEsc=0 closureRemind=0 closureEsc=0 surveyExpired=0
2026-09-06T13:46:31.926Z [INFO] [slaReminder] SLA_SCAN cases=1 respRemind=0 respEsc=0 closureRemind=0 closureEsc=0 surveyExpired=0
2026-09-06T13:47:31.929Z [INFO] [slaReminder] SLA_SCAN cases=1 respRemind=0 respEsc=0 closureRemind=0 closureEsc=0 surveyExpired=0
2026-09-06T13:48:31.936Z [INFO] [slaReminder] SLA_SCAN cases=1 respRemind=0 respEsc=0 closureRemind=0 closureEsc=0 surveyExpired=0
2026-09-06T13:49:31.948Z [INFO] [slaReminder] SLA_SCAN cases=1 respRemind=0 respEsc=0 closureRemind=0 closureEsc=0 surveyExpired=0
2026-09-06T13:50:31.956Z [INFO] [slaReminder] SLA_SCAN cases=1 respRemind=0 respEsc=0 closureRemind=0 closureEsc=0 surveyExpired=0
2026-09-06T13:51:31.971Z [INFO] [slaReminder] SLA_SCAN cases=1 respRemind=0 respEsc=0 closureRemind=0 closureEsc=0 surveyExpired=0
2026-09-06T13:52:31.977Z [INFO] [slaReminder] SLA_SCAN cases=1 respRemind=0 respEsc=0 closureRemind=0 closureEsc=0 surveyExpired=0
2026-09-06T13:53:31.986Z [INFO] [slaReminder] SLA_SCAN cases=1 respRemind=0 respEsc=0 closureRemind=0 closureEsc=0 surveyExpired=0
2026-09-06T13:54:31.992Z [INFO] [slaReminder] SLA_SCAN cases=1 respRemind=0 respEsc=0 closureRemind=0 closureEsc=0 surveyExpired=0
2026-09-06T13:55:31.999Z [INFO] [slaReminder] SLA_SCAN cases=1 respRemind=0 respEsc=0 closureRemind=0 closureEsc=0 surveyExpired=0
2026-09-06T13:56:32.014Z [INFO] [slaReminder] SLA_SCAN cases=1 respRemind=0 respEsc=0 closureRemind=0 closureEsc=0 surveyExpired=0
2026-09-06T13:57:32.028Z [INFO] [slaReminder] SLA_SCAN cases=1 respRemind=0 respEsc=0 closureRemind=0 closureEsc=0 surveyExpired=0
2026-09-06T13:58:32.043Z [INFO] [slaReminder] SLA_SCAN cases=1 respRemind=0 respEsc=0 closureRemind=0 closureEsc=0 surveyExpired=0
2026-09-06T13:59:32.046Z [INFO] [slaReminder] SLA_SCAN cases=1 respRemind=0 respEsc=0 closureRemind=0 closureEsc=0 surveyExpired=0
2026-09-06T14:00:32.058Z [INFO] [slaReminder] SLA_SCAN cases=1 respRemind=0 respEsc=0 closureRemind=0 closureEsc=0 surveyExpired=0
2026-09-06T14:01:32.071Z [INFO] [slaReminder] SLA_SCAN cases=1 respRemind=0 respEsc=0 closureRemind=0 closureEsc=0 surveyExpired=0
2026-09-06T14:02:32.080Z [INFO] [slaReminder] SLA_SCAN cases=1 respRemind=0 respEsc=0 closureRemind=0 closureEsc=0 surveyExpired=0
2026-09-06T14:03:32.088Z [INFO] [slaReminder] SLA_SCAN cases=1 respRemind=0 respEsc=0 closureRemind=0 closureEsc=0 surveyExpired=0
2026-09-06T14:04:32.091Z [INFO] [slaReminder] SLA_SCAN cases=1 respRemind=0 respEsc=0 closureRemind=0 closureEsc=0 surveyExpired=0
2026-09-06T14:05:32.093Z [INFO] [slaReminder] SLA_SCAN cases=1 respRemind=0 respEsc=0 closureRemind=0 closureEsc=0 surveyExpired=0
2026-09-06T14:06:32.105Z [INFO] [slaReminder] SLA_SCAN cases=1 respRemind=0 respEsc=0 closureRemind=0 closureEsc=0 surveyExpired=0
2026-09-06T14:07:32.122Z [INFO] [slaReminder] SLA_SCAN cases=1 respRemind=0 respEsc=0 closureRemind=0 closureEsc=0 surveyExpired=0
2026-09-06T14:08:32.136Z [INFO] [slaReminder] SLA_SCAN cases=1 respRemind=0 respEsc=0 closureRemind=0 closureEsc=0 surveyExpired=0
2026-09-06T14:09:32.137Z [INFO] [slaReminder] SLA_SCAN cases=1 respRemind=0 respEsc=0 closureRemind=0 closureEsc=0 surveyExpired=0
2026-09-06T14:10:32.146Z [INFO] [slaReminder] SLA_SCAN cases=1 respRemind=0 respEsc=0 closureRemind=0 closureEsc=0 surveyExpired=0
2026-09-06T14:11:32.152Z [INFO] [slaReminder] SLA_SCAN cases=1 respRemind=0 respEsc=0 closureRemind=0 closureEsc=0 surveyExpired=0
2026-09-06T14:12:32.163Z [INFO] [slaReminder] SLA_SCAN cases=1 respRemind=0 respEsc=0 closureRemind=0 closureEsc=0 surveyExpired=0
2026-09-06T14:13:32.168Z [INFO] [slaReminder] SLA_SCAN cases=1 respRemind=0 respEsc=0 closureRemind=0 closureEsc=0 surveyExpired=0
2026-09-06T14:14:32.177Z [INFO] [slaReminder] SLA_SCAN cases=1 respRemind=0 respEsc=0 closureRemind=0 closureEsc=0 surveyExpired=0
2026-09-06T14:15:32.188Z [INFO] [slaReminder] SLA_SCAN cases=1 respRemind=0 respEsc=0 closureRemind=0 closureEsc=0 surveyExpired=0
2026-09-06T14:16:32.191Z [INFO] [slaReminder] SLA_SCAN cases=1 respRemind=0 respEsc=0 closureRemind=0 closureEsc=0 surveyExpired=0
2026-09-06T14:17:32.204Z [INFO] [slaReminder] SLA_SCAN cases=1 respRemind=0 respEsc=0 closureRemind=0 closureEsc=0 surveyExpired=0
2026-09-06T14:18:32.209Z [INFO] [slaReminder] SLA_SCAN cases=1 respRemind=0 respEsc=0 closureRemind=0 closureEsc=0 surveyExpired=0
2026-09-06T14:19:32.217Z [INFO] [slaReminder] SLA_SCAN cases=1 respRemind=0 respEsc=0 closureRemind=0 closureEsc=0 surveyExpired=0
2026-09-06T14:20:32.224Z [INFO] [slaReminder] SLA_SCAN cases=1 respRemind=0 respEsc=0 closureRemind=0 closureEsc=0 surveyExpired=0
2026-09-06T14:21:32.229Z [INFO] [slaReminder] SLA_SCAN cases=1 respRemind=0 respEsc=0 closureRemind=0 closureEsc=0 surveyExpired=0
2026-09-06T14:22:32.236Z [INFO] [slaReminder] SLA_SCAN cases=1 respRemind=0 respEsc=0 closureRemind=0 closureEsc=0 surveyExpired=0
2026-09-06T14:23:32.245Z [INFO] [slaReminder] SLA_SCAN cases=1 respRemind=0 respEsc=0 closureRemind=0 closureEsc=0 surveyExpired=0
2026-09-06T14:24:32.249Z [INFO] [slaReminder] SLA_SCAN cases=1 respRemind=0 respEsc=0 closureRemind=0 closureEsc=0 surveyExpired=0
2026-09-06T14:25:32.260Z [INFO] [slaReminder] SLA_SCAN cases=1 respRemind=0 respEsc=0 closureRemind=0 closureEsc=0 surveyExpired=0
2026-09-06T14:26:32.265Z [INFO] [slaReminder] SLA_SCAN cases=1 respRemind=0 respEsc=0 closureRemind=0 closureEsc=0 surveyExpired=0
2026-09-06T14:27:32.268Z [INFO] [slaReminder] SLA_SCAN cases=1 respRemind=0 respEsc=0 closureRemind=0 closureEsc=0 surveyExpired=0
2026-09-06T14:28:32.278Z [INFO] [slaReminder] SLA_SCAN cases=1 respRemind=0 respEsc=0 closureRemind=0 closureEsc=0 surveyExpired=0
2026-09-06T14:29:32.289Z [INFO] [slaReminder] SLA_SCAN cases=1 respRemind=0 respEsc=0 closureRemind=0 closureEsc=0 surveyExpired=0
2026-09-06T14:30:32.300Z [INFO] [slaReminder] SLA_SCAN cases=1 respRemind=0 respEsc=0 closureRemind=0 closureEsc=0 surveyExpired=0
2026-09-06T14:31:32.316Z [INFO] [slaReminder] SLA_SCAN cases=1 respRemind=0 respEsc=0 closureRemind=0 closureEsc=0 surveyExpired=0
2026-09-06T14:32:32.330Z [INFO] [slaReminder] SLA_SCAN cases=1 respRemind=0 respEsc=0 closureRemind=0 closureEsc=0 surveyExpired=0
2026-09-06T14:33:32.333Z [INFO] [slaReminder] SLA_SCAN cases=1 respRemind=0 respEsc=0 closureRemind=0 closureEsc=0 surveyExpired=0
2026-09-06T14:34:32.343Z [INFO] [slaReminder] SLA_SCAN cases=1 respRemind=0 respEsc=0 closureRemind=0 closureEsc=0 surveyExpired=0
2026-09-06T14:35:32.355Z [INFO] [slaReminder] SLA_SCAN cases=1 respRemind=0 respEsc=0 closureRemind=0 closureEsc=0 surveyExpired=0
2026-09-06T14:36:32.355Z [INFO] [slaReminder] SLA_SCAN cases=1 respRemind=0 respEsc=0 closureRemind=0 closureEsc=0 surveyExpired=0
2026-09-06T14:37:32.361Z [INFO] [slaReminder] SLA_SCAN cases=1 respRemind=0 respEsc=0 closureRemind=0 closureEsc=0 surveyExpired=0
2026-09-06T14:38:32.364Z [INFO] [slaReminder] SLA_SCAN cases=1 respRemind=0 respEsc=0 closureRemind=0 closureEsc=0 surveyExpired=0
2026-09-06T14:39:32.371Z [INFO] [slaReminder] SLA_SCAN cases=1 respRemind=0 respEsc=0 closureRemind=0 closureEsc=0 surveyExpired=0
2026-09-06T14:40:32.375Z [INFO] [slaReminder] SLA_SCAN cases=1 respRemind=0 respEsc=0 closureRemind=0 closureEsc=0 surveyExpired=0
2026-09-06T14:41:32.388Z [INFO] [slaReminder] SLA_SCAN cases=1 respRemind=0 respEsc=0 closureRemind=0 closureEsc=0 surveyExpired=0
2026-09-06T14:42:32.404Z [INFO] [slaReminder] SLA_SCAN cases=1 respRemind=0 respEsc=0 closureRemind=0 closureEsc=0 surveyExpired=0
2026-09-06T14:43:32.408Z [INFO] [slaReminder] SLA_SCAN cases=1 respRemind=0 respEsc=0 closureRemind=0 closureEsc=0 surveyExpired=0
2026-09-06T14:44:32.416Z [INFO] [slaReminder] SLA_SCAN cases=1 respRemind=0 respEsc=0 closureRemind=0 closureEsc=0 surveyExpired=0
2026-09-06T14:45:32.418Z [INFO] [slaReminder] SLA_SCAN cases=1 respRemind=0 respEsc=0 closureRemind=0 closureEsc=0 surveyExpired=0
2026-09-06T14:46:32.429Z [INFO] [slaReminder] SLA_SCAN cases=1 respRemind=0 respEsc=0 closureRemind=0 closureEsc=0 surveyExpired=0
2026-09-06T14:47:32.444Z [INFO] [slaReminder] SLA_SCAN cases=1 respRemind=0 respEsc=0 closureRemind=0 closureEsc=0 surveyExpired=0
2026-09-06T14:48:32.449Z [INFO] [slaReminder] SLA_SCAN cases=1 respRemind=0 respEsc=0 closureRemind=0 closureEsc=0 surveyExpired=0
2026-09-06T14:49:32.466Z [INFO] [slaReminder] SLA_SCAN cases=1 respRemind=0 respEsc=0 closureRemind=0 closureEsc=0 surveyExpired=0
2026-09-06T14:50:32.467Z [INFO] [slaReminder] SLA_SCAN cases=1 respRemind=0 respEsc=0 closureRemind=0 closureEsc=0 surveyExpired=0
2026-09-06T14:51:32.468Z [INFO] [slaReminder] SLA_SCAN cases=1 respRemind=0 respEsc=0 closureRemind=0 closureEsc=0 surveyExpired=0
2026-09-06T14:52:32.480Z [INFO] [slaReminder] SLA_SCAN cases=1 respRemind=0 respEsc=0 closureRemind=0 closureEsc=0 surveyExpired=0
2026-09-06T14:53:32.479Z [INFO] [slaReminder] SLA_SCAN cases=1 respRemind=0 respEsc=0 closureRemind=0 closureEsc=0 surveyExpired=0
2026-09-06T14:54:32.483Z [INFO] [slaReminder] SLA_SCAN cases=1 respRemind=0 respEsc=0 closureRemind=0 closureEsc=0 surveyExpired=0
2026-09-06T14:55:32.495Z [INFO] [slaReminder] SLA_SCAN cases=1 respRemind=0 respEsc=0 closureRemind=0 closureEsc=0 surveyExpired=0
2026-09-06T14:56:32.501Z [INFO] [slaReminder] SLA_SCAN cases=1 respRemind=0 respEsc=0 closureRemind=0 closureEsc=0 surveyExpired=0
2026-09-06T14:57:32.510Z [INFO] [slaReminder] SLA_SCAN cases=1 respRemind=0 respEsc=0 closureRemind=0 closureEsc=0 surveyExpired=0
2026-09-06T14:58:32.522Z [INFO] [slaReminder] SLA_SCAN cases=1 respRemind=0 respEsc=0 closureRemind=0 closureEsc=0 surveyExpired=0
2026-09-06T14:59:32.534Z [INFO] [slaReminder] SLA_SCAN cases=1 respRemind=0 respEsc=0 closureRemind=0 closureEsc=0 surveyExpired=0
2026-09-06T15:00:32.547Z [INFO] [slaReminder] SLA_SCAN cases=1 respRemind=0 respEsc=0 closureRemind=0 closureEsc=0 surveyExpired=0
2026-09-06T15:01:32.548Z [INFO] [slaReminder] SLA_SCAN cases=1 respRemind=0 respEsc=0 closureRemind=0 closureEsc=0 surveyExpired=0
2026-09-06T15:02:32.561Z [INFO] [slaReminder] SLA_SCAN cases=1 respRemind=0 respEsc=0 closureRemind=0 closureEsc=0 surveyExpired=0
2026-09-06T15:03:32.563Z [INFO] [slaReminder] SLA_SCAN cases=1 respRemind=0 respEsc=0 closureRemind=0 closureEsc=0 surveyExpired=0
2026-09-06T15:04:32.572Z [INFO] [slaReminder] SLA_SCAN cases=1 respRemind=0 respEsc=0 closureRemind=0 closureEsc=0 surveyExpired=0
2026-09-06T15:05:32.579Z [INFO] [slaReminder] SLA_SCAN cases=1 respRemind=0 respEsc=0 closureRemind=0 closureEsc=0 surveyExpired=0
2026-09-06T15:06:32.585Z [INFO] [slaReminder] SLA_SCAN cases=1 respRemind=0 respEsc=0 closureRemind=0 closureEsc=0 surveyExpired=0
2026-09-06T15:07:32.599Z [INFO] [slaReminder] SLA_SCAN cases=1 respRemind=0 respEsc=0 closureRemind=0 closureEsc=0 surveyExpired=0
2026-09-06T15:08:32.604Z [INFO] [slaReminder] SLA_SCAN cases=1 respRemind=0 respEsc=0 closureRemind=0 closureEsc=0 surveyExpired=0
2026-09-06T15:09:32.612Z [INFO] [slaReminder] SLA_SCAN cases=1 respRemind=0 respEsc=0 closureRemind=0 closureEsc=0 surveyExpired=0
2026-09-06T15:10:32.623Z [INFO] [slaReminder] SLA_SCAN cases=1 respRemind=0 respEsc=0 closureRemind=0 closureEsc=0 surveyExpired=0
2026-09-06T15:11:32.628Z [INFO] [slaReminder] SLA_SCAN cases=1 respRemind=0 respEsc=0 closureRemind=0 closureEsc=0 surveyExpired=0
2026-09-06T15:12:32.638Z [INFO] [slaReminder] SLA_SCAN cases=1 respRemind=0 respEsc=0 closureRemind=0 closureEsc=0 surveyExpired=0
2026-09-06T15:13:32.650Z [INFO] [slaReminder] SLA_SCAN cases=1 respRemind=0 respEsc=0 closureRemind=0 closureEsc=0 surveyExpired=0
2026-09-06T15:14:32.661Z [INFO] [slaReminder] SLA_SCAN cases=1 respRemind=0 respEsc=0 closureRemind=0 closureEsc=0 surveyExpired=0
2026-09-06T15:15:32.663Z [INFO] [slaReminder] SLA_SCAN cases=1 respRemind=0 respEsc=0 closureRemind=0 closureEsc=0 surveyExpired=0
2026-09-06T15:16:32.672Z [INFO] [slaReminder] SLA_SCAN cases=1 respRemind=0 respEsc=0 closureRemind=0 closureEsc=0 surveyExpired=0
2026-09-06T15:17:32.684Z [INFO] [slaReminder] SLA_SCAN cases=1 respRemind=0 respEsc=0 closureRemind=0 closureEsc=0 surveyExpired=0
2026-09-06T15:18:32.689Z [INFO] [slaReminder] SLA_SCAN cases=1 respRemind=0 respEsc=0 closureRemind=0 closureEsc=0 surveyExpired=0
2026-09-06T15:19:32.702Z [INFO] [slaReminder] SLA_SCAN cases=1 respRemind=0 respEsc=0 closureRemind=0 closureEsc=0 surveyExpired=0
2026-09-06T15:20:32.708Z [INFO] [slaReminder] SLA_SCAN cases=1 respRemind=0 respEsc=0 closureRemind=0 closureEsc=0 surveyExpired=0
2026-09-06T15:21:32.713Z [INFO] [slaReminder] SLA_SCAN cases=1 respRemind=0 respEsc=0 closureRemind=0 closureEsc=0 surveyExpired=0
2026-09-06T15:22:32.730Z [INFO] [slaReminder] SLA_SCAN cases=1 respRemind=0 respEsc=0 closureRemind=0 closureEsc=0 surveyExpired=0
2026-09-06T15:23:32.742Z [INFO] [slaReminder] SLA_SCAN cases=1 respRemind=0 respEsc=0 closureRemind=0 closureEsc=0 surveyExpired=0
2026-09-06T15:24:32.750Z [INFO] [slaReminder] SLA_SCAN cases=1 respRemind=0 respEsc=0 closureRemind=0 closureEsc=0 surveyExpired=0
2026-09-06T15:25:32.757Z [INFO] [slaReminder] SLA_SCAN cases=1 respRemind=0 respEsc=0 closureRemind=0 closureEsc=0 surveyExpired=0
2026-09-06T15:26:32.769Z [INFO] [slaReminder] SLA_SCAN cases=1 respRemind=0 respEsc=0 closureRemind=0 closureEsc=0 surveyExpired=0
2026-09-06T15:27:32.774Z [INFO] [slaReminder] SLA_SCAN cases=1 respRemind=0 respEsc=0 closureRemind=0 closureEsc=0 surveyExpired=0
2026-09-06T15:28:32.784Z [INFO] [slaReminder] SLA_SCAN cases=1 respRemind=0 respEsc=0 closureRemind=0 closureEsc=0 surveyExpired=0
2026-09-06T15:29:32.786Z [INFO] [slaReminder] SLA_SCAN cases=1 respRemind=0 respEsc=0 closureRemind=0 closureEsc=0 surveyExpired=0
2026-09-06T15:30:32.790Z [INFO] [slaReminder] SLA_SCAN cases=1 respRemind=0 respEsc=0 closureRemind=0 closureEsc=0 surveyExpired=0
2026-09-06T15:31:32.795Z [INFO] [slaReminder] SLA_SCAN cases=1 respRemind=0 respEsc=0 closureRemind=0 closureEsc=0 surveyExpired=0
2026-09-06T15:32:32.796Z [INFO] [slaReminder] SLA_SCAN cases=1 respRemind=0 respEsc=0 closureRemind=0 closureEsc=0 surveyExpired=0
2026-09-06T15:33:32.806Z [INFO] [slaReminder] SLA_SCAN cases=1 respRemind=0 respEsc=0 closureRemind=0 closureEsc=0 surveyExpired=0
2026-09-06T15:34:32.806Z [INFO] [slaReminder] SLA_SCAN cases=1 respRemind=0 respEsc=0 closureRemind=0 closureEsc=0 surveyExpired=0
2026-09-06T15:35:32.813Z [INFO] [slaReminder] SLA_SCAN cases=1 respRemind=0 respEsc=0 closureRemind=0 closureEsc=0 surveyExpired=0
2026-09-06T15:36:32.827Z [INFO] [slaReminder] SLA_SCAN cases=1 respRemind=0 respEsc=0 closureRemind=0 closureEsc=0 surveyExpired=0
2026-09-06T15:37:32.835Z [INFO] [slaReminder] SLA_SCAN cases=1 respRemind=0 respEsc=0 closureRemind=0 closureEsc=0 surveyExpired=0
2026-09-06T15:38:32.840Z [INFO] [slaReminder] SLA_SCAN cases=1 respRemind=0 respEsc=0 closureRemind=0 closureEsc=0 surveyExpired=0
2026-09-06T15:39:32.848Z [INFO] [slaReminder] SLA_SCAN cases=1 respRemind=0 respEsc=0 closureRemind=0 closureEsc=0 surveyExpired=0
2026-09-06T15:40:32.847Z [INFO] [slaReminder] SLA_SCAN cases=1 respRemind=0 respEsc=0 closureRemind=0 closureEsc=0 surveyExpired=0
2026-09-06T15:41:32.854Z [INFO] [slaReminder] SLA_SCAN cases=1 respRemind=0 respEsc=0 closureRemind=0 closureEsc=0 surveyExpired=0
2026-09-06T15:42:32.866Z [INFO] [slaReminder] SLA_SCAN cases=1 respRemind=0 respEsc=0 closureRemind=0 closureEsc=0 surveyExpired=0
2026-09-06T15:43:32.874Z [INFO] [slaReminder] SLA_SCAN cases=1 respRemind=0 respEsc=0 closureRemind=0 closureEsc=0 surveyExpired=0
2026-09-06T15:44:32.886Z [INFO] [slaReminder] SLA_SCAN cases=1 respRemind=0 respEsc=0 closureRemind=0 closureEsc=0 surveyExpired=0
2026-09-06T15:45:32.892Z [INFO] [slaReminder] SLA_SCAN cases=1 respRemind=0 respEsc=0 closureRemind=0 closureEsc=0 surveyExpired=0
2026-09-06T15:46:32.899Z [INFO] [slaReminder] SLA_SCAN cases=1 respRemind=0 respEsc=0 closureRemind=0 closureEsc=0 surveyExpired=0
2026-09-06T15:47:32.902Z [INFO] [slaReminder] SLA_SCAN cases=1 respRemind=0 respEsc=0 closureRemind=0 closureEsc=0 surveyExpired=0
2026-09-06T15:48:32.916Z [INFO] [slaReminder] SLA_SCAN cases=1 respRemind=0 respEsc=0 closureRemind=0 closureEsc=0 surveyExpired=0
2026-09-06T15:49:32.925Z [INFO] [slaReminder] SLA_SCAN cases=1 respRemind=0 respEsc=0 closureRemind=0 closureEsc=0 surveyExpired=0
2026-09-06T15:50:32.933Z [INFO] [slaReminder] SLA_SCAN cases=1 respRemind=0 respEsc=0 closureRemind=0 closureEsc=0 surveyExpired=0
2026-09-06T15:51:32.949Z [INFO] [slaReminder] SLA_SCAN cases=1 respRemind=0 respEsc=0 closureRemind=0 closureEsc=0 surveyExpired=0
2026-09-06T15:52:32.951Z [INFO] [slaReminder] SLA_SCAN cases=1 respRemind=0 respEsc=0 closureRemind=0 closureEsc=0 surveyExpired=0
2026-09-06T15:53:32.965Z [INFO] [slaReminder] SLA_SCAN cases=1 respRemind=0 respEsc=0 closureRemind=0 closureEsc=0 surveyExpired=0
2026-09-06T15:54:32.977Z [INFO] [slaReminder] SLA_SCAN cases=1 respRemind=0 respEsc=0 closureRemind=0 closureEsc=0 surveyExpired=0
2026-09-06T15:55:32.989Z [INFO] [slaReminder] SLA_SCAN cases=1 respRemind=0 respEsc=0 closureRemind=0 closureEsc=0 surveyExpired=0
2026-09-06T15:56:32.993Z [INFO] [slaReminder] SLA_SCAN cases=1 respRemind=0 respEsc=0 closureRemind=0 closureEsc=0 surveyExpired=0
2026-09-06T15:57:32.997Z [INFO] [slaReminder] SLA_SCAN cases=1 respRemind=0 respEsc=0 closureRemind=0 closureEsc=0 surveyExpired=0
2026-09-06T15:58:33.002Z [INFO] [slaReminder] SLA_SCAN cases=1 respRemind=0 respEsc=0 closureRemind=0 closureEsc=0 surveyExpired=0
2026-09-06T15:59:33.009Z [INFO] [slaReminder] SLA_SCAN cases=1 respRemind=0 respEsc=0 closureRemind=0 closureEsc=0 surveyExpired=0
2026-09-06T16:00:33.021Z [INFO] [slaReminder] SLA_SCAN cases=1 respRemind=0 respEsc=0 closureRemind=0 closureEsc=0 surveyExpired=0
2026-09-06T16:01:33.023Z [INFO] [slaReminder] SLA_SCAN cases=1 respRemind=0 respEsc=0 closureRemind=0 closureEsc=0 surveyExpired=0
2026-09-06T16:02:33.035Z [INFO] [slaReminder] SLA_SCAN cases=1 respRemind=0 respEsc=0 closureRemind=0 closureEsc=0 surveyExpired=0
2026-09-06T16:03:33.053Z [INFO] [slaReminder] SLA_SCAN cases=1 respRemind=0 respEsc=0 closureRemind=0 closureEsc=0 surveyExpired=0
2026-09-06T16:04:33.054Z [INFO] [slaReminder] SLA_SCAN cases=1 respRemind=0 respEsc=0 closureRemind=0 closureEsc=0 surveyExpired=0
2026-09-06T16:05:33.065Z [INFO] [slaReminder] SLA_SCAN cases=1 respRemind=0 respEsc=0 closureRemind=0 closureEsc=0 surveyExpired=0
2026-09-06T16:06:33.074Z [INFO] [slaReminder] SLA_SCAN cases=1 respRemind=0 respEsc=0 closureRemind=0 closureEsc=0 surveyExpired=0
2026-09-06T16:07:33.082Z [INFO] [slaReminder] SLA_SCAN cases=1 respRemind=0 respEsc=0 closureRemind=0 closureEsc=0 surveyExpired=0
2026-09-06T16:08:33.086Z [INFO] [slaReminder] SLA_SCAN cases=1 respRemind=0 respEsc=0 closureRemind=0 closureEsc=0 surveyExpired=0
2026-09-06T16:09:33.095Z [INFO] [slaReminder] SLA_SCAN cases=1 respRemind=0 respEsc=0 closureRemind=0 closureEsc=0 surveyExpired=0
2026-09-06T16:10:33.099Z [INFO] [slaReminder] SLA_SCAN cases=1 respRemind=0 respEsc=0 closureRemind=0 closureEsc=0 surveyExpired=0
2026-09-06T16:11:33.113Z [INFO] [slaReminder] SLA_SCAN cases=1 respRemind=0 respEsc=0 closureRemind=0 closureEsc=0 surveyExpired=0
2026-09-06T16:12:33.122Z [INFO] [slaReminder] SLA_SCAN cases=1 respRemind=0 respEsc=0 closureRemind=0 closureEsc=0 surveyExpired=0
2026-09-06T16:13:33.128Z [INFO] [slaReminder] SLA_SCAN cases=1 respRemind=0 respEsc=0 closureRemind=0 closureEsc=0 surveyExpired=0
2026-09-06T16:14:33.133Z [INFO] [slaReminder] SLA_SCAN cases=1 respRemind=0 respEsc=0 closureRemind=0 closureEsc=0 surveyExpired=0
2026-09-06T16:15:33.145Z [INFO] [slaReminder] SLA_SCAN cases=1 respRemind=0 respEsc=0 closureRemind=0 closureEsc=0 surveyExpired=0
2026-09-06T16:16:33.151Z [INFO] [slaReminder] SLA_SCAN cases=1 respRemind=0 respEsc=0 closureRemind=0 closureEsc=0 surveyExpired=0
2026-09-06T16:17:33.158Z [INFO] [slaReminder] SLA_SCAN cases=1 respRemind=0 respEsc=0 closureRemind=0 closureEsc=0 surveyExpired=0
2026-09-06T16:18:33.174Z [INFO] [slaReminder] SLA_SCAN cases=1 respRemind=0 respEsc=0 closureRemind=0 closureEsc=0 surveyExpired=0
2026-09-06T16:19:33.187Z [INFO] [slaReminder] SLA_SCAN cases=1 respRemind=0 respEsc=0 closureRemind=0 closureEsc=0 surveyExpired=0
2026-09-06T16:20:33.195Z [INFO] [slaReminder] SLA_SCAN cases=1 respRemind=0 respEsc=0 closureRemind=0 closureEsc=0 surveyExpired=0
2026-09-06T16:21:33.195Z [INFO] [slaReminder] SLA_SCAN cases=1 respRemind=0 respEsc=0 closureRemind=0 closureEsc=0 surveyExpired=0
2026-09-06T16:22:33.205Z [INFO] [slaReminder] SLA_SCAN cases=1 respRemind=0 respEsc=0 closureRemind=0 closureEsc=0 surveyExpired=0
2026-09-06T16:23:33.207Z [INFO] [slaReminder] SLA_SCAN cases=1 respRemind=0 respEsc=0 closureRemind=0 closureEsc=0 surveyExpired=0
2026-09-06T16:24:33.212Z [INFO] [slaReminder] SLA_SCAN cases=1 respRemind=0 respEsc=0 closureRemind=0 closureEsc=0 surveyExpired=0
2026-09-06T16:25:33.217Z [INFO] [slaReminder] SLA_SCAN cases=1 respRemind=0 respEsc=0 closureRemind=0 closureEsc=0 surveyExpired=0
2026-09-06T16:26:33.231Z [INFO] [slaReminder] SLA_SCAN cases=1 respRemind=0 respEsc=0 closureRemind=0 closureEsc=0 surveyExpired=0
2026-09-06T16:27:33.247Z [INFO] [slaReminder] SLA_SCAN cases=1 respRemind=0 respEsc=0 closureRemind=0 closureEsc=0 surveyExpired=0
2026-09-06T16:28:33.258Z [INFO] [slaReminder] SLA_SCAN cases=1 respRemind=0 respEsc=0 closureRemind=0 closureEsc=0 surveyExpired=0
2026-09-06T16:29:33.269Z [INFO] [slaReminder] SLA_SCAN cases=1 respRemind=0 respEsc=0 closureRemind=0 closureEsc=0 surveyExpired=0
2026-09-06T16:30:33.276Z [INFO] [slaReminder] SLA_SCAN cases=1 respRemind=0 respEsc=0 closureRemind=0 closureEsc=0 surveyExpired=0
2026-09-06T16:31:33.282Z [INFO] [slaReminder] SLA_SCAN cases=1 respRemind=0 respEsc=0 closureRemind=0 closureEsc=0 surveyExpired=0
2026-09-06T16:32:33.298Z [INFO] [slaReminder] SLA_SCAN cases=1 respRemind=0 respEsc=0 closureRemind=0 closureEsc=0 surveyExpired=0
2026-09-06T16:33:33.311Z [INFO] [slaReminder] SLA_SCAN cases=1 respRemind=0 respEsc=0 closureRemind=0 closureEsc=0 surveyExpired=0
2026-09-06T16:34:33.310Z [INFO] [slaReminder] SLA_SCAN cases=1 respRemind=0 respEsc=0 closureRemind=0 closureEsc=0 surveyExpired=0
2026-09-06T16:35:33.311Z [INFO] [slaReminder] SLA_SCAN cases=1 respRemind=0 respEsc=0 closureRemind=0 closureEsc=0 surveyExpired=0
2026-09-06T16:36:33.325Z [INFO] [slaReminder] SLA_SCAN cases=1 respRemind=0 respEsc=0 closureRemind=0 closureEsc=0 surveyExpired=0
2026-09-06T16:37:33.329Z [INFO] [slaReminder] SLA_SCAN cases=1 respRemind=0 respEsc=0 closureRemind=0 closureEsc=0 surveyExpired=0
2026-09-06T16:38:33.330Z [INFO] [slaReminder] SLA_SCAN cases=1 respRemind=0 respEsc=0 closureRemind=0 closureEsc=0 surveyExpired=0
2026-09-06T16:39:33.339Z [INFO] [slaReminder] SLA_SCAN cases=1 respRemind=0 respEsc=0 closureRemind=0 closureEsc=0 surveyExpired=0
2026-09-06T16:40:33.347Z [INFO] [slaReminder] SLA_SCAN cases=1 respRemind=0 respEsc=0 closureRemind=0 closureEsc=0 surveyExpired=0
2026-09-06T16:41:33.355Z [INFO] [slaReminder] SLA_SCAN cases=1 respRemind=0 respEsc=0 closureRemind=0 closureEsc=0 surveyExpired=0
2026-09-06T16:42:33.361Z [INFO] [slaReminder] SLA_SCAN cases=1 respRemind=0 respEsc=0 closureRemind=0 closureEsc=0 surveyExpired=0
2026-09-06T16:43:33.362Z [INFO] [slaReminder] SLA_SCAN cases=1 respRemind=0 respEsc=0 closureRemind=0 closureEsc=0 surveyExpired=0
2026-09-06T16:44:33.378Z [INFO] [slaReminder] SLA_SCAN cases=1 respRemind=0 respEsc=0 closureRemind=0 closureEsc=0 surveyExpired=0
2026-09-06T16:45:33.381Z [INFO] [slaReminder] SLA_SCAN cases=1 respRemind=0 respEsc=0 closureRemind=0 closureEsc=0 surveyExpired=0
2026-09-06T16:46:33.385Z [INFO] [slaReminder] SLA_SCAN cases=1 respRemind=0 respEsc=0 closureRemind=0 closureEsc=0 surveyExpired=0
2026-09-06T16:47:33.389Z [INFO] [slaReminder] SLA_SCAN cases=1 respRemind=0 respEsc=0 closureRemind=0 closureEsc=0 surveyExpired=0
2026-09-06T16:48:33.399Z [INFO] [slaReminder] SLA_SCAN cases=1 respRemind=0 respEsc=0 closureRemind=0 closureEsc=0 surveyExpired=0
2026-09-06T16:49:33.399Z [INFO] [slaReminder] SLA_SCAN cases=1 respRemind=0 respEsc=0 closureRemind=0 closureEsc=0 surveyExpired=0
2026-09-06T16:50:33.407Z [INFO] [slaReminder] SLA_SCAN cases=1 respRemind=0 respEsc=0 closureRemind=0 closureEsc=0 surveyExpired=0
2026-09-06T16:51:33.424Z [INFO] [slaReminder] SLA_SCAN cases=1 respRemind=0 respEsc=0 closureRemind=0 closureEsc=0 surveyExpired=0
2026-09-06T16:52:33.425Z [INFO] [slaReminder] SLA_SCAN cases=1 respRemind=0 respEsc=0 closureRemind=0 closureEsc=0 surveyExpired=0
2026-09-06T16:53:33.433Z [INFO] [slaReminder] SLA_SCAN cases=1 respRemind=0 respEsc=0 closureRemind=0 closureEsc=0 surveyExpired=0
2026-09-06T16:54:33.438Z [INFO] [slaReminder] SLA_SCAN cases=1 respRemind=0 respEsc=0 closureRemind=0 closureEsc=0 surveyExpired=0
2026-09-06T16:55:33.452Z [INFO] [slaReminder] SLA_SCAN cases=1 respRemind=0 respEsc=0 closureRemind=0 closureEsc=0 surveyExpired=0
2026-09-06T16:56:33.462Z [INFO] [slaReminder] SLA_SCAN cases=1 respRemind=0 respEsc=0 closureRemind=0 closureEsc=0 surveyExpired=0
2026-09-06T16:57:33.467Z [INFO] [slaReminder] SLA_SCAN cases=1 respRemind=0 respEsc=0 closureRemind=0 closureEsc=0 surveyExpired=0
2026-09-06T16:58:33.477Z [INFO] [slaReminder] SLA_SCAN cases=1 respRemind=0 respEsc=0 closureRemind=0 closureEsc=0 surveyExpired=0
2026-09-06T16:59:33.494Z [INFO] [slaReminder] SLA_SCAN cases=1 respRemind=0 respEsc=0 closureRemind=0 closureEsc=0 surveyExpired=0
2026-09-06T17:00:33.497Z [INFO] [slaReminder] SLA_SCAN cases=1 respRemind=0 respEsc=0 closureRemind=0 closureEsc=0 surveyExpired=0
2026-09-06T17:01:33.500Z [INFO] [slaReminder] SLA_SCAN cases=1 respRemind=0 respEsc=0 closureRemind=0 closureEsc=0 surveyExpired=0
2026-09-06T17:02:33.500Z [INFO] [slaReminder] SLA_SCAN cases=1 respRemind=0 respEsc=0 closureRemind=0 closureEsc=0 surveyExpired=0
2026-09-06T17:03:33.503Z [INFO] [slaReminder] SLA_SCAN cases=1 respRemind=0 respEsc=0 closureRemind=0 closureEsc=0 surveyExpired=0
2026-09-06T17:04:33.512Z [INFO] [slaReminder] SLA_SCAN cases=1 respRemind=0 respEsc=0 closureRemind=0 closureEsc=0 surveyExpired=0
2026-09-06T17:05:33.516Z [INFO] [slaReminder] SLA_SCAN cases=1 respRemind=0 respEsc=0 closureRemind=0 closureEsc=0 surveyExpired=0
2026-09-06T17:06:33.524Z [INFO] [slaReminder] SLA_SCAN cases=1 respRemind=0 respEsc=0 closureRemind=0 closureEsc=0 surveyExpired=0
2026-09-06T17:07:33.534Z [INFO] [slaReminder] SLA_SCAN cases=1 respRemind=0 respEsc=0 closureRemind=0 closureEsc=0 surveyExpired=0
2026-09-06T17:08:33.545Z [INFO] [slaReminder] SLA_SCAN cases=1 respRemind=0 respEsc=0 closureRemind=0 closureEsc=0 surveyExpired=0
2026-09-06T17:09:33.559Z [INFO] [slaReminder] SLA_SCAN cases=1 respRemind=0 respEsc=0 closureRemind=0 closureEsc=0 surveyExpired=0
2026-09-06T17:10:33.559Z [INFO] [slaReminder] SLA_SCAN cases=1 respRemind=0 respEsc=0 closureRemind=0 closureEsc=0 surveyExpired=0
2026-09-06T17:11:33.568Z [INFO] [slaReminder] SLA_SCAN cases=1 respRemind=0 respEsc=0 closureRemind=0 closureEsc=0 surveyExpired=0
2026-09-06T17:12:33.570Z [INFO] [slaReminder] SLA_SCAN cases=1 respRemind=0 respEsc=0 closureRemind=0 closureEsc=0 surveyExpired=0
2026-09-06T17:13:33.577Z [INFO] [slaReminder] SLA_SCAN cases=1 respRemind=0 respEsc=0 closureRemind=0 closureEsc=0 surveyExpired=0
2026-09-06T17:14:33.593Z [INFO] [slaReminder] SLA_SCAN cases=1 respRemind=0 respEsc=0 closureRemind=0 closureEsc=0 surveyExpired=0
2026-09-06T17:15:33.601Z [INFO] [slaReminder] SLA_SCAN cases=1 respRemind=0 respEsc=0 closureRemind=0 closureEsc=0 surveyExpired=0
2026-09-06T17:16:33.615Z [INFO] [slaReminder] SLA_SCAN cases=1 respRemind=0 respEsc=0 closureRemind=0 closureEsc=0 surveyExpired=0
2026-09-06T17:17:33.627Z [INFO] [slaReminder] SLA_SCAN cases=1 respRemind=0 respEsc=0 closureRemind=0 closureEsc=0 surveyExpired=0
2026-09-06T17:18:33.635Z [INFO] [slaReminder] SLA_SCAN cases=1 respRemind=0 respEsc=0 closureRemind=0 closureEsc=0 surveyExpired=0
2026-09-06T17:19:33.643Z [INFO] [slaReminder] SLA_SCAN cases=1 respRemind=0 respEsc=0 closureRemind=0 closureEsc=0 surveyExpired=0
2026-09-06T17:20:33.645Z [INFO] [slaReminder] SLA_SCAN cases=1 respRemind=0 respEsc=0 closureRemind=0 closureEsc=0 surveyExpired=0
2026-09-06T17:21:33.649Z [INFO] [slaReminder] SLA_SCAN cases=1 respRemind=0 respEsc=0 closureRemind=0 closureEsc=0 surveyExpired=0
2026-09-06T17:22:33.656Z [INFO] [slaReminder] SLA_SCAN cases=1 respRemind=0 respEsc=0 closureRemind=0 closureEsc=0 surveyExpired=0
2026-09-06T17:23:33.658Z [INFO] [slaReminder] SLA_SCAN cases=1 respRemind=0 respEsc=0 closureRemind=0 closureEsc=0 surveyExpired=0
2026-09-06T17:24:33.659Z [INFO] [slaReminder] SLA_SCAN cases=1 respRemind=0 respEsc=0 closureRemind=0 closureEsc=0 surveyExpired=0
2026-09-06T17:25:33.663Z [INFO] [slaReminder] SLA_SCAN cases=1 respRemind=0 respEsc=0 closureRemind=0 closureEsc=0 surveyExpired=0
2026-09-06T17:26:33.672Z [INFO] [slaReminder] SLA_SCAN cases=1 respRemind=0 respEsc=0 closureRemind=0 closureEsc=0 surveyExpired=0
2026-09-06T17:27:33.674Z [INFO] [slaReminder] SLA_SCAN cases=1 respRemind=0 respEsc=0 closureRemind=0 closureEsc=0 surveyExpired=0
2026-09-06T17:28:33.674Z [INFO] [slaReminder] SLA_SCAN cases=1 respRemind=0 respEsc=0 closureRemind=0 closureEsc=0 surveyExpired=0
2026-09-06T17:29:33.689Z [INFO] [slaReminder] SLA_SCAN cases=1 respRemind=0 respEsc=0 closureRemind=0 closureEsc=0 surveyExpired=0
2026-09-06T17:30:33.689Z [INFO] [slaReminder] SLA_SCAN cases=1 respRemind=0 respEsc=0 closureRemind=0 closureEsc=0 surveyExpired=0
2026-09-06T17:31:33.694Z [INFO] [slaReminder] SLA_SCAN cases=1 respRemind=0 respEsc=0 closureRemind=0 closureEsc=0 surveyExpired=0
2026-09-06T17:32:33.710Z [INFO] [slaReminder] SLA_SCAN cases=1 respRemind=0 respEsc=0 closureRemind=0 closureEsc=0 surveyExpired=0
2026-09-06T17:33:33.720Z [INFO] [slaReminder] SLA_SCAN cases=1 respRemind=0 respEsc=0 closureRemind=0 closureEsc=0 surveyExpired=0
2026-09-06T17:34:33.723Z [INFO] [slaReminder] SLA_SCAN cases=1 respRemind=0 respEsc=0 closureRemind=0 closureEsc=0 surveyExpired=0
2026-09-06T17:35:33.722Z [INFO] [slaReminder] SLA_SCAN cases=1 respRemind=0 respEsc=0 closureRemind=0 closureEsc=0 surveyExpired=0
2026-09-06T17:36:33.726Z [INFO] [slaReminder] SLA_SCAN cases=1 respRemind=0 respEsc=0 closureRemind=0 closureEsc=0 surveyExpired=0
2026-09-06T17:37:33.735Z [INFO] [slaReminder] SLA_SCAN cases=1 respRemind=0 respEsc=0 closureRemind=0 closureEsc=0 surveyExpired=0
2026-09-06T17:38:33.744Z [INFO] [slaReminder] SLA_SCAN cases=1 respRemind=0 respEsc=0 closureRemind=0 closureEsc=0 surveyExpired=0
2026-09-06T17:39:33.745Z [INFO] [slaReminder] SLA_SCAN cases=1 respRemind=0 respEsc=0 closureRemind=0 closureEsc=0 surveyExpired=0
2026-09-06T17:40:33.750Z [INFO] [slaReminder] SLA_SCAN cases=1 respRemind=0 respEsc=0 closureRemind=0 closureEsc=0 surveyExpired=0
2026-09-06T17:41:33.750Z [INFO] [slaReminder] SLA_SCAN cases=1 respRemind=0 respEsc=0 closureRemind=0 closureEsc=0 surveyExpired=0
2026-09-06T17:42:33.755Z [INFO] [slaReminder] SLA_SCAN cases=1 respRemind=0 respEsc=0 closureRemind=0 closureEsc=0 surveyExpired=0
2026-09-06T17:43:33.770Z [INFO] [slaReminder] SLA_SCAN cases=1 respRemind=0 respEsc=0 closureRemind=0 closureEsc=0 surveyExpired=0
2026-09-06T17:44:33.784Z [INFO] [slaReminder] SLA_SCAN cases=1 respRemind=0 respEsc=0 closureRemind=0 closureEsc=0 surveyExpired=0
2026-09-06T17:45:33.789Z [INFO] [slaReminder] SLA_SCAN cases=1 respRemind=0 respEsc=0 closureRemind=0 closureEsc=0 surveyExpired=0
2026-09-06T17:46:33.804Z [INFO] [slaReminder] SLA_SCAN cases=1 respRemind=0 respEsc=0 closureRemind=0 closureEsc=0 surveyExpired=0
2026-09-06T17:47:33.808Z [INFO] [slaReminder] SLA_SCAN cases=1 respRemind=0 respEsc=0 closureRemind=0 closureEsc=0 surveyExpired=0
2026-09-06T17:48:33.818Z [INFO] [slaReminder] SLA_SCAN cases=1 respRemind=0 respEsc=0 closureRemind=0 closureEsc=0 surveyExpired=0
2026-09-06T17:49:33.823Z [INFO] [slaReminder] SLA_SCAN cases=1 respRemind=0 respEsc=0 closureRemind=0 closureEsc=0 surveyExpired=0
2026-09-06T17:50:33.837Z [INFO] [slaReminder] SLA_SCAN cases=1 respRemind=0 respEsc=0 closureRemind=0 closureEsc=0 surveyExpired=0
2026-09-06T17:51:33.844Z [INFO] [slaReminder] SLA_SCAN cases=1 respRemind=0 respEsc=0 closureRemind=0 closureEsc=0 surveyExpired=0
2026-09-06T17:52:33.854Z [INFO] [slaReminder] SLA_SCAN cases=1 respRemind=0 respEsc=0 closureRemind=0 closureEsc=0 surveyExpired=0
2026-09-06T17:53:33.857Z [INFO] [slaReminder] SLA_SCAN cases=1 respRemind=0 respEsc=0 closureRemind=0 closureEsc=0 surveyExpired=0
2026-09-06T17:54:33.868Z [INFO] [slaReminder] SLA_SCAN cases=1 respRemind=0 respEsc=0 closureRemind=0 closureEsc=0 surveyExpired=0
2026-09-06T17:55:33.876Z [INFO] [slaReminder] SLA_SCAN cases=1 respRemind=0 respEsc=0 closureRemind=0 closureEsc=0 surveyExpired=0
2026-09-06T17:56:33.879Z [INFO] [slaReminder] SLA_SCAN cases=1 respRemind=0 respEsc=0 closureRemind=0 closureEsc=0 surveyExpired=0
2026-09-06T17:57:33.889Z [INFO] [slaReminder] SLA_SCAN cases=1 respRemind=0 respEsc=0 closureRemind=0 closureEsc=0 surveyExpired=0
2026-09-06T17:58:33.912Z [INFO] [slaReminder] SLA_SCAN cases=1 respRemind=0 respEsc=0 closureRemind=0 closureEsc=0 surveyExpired=0
2026-09-06T17:59:33.916Z [INFO] [slaReminder] SLA_SCAN cases=1 respRemind=0 respEsc=0 closureRemind=0 closureEsc=0 surveyExpired=0
2026-09-06T18:00:33.923Z [INFO] [slaReminder] SLA_SCAN cases=1 respRemind=0 respEsc=0 closureRemind=0 closureEsc=0 surveyExpired=0
2026-09-06T18:01:33.939Z [INFO] [slaReminder] SLA_SCAN cases=1 respRemind=0 respEsc=0 closureRemind=0 closureEsc=0 surveyExpired=0
2026-09-06T18:02:33.948Z [INFO] [slaReminder] SLA_SCAN cases=1 respRemind=0 respEsc=0 closureRemind=0 closureEsc=0 surveyExpired=0
2026-09-06T18:03:33.954Z [INFO] [slaReminder] SLA_SCAN cases=1 respRemind=0 respEsc=0 closureRemind=0 closureEsc=0 surveyExpired=0
2026-09-06T18:04:33.969Z [INFO] [slaReminder] SLA_SCAN cases=1 respRemind=0 respEsc=0 closureRemind=0 closureEsc=0 surveyExpired=0
2026-09-06T18:05:33.981Z [INFO] [slaReminder] SLA_SCAN cases=1 respRemind=0 respEsc=0 closureRemind=0 closureEsc=0 surveyExpired=0
2026-09-06T18:06:33.993Z [INFO] [slaReminder] SLA_SCAN cases=1 respRemind=0 respEsc=0 closureRemind=0 closureEsc=0 surveyExpired=0
2026-09-06T18:07:34.009Z [INFO] [slaReminder] SLA_SCAN cases=1 respRemind=0 respEsc=0 closureRemind=0 closureEsc=0 surveyExpired=0
2026-09-06T18:08:34.016Z [INFO] [slaReminder] SLA_SCAN cases=1 respRemind=0 respEsc=0 closureRemind=0 closureEsc=0 surveyExpired=0
2026-09-06T18:09:34.029Z [INFO] [slaReminder] SLA_SCAN cases=1 respRemind=0 respEsc=0 closureRemind=0 closureEsc=0 surveyExpired=0
2026-09-06T18:10:34.042Z [INFO] [slaReminder] SLA_SCAN cases=1 respRemind=0 respEsc=0 closureRemind=0 closureEsc=0 surveyExpired=0
2026-09-06T18:11:34.050Z [INFO] [slaReminder] SLA_SCAN cases=1 respRemind=0 respEsc=0 closureRemind=0 closureEsc=0 surveyExpired=0
2026-09-06T18:12:34.064Z [INFO] [slaReminder] SLA_SCAN cases=1 respRemind=0 respEsc=0 closureRemind=0 closureEsc=0 surveyExpired=0
2026-09-06T18:13:34.079Z [INFO] [slaReminder] SLA_SCAN cases=1 respRemind=0 respEsc=0 closureRemind=0 closureEsc=0 surveyExpired=0
2026-09-06T18:14:34.088Z [INFO] [slaReminder] SLA_SCAN cases=1 respRemind=0 respEsc=0 closureRemind=0 closureEsc=0 surveyExpired=0
2026-09-06T18:15:34.089Z [INFO] [slaReminder] SLA_SCAN cases=1 respRemind=0 respEsc=0 closureRemind=0 closureEsc=0 surveyExpired=0
2026-09-06T18:16:34.099Z [INFO] [slaReminder] SLA_SCAN cases=1 respRemind=0 respEsc=0 closureRemind=0 closureEsc=0 surveyExpired=0
2026-09-06T18:17:34.106Z [INFO] [slaReminder] SLA_SCAN cases=1 respRemind=0 respEsc=0 closureRemind=0 closureEsc=0 surveyExpired=0
2026-09-06T18:18:34.109Z [INFO] [slaReminder] SLA_SCAN cases=1 respRemind=0 respEsc=0 closureRemind=0 closureEsc=0 surveyExpired=0
2026-09-06T18:19:34.117Z [INFO] [slaReminder] SLA_SCAN cases=1 respRemind=0 respEsc=0 closureRemind=0 closureEsc=0 surveyExpired=0
2026-09-06T18:20:34.119Z [INFO] [slaReminder] SLA_SCAN cases=1 respRemind=0 respEsc=0 closureRemind=0 closureEsc=0 surveyExpired=0
2026-09-06T18:21:34.125Z [INFO] [slaReminder] SLA_SCAN cases=1 respRemind=0 respEsc=0 closureRemind=0 closureEsc=0 surveyExpired=0
2026-09-06T18:22:34.130Z [INFO] [slaReminder] SLA_SCAN cases=1 respRemind=0 respEsc=0 closureRemind=0 closureEsc=0 surveyExpired=0
2026-09-06T18:23:34.138Z [INFO] [slaReminder] SLA_SCAN cases=1 respRemind=0 respEsc=0 closureRemind=0 closureEsc=0 surveyExpired=0
2026-09-06T18:24:34.142Z [INFO] [slaReminder] SLA_SCAN cases=1 respRemind=0 respEsc=0 closureRemind=0 closureEsc=0 surveyExpired=0
2026-09-06T18:25:34.151Z [INFO] [slaReminder] SLA_SCAN cases=1 respRemind=0 respEsc=0 closureRemind=0 closureEsc=0 surveyExpired=0
2026-09-06T18:26:34.155Z [INFO] [slaReminder] SLA_SCAN cases=1 respRemind=0 respEsc=0 closureRemind=0 closureEsc=0 surveyExpired=0
2026-09-06T18:27:34.160Z [INFO] [slaReminder] SLA_SCAN cases=1 respRemind=0 respEsc=0 closureRemind=0 closureEsc=0 surveyExpired=0
2026-09-06T18:28:34.162Z [INFO] [slaReminder] SLA_SCAN cases=1 respRemind=0 respEsc=0 closureRemind=0 closureEsc=0 surveyExpired=0
2026-09-06T18:29:34.167Z [INFO] [slaReminder] SLA_SCAN cases=1 respRemind=0 respEsc=0 closureRemind=0 closureEsc=0 surveyExpired=0
2026-09-06T18:30:34.179Z [INFO] [slaReminder] SLA_SCAN cases=1 respRemind=0 respEsc=0 closureRemind=0 closureEsc=0 surveyExpired=0
2026-09-06T18:31:34.192Z [INFO] [slaReminder] SLA_SCAN cases=1 respRemind=0 respEsc=0 closureRemind=0 closureEsc=0 surveyExpired=0
2026-09-06T18:32:34.205Z [INFO] [slaReminder] SLA_SCAN cases=1 respRemind=0 respEsc=0 closureRemind=0 closureEsc=0 surveyExpired=0
2026-09-06T18:33:34.208Z [INFO] [slaReminder] SLA_SCAN cases=1 respRemind=0 respEsc=0 closureRemind=0 closureEsc=0 surveyExpired=0
2026-09-06T18:34:34.214Z [INFO] [slaReminder] SLA_SCAN cases=1 respRemind=0 respEsc=0 closureRemind=0 closureEsc=0 surveyExpired=0
2026-09-06T18:35:34.228Z [INFO] [slaReminder] SLA_SCAN cases=1 respRemind=0 respEsc=0 closureRemind=0 closureEsc=0 surveyExpired=0
2026-09-06T18:36:34.233Z [INFO] [slaReminder] SLA_SCAN cases=1 respRemind=0 respEsc=0 closureRemind=0 closureEsc=0 surveyExpired=0
2026-09-06T18:37:34.234Z [INFO] [slaReminder] SLA_SCAN cases=1 respRemind=0 respEsc=0 closureRemind=0 closureEsc=0 surveyExpired=0
2026-09-06T18:38:34.238Z [INFO] [slaReminder] SLA_SCAN cases=1 respRemind=0 respEsc=0 closureRemind=0 closureEsc=0 surveyExpired=0
2026-09-06T18:39:34.248Z [INFO] [slaReminder] SLA_SCAN cases=1 respRemind=0 respEsc=0 closureRemind=0 closureEsc=0 surveyExpired=0
2026-09-06T18:40:34.251Z [INFO] [slaReminder] SLA_SCAN cases=1 respRemind=0 respEsc=0 closureRemind=0 closureEsc=0 surveyExpired=0
2026-09-06T18:41:34.255Z [INFO] [slaReminder] SLA_SCAN cases=1 respRemind=0 respEsc=0 closureRemind=0 closureEsc=0 surveyExpired=0
2026-09-06T18:42:34.268Z [INFO] [slaReminder] SLA_SCAN cases=1 respRemind=0 respEsc=0 closureRemind=0 closureEsc=0 surveyExpired=0
2026-09-06T18:43:34.269Z [INFO] [slaReminder] SLA_SCAN cases=1 respRemind=0 respEsc=0 closureRemind=0 closureEsc=0 surveyExpired=0
2026-09-06T18:44:34.284Z [INFO] [slaReminder] SLA_SCAN cases=1 respRemind=0 respEsc=0 closureRemind=0 closureEsc=0 surveyExpired=0
2026-09-06T18:45:34.297Z [INFO] [slaReminder] SLA_SCAN cases=1 respRemind=0 respEsc=0 closureRemind=0 closureEsc=0 surveyExpired=0
2026-09-06T18:46:34.301Z [INFO] [slaReminder] SLA_SCAN cases=1 respRemind=0 respEsc=0 closureRemind=0 closureEsc=0 surveyExpired=0
2026-09-06T18:47:34.303Z [INFO] [slaReminder] SLA_SCAN cases=1 respRemind=0 respEsc=0 closureRemind=0 closureEsc=0 surveyExpired=0
2026-09-06T18:48:34.310Z [INFO] [slaReminder] SLA_SCAN cases=1 respRemind=0 respEsc=0 closureRemind=0 closureEsc=0 surveyExpired=0
2026-09-06T18:49:34.315Z [INFO] [slaReminder] SLA_SCAN cases=1 respRemind=0 respEsc=0 closureRemind=0 closureEsc=0 surveyExpired=0
2026-09-06T18:50:34.324Z [INFO] [slaReminder] SLA_SCAN cases=1 respRemind=0 respEsc=0 closureRemind=0 closureEsc=0 surveyExpired=0
2026-09-06T18:51:34.333Z [INFO] [slaReminder] SLA_SCAN cases=1 respRemind=0 respEsc=0 closureRemind=0 closureEsc=0 surveyExpired=0
2026-09-06T18:52:34.348Z [INFO] [slaReminder] SLA_SCAN cases=1 respRemind=0 respEsc=0 closureRemind=0 closureEsc=0 surveyExpired=0
2026-09-06T18:53:34.355Z [INFO] [slaReminder] SLA_SCAN cases=1 respRemind=0 respEsc=0 closureRemind=0 closureEsc=0 surveyExpired=0
2026-09-06T18:54:34.366Z [INFO] [slaReminder] SLA_SCAN cases=1 respRemind=0 respEsc=0 closureRemind=0 closureEsc=0 surveyExpired=0
2026-09-06T18:55:34.376Z [INFO] [slaReminder] SLA_SCAN cases=1 respRemind=0 respEsc=0 closureRemind=0 closureEsc=0 surveyExpired=0
2026-09-06T18:56:34.378Z [INFO] [slaReminder] SLA_SCAN cases=1 respRemind=0 respEsc=0 closureRemind=0 closureEsc=0 surveyExpired=0
2026-09-06T18:57:34.381Z [INFO] [slaReminder] SLA_SCAN cases=1 respRemind=0 respEsc=0 closureRemind=0 closureEsc=0 surveyExpired=0
2026-09-06T18:58:34.390Z [INFO] [slaReminder] SLA_SCAN cases=1 respRemind=0 respEsc=0 closureRemind=0 closureEsc=0 surveyExpired=0
2026-09-06T18:59:34.395Z [INFO] [slaReminder] SLA_SCAN cases=1 respRemind=0 respEsc=0 closureRemind=0 closureEsc=0 surveyExpired=0
2026-09-06T19:00:34.405Z [INFO] [slaReminder] SLA_SCAN cases=1 respRemind=0 respEsc=0 closureRemind=0 closureEsc=0 surveyExpired=0
2026-09-06T19:01:34.407Z [INFO] [slaReminder] SLA_SCAN cases=1 respRemind=0 respEsc=0 closureRemind=0 closureEsc=0 surveyExpired=0
2026-09-06T19:02:34.415Z [INFO] [slaReminder] SLA_SCAN cases=1 respRemind=0 respEsc=0 closureRemind=0 closureEsc=0 surveyExpired=0
2026-09-06T19:03:34.423Z [INFO] [slaReminder] SLA_SCAN cases=1 respRemind=0 respEsc=0 closureRemind=0 closureEsc=0 surveyExpired=0
2026-09-06T19:04:34.434Z [INFO] [slaReminder] SLA_SCAN cases=1 respRemind=0 respEsc=0 closureRemind=0 closureEsc=0 surveyExpired=0
2026-09-06T19:05:34.434Z [INFO] [slaReminder] SLA_SCAN cases=1 respRemind=0 respEsc=0 closureRemind=0 closureEsc=0 surveyExpired=0
2026-09-06T19:06:34.448Z [INFO] [slaReminder] SLA_SCAN cases=1 respRemind=0 respEsc=0 closureRemind=0 closureEsc=0 surveyExpired=0
2026-09-06T19:07:34.449Z [INFO] [slaReminder] SLA_SCAN cases=1 respRemind=0 respEsc=0 closureRemind=0 closureEsc=0 surveyExpired=0
2026-09-06T19:08:34.462Z [INFO] [slaReminder] SLA_SCAN cases=1 respRemind=0 respEsc=0 closureRemind=0 closureEsc=0 surveyExpired=0
2026-09-06T19:09:34.471Z [INFO] [slaReminder] SLA_SCAN cases=1 respRemind=0 respEsc=0 closureRemind=0 closureEsc=0 surveyExpired=0
2026-09-06T19:10:34.476Z [INFO] [slaReminder] SLA_SCAN cases=1 respRemind=0 respEsc=0 closureRemind=0 closureEsc=0 surveyExpired=0
2026-09-06T19:11:34.485Z [INFO] [slaReminder] SLA_SCAN cases=1 respRemind=0 respEsc=0 closureRemind=0 closureEsc=0 surveyExpired=0
2026-09-06T19:12:34.489Z [INFO] [slaReminder] SLA_SCAN cases=1 respRemind=0 respEsc=0 closureRemind=0 closureEsc=0 surveyExpired=0
2026-09-06T19:13:34.498Z [INFO] [slaReminder] SLA_SCAN cases=1 respRemind=0 respEsc=0 closureRemind=0 closureEsc=0 surveyExpired=0
2026-09-06T19:14:34.514Z [INFO] [slaReminder] SLA_SCAN cases=1 respRemind=0 respEsc=0 closureRemind=0 closureEsc=0 surveyExpired=0
2026-09-06T19:15:34.519Z [INFO] [slaReminder] SLA_SCAN cases=1 respRemind=0 respEsc=0 closureRemind=0 closureEsc=0 surveyExpired=0
2026-09-06T19:16:34.522Z [INFO] [slaReminder] SLA_SCAN cases=1 respRemind=0 respEsc=0 closureRemind=0 closureEsc=0 surveyExpired=0
2026-09-06T19:17:34.526Z [INFO] [slaReminder] SLA_SCAN cases=1 respRemind=0 respEsc=0 closureRemind=0 closureEsc=0 surveyExpired=0
2026-09-06T19:18:34.539Z [INFO] [slaReminder] SLA_SCAN cases=1 respRemind=0 respEsc=0 closureRemind=0 closureEsc=0 surveyExpired=0
2026-09-06T19:19:34.553Z [INFO] [slaReminder] SLA_SCAN cases=1 respRemind=0 respEsc=0 closureRemind=0 closureEsc=0 surveyExpired=0
2026-09-06T19:20:34.564Z [INFO] [slaReminder] SLA_SCAN cases=1 respRemind=0 respEsc=0 closureRemind=0 closureEsc=0 surveyExpired=0
2026-09-06T19:21:34.571Z [INFO] [slaReminder] SLA_SCAN cases=1 respRemind=0 respEsc=0 closureRemind=0 closureEsc=0 surveyExpired=0
2026-09-06T19:22:34.586Z [INFO] [slaReminder] SLA_SCAN cases=1 respRemind=0 respEsc=0 closureRemind=0 closureEsc=0 surveyExpired=0
2026-09-06T19:23:34.602Z [INFO] [slaReminder] SLA_SCAN cases=1 respRemind=0 respEsc=0 closureRemind=0 closureEsc=0 surveyExpired=0
2026-09-06T19:24:34.604Z [INFO] [slaReminder] SLA_SCAN cases=1 respRemind=0 respEsc=0 closureRemind=0 closureEsc=0 surveyExpired=0
2026-09-06T19:25:34.612Z [INFO] [slaReminder] SLA_SCAN cases=1 respRemind=0 respEsc=0 closureRemind=0 closureEsc=0 surveyExpired=0
2026-09-06T19:26:34.620Z [INFO] [slaReminder] SLA_SCAN cases=1 respRemind=0 respEsc=0 closureRemind=0 closureEsc=0 surveyExpired=0
2026-09-06T19:27:34.631Z [INFO] [slaReminder] SLA_SCAN cases=1 respRemind=0 respEsc=0 closureRemind=0 closureEsc=0 surveyExpired=0
2026-09-06T19:28:34.643Z [INFO] [slaReminder] SLA_SCAN cases=1 respRemind=0 respEsc=0 closureRemind=0 closureEsc=0 surveyExpired=0
2026-09-06T19:29:34.647Z [INFO] [slaReminder] SLA_SCAN cases=1 respRemind=0 respEsc=0 closureRemind=0 closureEsc=0 surveyExpired=0
2026-09-06T19:30:34.667Z [INFO] [slaReminder] SLA_SCAN cases=1 respRemind=0 respEsc=0 closureRemind=0 closureEsc=0 surveyExpired=0
2026-09-06T19:31:34.682Z [INFO] [slaReminder] SLA_SCAN cases=1 respRemind=0 respEsc=0 closureRemind=0 closureEsc=0 surveyExpired=0
2026-09-06T19:32:34.684Z [INFO] [slaReminder] SLA_SCAN cases=1 respRemind=0 respEsc=0 closureRemind=0 closureEsc=0 surveyExpired=0
2026-09-06T19:33:34.693Z [INFO] [slaReminder] SLA_SCAN cases=1 respRemind=0 respEsc=0 closureRemind=0 closureEsc=0 surveyExpired=0
2026-09-06T19:34:34.706Z [INFO] [slaReminder] SLA_SCAN cases=1 respRemind=0 respEsc=0 closureRemind=0 closureEsc=0 surveyExpired=0
2026-09-06T19:35:34.718Z [INFO] [slaReminder] SLA_SCAN cases=1 respRemind=0 respEsc=0 closureRemind=0 closureEsc=0 surveyExpired=0
2026-09-06T19:36:34.717Z [INFO] [slaReminder] SLA_SCAN cases=1 respRemind=0 respEsc=0 closureRemind=0 closureEsc=0 surveyExpired=0
2026-09-06T19:37:34.727Z [INFO] [slaReminder] SLA_SCAN cases=1 respRemind=0 respEsc=0 closureRemind=0 closureEsc=0 surveyExpired=0
2026-09-06T19:38:34.732Z [INFO] [slaReminder] SLA_SCAN cases=1 respRemind=0 respEsc=0 closureRemind=0 closureEsc=0 surveyExpired=0
2026-09-06T19:39:34.741Z [INFO] [slaReminder] SLA_SCAN cases=1 respRemind=0 respEsc=0 closureRemind=0 closureEsc=0 surveyExpired=0
2026-09-06T19:40:34.745Z [INFO] [slaReminder] SLA_SCAN cases=1 respRemind=0 respEsc=0 closureRemind=0 closureEsc=0 surveyExpired=0
2026-09-06T19:41:34.750Z [INFO] [slaReminder] SLA_SCAN cases=1 respRemind=0 respEsc=0 closureRemind=0 closureEsc=0 surveyExpired=0
2026-09-06T19:42:34.763Z [INFO] [slaReminder] SLA_SCAN cases=1 respRemind=0 respEsc=0 closureRemind=0 closureEsc=0 surveyExpired=0
2026-09-06T19:43:34.764Z [INFO] [slaReminder] SLA_SCAN cases=1 respRemind=0 respEsc=0 closureRemind=0 closureEsc=0 surveyExpired=0
2026-09-06T19:44:34.771Z [INFO] [slaReminder] SLA_SCAN cases=1 respRemind=0 respEsc=0 closureRemind=0 closureEsc=0 surveyExpired=0
2026-09-06T19:45:34.776Z [INFO] [slaReminder] SLA_SCAN cases=1 respRemind=0 respEsc=0 closureRemind=0 closureEsc=0 surveyExpired=0
2026-09-06T19:46:34.784Z [INFO] [slaReminder] SLA_SCAN cases=1 respRemind=0 respEsc=0 closureRemind=0 closureEsc=0 surveyExpired=0
2026-09-06T19:47:34.790Z [INFO] [slaReminder] SLA_SCAN cases=1 respRemind=0 respEsc=0 closureRemind=0 closureEsc=0 surveyExpired=0
2026-09-06T19:48:34.793Z [INFO] [slaReminder] SLA_SCAN cases=1 respRemind=0 respEsc=0 closureRemind=0 closureEsc=0 surveyExpired=0
2026-09-06T19:49:34.798Z [INFO] [slaReminder] SLA_SCAN cases=1 respRemind=0 respEsc=0 closureRemind=0 closureEsc=0 surveyExpired=0
2026-09-06T19:50:34.811Z [INFO] [slaReminder] SLA_SCAN cases=1 respRemind=0 respEsc=0 closureRemind=0 closureEsc=0 surveyExpired=0
2026-09-06T19:51:34.826Z [INFO] [slaReminder] SLA_SCAN cases=1 respRemind=0 respEsc=0 closureRemind=0 closureEsc=0 surveyExpired=0
2026-09-06T19:52:34.835Z [INFO] [slaReminder] SLA_SCAN cases=1 respRemind=0 respEsc=0 closureRemind=0 closureEsc=0 surveyExpired=0
2026-09-06T19:53:34.839Z [INFO] [slaReminder] SLA_SCAN cases=1 respRemind=0 respEsc=0 closureRemind=0 closureEsc=0 surveyExpired=0
2026-09-06T19:54:34.840Z [INFO] [slaReminder] SLA_SCAN cases=1 respRemind=0 respEsc=0 closureRemind=0 closureEsc=0 surveyExpired=0
2026-09-06T19:55:34.853Z [INFO] [slaReminder] SLA_SCAN cases=1 respRemind=0 respEsc=0 closureRemind=0 closureEsc=0 surveyExpired=0
2026-09-06T19:56:34.859Z [INFO] [slaReminder] SLA_SCAN cases=1 respRemind=0 respEsc=0 closureRemind=0 closureEsc=0 surveyExpired=0
2026-09-06T19:57:34.862Z [INFO] [slaReminder] SLA_SCAN cases=1 respRemind=0 respEsc=0 closureRemind=0 closureEsc=0 surveyExpired=0
2026-09-06T19:58:34.864Z [INFO] [slaReminder] SLA_SCAN cases=1 respRemind=0 respEsc=0 closureRemind=0 closureEsc=0 surveyExpired=0
2026-09-06T19:59:34.867Z [INFO] [slaReminder] SLA_SCAN cases=1 respRemind=0 respEsc=0 closureRemind=0 closureEsc=0 surveyExpired=0
2026-09-06T20:00:34.880Z [INFO] [slaReminder] SLA_SCAN cases=1 respRemind=0 respEsc=0 closureRemind=0 closureEsc=0 surveyExpired=0
2026-09-06T20:01:34.892Z [INFO] [slaReminder] SLA_SCAN cases=1 respRemind=0 respEsc=0 closureRemind=0 closureEsc=0 surveyExpired=0
2026-09-06T20:02:34.900Z [INFO] [slaReminder] SLA_SCAN cases=1 respRemind=0 respEsc=0 closureRemind=0 closureEsc=0 surveyExpired=0
2026-09-06T20:03:34.907Z [INFO] [slaReminder] SLA_SCAN cases=1 respRemind=0 respEsc=0 closureRemind=0 closureEsc=0 surveyExpired=0
2026-09-06T20:04:34.911Z [INFO] [slaReminder] SLA_SCAN cases=1 respRemind=0 respEsc=0 closureRemind=0 closureEsc=0 surveyExpired=0
2026-09-06T20:05:34.919Z [INFO] [slaReminder] SLA_SCAN cases=1 respRemind=0 respEsc=0 closureRemind=0 closureEsc=0 surveyExpired=0
2026-09-06T20:06:34.931Z [INFO] [slaReminder] SLA_SCAN cases=1 respRemind=0 respEsc=0 closureRemind=0 closureEsc=0 surveyExpired=0
2026-09-06T20:07:34.936Z [INFO] [slaReminder] SLA_SCAN cases=1 respRemind=0 respEsc=0 closureRemind=0 closureEsc=0 surveyExpired=0
2026-09-06T20:08:34.950Z [INFO] [slaReminder] SLA_SCAN cases=1 respRemind=0 respEsc=0 closureRemind=0 closureEsc=0 surveyExpired=0
2026-09-06T20:09:34.957Z [INFO] [slaReminder] SLA_SCAN cases=1 respRemind=0 respEsc=0 closureRemind=0 closureEsc=0 surveyExpired=0
2026-09-06T20:10:34.969Z [INFO] [slaReminder] SLA_SCAN cases=1 respRemind=0 respEsc=0 closureRemind=0 closureEsc=0 surveyExpired=0
2026-09-06T20:11:34.974Z [INFO] [slaReminder] SLA_SCAN cases=1 respRemind=0 respEsc=0 closureRemind=0 closureEsc=0 surveyExpired=0
2026-09-06T20:12:34.984Z [INFO] [slaReminder] SLA_SCAN cases=1 respRemind=0 respEsc=0 closureRemind=0 closureEsc=0 surveyExpired=0
2026-09-06T20:13:34.987Z [INFO] [slaReminder] SLA_SCAN cases=1 respRemind=0 respEsc=0 closureRemind=0 closureEsc=0 surveyExpired=0
2026-09-06T20:14:35.001Z [INFO] [slaReminder] SLA_SCAN cases=1 respRemind=0 respEsc=0 closureRemind=0 closureEsc=0 surveyExpired=0
2026-09-06T20:15:35.009Z [INFO] [slaReminder] SLA_SCAN cases=1 respRemind=0 respEsc=0 closureRemind=0 closureEsc=0 surveyExpired=0
2026-09-06T20:16:35.017Z [INFO] [slaReminder] SLA_SCAN cases=1 respRemind=0 respEsc=0 closureRemind=0 closureEsc=0 surveyExpired=0
2026-09-06T20:17:35.025Z [INFO] [slaReminder] SLA_SCAN cases=1 respRemind=0 respEsc=0 closureRemind=0 closureEsc=0 surveyExpired=0
2026-09-06T20:18:35.033Z [INFO] [slaReminder] SLA_SCAN cases=1 respRemind=0 respEsc=0 closureRemind=0 closureEsc=0 surveyExpired=0
2026-09-06T20:19:35.039Z [INFO] [slaReminder] SLA_SCAN cases=1 respRemind=0 respEsc=0 closureRemind=0 closureEsc=0 surveyExpired=0
2026-09-06T20:20:35.039Z [INFO] [slaReminder] SLA_SCAN cases=1 respRemind=0 respEsc=0 closureRemind=0 closureEsc=0 surveyExpired=0
2026-09-06T20:21:35.047Z [INFO] [slaReminder] SLA_SCAN cases=1 respRemind=0 respEsc=0 closureRemind=0 closureEsc=0 surveyExpired=0
2026-09-06T20:22:35.057Z [INFO] [slaReminder] SLA_SCAN cases=1 respRemind=0 respEsc=0 closureRemind=0 closureEsc=0 surveyExpired=0
2026-09-06T20:23:35.068Z [INFO] [slaReminder] SLA_SCAN cases=1 respRemind=0 respEsc=0 closureRemind=0 closureEsc=0 surveyExpired=0
2026-09-06T20:24:35.074Z [INFO] [slaReminder] SLA_SCAN cases=1 respRemind=0 respEsc=0 closureRemind=0 closureEsc=0 surveyExpired=0
2026-09-06T20:25:35.085Z [INFO] [slaReminder] SLA_SCAN cases=1 respRemind=0 respEsc=0 closureRemind=0 closureEsc=0 surveyExpired=0
2026-09-06T20:26:35.094Z [INFO] [slaReminder] SLA_SCAN cases=1 respRemind=0 respEsc=0 closureRemind=0 closureEsc=0 surveyExpired=0
2026-09-06T20:27:35.106Z [INFO] [slaReminder] SLA_SCAN cases=1 respRemind=0 respEsc=0 closureRemind=0 closureEsc=0 surveyExpired=0
2026-09-06T20:28:35.110Z [INFO] [slaReminder] SLA_SCAN cases=1 respRemind=0 respEsc=0 closureRemind=0 closureEsc=0 surveyExpired=0
2026-09-06T20:29:35.121Z [INFO] [slaReminder] SLA_SCAN cases=1 respRemind=0 respEsc=0 closureRemind=0 closureEsc=0 surveyExpired=0
2026-09-06T20:30:35.134Z [INFO] [slaReminder] SLA_SCAN cases=1 respRemind=0 respEsc=0 closureRemind=0 closureEsc=0 surveyExpired=0
2026-09-06T20:31:35.144Z [INFO] [slaReminder] SLA_SCAN cases=1 respRemind=0 respEsc=0 closureRemind=0 closureEsc=0 surveyExpired=0
2026-09-06T20:32:35.149Z [INFO] [slaReminder] SLA_SCAN cases=1 respRemind=0 respEsc=0 closureRemind=0 closureEsc=0 surveyExpired=0
2026-09-06T20:33:35.160Z [INFO] [slaReminder] SLA_SCAN cases=1 respRemind=0 respEsc=0 closureRemind=0 closureEsc=0 surveyExpired=0
2026-09-06T20:34:35.170Z [INFO] [slaReminder] SLA_SCAN cases=1 respRemind=0 respEsc=0 closureRemind=0 closureEsc=0 surveyExpired=0
2026-09-06T20:35:35.179Z [INFO] [slaReminder] SLA_SCAN cases=1 respRemind=0 respEsc=0 closureRemind=0 closureEsc=0 surveyExpired=0
2026-09-06T20:36:35.190Z [INFO] [slaReminder] SLA_SCAN cases=1 respRemind=0 respEsc=0 closureRemind=0 closureEsc=0 surveyExpired=0
2026-09-06T20:37:35.200Z [INFO] [slaReminder] SLA_SCAN cases=1 respRemind=0 respEsc=0 closureRemind=0 closureEsc=0 surveyExpired=0
2026-09-06T20:38:35.206Z [INFO] [slaReminder] SLA_SCAN cases=1 respRemind=0 respEsc=0 closureRemind=0 closureEsc=0 surveyExpired=0
2026-09-06T20:39:35.216Z [INFO] [slaReminder] SLA_SCAN cases=1 respRemind=0 respEsc=0 closureRemind=0 closureEsc=0 surveyExpired=0
2026-09-06T20:40:35.217Z [INFO] [slaReminder] SLA_SCAN cases=1 respRemind=0 respEsc=0 closureRemind=0 closureEsc=0 surveyExpired=0
2026-09-06T20:41:35.226Z [INFO] [slaReminder] SLA_SCAN cases=1 respRemind=0 respEsc=0 closureRemind=0 closureEsc=0 surveyExpired=0
2026-09-06T20:42:35.237Z [INFO] [slaReminder] SLA_SCAN cases=1 respRemind=0 respEsc=0 closureRemind=0 closureEsc=0 surveyExpired=0
2026-09-06T20:43:35.241Z [INFO] [slaReminder] SLA_SCAN cases=1 respRemind=0 respEsc=0 closureRemind=0 closureEsc=0 surveyExpired=0
2026-09-06T20:44:35.253Z [INFO] [slaReminder] SLA_SCAN cases=1 respRemind=0 respEsc=0 closureRemind=0 closureEsc=0 surveyExpired=0
2026-09-06T20:45:35.272Z [INFO] [slaReminder] SLA_SCAN cases=1 respRemind=0 respEsc=0 closureRemind=0 closureEsc=0 surveyExpired=0
2026-09-06T20:46:35.279Z [INFO] [slaReminder] SLA_SCAN cases=1 respRemind=0 respEsc=0 closureRemind=0 closureEsc=0 surveyExpired=0
2026-09-06T20:47:35.288Z [INFO] [slaReminder] SLA_SCAN cases=1 respRemind=0 respEsc=0 closureRemind=0 closureEsc=0 surveyExpired=0
2026-09-06T20:48:35.296Z [INFO] [slaReminder] SLA_SCAN cases=1 respRemind=0 respEsc=0 closureRemind=0 closureEsc=0 surveyExpired=0
2026-09-06T20:49:35.299Z [INFO] [slaReminder] SLA_SCAN cases=1 respRemind=0 respEsc=0 closureRemind=0 closureEsc=0 surveyExpired=0
2026-09-06T20:50:35.304Z [INFO] [slaReminder] SLA_SCAN cases=1 respRemind=0 respEsc=0 closureRemind=0 closureEsc=0 surveyExpired=0
2026-09-06T20:51:35.304Z [INFO] [slaReminder] SLA_SCAN cases=1 respRemind=0 respEsc=0 closureRemind=0 closureEsc=0 surveyExpired=0
2026-09-06T20:52:35.313Z [INFO] [slaReminder] SLA_SCAN cases=1 respRemind=0 respEsc=0 closureRemind=0 closureEsc=0 surveyExpired=0
2026-09-06T20:53:35.340Z [INFO] [slaReminder] SLA_SCAN cases=1 respRemind=0 respEsc=0 closureRemind=0 closureEsc=0 surveyExpired=0
2026-09-06T20:54:35.342Z [INFO] [slaReminder] SLA_SCAN cases=1 respRemind=0 respEsc=0 closureRemind=0 closureEsc=0 surveyExpired=0
2026-09-06T20:55:35.343Z [INFO] [slaReminder] SLA_SCAN cases=1 respRemind=0 respEsc=0 closureRemind=0 closureEsc=0 surveyExpired=0
2026-09-06T20:56:35.348Z [INFO] [slaReminder] SLA_SCAN cases=1 respRemind=0 respEsc=0 closureRemind=0 closureEsc=0 surveyExpired=0
2026-09-06T20:57:35.351Z [INFO] [slaReminder] SLA_SCAN cases=1 respRemind=0 respEsc=0 closureRemind=0 closureEsc=0 surveyExpired=0
2026-09-06T20:58:35.365Z [INFO] [slaReminder] SLA_SCAN cases=1 respRemind=0 respEsc=0 closureRemind=0 closureEsc=0 surveyExpired=0
2026-09-06T20:59:35.368Z [INFO] [slaReminder] SLA_SCAN cases=1 respRemind=0 respEsc=0 closureRemind=0 closureEsc=0 surveyExpired=0
2026-09-06T21:00:35.379Z [INFO] [slaReminder] SLA_SCAN cases=1 respRemind=0 respEsc=0 closureRemind=0 closureEsc=0 surveyExpired=0
2026-09-06T21:01:35.381Z [INFO] [slaReminder] SLA_SCAN cases=1 respRemind=0 respEsc=0 closureRemind=0 closureEsc=0 surveyExpired=0
2026-09-06T21:02:35.385Z [INFO] [slaReminder] SLA_SCAN cases=1 respRemind=0 respEsc=0 closureRemind=0 closureEsc=0 surveyExpired=0
2026-09-06T21:03:35.397Z [INFO] [slaReminder] SLA_SCAN cases=1 respRemind=0 respEsc=0 closureRemind=0 closureEsc=0 surveyExpired=0
2026-09-06T21:04:35.410Z [INFO] [slaReminder] SLA_SCAN cases=1 respRemind=0 respEsc=0 closureRemind=0 closureEsc=0 surveyExpired=0
2026-09-06T21:05:35.419Z [INFO] [slaReminder] SLA_SCAN cases=1 respRemind=0 respEsc=0 closureRemind=0 closureEsc=0 surveyExpired=0
2026-09-06T21:06:35.429Z [INFO] [slaReminder] SLA_SCAN cases=1 respRemind=0 respEsc=0 closureRemind=0 closureEsc=0 surveyExpired=0
2026-09-06T21:07:35.431Z [INFO] [slaReminder] SLA_SCAN cases=1 respRemind=0 respEsc=0 closureRemind=0 closureEsc=0 surveyExpired=0
2026-09-06T21:08:35.446Z [INFO] [slaReminder] SLA_SCAN cases=1 respRemind=0 respEsc=0 closureRemind=0 closureEsc=0 surveyExpired=0
2026-09-06T21:09:35.451Z [INFO] [slaReminder] SLA_SCAN cases=1 respRemind=0 respEsc=0 closureRemind=0 closureEsc=0 surveyExpired=0
2026-09-06T21:10:35.452Z [INFO] [slaReminder] SLA_SCAN cases=1 respRemind=0 respEsc=0 closureRemind=0 closureEsc=0 surveyExpired=0
2026-09-06T21:11:35.457Z [INFO] [slaReminder] SLA_SCAN cases=1 respRemind=0 respEsc=0 closureRemind=0 closureEsc=0 surveyExpired=0
2026-09-06T21:12:35.458Z [INFO] [slaReminder] SLA_SCAN cases=1 respRemind=0 respEsc=0 closureRemind=0 closureEsc=0 surveyExpired=0
2026-09-06T21:13:35.473Z [INFO] [slaReminder] SLA_SCAN cases=1 respRemind=0 respEsc=0 closureRemind=0 closureEsc=0 surveyExpired=0
2026-09-06T21:14:35.475Z [INFO] [slaReminder] SLA_SCAN cases=1 respRemind=0 respEsc=0 closureRemind=0 closureEsc=0 surveyExpired=0
2026-09-06T21:15:35.487Z [INFO] [slaReminder] SLA_SCAN cases=1 respRemind=0 respEsc=0 closureRemind=0 closureEsc=0 surveyExpired=0
2026-09-06T21:16:35.495Z [INFO] [slaReminder] SLA_SCAN cases=1 respRemind=0 respEsc=0 closureRemind=0 closureEsc=0 surveyExpired=0
2026-09-06T21:17:35.505Z [INFO] [slaReminder] SLA_SCAN cases=1 respRemind=0 respEsc=0 closureRemind=0 closureEsc=0 surveyExpired=0
2026-09-06T21:18:35.513Z [INFO] [slaReminder] SLA_SCAN cases=1 respRemind=0 respEsc=0 closureRemind=0 closureEsc=0 surveyExpired=0
2026-09-06T21:19:35.513Z [INFO] [slaReminder] SLA_SCAN cases=1 respRemind=0 respEsc=0 closureRemind=0 closureEsc=0 surveyExpired=0
2026-09-06T21:20:35.530Z [INFO] [slaReminder] SLA_SCAN cases=1 respRemind=0 respEsc=0 closureRemind=0 closureEsc=0 surveyExpired=0
2026-09-06T21:21:35.538Z [INFO] [slaReminder] SLA_SCAN cases=1 respRemind=0 respEsc=0 closureRemind=0 closureEsc=0 surveyExpired=0
2026-09-06T21:22:35.549Z [INFO] [slaReminder] SLA_SCAN cases=1 respRemind=0 respEsc=0 closureRemind=0 closureEsc=0 surveyExpired=0
2026-09-06T21:23:35.553Z [INFO] [slaReminder] SLA_SCAN cases=1 respRemind=0 respEsc=0 closureRemind=0 closureEsc=0 surveyExpired=0
2026-09-06T21:24:35.553Z [INFO] [slaReminder] SLA_SCAN cases=1 respRemind=0 respEsc=0 closureRemind=0 closureEsc=0 surveyExpired=0
2026-09-06T21:25:35.565Z [INFO] [slaReminder] SLA_SCAN cases=1 respRemind=0 respEsc=0 closureRemind=0 closureEsc=0 surveyExpired=0
2026-09-06T21:26:35.578Z [INFO] [slaReminder] SLA_SCAN cases=1 respRemind=0 respEsc=0 closureRemind=0 closureEsc=0 surveyExpired=0
2026-09-06T21:27:35.584Z [INFO] [slaReminder] SLA_SCAN cases=1 respRemind=0 respEsc=0 closureRemind=0 closureEsc=0 surveyExpired=0
2026-09-06T21:28:35.585Z [INFO] [slaReminder] SLA_SCAN cases=1 respRemind=0 respEsc=0 closureRemind=0 closureEsc=0 surveyExpired=0
2026-09-06T21:29:35.596Z [INFO] [slaReminder] SLA_SCAN cases=1 respRemind=0 respEsc=0 closureRemind=0 closureEsc=0 surveyExpired=0
2026-09-06T21:30:35.608Z [INFO] [slaReminder] SLA_SCAN cases=1 respRemind=0 respEsc=0 closureRemind=0 closureEsc=0 surveyExpired=0
2026-09-06T21:31:35.622Z [INFO] [slaReminder] SLA_SCAN cases=1 respRemind=0 respEsc=0 closureRemind=0 closureEsc=0 surveyExpired=0
2026-09-06T21:32:35.623Z [INFO] [slaReminder] SLA_SCAN cases=1 respRemind=0 respEsc=0 closureRemind=0 closureEsc=0 surveyExpired=0
2026-09-06T21:33:35.624Z [INFO] [slaReminder] SLA_SCAN cases=1 respRemind=0 respEsc=0 closureRemind=0 closureEsc=0 surveyExpired=0
2026-09-06T21:34:35.630Z [INFO] [slaReminder] SLA_SCAN cases=1 respRemind=0 respEsc=0 closureRemind=0 closureEsc=0 surveyExpired=0
2026-09-06T21:35:35.643Z [INFO] [slaReminder] SLA_SCAN cases=1 respRemind=0 respEsc=0 closureRemind=0 closureEsc=0 surveyExpired=0
2026-09-06T21:36:35.654Z [INFO] [slaReminder] SLA_SCAN cases=1 respRemind=0 respEsc=0 closureRemind=0 closureEsc=0 surveyExpired=0
2026-09-06T21:37:35.656Z [INFO] [slaReminder] SLA_SCAN cases=1 respRemind=0 respEsc=0 closureRemind=0 closureEsc=0 surveyExpired=0
2026-09-06T21:38:35.665Z [INFO] [slaReminder] SLA_SCAN cases=1 respRemind=0 respEsc=0 closureRemind=0 closureEsc=0 surveyExpired=0
2026-09-06T21:39:35.675Z [INFO] [slaReminder] SLA_SCAN cases=1 respRemind=0 respEsc=0 closureRemind=0 closureEsc=0 surveyExpired=0
2026-09-06T21:40:35.683Z [INFO] [slaReminder] SLA_SCAN cases=1 respRemind=0 respEsc=0 closureRemind=0 closureEsc=0 surveyExpired=0
2026-09-06T21:41:35.692Z [INFO] [slaReminder] SLA_SCAN cases=1 respRemind=0 respEsc=0 closureRemind=0 closureEsc=0 surveyExpired=0
2026-09-06T21:42:35.696Z [INFO] [slaReminder] SLA_SCAN cases=1 respRemind=0 respEsc=0 closureRemind=0 closureEsc=0 surveyExpired=0
2026-09-06T21:43:35.697Z [INFO] [slaReminder] SLA_SCAN cases=1 respRemind=0 respEsc=0 closureRemind=0 closureEsc=0 surveyExpired=0
2026-09-06T21:44:35.699Z [INFO] [slaReminder] SLA_SCAN cases=1 respRemind=0 respEsc=0 closureRemind=0 closureEsc=0 surveyExpired=0
2026-09-06T21:45:35.728Z [INFO] [slaReminder] SLA_SCAN cases=1 respRemind=0 respEsc=0 closureRemind=0 closureEsc=0 surveyExpired=0
2026-09-06T21:46:35.732Z [INFO] [slaReminder] SLA_SCAN cases=1 respRemind=0 respEsc=0 closureRemind=0 closureEsc=0 surveyExpired=0
2026-09-06T21:47:35.740Z [INFO] [slaReminder] SLA_SCAN cases=1 respRemind=0 respEsc=0 closureRemind=0 closureEsc=0 surveyExpired=0
2026-09-06T21:48:35.755Z [INFO] [slaReminder] SLA_SCAN cases=1 respRemind=0 respEsc=0 closureRemind=0 closureEsc=0 surveyExpired=0
2026-09-06T21:49:35.771Z [INFO] [slaReminder] SLA_SCAN cases=1 respRemind=0 respEsc=0 closureRemind=0 closureEsc=0 surveyExpired=0
2026-09-06T21:50:35.783Z [INFO] [slaReminder] SLA_SCAN cases=1 respRemind=0 respEsc=0 closureRemind=0 closureEsc=0 surveyExpired=0
2026-09-06T21:51:35.787Z [INFO] [slaReminder] SLA_SCAN cases=1 respRemind=0 respEsc=0 closureRemind=0 closureEsc=0 surveyExpired=0
2026-09-06T21:52:35.792Z [INFO] [slaReminder] SLA_SCAN cases=1 respRemind=0 respEsc=0 closureRemind=0 closureEsc=0 surveyExpired=0
2026-09-06T21:53:35.797Z [INFO] [slaReminder] SLA_SCAN cases=1 respRemind=0 respEsc=0 closureRemind=0 closureEsc=0 surveyExpired=0
2026-09-06T21:54:35.801Z [INFO] [slaReminder] SLA_SCAN cases=1 respRemind=0 respEsc=0 closureRemind=0 closureEsc=0 surveyExpired=0
2026-09-06T21:55:35.808Z [INFO] [slaReminder] SLA_SCAN cases=1 respRemind=0 respEsc=0 closureRemind=0 closureEsc=0 surveyExpired=0
2026-09-06T21:56:35.816Z [INFO] [slaReminder] SLA_SCAN cases=1 respRemind=0 respEsc=0 closureRemind=0 closureEsc=0 surveyExpired=0
2026-09-06T21:57:35.825Z [INFO] [slaReminder] SLA_SCAN cases=1 respRemind=0 respEsc=0 closureRemind=0 closureEsc=0 surveyExpired=0
2026-09-06T21:58:35.825Z [INFO] [slaReminder] SLA_SCAN cases=1 respRemind=0 respEsc=0 closureRemind=0 closureEsc=0 surveyExpired=0
2026-09-06T21:59:35.837Z [INFO] [slaReminder] SLA_SCAN cases=1 respRemind=0 respEsc=0 closureRemind=0 closureEsc=0 surveyExpired=0
2026-09-06T22:00:35.845Z [INFO] [slaReminder] SLA_SCAN cases=1 respRemind=0 respEsc=0 closureRemind=0 closureEsc=0 surveyExpired=0
2026-09-06T22:01:35.847Z [INFO] [slaReminder] SLA_SCAN cases=1 respRemind=0 respEsc=0 closureRemind=0 closureEsc=0 surveyExpired=0
2026-09-06T22:02:35.857Z [INFO] [slaReminder] SLA_SCAN cases=1 respRemind=0 respEsc=0 closureRemind=0 closureEsc=0 surveyExpired=0
2026-09-06T22:03:35.871Z [INFO] [slaReminder] SLA_SCAN cases=1 respRemind=0 respEsc=0 closureRemind=0 closureEsc=0 surveyExpired=0
2026-09-06T22:04:35.871Z [INFO] [slaReminder] SLA_SCAN cases=1 respRemind=0 respEsc=0 closureRemind=0 closureEsc=0 surveyExpired=0
2026-09-06T22:05:35.875Z [INFO] [slaReminder] SLA_SCAN cases=1 respRemind=0 respEsc=0 closureRemind=0 closureEsc=0 surveyExpired=0
2026-09-06T22:06:35.881Z [INFO] [slaReminder] SLA_SCAN cases=1 respRemind=0 respEsc=0 closureRemind=0 closureEsc=0 surveyExpired=0
2026-09-06T22:07:35.892Z [INFO] [slaReminder] SLA_SCAN cases=1 respRemind=0 respEsc=0 closureRemind=0 closureEsc=0 surveyExpired=0
2026-09-06T22:08:35.895Z [INFO] [slaReminder] SLA_SCAN cases=1 respRemind=0 respEsc=0 closureRemind=0 closureEsc=0 surveyExpired=0
2026-09-06T22:09:35.904Z [INFO] [slaReminder] SLA_SCAN cases=1 respRemind=0 respEsc=0 closureRemind=0 closureEsc=0 surveyExpired=0
2026-09-06T22:10:35.909Z [INFO] [slaReminder] SLA_SCAN cases=1 respRemind=0 respEsc=0 closureRemind=0 closureEsc=0 surveyExpired=0
2026-09-06T22:11:35.919Z [INFO] [slaReminder] SLA_SCAN cases=1 respRemind=0 respEsc=0 closureRemind=0 closureEsc=0 surveyExpired=0
2026-09-06T22:12:35.927Z [INFO] [slaReminder] SLA_SCAN cases=1 respRemind=0 respEsc=0 closureRemind=0 closureEsc=0 surveyExpired=0
2026-09-06T22:13:35.934Z [INFO] [slaReminder] SLA_SCAN cases=1 respRemind=0 respEsc=0 closureRemind=0 closureEsc=0 surveyExpired=0
2026-09-06T22:14:35.943Z [INFO] [slaReminder] SLA_SCAN cases=1 respRemind=0 respEsc=0 closureRemind=0 closureEsc=0 surveyExpired=0
2026-09-06T22:15:35.945Z [INFO] [slaReminder] SLA_SCAN cases=1 respRemind=0 respEsc=0 closureRemind=0 closureEsc=0 surveyExpired=0
2026-09-06T22:16:35.947Z [INFO] [slaReminder] SLA_SCAN cases=1 respRemind=0 respEsc=0 closureRemind=0 closureEsc=0 surveyExpired=0
2026-09-06T22:17:35.957Z [INFO] [slaReminder] SLA_SCAN cases=1 respRemind=0 respEsc=0 closureRemind=0 closureEsc=0 surveyExpired=0
2026-09-06T22:18:35.967Z [INFO] [slaReminder] SLA_SCAN cases=1 respRemind=0 respEsc=0 closureRemind=0 closureEsc=0 surveyExpired=0
2026-09-06T22:19:35.983Z [INFO] [slaReminder] SLA_SCAN cases=1 respRemind=0 respEsc=0 closureRemind=0 closureEsc=0 surveyExpired=0
2026-09-06T22:20:35.996Z [INFO] [slaReminder] SLA_SCAN cases=1 respRemind=0 respEsc=0 closureRemind=0 closureEsc=0 surveyExpired=0
2026-09-06T22:21:36.006Z [INFO] [slaReminder] SLA_SCAN cases=1 respRemind=0 respEsc=0 closureRemind=0 closureEsc=0 surveyExpired=0
2026-09-06T22:22:36.017Z [INFO] [slaReminder] SLA_SCAN cases=1 respRemind=0 respEsc=0 closureRemind=0 closureEsc=0 surveyExpired=0
2026-09-06T22:23:36.024Z [INFO] [slaReminder] SLA_SCAN cases=1 respRemind=0 respEsc=0 closureRemind=0 closureEsc=0 surveyExpired=0
2026-09-06T22:24:36.039Z [INFO] [slaReminder] SLA_SCAN cases=1 respRemind=0 respEsc=0 closureRemind=0 closureEsc=0 surveyExpired=0
2026-09-06T22:25:36.037Z [INFO] [slaReminder] SLA_SCAN cases=1 respRemind=0 respEsc=0 closureRemind=0 closureEsc=0 surveyExpired=0
2026-09-06T22:26:36.044Z [INFO] [slaReminder] SLA_SCAN cases=1 respRemind=0 respEsc=0 closureRemind=0 closureEsc=0 surveyExpired=0
2026-09-06T22:27:36.059Z [INFO] [slaReminder] SLA_SCAN cases=1 respRemind=0 respEsc=0 closureRemind=0 closureEsc=0 surveyExpired=0
2026-09-06T22:28:36.069Z [INFO] [slaReminder] SLA_SCAN cases=1 respRemind=0 respEsc=0 closureRemind=0 closureEsc=0 surveyExpired=0
2026-09-06T22:29:36.082Z [INFO] [slaReminder] SLA_SCAN cases=1 respRemind=0 respEsc=0 closureRemind=0 closureEsc=0 surveyExpired=0
2026-09-06T22:30:36.093Z [INFO] [slaReminder] SLA_SCAN cases=1 respRemind=0 respEsc=0 closureRemind=0 closureEsc=0 surveyExpired=0
2026-09-06T22:31:36.102Z [INFO] [slaReminder] SLA_SCAN cases=1 respRemind=0 respEsc=0 closureRemind=0 closureEsc=0 surveyExpired=0
2026-09-06T22:32:36.110Z [INFO] [slaReminder] SLA_SCAN cases=1 respRemind=0 respEsc=0 closureRemind=0 closureEsc=0 surveyExpired=0
2026-09-06T22:33:36.121Z [INFO] [slaReminder] SLA_SCAN cases=1 respRemind=0 respEsc=0 closureRemind=0 closureEsc=0 surveyExpired=0
2026-09-06T22:34:36.137Z [INFO] [slaReminder] SLA_SCAN cases=1 respRemind=0 respEsc=0 closureRemind=0 closureEsc=0 surveyExpired=0
2026-09-06T22:35:36.140Z [INFO] [slaReminder] SLA_SCAN cases=1 respRemind=0 respEsc=0 closureRemind=0 closureEsc=0 surveyExpired=0
2026-09-06T22:36:36.145Z [INFO] [slaReminder] SLA_SCAN cases=1 respRemind=0 respEsc=0 closureRemind=0 closureEsc=0 surveyExpired=0
2026-09-06T22:37:36.161Z [INFO] [slaReminder] SLA_SCAN cases=1 respRemind=0 respEsc=0 closureRemind=0 closureEsc=0 surveyExpired=0
2026-09-06T22:38:36.175Z [INFO] [slaReminder] SLA_SCAN cases=1 respRemind=0 respEsc=0 closureRemind=0 closureEsc=0 surveyExpired=0
2026-09-06T22:39:36.179Z [INFO] [slaReminder] SLA_SCAN cases=1 respRemind=0 respEsc=0 closureRemind=0 closureEsc=0 surveyExpired=0
2026-09-06T22:40:36.188Z [INFO] [slaReminder] SLA_SCAN cases=1 respRemind=0 respEsc=0 closureRemind=0 closureEsc=0 surveyExpired=0
2026-09-06T22:41:36.191Z [INFO] [slaReminder] SLA_SCAN cases=1 respRemind=0 respEsc=0 closureRemind=0 closureEsc=0 surveyExpired=0
2026-09-06T22:42:36.199Z [INFO] [slaReminder] SLA_SCAN cases=1 respRemind=0 respEsc=0 closureRemind=0 closureEsc=0 surveyExpired=0
2026-09-06T22:43:36.207Z [INFO] [slaReminder] SLA_SCAN cases=1 respRemind=0 respEsc=0 closureRemind=0 closureEsc=0 surveyExpired=0
2026-09-06T22:44:36.211Z [INFO] [slaReminder] SLA_SCAN cases=1 respRemind=0 respEsc=0 closureRemind=0 closureEsc=0 surveyExpired=0
2026-09-06T22:45:36.230Z [INFO] [slaReminder] SLA_SCAN cases=1 respRemind=0 respEsc=0 closureRemind=0 closureEsc=0 surveyExpired=0
2026-09-06T22:46:36.240Z [INFO] [slaReminder] SLA_SCAN cases=1 respRemind=0 respEsc=0 closureRemind=0 closureEsc=0 surveyExpired=0
2026-09-06T22:47:36.249Z [INFO] [slaReminder] SLA_SCAN cases=1 respRemind=0 respEsc=0 closureRemind=0 closureEsc=0 surveyExpired=0
2026-09-06T22:48:36.262Z [INFO] [slaReminder] SLA_SCAN cases=1 respRemind=0 respEsc=0 closureRemind=0 closureEsc=0 surveyExpired=0
2026-09-06T22:49:36.264Z [INFO] [slaReminder] SLA_SCAN cases=1 respRemind=0 respEsc=0 closureRemind=0 closureEsc=0 surveyExpired=0
2026-09-06T22:50:36.278Z [INFO] [slaReminder] SLA_SCAN cases=1 respRemind=0 respEsc=0 closureRemind=0 closureEsc=0 surveyExpired=0
2026-09-06T22:51:36.292Z [INFO] [slaReminder] SLA_SCAN cases=1 respRemind=0 respEsc=0 closureRemind=0 closureEsc=0 surveyExpired=0
2026-09-06T22:52:36.294Z [INFO] [slaReminder] SLA_SCAN cases=1 respRemind=0 respEsc=0 closureRemind=0 closureEsc=0 surveyExpired=0
2026-09-06T22:53:36.309Z [INFO] [slaReminder] SLA_SCAN cases=1 respRemind=0 respEsc=0 closureRemind=0 closureEsc=0 surveyExpired=0
2026-09-06T22:54:36.321Z [INFO] [slaReminder] SLA_SCAN cases=1 respRemind=0 respEsc=0 closureRemind=0 closureEsc=0 surveyExpired=0
2026-09-06T22:55:36.324Z [INFO] [slaReminder] SLA_SCAN cases=1 respRemind=0 respEsc=0 closureRemind=0 closureEsc=0 surveyExpired=0
2026-09-06T22:56:36.327Z [INFO] [slaReminder] SLA_SCAN cases=1 respRemind=0 respEsc=0 closureRemind=0 closureEsc=0 surveyExpired=0
2026-09-06T22:57:36.329Z [INFO] [slaReminder] SLA_SCAN cases=1 respRemind=0 respEsc=0 closureRemind=0 closureEsc=0 surveyExpired=0
2026-09-06T22:58:36.342Z [INFO] [slaReminder] SLA_SCAN cases=1 respRemind=0 respEsc=0 closureRemind=0 closureEsc=0 surveyExpired=0
2026-09-06T22:59:36.354Z [INFO] [slaReminder] SLA_SCAN cases=1 respRemind=0 respEsc=0 closureRemind=0 closureEsc=0 surveyExpired=0
2026-09-06T23:00:36.366Z [INFO] [slaReminder] SLA_SCAN cases=1 respRemind=0 respEsc=0 closureRemind=0 closureEsc=0 surveyExpired=0
2026-09-06T23:01:36.382Z [INFO] [slaReminder] SLA_SCAN cases=1 respRemind=0 respEsc=0 closureRemind=0 closureEsc=0 surveyExpired=0
2026-09-06T23:02:36.395Z [INFO] [slaReminder] SLA_SCAN cases=1 respRemind=0 respEsc=0 closureRemind=0 closureEsc=0 surveyExpired=0
2026-09-06T23:03:36.404Z [INFO] [slaReminder] SLA_SCAN cases=1 respRemind=0 respEsc=0 closureRemind=0 closureEsc=0 surveyExpired=0
2026-09-06T23:04:36.411Z [INFO] [slaReminder] SLA_SCAN cases=1 respRemind=0 respEsc=0 closureRemind=0 closureEsc=0 surveyExpired=0
2026-09-06T23:05:36.420Z [INFO] [slaReminder] SLA_SCAN cases=1 respRemind=0 respEsc=0 closureRemind=0 closureEsc=0 surveyExpired=0
2026-09-06T23:06:36.427Z [INFO] [slaReminder] SLA_SCAN cases=1 respRemind=0 respEsc=0 closureRemind=0 closureEsc=0 surveyExpired=0
2026-09-06T23:07:36.440Z [INFO] [slaReminder] SLA_SCAN cases=1 respRemind=0 respEsc=0 closureRemind=0 closureEsc=0 surveyExpired=0
2026-09-06T23:08:36.457Z [INFO] [slaReminder] SLA_SCAN cases=1 respRemind=0 respEsc=0 closureRemind=0 closureEsc=0 surveyExpired=0
2026-09-06T23:09:36.466Z [INFO] [slaReminder] SLA_SCAN cases=1 respRemind=0 respEsc=0 closureRemind=0 closureEsc=0 surveyExpired=0
2026-09-06T23:10:36.472Z [INFO] [slaReminder] SLA_SCAN cases=1 respRemind=0 respEsc=0 closureRemind=0 closureEsc=0 surveyExpired=0
2026-09-06T23:11:36.483Z [INFO] [slaReminder] SLA_SCAN cases=1 respRemind=0 respEsc=0 closureRemind=0 closureEsc=0 surveyExpired=0
2026-09-06T23:12:36.489Z [INFO] [slaReminder] SLA_SCAN cases=1 respRemind=0 respEsc=0 closureRemind=0 closureEsc=0 surveyExpired=0
2026-09-06T23:13:36.491Z [INFO] [slaReminder] SLA_SCAN cases=1 respRemind=0 respEsc=0 closureRemind=0 closureEsc=0 surveyExpired=0
2026-09-06T23:14:36.495Z [INFO] [slaReminder] SLA_SCAN cases=1 respRemind=0 respEsc=0 closureRemind=0 closureEsc=0 surveyExpired=0
2026-09-06T23:15:36.508Z [INFO] [slaReminder] SLA_SCAN cases=1 respRemind=0 respEsc=0 closureRemind=0 closureEsc=0 surveyExpired=0
2026-09-06T23:16:36.516Z [INFO] [slaReminder] SLA_SCAN cases=1 respRemind=0 respEsc=0 closureRemind=0 closureEsc=0 surveyExpired=0
2026-09-06T23:17:36.533Z [INFO] [slaReminder] SLA_SCAN cases=1 respRemind=0 respEsc=0 closureRemind=0 closureEsc=0 surveyExpired=0
2026-09-06T23:18:36.546Z [INFO] [slaReminder] SLA_SCAN cases=1 respRemind=0 respEsc=0 closureRemind=0 closureEsc=0 surveyExpired=0
2026-09-06T23:19:36.550Z [INFO] [slaReminder] SLA_SCAN cases=1 respRemind=0 respEsc=0 closureRemind=0 closureEsc=0 surveyExpired=0
2026-09-06T23:20:36.552Z [INFO] [slaReminder] SLA_SCAN cases=1 respRemind=0 respEsc=0 closureRemind=0 closureEsc=0 surveyExpired=0
2026-09-06T23:21:36.555Z [INFO] [slaReminder] SLA_SCAN cases=1 respRemind=0 respEsc=0 closureRemind=0 closureEsc=0 surveyExpired=0
2026-09-06T23:22:36.562Z [INFO] [slaReminder] SLA_SCAN cases=1 respRemind=0 respEsc=0 closureRemind=0 closureEsc=0 surveyExpired=0
2026-09-06T23:23:36.570Z [INFO] [slaReminder] SLA_SCAN cases=1 respRemind=0 respEsc=0 closureRemind=0 closureEsc=0 surveyExpired=0
2026-09-06T23:24:36.587Z [INFO] [slaReminder] SLA_SCAN cases=1 respRemind=0 respEsc=0 closureRemind=0 closureEsc=0 surveyExpired=0
2026-09-06T23:25:36.588Z [INFO] [slaReminder] SLA_SCAN cases=1 respRemind=0 respEsc=0 closureRemind=0 closureEsc=0 surveyExpired=0
2026-09-06T23:26:36.592Z [INFO] [slaReminder] SLA_SCAN cases=1 respRemind=0 respEsc=0 closureRemind=0 closureEsc=0 surveyExpired=0
2026-09-06T23:27:36.604Z [INFO] [slaReminder] SLA_SCAN cases=1 respRemind=0 respEsc=0 closureRemind=0 closureEsc=0 surveyExpired=0
2026-09-06T23:28:36.621Z [INFO] [slaReminder] SLA_SCAN cases=1 respRemind=0 respEsc=0 closureRemind=0 closureEsc=0 surveyExpired=0
2026-09-06T23:29:36.634Z [INFO] [slaReminder] SLA_SCAN cases=1 respRemind=0 respEsc=0 closureRemind=0 closureEsc=0 surveyExpired=0
2026-09-06T23:30:36.647Z [INFO] [slaReminder] SLA_SCAN cases=1 respRemind=0 respEsc=0 closureRemind=0 closureEsc=0 surveyExpired=0
2026-09-06T23:31:36.662Z [INFO] [slaReminder] SLA_SCAN cases=1 respRemind=0 respEsc=0 closureRemind=0 closureEsc=0 surveyExpired=0
2026-09-06T23:32:36.678Z [INFO] [slaReminder] SLA_SCAN cases=1 respRemind=0 respEsc=0 closureRemind=0 closureEsc=0 surveyExpired=0
2026-09-06T23:33:36.680Z [INFO] [slaReminder] SLA_SCAN cases=1 respRemind=0 respEsc=0 closureRemind=0 closureEsc=0 surveyExpired=0
2026-09-06T23:34:36.688Z [INFO] [slaReminder] SLA_SCAN cases=1 respRemind=0 respEsc=0 closureRemind=0 closureEsc=0 surveyExpired=0
2026-09-06T23:35:36.689Z [INFO] [slaReminder] SLA_SCAN cases=1 respRemind=0 respEsc=0 closureRemind=0 closureEsc=0 surveyExpired=0
2026-09-06T23:36:36.695Z [INFO] [slaReminder] SLA_SCAN cases=1 respRemind=0 respEsc=0 closureRemind=0 closureEsc=0 surveyExpired=0
2026-09-06T23:37:36.706Z [INFO] [slaReminder] SLA_SCAN cases=1 respRemind=0 respEsc=0 closureRemind=0 closureEsc=0 surveyExpired=0
2026-09-06T23:38:36.707Z [INFO] [slaReminder] SLA_SCAN cases=1 respRemind=0 respEsc=0 closureRemind=0 closureEsc=0 surveyExpired=0
2026-09-06T23:39:36.721Z [INFO] [slaReminder] SLA_SCAN cases=1 respRemind=0 respEsc=0 closureRemind=0 closureEsc=0 surveyExpired=0
2026-09-06T23:40:36.729Z [INFO] [slaReminder] SLA_SCAN cases=1 respRemind=0 respEsc=0 closureRemind=0 closureEsc=0 surveyExpired=0
2026-09-06T23:41:36.734Z [INFO] [slaReminder] SLA_SCAN cases=1 respRemind=0 respEsc=0 closureRemind=0 closureEsc=0 surveyExpired=0
2026-09-06T23:42:36.744Z [INFO] [slaReminder] SLA_SCAN cases=1 respRemind=0 respEsc=0 closureRemind=0 closureEsc=0 surveyExpired=0
2026-09-06T23:43:36.750Z [INFO] [slaReminder] SLA_SCAN cases=1 respRemind=0 respEsc=0 closureRemind=0 closureEsc=0 surveyExpired=0
2026-09-06T23:44:36.751Z [INFO] [slaReminder] SLA_SCAN cases=1 respRemind=0 respEsc=0 closureRemind=0 closureEsc=0 surveyExpired=0
2026-09-06T23:45:36.755Z [INFO] [slaReminder] SLA_SCAN cases=1 respRemind=0 respEsc=0 closureRemind=0 closureEsc=0 surveyExpired=0
2026-09-06T23:46:36.757Z [INFO] [slaReminder] SLA_SCAN cases=1 respRemind=0 respEsc=0 closureRemind=0 closureEsc=0 surveyExpired=0
2026-09-06T23:47:36.760Z [INFO] [slaReminder] SLA_SCAN cases=1 respRemind=0 respEsc=0 closureRemind=0 closureEsc=0 surveyExpired=0
2026-09-06T23:48:36.762Z [INFO] [slaReminder] SLA_SCAN cases=1 respRemind=0 respEsc=0 closureRemind=0 closureEsc=0 surveyExpired=0
2026-09-06T23:49:36.772Z [INFO] [slaReminder] SLA_SCAN cases=1 respRemind=0 respEsc=0 closureRemind=0 closureEsc=0 surveyExpired=0
2026-09-06T23:50:36.777Z [INFO] [slaReminder] SLA_SCAN cases=1 respRemind=0 respEsc=0 closureRemind=0 closureEsc=0 surveyExpired=0
2026-09-06T23:51:36.788Z [INFO] [slaReminder] SLA_SCAN cases=1 respRemind=0 respEsc=0 closureRemind=0 closureEsc=0 surveyExpired=0
2026-09-06T23:52:36.795Z [INFO] [slaReminder] SLA_SCAN cases=1 respRemind=0 respEsc=0 closureRemind=0 closureEsc=0 surveyExpired=0
2026-09-06T23:53:36.808Z [INFO] [slaReminder] SLA_SCAN cases=1 respRemind=0 respEsc=0 closureRemind=0 closureEsc=0 surveyExpired=0
2026-09-06T23:54:36.822Z [INFO] [slaReminder] SLA_SCAN cases=1 respRemind=0 respEsc=0 closureRemind=0 closureEsc=0 surveyExpired=0
2026-09-06T23:55:36.831Z [INFO] [slaReminder] SLA_SCAN cases=1 respRemind=0 respEsc=0 closureRemind=0 closureEsc=0 surveyExpired=0
2026-09-06T23:56:36.833Z [INFO] [slaReminder] SLA_SCAN cases=1 respRemind=0 respEsc=0 closureRemind=0 closureEsc=0 surveyExpired=0
2026-09-06T23:57:36.842Z [INFO] [slaReminder] SLA_SCAN cases=1 respRemind=0 respEsc=0 closureRemind=0 closureEsc=0 surveyExpired=0
2026-09-06T23:58:36.851Z [INFO] [slaReminder] SLA_SCAN cases=1 respRemind=0 respEsc=0 closureRemind=0 closureEsc=0 surveyExpired=0
2026-09-06T23:59:36.857Z [INFO] [slaReminder] SLA_SCAN cases=1 respRemind=0 respEsc=0 closureRemind=0 closureEsc=0 surveyExpired=0
2026-09-07T00:00:36.858Z [INFO] [slaReminder] SLA_SCAN cases=1 respRemind=0 respEsc=0 closureRemind=0 closureEsc=0 surveyExpired=0
2026-09-07T00:01:36.871Z [INFO] [slaReminder] SLA_SCAN cases=1 respRemind=0 respEsc=0 closureRemind=0 closureEsc=0 surveyExpired=0
2026-09-07T00:02:36.874Z [INFO] [slaReminder] SLA_SCAN cases=1 respRemind=0 respEsc=0 closureRemind=0 closureEsc=0 surveyExpired=0
2026-09-07T00:03:36.881Z [INFO] [slaReminder] SLA_SCAN cases=1 respRemind=0 respEsc=0 closureRemind=0 closureEsc=0 surveyExpired=0
2026-09-07T00:04:36.888Z [INFO] [slaReminder] SLA_SCAN cases=1 respRemind=0 respEsc=0 closureRemind=0 closureEsc=0 surveyExpired=0
2026-09-07T00:05:36.898Z [INFO] [slaReminder] SLA_SCAN cases=1 respRemind=0 respEsc=0 closureRemind=0 closureEsc=0 surveyExpired=0
2026-09-07T00:06:36.907Z [INFO] [slaReminder] SLA_SCAN cases=1 respRemind=0 respEsc=0 closureRemind=0 closureEsc=0 surveyExpired=0
2026-09-07T00:07:36.914Z [INFO] [slaReminder] SLA_SCAN cases=1 respRemind=0 respEsc=0 closureRemind=0 closureEsc=0 surveyExpired=0
2026-09-07T00:08:36.930Z [INFO] [slaReminder] SLA_SCAN cases=1 respRemind=0 respEsc=0 closureRemind=0 closureEsc=0 surveyExpired=0
2026-09-07T00:09:36.943Z [INFO] [slaReminder] SLA_SCAN cases=1 respRemind=0 respEsc=0 closureRemind=0 closureEsc=0 surveyExpired=0
2026-09-07T00:10:36.953Z [INFO] [slaReminder] SLA_SCAN cases=1 respRemind=0 respEsc=0 closureRemind=0 closureEsc=0 surveyExpired=0
2026-09-07T00:11:36.957Z [INFO] [slaReminder] SLA_SCAN cases=1 respRemind=0 respEsc=0 closureRemind=0 closureEsc=0 surveyExpired=0
2026-09-07T00:12:36.963Z [INFO] [slaReminder] SLA_SCAN cases=1 respRemind=0 respEsc=0 closureRemind=0 closureEsc=0 surveyExpired=0
2026-09-07T00:13:36.965Z [INFO] [slaReminder] SLA_SCAN cases=1 respRemind=0 respEsc=0 closureRemind=0 closureEsc=0 surveyExpired=0
2026-09-07T00:14:36.979Z [INFO] [slaReminder] SLA_SCAN cases=1 respRemind=0 respEsc=0 closureRemind=0 closureEsc=0 surveyExpired=0
2026-09-07T00:15:36.991Z [INFO] [slaReminder] SLA_SCAN cases=1 respRemind=0 respEsc=0 closureRemind=0 closureEsc=0 surveyExpired=0
2026-09-07T00:16:36.993Z [INFO] [slaReminder] SLA_SCAN cases=1 respRemind=0 respEsc=0 closureRemind=0 closureEsc=0 surveyExpired=0
2026-09-07T00:17:36.999Z [INFO] [slaReminder] SLA_SCAN cases=1 respRemind=0 respEsc=0 closureRemind=0 closureEsc=0 surveyExpired=0
2026-09-07T00:18:37.001Z [INFO] [slaReminder] SLA_SCAN cases=1 respRemind=0 respEsc=0 closureRemind=0 closureEsc=0 surveyExpired=0
2026-09-07T00:19:37.011Z [INFO] [slaReminder] SLA_SCAN cases=1 respRemind=0 respEsc=0 closureRemind=0 closureEsc=0 surveyExpired=0
2026-09-07T00:20:37.018Z [INFO] [slaReminder] SLA_SCAN cases=1 respRemind=0 respEsc=0 closureRemind=0 closureEsc=0 surveyExpired=0
2026-09-07T00:21:37.032Z [INFO] [slaReminder] SLA_SCAN cases=1 respRemind=0 respEsc=0 closureRemind=0 closureEsc=0 surveyExpired=0
2026-09-07T00:22:37.046Z [INFO] [slaReminder] SLA_SCAN cases=1 respRemind=0 respEsc=0 closureRemind=0 closureEsc=0 surveyExpired=0
2026-09-07T00:23:37.054Z [INFO] [slaReminder] SLA_SCAN cases=1 respRemind=0 respEsc=0 closureRemind=0 closureEsc=0 surveyExpired=0
2026-09-07T00:24:37.066Z [INFO] [slaReminder] SLA_SCAN cases=1 respRemind=0 respEsc=0 closureRemind=0 closureEsc=0 surveyExpired=0
2026-09-07T00:25:37.068Z [INFO] [slaReminder] SLA_SCAN cases=1 respRemind=0 respEsc=0 closureRemind=0 closureEsc=0 surveyExpired=0
2026-09-07T00:26:37.077Z [INFO] [slaReminder] SLA_SCAN cases=1 respRemind=0 respEsc=0 closureRemind=0 closureEsc=0 surveyExpired=0
2026-09-07T00:27:37.086Z [INFO] [slaReminder] SLA_SCAN cases=1 respRemind=0 respEsc=0 closureRemind=0 closureEsc=0 surveyExpired=0
2026-09-07T00:28:37.094Z [INFO] [slaReminder] SLA_SCAN cases=1 respRemind=0 respEsc=0 closureRemind=0 closureEsc=0 surveyExpired=0
2026-09-07T00:29:37.099Z [INFO] [slaReminder] SLA_SCAN cases=1 respRemind=0 respEsc=0 closureRemind=0 closureEsc=0 surveyExpired=0
2026-09-07T00:30:37.105Z [INFO] [slaReminder] SLA_SCAN cases=1 respRemind=0 respEsc=0 closureRemind=0 closureEsc=0 surveyExpired=0
2026-09-07T00:31:37.110Z [INFO] [slaReminder] SLA_SCAN cases=1 respRemind=0 respEsc=0 closureRemind=0 closureEsc=0 surveyExpired=0
2026-09-07T00:32:37.121Z [INFO] [slaReminder] SLA_SCAN cases=1 respRemind=0 respEsc=0 closureRemind=0 closureEsc=0 surveyExpired=0
2026-09-07T00:33:37.132Z [INFO] [slaReminder] SLA_SCAN cases=1 respRemind=0 respEsc=0 closureRemind=0 closureEsc=0 surveyExpired=0
2026-09-07T00:34:37.141Z [INFO] [slaReminder] SLA_SCAN cases=1 respRemind=0 respEsc=0 closureRemind=0 closureEsc=0 surveyExpired=0
2026-09-07T00:35:37.143Z [INFO] [slaReminder] SLA_SCAN cases=1 respRemind=0 respEsc=0 closureRemind=0 closureEsc=0 surveyExpired=0
2026-09-07T00:36:37.159Z [INFO] [slaReminder] SLA_SCAN cases=1 respRemind=0 respEsc=0 closureRemind=0 closureEsc=0 surveyExpired=0
2026-09-07T00:37:37.165Z [INFO] [slaReminder] SLA_SCAN cases=1 respRemind=0 respEsc=0 closureRemind=0 closureEsc=0 surveyExpired=0
2026-09-07T00:38:37.180Z [INFO] [slaReminder] SLA_SCAN cases=1 respRemind=0 respEsc=0 closureRemind=0 closureEsc=0 surveyExpired=0
2026-09-07T00:39:37.181Z [INFO] [slaReminder] SLA_SCAN cases=1 respRemind=0 respEsc=0 closureRemind=0 closureEsc=0 surveyExpired=0
2026-09-07T00:40:37.182Z [INFO] [slaReminder] SLA_SCAN cases=1 respRemind=0 respEsc=0 closureRemind=0 closureEsc=0 surveyExpired=0
2026-09-07T00:41:37.184Z [INFO] [slaReminder] SLA_SCAN cases=1 respRemind=0 respEsc=0 closureRemind=0 closureEsc=0 surveyExpired=0
2026-09-07T00:42:37.199Z [INFO] [slaReminder] SLA_SCAN cases=1 respRemind=0 respEsc=0 closureRemind=0 closureEsc=0 surveyExpired=0
2026-09-07T00:43:37.209Z [INFO] [slaReminder] SLA_SCAN cases=1 respRemind=0 respEsc=0 closureRemind=0 closureEsc=0 surveyExpired=0
2026-09-07T00:44:37.222Z [INFO] [slaReminder] SLA_SCAN cases=1 respRemind=0 respEsc=0 closureRemind=0 closureEsc=0 surveyExpired=0
2026-09-07T00:45:37.223Z [INFO] [slaReminder] SLA_SCAN cases=1 respRemind=0 respEsc=0 closureRemind=0 closureEsc=0 surveyExpired=0
2026-09-07T00:46:37.229Z [INFO] [slaReminder] SLA_SCAN cases=1 respRemind=0 respEsc=0 closureRemind=0 closureEsc=0 surveyExpired=0
2026-09-07T00:47:37.233Z [INFO] [slaReminder] SLA_SCAN cases=1 respRemind=0 respEsc=0 closureRemind=0 closureEsc=0 surveyExpired=0
2026-09-07T00:48:37.238Z [INFO] [slaReminder] SLA_SCAN cases=1 respRemind=0 respEsc=0 closureRemind=0 closureEsc=0 surveyExpired=0
2026-09-07T00:49:37.253Z [INFO] [slaReminder] SLA_SCAN cases=1 respRemind=0 respEsc=0 closureRemind=0 closureEsc=0 surveyExpired=0
2026-09-07T00:50:37.267Z [INFO] [slaReminder] SLA_SCAN cases=1 respRemind=0 respEsc=0 closureRemind=0 closureEsc=0 surveyExpired=0
2026-09-07T00:51:37.282Z [INFO] [slaReminder] SLA_SCAN cases=1 respRemind=0 respEsc=0 closureRemind=0 closureEsc=0 surveyExpired=0
2026-09-07T00:52:37.292Z [INFO] [slaReminder] SLA_SCAN cases=1 respRemind=0 respEsc=0 closureRemind=0 closureEsc=0 surveyExpired=0
2026-09-07T00:53:37.294Z [INFO] [slaReminder] SLA_SCAN cases=1 respRemind=0 respEsc=0 closureRemind=0 closureEsc=0 surveyExpired=0
2026-09-07T00:54:37.310Z [INFO] [slaReminder] SLA_SCAN cases=1 respRemind=0 respEsc=0 closureRemind=0 closureEsc=0 surveyExpired=0
2026-09-07T00:55:37.316Z [INFO] [slaReminder] SLA_SCAN cases=1 respRemind=0 respEsc=0 closureRemind=0 closureEsc=0 surveyExpired=0
2026-09-07T00:56:37.329Z [INFO] [slaReminder] SLA_SCAN cases=1 respRemind=0 respEsc=0 closureRemind=0 closureEsc=0 surveyExpired=0
2026-09-07T00:57:37.338Z [INFO] [slaReminder] SLA_SCAN cases=1 respRemind=0 respEsc=0 closureRemind=0 closureEsc=0 surveyExpired=0
2026-09-07T00:58:37.345Z [INFO] [slaReminder] SLA_SCAN cases=1 respRemind=0 respEsc=0 closureRemind=0 closureEsc=0 surveyExpired=0
2026-09-07T00:59:37.355Z [INFO] [slaReminder] SLA_SCAN cases=1 respRemind=0 respEsc=0 closureRemind=0 closureEsc=0 surveyExpired=0
2026-09-07T01:00:37.368Z [INFO] [slaReminder] SLA_SCAN cases=1 respRemind=0 respEsc=0 closureRemind=0 closureEsc=0 surveyExpired=0
2026-09-07T01:01:37.370Z [INFO] [slaReminder] SLA_SCAN cases=1 respRemind=0 respEsc=0 closureRemind=0 closureEsc=0 surveyExpired=0
2026-09-07T01:02:37.378Z [INFO] [slaReminder] SLA_SCAN cases=1 respRemind=0 respEsc=0 closureRemind=0 closureEsc=0 surveyExpired=0
2026-09-07T01:03:37.387Z [INFO] [slaReminder] SLA_SCAN cases=1 respRemind=0 respEsc=0 closureRemind=0 closureEsc=0 surveyExpired=0
2026-09-07T01:04:37.396Z [INFO] [slaReminder] SLA_SCAN cases=1 respRemind=0 respEsc=0 closureRemind=0 closureEsc=0 surveyExpired=0
2026-09-07T01:05:37.403Z [INFO] [slaReminder] SLA_SCAN cases=1 respRemind=0 respEsc=0 closureRemind=0 closureEsc=0 surveyExpired=0
2026-09-07T01:06:37.406Z [INFO] [slaReminder] SLA_SCAN cases=1 respRemind=0 respEsc=0 closureRemind=0 closureEsc=0 surveyExpired=0
2026-09-07T01:07:37.419Z [INFO] [slaReminder] SLA_SCAN cases=1 respRemind=0 respEsc=0 closureRemind=0 closureEsc=0 surveyExpired=0
2026-09-07T01:08:37.429Z [INFO] [slaReminder] SLA_SCAN cases=1 respRemind=0 respEsc=0 closureRemind=0 closureEsc=0 surveyExpired=0
2026-09-07T01:09:37.437Z [INFO] [slaReminder] SLA_SCAN cases=1 respRemind=0 respEsc=0 closureRemind=0 closureEsc=0 surveyExpired=0
2026-09-07T01:10:37.451Z [INFO] [slaReminder] SLA_SCAN cases=1 respRemind=0 respEsc=0 closureRemind=0 closureEsc=0 surveyExpired=0
2026-09-07T01:11:37.452Z [INFO] [slaReminder] SLA_SCAN cases=1 respRemind=0 respEsc=0 closureRemind=0 closureEsc=0 surveyExpired=0
2026-09-07T01:12:37.458Z [INFO] [slaReminder] SLA_SCAN cases=1 respRemind=0 respEsc=0 closureRemind=0 closureEsc=0 surveyExpired=0
2026-09-07T01:13:37.517Z [INFO] [slaReminder] SLA_SCAN cases=1 respRemind=0 respEsc=0 closureRemind=0 closureEsc=0 surveyExpired=0
2026-09-07T01:14:37.472Z [INFO] [slaReminder] SLA_SCAN cases=1 respRemind=0 respEsc=0 closureRemind=0 closureEsc=0 surveyExpired=0
2026-09-07T01:15:37.475Z [INFO] [slaReminder] SLA_SCAN cases=1 respRemind=0 respEsc=0 closureRemind=0 closureEsc=0 surveyExpired=0
2026-09-07T01:16:37.486Z [INFO] [slaReminder] SLA_SCAN cases=1 respRemind=0 respEsc=0 closureRemind=0 closureEsc=0 surveyExpired=0
2026-09-07T01:17:37.500Z [INFO] [slaReminder] SLA_SCAN cases=1 respRemind=0 respEsc=0 closureRemind=0 closureEsc=0 surveyExpired=0
2026-09-07T01:18:37.511Z [INFO] [slaReminder] SLA_SCAN cases=1 respRemind=0 respEsc=0 closureRemind=0 closureEsc=0 surveyExpired=0
2026-09-07T01:19:37.538Z [INFO] [slaReminder] SLA_SCAN cases=1 respRemind=0 respEsc=0 closureRemind=0 closureEsc=0 surveyExpired=0
2026-09-07T01:20:37.553Z [INFO] [slaReminder] SLA_SCAN cases=1 respRemind=0 respEsc=0 closureRemind=0 closureEsc=0 surveyExpired=0
2026-09-07T01:21:37.561Z [INFO] [slaReminder] SLA_SCAN cases=1 respRemind=0 respEsc=0 closureRemind=0 closureEsc=0 surveyExpired=0
2026-09-07T01:22:37.575Z [INFO] [slaReminder] SLA_SCAN cases=1 respRemind=0 respEsc=0 closureRemind=0 closureEsc=0 surveyExpired=0
2026-09-07T01:23:37.581Z [INFO] [slaReminder] SLA_SCAN cases=1 respRemind=0 respEsc=0 closureRemind=0 closureEsc=0 surveyExpired=0
2026-09-07T01:24:37.586Z [INFO] [slaReminder] SLA_SCAN cases=1 respRemind=0 respEsc=0 closureRemind=0 closureEsc=0 surveyExpired=0
2026-09-07T01:25:37.607Z [INFO] [slaReminder] SLA_SCAN cases=1 respRemind=0 respEsc=0 closureRemind=0 closureEsc=0 surveyExpired=0
2026-09-07T01:26:37.608Z [INFO] [slaReminder] SLA_SCAN cases=1 respRemind=0 respEsc=0 closureRemind=0 closureEsc=0 surveyExpired=0
2026-09-07T01:27:37.613Z [INFO] [slaReminder] SLA_SCAN cases=1 respRemind=0 respEsc=0 closureRemind=0 closureEsc=0 surveyExpired=0
2026-09-07T01:28:37.614Z [INFO] [slaReminder] SLA_SCAN cases=1 respRemind=0 respEsc=0 closureRemind=0 closureEsc=0 surveyExpired=0
2026-09-07T01:29:37.647Z [INFO] [slaReminder] SLA_SCAN cases=1 respRemind=0 respEsc=0 closureRemind=0 closureEsc=0 surveyExpired=0
2026-09-07T01:30:37.658Z [INFO] [slaReminder] SLA_SCAN cases=1 respRemind=0 respEsc=0 closureRemind=0 closureEsc=0 surveyExpired=0
2026-09-07T01:31:37.685Z [INFO] [slaReminder] SLA_SCAN cases=1 respRemind=0 respEsc=0 closureRemind=0 closureEsc=0 surveyExpired=0
2026-09-07T01:32:37.746Z [INFO] [slaReminder] SLA_SCAN cases=1 respRemind=0 respEsc=0 closureRemind=0 closureEsc=0 surveyExpired=0
2026-09-07T01:33:37.782Z [INFO] [slaReminder] SLA_SCAN cases=1 respRemind=0 respEsc=0 closureRemind=0 closureEsc=0 surveyExpired=0
2026-09-07T01:34:37.799Z [INFO] [slaReminder] SLA_SCAN cases=1 respRemind=0 respEsc=0 closureRemind=0 closureEsc=0 surveyExpired=0
2026-09-07T01:35:37.817Z [INFO] [slaReminder] SLA_SCAN cases=1 respRemind=0 respEsc=0 closureRemind=0 closureEsc=0 surveyExpired=0
2026-09-07T01:36:37.822Z [INFO] [slaReminder] SLA_SCAN cases=1 respRemind=0 respEsc=0 closureRemind=0 closureEsc=0 surveyExpired=0
2026-09-07T01:37:38.250Z [INFO] [slaReminder] SLA_SCAN cases=1 respRemind=0 respEsc=0 closureRemind=0 closureEsc=0 surveyExpired=0
2026-09-07T01:38:38.304Z [INFO] [slaReminder] SLA_SCAN cases=1 respRemind=0 respEsc=0 closureRemind=0 closureEsc=0 surveyExpired=0
2026-09-07T01:39:38.335Z [INFO] [slaReminder] SLA_SCAN cases=1 respRemind=0 respEsc=0 closureRemind=0 closureEsc=0 surveyExpired=0
2026-09-07T01:40:38.365Z [INFO] [slaReminder] SLA_SCAN cases=1 respRemind=0 respEsc=0 closureRemind=0 closureEsc=0 surveyExpired=0
2026-09-07T01:41:38.389Z [INFO] [slaReminder] SLA_SCAN cases=1 respRemind=0 respEsc=0 closureRemind=0 closureEsc=0 surveyExpired=0
2026-09-07T01:42:38.457Z [INFO] [slaReminder] SLA_SCAN cases=1 respRemind=0 respEsc=0 closureRemind=0 closureEsc=0 surveyExpired=0
2026-09-07T01:43:38.478Z [INFO] [slaReminder] SLA_SCAN cases=1 respRemind=0 respEsc=0 closureRemind=0 closureEsc=0 surveyExpired=0
2026-09-07T01:44:38.501Z [INFO] [slaReminder] SLA_SCAN cases=1 respRemind=0 respEsc=0 closureRemind=0 closureEsc=0 surveyExpired=0
2026-09-07T01:45:38.551Z [INFO] [slaReminder] SLA_SCAN cases=1 respRemind=0 respEsc=0 closureRemind=0 closureEsc=0 surveyExpired=0
2026-09-07T01:46:38.572Z [INFO] [slaReminder] SLA_SCAN cases=1 respRemind=0 respEsc=0 closureRemind=0 closureEsc=0 surveyExpired=0
2026-09-07T01:47:38.651Z [INFO] [slaReminder] SLA_SCAN cases=1 respRemind=0 respEsc=0 closureRemind=0 closureEsc=0 surveyExpired=0
2026-09-07T01:48:38.628Z [INFO] [slaReminder] SLA_SCAN cases=1 respRemind=0 respEsc=0 closureRemind=0 closureEsc=0 surveyExpired=0
2026-09-07T01:49:38.635Z [INFO] [slaReminder] SLA_SCAN cases=1 respRemind=0 respEsc=0 closureRemind=0 closureEsc=0 surveyExpired=0
2026-09-07T01:50:38.647Z [INFO] [slaReminder] SLA_SCAN cases=1 respRemind=0 respEsc=0 closureRemind=0 closureEsc=0 surveyExpired=0
2026-09-07T01:51:38.680Z [INFO] [slaReminder] SLA_SCAN cases=1 respRemind=0 respEsc=0 closureRemind=0 closureEsc=0 surveyExpired=0
2026-09-07T01:52:38.694Z [INFO] [slaReminder] SLA_SCAN cases=1 respRemind=0 respEsc=0 closureRemind=0 closureEsc=0 surveyExpired=0
2026-09-07T01:53:38.739Z [INFO] [slaReminder] SLA_SCAN cases=1 respRemind=0 respEsc=0 closureRemind=0 closureEsc=0 surveyExpired=0
2026-09-07T01:54:38.749Z [INFO] [slaReminder] SLA_SCAN cases=1 respRemind=0 respEsc=0 closureRemind=0 closureEsc=0 surveyExpired=0
2026-09-07T01:55:38.970Z [INFO] [slaReminder] SLA_SCAN cases=1 respRemind=0 respEsc=0 closureRemind=0 closureEsc=0 surveyExpired=0
2026-09-07T01:56:38.981Z [INFO] [slaReminder] SLA_SCAN cases=1 respRemind=0 respEsc=0 closureRemind=0 closureEsc=0 surveyExpired=0
2026-09-07T01:57:38.988Z [INFO] [slaReminder] SLA_SCAN cases=1 respRemind=0 respEsc=0 closureRemind=0 closureEsc=0 surveyExpired=0
2026-09-07T01:58:39.001Z [INFO] [slaReminder] SLA_SCAN cases=1 respRemind=0 respEsc=0 closureRemind=0 closureEsc=0 surveyExpired=0
2026-09-07T01:59:39.007Z [INFO] [slaReminder] SLA_SCAN cases=1 respRemind=0 respEsc=0 closureRemind=0 closureEsc=0 surveyExpired=0
2026-09-07T02:00:39.010Z [INFO] [slaReminder] SLA_SCAN cases=1 respRemind=0 respEsc=0 closureRemind=0 closureEsc=0 surveyExpired=0
2026-09-07T02:01:39.017Z [INFO] [slaReminder] SLA_SCAN cases=1 respRemind=0 respEsc=0 closureRemind=0 closureEsc=0 surveyExpired=0
2026-09-07T02:02:39.048Z [INFO] [slaReminder] SLA_SCAN cases=1 respRemind=0 respEsc=0 closureRemind=0 closureEsc=0 surveyExpired=0
2026-09-07T02:03:39.071Z [INFO] [slaReminder] SLA_SCAN cases=1 respRemind=0 respEsc=0 closureRemind=0 closureEsc=0 surveyExpired=0
2026-09-07T02:04:39.080Z [INFO] [slaReminder] SLA_SCAN cases=1 respRemind=0 respEsc=0 closureRemind=0 closureEsc=0 surveyExpired=0
2026-09-07T02:05:39.084Z [INFO] [slaReminder] SLA_SCAN cases=1 respRemind=0 respEsc=0 closureRemind=0 closureEsc=0 surveyExpired=0
2026-09-07T02:06:39.107Z [INFO] [slaReminder] SLA_SCAN cases=1 respRemind=0 respEsc=0 closureRemind=0 closureEsc=0 surveyExpired=0
2026-09-07T02:07:39.119Z [INFO] [slaReminder] SLA_SCAN cases=1 respRemind=0 respEsc=0 closureRemind=0 closureEsc=0 surveyExpired=0
2026-09-07T02:08:39.128Z [INFO] [slaReminder] SLA_SCAN cases=1 respRemind=0 respEsc=0 closureRemind=0 closureEsc=0 surveyExpired=0
2026-09-07T02:09:39.138Z [INFO] [slaReminder] SLA_SCAN cases=1 respRemind=0 respEsc=0 closureRemind=0 closureEsc=0 surveyExpired=0
2026-09-07T02:10:39.145Z [INFO] [slaReminder] SLA_SCAN cases=1 respRemind=0 respEsc=0 closureRemind=0 closureEsc=0 surveyExpired=0
2026-09-07T02:11:39.163Z [INFO] [slaReminder] SLA_SCAN cases=1 respRemind=0 respEsc=0 closureRemind=0 closureEsc=0 surveyExpired=0
2026-09-07T02:12:39.162Z [INFO] [slaReminder] SLA_SCAN cases=1 respRemind=0 respEsc=0 closureRemind=0 closureEsc=0 surveyExpired=0
2026-09-07T02:13:39.166Z [INFO] [slaReminder] SLA_SCAN cases=1 respRemind=0 respEsc=0 closureRemind=0 closureEsc=0 surveyExpired=0
2026-09-07T02:14:39.623Z [INFO] [slaReminder] SLA_SCAN cases=1 respRemind=0 respEsc=0 closureRemind=0 closureEsc=0 surveyExpired=0
2026-09-07T02:15:39.175Z [INFO] [slaReminder] SLA_SCAN cases=1 respRemind=0 respEsc=0 closureRemind=0 closureEsc=0 surveyExpired=0
2026-09-07T02:16:39.216Z [INFO] [slaReminder] SLA_SCAN cases=1 respRemind=0 respEsc=0 closureRemind=0 closureEsc=0 surveyExpired=0
2026-09-07T02:17:39.225Z [INFO] [slaReminder] SLA_SCAN cases=1 respRemind=0 respEsc=0 closureRemind=0 closureEsc=0 surveyExpired=0
2026-09-07T02:18:39.240Z [INFO] [slaReminder] SLA_SCAN cases=1 respRemind=0 respEsc=0 closureRemind=0 closureEsc=0 surveyExpired=0
2026-09-07T02:19:39.258Z [INFO] [slaReminder] SLA_SCAN cases=1 respRemind=0 respEsc=0 closureRemind=0 closureEsc=0 surveyExpired=0
2026-09-07T02:20:39.556Z [INFO] [slaReminder] SLA_SCAN cases=1 respRemind=0 respEsc=0 closureRemind=0 closureEsc=0 surveyExpired=0
2026-09-07T02:21:39.551Z [INFO] [slaReminder] SLA_SCAN cases=1 respRemind=0 respEsc=0 closureRemind=0 closureEsc=0 surveyExpired=0
2026-09-07T02:22:39.565Z [INFO] [slaReminder] SLA_SCAN cases=1 respRemind=0 respEsc=0 closureRemind=0 closureEsc=0 surveyExpired=0
2026-09-07T02:23:39.907Z [INFO] [slaReminder] SLA_SCAN cases=1 respRemind=0 respEsc=0 closureRemind=0 closureEsc=0 surveyExpired=0
2026-09-07T02:24:39.755Z [INFO] [slaReminder] SLA_SCAN cases=1 respRemind=0 respEsc=0 closureRemind=0 closureEsc=0 surveyExpired=0
2026-09-07T02:25:39.783Z [INFO] [slaReminder] SLA_SCAN cases=1 respRemind=0 respEsc=0 closureRemind=0 closureEsc=0 surveyExpired=0
2026-09-07T02:26:39.812Z [INFO] [slaReminder] SLA_SCAN cases=1 respRemind=0 respEsc=0 closureRemind=0 closureEsc=0 surveyExpired=0
2026-09-07T02:27:39.817Z [INFO] [slaReminder] SLA_SCAN cases=1 respRemind=0 respEsc=0 closureRemind=0 closureEsc=0 surveyExpired=0
2026-09-07T02:28:39.845Z [INFO] [slaReminder] SLA_SCAN cases=1 respRemind=0 respEsc=0 closureRemind=0 closureEsc=0 surveyExpired=0
2026-09-07T02:29:39.858Z [INFO] [slaReminder] SLA_SCAN cases=1 respRemind=0 respEsc=0 closureRemind=0 closureEsc=0 surveyExpired=0
2026-09-07T02:30:39.894Z [INFO] [slaReminder] SLA_SCAN cases=1 respRemind=0 respEsc=0 closureRemind=0 closureEsc=0 surveyExpired=0
2026-09-07T02:31:39.905Z [INFO] [slaReminder] SLA_SCAN cases=1 respRemind=0 respEsc=0 closureRemind=0 closureEsc=0 surveyExpired=0
2026-09-07T02:32:39.919Z [INFO] [slaReminder] SLA_SCAN cases=1 respRemind=0 respEsc=0 closureRemind=0 closureEsc=0 surveyExpired=0
2026-09-07T02:33:39.983Z [INFO] [slaReminder] SLA_SCAN cases=0 respRemind=0 respEsc=0 closureRemind=0 closureEsc=0 surveyExpired=0
2026-09-07T02:34:40.003Z [INFO] [slaReminder] SLA_SCAN cases=0 respRemind=0 respEsc=0 closureRemind=0 closureEsc=0 surveyExpired=0
2026-09-07T02:35:40.005Z [INFO] [slaReminder] SLA_SCAN cases=0 respRemind=0 respEsc=0 closureRemind=0 closureEsc=0 surveyExpired=0
2026-09-07T02:36:40.108Z [INFO] [slaReminder] SLA_SCAN cases=0 respRemind=0 respEsc=0 closureRemind=0 closureEsc=0 surveyExpired=0
2026-09-07T02:37:40.147Z [INFO] [slaReminder] SLA_SCAN cases=0 respRemind=0 respEsc=0 closureRemind=0 closureEsc=0 surveyExpired=0
2026-09-07T02:38:40.163Z [INFO] [slaReminder] SLA_SCAN cases=0 respRemind=0 respEsc=0 closureRemind=0 closureEsc=0 surveyExpired=0
2026-09-07T02:39:40.173Z [INFO] [slaReminder] SLA_SCAN cases=0 respRemind=0 respEsc=0 closureRemind=0 closureEsc=0 surveyExpired=0
2026-09-07T02:40:40.189Z [INFO] [slaReminder] SLA_SCAN cases=0 respRemind=0 respEsc=0 closureRemind=0 closureEsc=0 surveyExpired=0
2026-09-07T02:41:40.198Z [INFO] [slaReminder] SLA_SCAN cases=0 respRemind=0 respEsc=0 closureRemind=0 closureEsc=0 surveyExpired=0
2026-09-07T02:42:40.211Z [INFO] [slaReminder] SLA_SCAN cases=0 respRemind=0 respEsc=0 closureRemind=0 closureEsc=0 surveyExpired=0
2026-09-07T02:43:40.227Z [INFO] [slaReminder] SLA_SCAN cases=0 respRemind=0 respEsc=0 closureRemind=0 closureEsc=0 surveyExpired=0
2026-09-07T02:44:40.249Z [INFO] [slaReminder] SLA_SCAN cases=0 respRemind=0 respEsc=0 closureRemind=0 closureEsc=0 surveyExpired=0
2026-09-07T02:45:40.269Z [INFO] [slaReminder] SLA_SCAN cases=0 respRemind=0 respEsc=0 closureRemind=0 closureEsc=0 surveyExpired=0
2026-09-07T02:46:40.291Z [INFO] [slaReminder] SLA_SCAN cases=0 respRemind=0 respEsc=0 closureRemind=0 closureEsc=0 surveyExpired=0
2026-09-07T02:47:40.297Z [INFO] [slaReminder] SLA_SCAN cases=0 respRemind=0 respEsc=0 closureRemind=0 closureEsc=0 surveyExpired=0
2026-09-07T02:48:40.326Z [INFO] [slaReminder] SLA_SCAN cases=0 respRemind=0 respEsc=0 closureRemind=0 closureEsc=0 surveyExpired=0
2026-09-07T02:49:40.348Z [INFO] [slaReminder] SLA_SCAN cases=0 respRemind=0 respEsc=0 closureRemind=0 closureEsc=0 surveyExpired=0
2026-09-07T02:50:40.382Z [INFO] [slaReminder] SLA_SCAN cases=0 respRemind=0 respEsc=0 closureRemind=0 closureEsc=0 surveyExpired=0
2026-09-07T02:51:40.425Z [INFO] [slaReminder] SLA_SCAN cases=0 respRemind=0 respEsc=0 closureRemind=0 closureEsc=0 surveyExpired=0
2026-09-07T02:52:40.439Z [INFO] [slaReminder] SLA_SCAN cases=0 respRemind=0 respEsc=0 closureRemind=0 closureEsc=0 surveyExpired=0
2026-09-07T02:53:40.459Z [INFO] [slaReminder] SLA_SCAN cases=0 respRemind=0 respEsc=0 closureRemind=0 closureEsc=0 surveyExpired=0
2026-09-07T02:54:40.476Z [INFO] [slaReminder] SLA_SCAN cases=0 respRemind=0 respEsc=0 closureRemind=0 closureEsc=0 surveyExpired=0
2026-09-07T02:55:40.485Z [INFO] [slaReminder] SLA_SCAN cases=0 respRemind=0 respEsc=0 closureRemind=0 closureEsc=0 surveyExpired=0
2026-09-07T02:56:40.490Z [INFO] [slaReminder] SLA_SCAN cases=0 respRemind=0 respEsc=0 closureRemind=0 closureEsc=0 surveyExpired=0
2026-09-07T02:57:40.504Z [INFO] [slaReminder] SLA_SCAN cases=0 respRemind=0 respEsc=0 closureRemind=0 closureEsc=0 surveyExpired=0
2026-09-07T02:58:40.518Z [INFO] [slaReminder] SLA_SCAN cases=0 respRemind=0 respEsc=0 closureRemind=0 closureEsc=0 surveyExpired=0
2026-09-07T02:59:40.526Z [INFO] [slaReminder] SLA_SCAN cases=0 respRemind=0 respEsc=0 closureRemind=0 closureEsc=0 surveyExpired=0
2026-09-07T03:00:40.537Z [INFO] [slaReminder] SLA_SCAN cases=0 respRemind=0 respEsc=0 closureRemind=0 closureEsc=0 surveyExpired=0
2026-09-07T03:01:40.548Z [INFO] [slaReminder] SLA_SCAN cases=0 respRemind=0 respEsc=0 closureRemind=0 closureEsc=0 surveyExpired=0
2026-09-07T03:02:40.557Z [INFO] [slaReminder] SLA_SCAN cases=0 respRemind=0 respEsc=0 closureRemind=0 closureEsc=0 surveyExpired=0
2026-09-07T03:03:40.590Z [INFO] [slaReminder] SLA_SCAN cases=0 respRemind=0 respEsc=0 closureRemind=0 closureEsc=0 surveyExpired=0
2026-09-07T03:04:40.599Z [INFO] [slaReminder] SLA_SCAN cases=0 respRemind=0 respEsc=0 closureRemind=0 closureEsc=0 surveyExpired=0
2026-09-07T03:05:40.632Z [INFO] [slaReminder] SLA_SCAN cases=0 respRemind=0 respEsc=0 closureRemind=0 closureEsc=0 surveyExpired=0
2026-09-07T03:06:40.654Z [INFO] [slaReminder] SLA_SCAN cases=0 respRemind=0 respEsc=0 closureRemind=0 closureEsc=0 surveyExpired=0
2026-09-07T03:07:40.668Z [INFO] [slaReminder] SLA_SCAN cases=0 respRemind=0 respEsc=0 closureRemind=0 closureEsc=0 surveyExpired=0
2026-09-07T03:08:40.952Z [INFO] [slaReminder] SLA_SCAN cases=0 respRemind=0 respEsc=0 closureRemind=0 closureEsc=0 surveyExpired=0
2026-09-07T03:09:40.745Z [INFO] [slaReminder] SLA_SCAN cases=0 respRemind=0 respEsc=0 closureRemind=0 closureEsc=0 surveyExpired=0
2026-09-07T03:10:40.780Z [INFO] [slaReminder] SLA_SCAN cases=0 respRemind=0 respEsc=0 closureRemind=0 closureEsc=0 surveyExpired=0
2026-09-07T03:11:40.815Z [INFO] [slaReminder] SLA_SCAN cases=0 respRemind=0 respEsc=0 closureRemind=0 closureEsc=0 surveyExpired=0
2026-09-07T03:12:40.958Z [INFO] [slaReminder] SLA_SCAN cases=0 respRemind=0 respEsc=0 closureRemind=0 closureEsc=0 surveyExpired=0
2026-09-07T03:13:41.321Z [INFO] [slaReminder] SLA_SCAN cases=0 respRemind=0 respEsc=0 closureRemind=0 closureEsc=0 surveyExpired=0
2026-09-07T03:14:41.115Z [INFO] [slaReminder] SLA_SCAN cases=0 respRemind=0 respEsc=0 closureRemind=0 closureEsc=0 surveyExpired=0
2026-09-07T03:15:41.125Z [INFO] [slaReminder] SLA_SCAN cases=0 respRemind=0 respEsc=0 closureRemind=0 closureEsc=0 surveyExpired=0
2026-09-07T03:16:41.137Z [INFO] [slaReminder] SLA_SCAN cases=0 respRemind=0 respEsc=0 closureRemind=0 closureEsc=0 surveyExpired=0
2026-09-07T03:17:41.374Z [INFO] [slaReminder] SLA_SCAN cases=0 respRemind=0 respEsc=0 closureRemind=0 closureEsc=0 surveyExpired=0
2026-09-07T03:18:41.159Z [INFO] [slaReminder] SLA_SCAN cases=0 respRemind=0 respEsc=0 closureRemind=0 closureEsc=0 surveyExpired=0
2026-09-07T03:19:41.219Z [INFO] [slaReminder] SLA_SCAN cases=0 respRemind=0 respEsc=0 closureRemind=0 closureEsc=0 surveyExpired=0
2026-09-07T03:20:41.220Z [INFO] [slaReminder] SLA_SCAN cases=0 respRemind=0 respEsc=0 closureRemind=0 closureEsc=0 surveyExpired=0
2026-09-07T03:21:41.234Z [INFO] [slaReminder] SLA_SCAN cases=0 respRemind=0 respEsc=0 closureRemind=0 closureEsc=0 surveyExpired=0
2026-09-07T03:22:41.247Z [INFO] [slaReminder] SLA_SCAN cases=0 respRemind=0 respEsc=0 closureRemind=0 closureEsc=0 surveyExpired=0
2026-09-07T03:23:41.360Z [INFO] [slaReminder] SLA_SCAN cases=0 respRemind=0 respEsc=0 closureRemind=0 closureEsc=0 surveyExpired=0
2026-09-07T03:24:41.368Z [INFO] [slaReminder] SLA_SCAN cases=0 respRemind=0 respEsc=0 closureRemind=0 closureEsc=0 surveyExpired=0
2026-09-07T03:25:41.380Z [INFO] [slaReminder] SLA_SCAN cases=0 respRemind=0 respEsc=0 closureRemind=0 closureEsc=0 surveyExpired=0
2026-09-07T03:26:41.391Z [INFO] [slaReminder] SLA_SCAN cases=0 respRemind=0 respEsc=0 closureRemind=0 closureEsc=0 surveyExpired=0
2026-09-07T03:27:41.396Z [INFO] [slaReminder] SLA_SCAN cases=0 respRemind=0 respEsc=0 closureRemind=0 closureEsc=0 surveyExpired=0
2026-09-07T03:28:41.408Z [INFO] [slaReminder] SLA_SCAN cases=0 respRemind=0 respEsc=0 closureRemind=0 closureEsc=0 surveyExpired=0
2026-09-07T03:29:41.408Z [INFO] [slaReminder] SLA_SCAN cases=0 respRemind=0 respEsc=0 closureRemind=0 closureEsc=0 surveyExpired=0
2026-09-07T03:30:41.408Z [INFO] [slaReminder] SLA_SCAN cases=0 respRemind=0 respEsc=0 closureRemind=0 closureEsc=0 surveyExpired=0
2026-09-07T03:31:41.418Z [INFO] [slaReminder] SLA_SCAN cases=0 respRemind=0 respEsc=0 closureRemind=0 closureEsc=0 surveyExpired=0
2026-09-07T03:32:41.429Z [INFO] [slaReminder] SLA_SCAN cases=0 respRemind=0 respEsc=0 closureRemind=0 closureEsc=0 surveyExpired=0
2026-09-07T03:33:41.458Z [INFO] [slaReminder] SLA_SCAN cases=0 respRemind=0 respEsc=0 closureRemind=0 closureEsc=0 surveyExpired=0
2026-09-07T03:34:41.477Z [INFO] [slaReminder] SLA_SCAN cases=0 respRemind=0 respEsc=0 closureRemind=0 closureEsc=0 surveyExpired=0
2026-09-07T03:35:41.484Z [INFO] [slaReminder] SLA_SCAN cases=0 respRemind=0 respEsc=0 closureRemind=0 closureEsc=0 surveyExpired=0
2026-09-07T03:36:41.517Z [INFO] [slaReminder] SLA_SCAN cases=0 respRemind=0 respEsc=0 closureRemind=0 closureEsc=0 surveyExpired=0
2026-09-07T03:37:41.535Z [INFO] [slaReminder] SLA_SCAN cases=0 respRemind=0 respEsc=0 closureRemind=0 closureEsc=0 surveyExpired=0
2026-09-07T03:38:41.539Z [INFO] [slaReminder] SLA_SCAN cases=0 respRemind=0 respEsc=0 closureRemind=0 closureEsc=0 surveyExpired=0
2026-09-07T03:39:41.553Z [INFO] [slaReminder] SLA_SCAN cases=0 respRemind=0 respEsc=0 closureRemind=0 closureEsc=0 surveyExpired=0
2026-09-07T03:40:41.560Z [INFO] [slaReminder] SLA_SCAN cases=0 respRemind=0 respEsc=0 closureRemind=0 closureEsc=0 surveyExpired=0
2026-09-07T03:41:41.564Z [INFO] [slaReminder] SLA_SCAN cases=0 respRemind=0 respEsc=0 closureRemind=0 closureEsc=0 surveyExpired=0
2026-09-07T03:42:41.575Z [INFO] [slaReminder] SLA_SCAN cases=0 respRemind=0 respEsc=0 closureRemind=0 closureEsc=0 surveyExpired=0
2026-09-07T03:43:41.584Z [INFO] [slaReminder] SLA_SCAN cases=0 respRemind=0 respEsc=0 closureRemind=0 closureEsc=0 surveyExpired=0
2026-09-07T03:44:41.602Z [INFO] [slaReminder] SLA_SCAN cases=0 respRemind=0 respEsc=0 closureRemind=0 closureEsc=0 surveyExpired=0
2026-09-07T03:45:41.600Z [INFO] [slaReminder] SLA_SCAN cases=0 respRemind=0 respEsc=0 closureRemind=0 closureEsc=0 surveyExpired=0
2026-09-07T03:46:41.606Z [INFO] [slaReminder] SLA_SCAN cases=0 respRemind=0 respEsc=0 closureRemind=0 closureEsc=0 surveyExpired=0
2026-09-07T03:47:41.755Z [INFO] [slaReminder] SLA_SCAN cases=0 respRemind=0 respEsc=0 closureRemind=0 closureEsc=0 surveyExpired=0
2026-09-07T03:48:41.667Z [INFO] [slaReminder] SLA_SCAN cases=0 respRemind=0 respEsc=0 closureRemind=0 closureEsc=0 surveyExpired=0
2026-09-07T03:49:41.679Z [INFO] [slaReminder] SLA_SCAN cases=0 respRemind=0 respEsc=0 closureRemind=0 closureEsc=0 surveyExpired=0
2026-09-07T03:50:41.685Z [INFO] [slaReminder] SLA_SCAN cases=0 respRemind=0 respEsc=0 closureRemind=0 closureEsc=0 surveyExpired=0
2026-09-07T03:51:41.681Z [INFO] [slaReminder] SLA_SCAN cases=0 respRemind=0 respEsc=0 closureRemind=0 closureEsc=0 surveyExpired=0
2026-09-07T03:52:41.686Z [INFO] [slaReminder] SLA_SCAN cases=0 respRemind=0 respEsc=0 closureRemind=0 closureEsc=0 surveyExpired=0
2026-09-07T03:53:41.692Z [INFO] [slaReminder] SLA_SCAN cases=0 respRemind=0 respEsc=0 closureRemind=0 closureEsc=0 surveyExpired=0
2026-09-07T03:54:41.701Z [INFO] [slaReminder] SLA_SCAN cases=0 respRemind=0 respEsc=0 closureRemind=0 closureEsc=0 surveyExpired=0
2026-09-07T03:55:41.702Z [INFO] [slaReminder] SLA_SCAN cases=0 respRemind=0 respEsc=0 closureRemind=0 closureEsc=0 surveyExpired=0
2026-09-07T03:56:41.721Z [INFO] [slaReminder] SLA_SCAN cases=0 respRemind=0 respEsc=0 closureRemind=0 closureEsc=0 surveyExpired=0
2026-09-07T03:57:41.728Z [INFO] [slaReminder] SLA_SCAN cases=0 respRemind=0 respEsc=0 closureRemind=0 closureEsc=0 surveyExpired=0
2026-09-07T03:58:41.736Z [INFO] [slaReminder] SLA_SCAN cases=0 respRemind=0 respEsc=0 closureRemind=0 closureEsc=0 surveyExpired=0
2026-09-07T03:59:41.739Z [INFO] [slaReminder] SLA_SCAN cases=0 respRemind=0 respEsc=0 closureRemind=0 closureEsc=0 surveyExpired=0
2026-09-07T04:00:41.743Z [INFO] [slaReminder] SLA_SCAN cases=0 respRemind=0 respEsc=0 closureRemind=0 closureEsc=0 surveyExpired=0
2026-09-07T04:01:41.758Z [INFO] [slaReminder] SLA_SCAN cases=0 respRemind=0 respEsc=0 closureRemind=0 closureEsc=0 surveyExpired=0
2026-09-07T04:02:41.767Z [INFO] [slaReminder] SLA_SCAN cases=0 respRemind=0 respEsc=0 closureRemind=0 closureEsc=0 surveyExpired=0
2026-09-07T04:03:41.773Z [INFO] [slaReminder] SLA_SCAN cases=0 respRemind=0 respEsc=0 closureRemind=0 closureEsc=0 surveyExpired=0
2026-09-07T04:04:41.780Z [INFO] [slaReminder] SLA_SCAN cases=0 respRemind=0 respEsc=0 closureRemind=0 closureEsc=0 surveyExpired=0
2026-09-07T04:05:41.789Z [INFO] [slaReminder] SLA_SCAN cases=0 respRemind=0 respEsc=0 closureRemind=0 closureEsc=0 surveyExpired=0
2026-09-07T04:06:41.794Z [INFO] [slaReminder] SLA_SCAN cases=0 respRemind=0 respEsc=0 closureRemind=0 closureEsc=0 surveyExpired=0
2026-09-07T04:07:41.800Z [INFO] [slaReminder] SLA_SCAN cases=0 respRemind=0 respEsc=0 closureRemind=0 closureEsc=0 surveyExpired=0
2026-09-07T04:08:41.809Z [INFO] [slaReminder] SLA_SCAN cases=0 respRemind=0 respEsc=0 closureRemind=0 closureEsc=0 surveyExpired=0
2026-09-07T04:09:41.817Z [INFO] [slaReminder] SLA_SCAN cases=0 respRemind=0 respEsc=0 closureRemind=0 closureEsc=0 surveyExpired=0
2026-09-07T04:10:41.830Z [INFO] [slaReminder] SLA_SCAN cases=0 respRemind=0 respEsc=0 closureRemind=0 closureEsc=0 surveyExpired=0
2026-09-07T04:11:41.834Z [INFO] [slaReminder] SLA_SCAN cases=0 respRemind=0 respEsc=0 closureRemind=0 closureEsc=0 surveyExpired=0
2026-09-07T04:12:41.840Z [INFO] [slaReminder] SLA_SCAN cases=0 respRemind=0 respEsc=0 closureRemind=0 closureEsc=0 surveyExpired=0
2026-09-07T04:13:41.854Z [INFO] [slaReminder] SLA_SCAN cases=0 respRemind=0 respEsc=0 closureRemind=0 closureEsc=0 surveyExpired=0
2026-09-07T04:14:41.860Z [INFO] [slaReminder] SLA_SCAN cases=0 respRemind=0 respEsc=0 closureRemind=0 closureEsc=0 surveyExpired=0
2026-09-07T04:15:41.873Z [INFO] [slaReminder] SLA_SCAN cases=0 respRemind=0 respEsc=0 closureRemind=0 closureEsc=0 surveyExpired=0
2026-09-07T04:16:41.876Z [INFO] [slaReminder] SLA_SCAN cases=0 respRemind=0 respEsc=0 closureRemind=0 closureEsc=0 surveyExpired=0
2026-09-07T04:17:41.876Z [INFO] [slaReminder] SLA_SCAN cases=0 respRemind=0 respEsc=0 closureRemind=0 closureEsc=0 surveyExpired=0
2026-09-07T04:18:41.885Z [INFO] [slaReminder] SLA_SCAN cases=0 respRemind=0 respEsc=0 closureRemind=0 closureEsc=0 surveyExpired=0
2026-09-07T04:19:41.890Z [INFO] [slaReminder] SLA_SCAN cases=0 respRemind=0 respEsc=0 closureRemind=0 closureEsc=0 surveyExpired=0
2026-09-07T04:20:41.891Z [INFO] [slaReminder] SLA_SCAN cases=0 respRemind=0 respEsc=0 closureRemind=0 closureEsc=0 surveyExpired=0
2026-09-07T04:21:41.904Z [INFO] [slaReminder] SLA_SCAN cases=0 respRemind=0 respEsc=0 closureRemind=0 closureEsc=0 surveyExpired=0
2026-09-07T04:22:41.918Z [INFO] [slaReminder] SLA_SCAN cases=0 respRemind=0 respEsc=0 closureRemind=0 closureEsc=0 surveyExpired=0
2026-09-07T04:23:41.919Z [INFO] [slaReminder] SLA_SCAN cases=0 respRemind=0 respEsc=0 closureRemind=0 closureEsc=0 surveyExpired=0
2026-09-07T04:24:41.925Z [INFO] [slaReminder] SLA_SCAN cases=0 respRemind=0 respEsc=0 closureRemind=0 closureEsc=0 surveyExpired=0
2026-09-07T04:25:41.939Z [INFO] [slaReminder] SLA_SCAN cases=0 respRemind=0 respEsc=0 closureRemind=0 closureEsc=0 surveyExpired=0
2026-09-07T04:26:41.942Z [INFO] [slaReminder] SLA_SCAN cases=0 respRemind=0 respEsc=0 closureRemind=0 closureEsc=0 surveyExpired=0
2026-09-07T04:27:41.948Z [INFO] [slaReminder] SLA_SCAN cases=0 respRemind=0 respEsc=0 closureRemind=0 closureEsc=0 surveyExpired=0
2026-09-07T04:28:41.956Z [INFO] [slaReminder] SLA_SCAN cases=0 respRemind=0 respEsc=0 closureRemind=0 closureEsc=0 surveyExpired=0
2026-09-07T04:29:41.965Z [INFO] [slaReminder] SLA_SCAN cases=0 respRemind=0 respEsc=0 closureRemind=0 closureEsc=0 surveyExpired=0
2026-09-07T04:30:41.970Z [INFO] [slaReminder] SLA_SCAN cases=0 respRemind=0 respEsc=0 closureRemind=0 closureEsc=0 surveyExpired=0
2026-09-07T04:31:41.983Z [INFO] [slaReminder] SLA_SCAN cases=0 respRemind=0 respEsc=0 closureRemind=0 closureEsc=0 surveyExpired=0
2026-09-07T04:32:41.992Z [INFO] [slaReminder] SLA_SCAN cases=0 respRemind=0 respEsc=0 closureRemind=0 closureEsc=0 surveyExpired=0
2026-09-07T04:33:42.024Z [INFO] [slaReminder] SLA_SCAN cases=0 respRemind=0 respEsc=0 closureRemind=0 closureEsc=0 surveyExpired=0
2026-09-07T04:34:42.083Z [INFO] [slaReminder] SLA_SCAN cases=0 respRemind=0 respEsc=0 closureRemind=0 closureEsc=0 surveyExpired=0
2026-09-07T04:35:42.087Z [INFO] [slaReminder] SLA_SCAN cases=0 respRemind=0 respEsc=0 closureRemind=0 closureEsc=0 surveyExpired=0
2026-09-07T04:36:42.088Z [INFO] [slaReminder] SLA_SCAN cases=0 respRemind=0 respEsc=0 closureRemind=0 closureEsc=0 surveyExpired=0
2026-09-07T04:37:42.102Z [INFO] [slaReminder] SLA_SCAN cases=0 respRemind=0 respEsc=0 closureRemind=0 closureEsc=0 surveyExpired=0
2026-09-07T04:38:42.104Z [INFO] [slaReminder] SLA_SCAN cases=0 respRemind=0 respEsc=0 closureRemind=0 closureEsc=0 surveyExpired=0
2026-09-07T04:39:42.122Z [INFO] [slaReminder] SLA_SCAN cases=0 respRemind=0 respEsc=0 closureRemind=0 closureEsc=0 surveyExpired=0
2026-09-07T04:40:42.130Z [INFO] [slaReminder] SLA_SCAN cases=0 respRemind=0 respEsc=0 closureRemind=0 closureEsc=0 surveyExpired=0
2026-09-07T04:41:42.140Z [INFO] [slaReminder] SLA_SCAN cases=0 respRemind=0 respEsc=0 closureRemind=0 closureEsc=0 surveyExpired=0
2026-09-07T04:42:42.139Z [INFO] [slaReminder] SLA_SCAN cases=0 respRemind=0 respEsc=0 closureRemind=0 closureEsc=0 surveyExpired=0
2026-09-07T04:43:42.145Z [INFO] [slaReminder] SLA_SCAN cases=0 respRemind=0 respEsc=0 closureRemind=0 closureEsc=0 surveyExpired=0
2026-09-07T04:44:42.149Z [INFO] [slaReminder] SLA_SCAN cases=0 respRemind=0 respEsc=0 closureRemind=0 closureEsc=0 surveyExpired=0
2026-09-07T04:45:42.164Z [INFO] [slaReminder] SLA_SCAN cases=0 respRemind=0 respEsc=0 closureRemind=0 closureEsc=0 surveyExpired=0
2026-09-07T04:46:42.166Z [INFO] [slaReminder] SLA_SCAN cases=0 respRemind=0 respEsc=0 closureRemind=0 closureEsc=0 surveyExpired=0
2026-09-07T04:47:42.177Z [INFO] [slaReminder] SLA_SCAN cases=0 respRemind=0 respEsc=0 closureRemind=0 closureEsc=0 surveyExpired=0
2026-09-07T04:48:42.265Z [INFO] [slaReminder] SLA_SCAN cases=0 respRemind=0 respEsc=0 closureRemind=0 closureEsc=0 surveyExpired=0
2026-09-07T04:49:42.204Z [INFO] [slaReminder] SLA_SCAN cases=0 respRemind=0 respEsc=0 closureRemind=0 closureEsc=0 surveyExpired=0
2026-09-07T04:50:42.211Z [INFO] [slaReminder] SLA_SCAN cases=0 respRemind=0 respEsc=0 closureRemind=0 closureEsc=0 surveyExpired=0
2026-09-07T04:51:42.224Z [INFO] [slaReminder] SLA_SCAN cases=0 respRemind=0 respEsc=0 closureRemind=0 closureEsc=0 surveyExpired=0
2026-09-07T04:52:42.227Z [INFO] [slaReminder] SLA_SCAN cases=0 respRemind=0 respEsc=0 closureRemind=0 closureEsc=0 surveyExpired=0
2026-09-07T04:53:42.233Z [INFO] [slaReminder] SLA_SCAN cases=0 respRemind=0 respEsc=0 closureRemind=0 closureEsc=0 surveyExpired=0
2026-09-07T04:54:42.238Z [INFO] [slaReminder] SLA_SCAN cases=0 respRemind=0 respEsc=0 closureRemind=0 closureEsc=0 surveyExpired=0
2026-09-07T04:55:42.250Z [INFO] [slaReminder] SLA_SCAN cases=0 respRemind=0 respEsc=0 closureRemind=0 closureEsc=0 surveyExpired=0
2026-09-07T04:56:42.260Z [INFO] [slaReminder] SLA_SCAN cases=0 respRemind=0 respEsc=0 closureRemind=0 closureEsc=0 surveyExpired=0
2026-09-07T04:57:42.262Z [INFO] [slaReminder] SLA_SCAN cases=0 respRemind=0 respEsc=0 closureRemind=0 closureEsc=0 surveyExpired=0
2026-09-07T04:58:42.277Z [INFO] [slaReminder] SLA_SCAN cases=0 respRemind=0 respEsc=0 closureRemind=0 closureEsc=0 surveyExpired=0
2026-09-07T04:59:42.291Z [INFO] [slaReminder] SLA_SCAN cases=0 respRemind=0 respEsc=0 closureRemind=0 closureEsc=0 surveyExpired=0
2026-09-07T05:00:42.298Z [INFO] [slaReminder] SLA_SCAN cases=0 respRemind=0 respEsc=0 closureRemind=0 closureEsc=0 surveyExpired=0
2026-09-07T05:01:42.305Z [INFO] [slaReminder] SLA_SCAN cases=0 respRemind=0 respEsc=0 closureRemind=0 closureEsc=0 surveyExpired=0
2026-09-07T05:02:42.307Z [INFO] [slaReminder] SLA_SCAN cases=0 respRemind=0 respEsc=0 closureRemind=0 closureEsc=0 surveyExpired=0
2026-09-07T05:03:42.311Z [INFO] [slaReminder] SLA_SCAN cases=0 respRemind=0 respEsc=0 closureRemind=0 closureEsc=0 surveyExpired=0
2026-09-07T05:04:42.320Z [INFO] [slaReminder] SLA_SCAN cases=0 respRemind=0 respEsc=0 closureRemind=0 closureEsc=0 surveyExpired=0
2026-09-07T05:05:42.334Z [INFO] [slaReminder] SLA_SCAN cases=0 respRemind=0 respEsc=0 closureRemind=0 closureEsc=0 surveyExpired=0
2026-09-07T05:06:42.342Z [INFO] [slaReminder] SLA_SCAN cases=0 respRemind=0 respEsc=0 closureRemind=0 closureEsc=0 surveyExpired=0
2026-09-07T05:07:42.350Z [INFO] [slaReminder] SLA_SCAN cases=0 respRemind=0 respEsc=0 closureRemind=0 closureEsc=0 surveyExpired=0
2026-09-07T05:08:42.363Z [INFO] [slaReminder] SLA_SCAN cases=0 respRemind=0 respEsc=0 closureRemind=0 closureEsc=0 surveyExpired=0
2026-09-07T05:09:42.375Z [INFO] [slaReminder] SLA_SCAN cases=0 respRemind=0 respEsc=0 closureRemind=0 closureEsc=0 surveyExpired=0
2026-09-07T05:10:42.389Z [INFO] [slaReminder] SLA_SCAN cases=0 respRemind=0 respEsc=0 closureRemind=0 closureEsc=0 surveyExpired=0
2026-09-07T05:11:42.405Z [INFO] [slaReminder] SLA_SCAN cases=0 respRemind=0 respEsc=0 closureRemind=0 closureEsc=0 surveyExpired=0
2026-09-07T05:12:42.412Z [INFO] [slaReminder] SLA_SCAN cases=0 respRemind=0 respEsc=0 closureRemind=0 closureEsc=0 surveyExpired=0
2026-09-07T05:13:42.424Z [INFO] [slaReminder] SLA_SCAN cases=0 respRemind=0 respEsc=0 closureRemind=0 closureEsc=0 surveyExpired=0
2026-09-07T05:14:42.437Z [INFO] [slaReminder] SLA_SCAN cases=0 respRemind=0 respEsc=0 closureRemind=0 closureEsc=0 surveyExpired=0
2026-09-07T05:15:42.449Z [INFO] [slaReminder] SLA_SCAN cases=0 respRemind=0 respEsc=0 closureRemind=0 closureEsc=0 surveyExpired=0
2026-09-07T05:16:42.462Z [INFO] [slaReminder] SLA_SCAN cases=0 respRemind=0 respEsc=0 closureRemind=0 closureEsc=0 surveyExpired=0
2026-09-07T05:17:42.471Z [INFO] [slaReminder] SLA_SCAN cases=0 respRemind=0 respEsc=0 closureRemind=0 closureEsc=0 surveyExpired=0
2026-09-07T05:18:42.484Z [INFO] [slaReminder] SLA_SCAN cases=0 respRemind=0 respEsc=0 closureRemind=0 closureEsc=0 surveyExpired=0
2026-09-07T05:19:42.483Z [INFO] [slaReminder] SLA_SCAN cases=0 respRemind=0 respEsc=0 closureRemind=0 closureEsc=0 surveyExpired=0
2026-09-07T05:20:42.500Z [INFO] [slaReminder] SLA_SCAN cases=0 respRemind=0 respEsc=0 closureRemind=0 closureEsc=0 surveyExpired=0
2026-09-07T05:21:42.502Z [INFO] [slaReminder] SLA_SCAN cases=0 respRemind=0 respEsc=0 closureRemind=0 closureEsc=0 surveyExpired=0
2026-09-07T05:22:42.511Z [INFO] [slaReminder] SLA_SCAN cases=0 respRemind=0 respEsc=0 closureRemind=0 closureEsc=0 surveyExpired=0
2026-09-07T05:23:42.525Z [INFO] [slaReminder] SLA_SCAN cases=0 respRemind=0 respEsc=0 closureRemind=0 closureEsc=0 surveyExpired=0
2026-09-07T05:24:42.533Z [INFO] [slaReminder] SLA_SCAN cases=0 respRemind=0 respEsc=0 closureRemind=0 closureEsc=0 surveyExpired=0
2026-09-07T05:25:42.545Z [INFO] [slaReminder] SLA_SCAN cases=0 respRemind=0 respEsc=0 closureRemind=0 closureEsc=0 surveyExpired=0
2026-09-07T05:26:42.550Z [INFO] [slaReminder] SLA_SCAN cases=0 respRemind=0 respEsc=0 closureRemind=0 closureEsc=0 surveyExpired=0
2026-09-07T05:27:42.558Z [INFO] [slaReminder] SLA_SCAN cases=0 respRemind=0 respEsc=0 closureRemind=0 closureEsc=0 surveyExpired=0
2026-09-07T05:28:42.564Z [INFO] [slaReminder] SLA_SCAN cases=0 respRemind=0 respEsc=0 closureRemind=0 closureEsc=0 surveyExpired=0
2026-09-07T05:29:42.574Z [INFO] [slaReminder] SLA_SCAN cases=0 respRemind=0 respEsc=0 closureRemind=0 closureEsc=0 surveyExpired=0
2026-09-07T05:30:42.587Z [INFO] [slaReminder] SLA_SCAN cases=0 respRemind=0 respEsc=0 closureRemind=0 closureEsc=0 surveyExpired=0
2026-09-07T05:31:42.594Z [INFO] [slaReminder] SLA_SCAN cases=0 respRemind=0 respEsc=0 closureRemind=0 closureEsc=0 surveyExpired=0
2026-09-07T05:32:42.608Z [INFO] [slaReminder] SLA_SCAN cases=0 respRemind=0 respEsc=0 closureRemind=0 closureEsc=0 surveyExpired=0
2026-09-07T05:33:42.624Z [INFO] [slaReminder] SLA_SCAN cases=0 respRemind=0 respEsc=0 closureRemind=0 closureEsc=0 surveyExpired=0
2026-09-07T05:34:42.639Z [INFO] [slaReminder] SLA_SCAN cases=0 respRemind=0 respEsc=0 closureRemind=0 closureEsc=0 surveyExpired=0
2026-09-07T05:35:42.641Z [INFO] [slaReminder] SLA_SCAN cases=0 respRemind=0 respEsc=0 closureRemind=0 closureEsc=0 surveyExpired=0
2026-09-07T05:36:42.649Z [INFO] [slaReminder] SLA_SCAN cases=0 respRemind=0 respEsc=0 closureRemind=0 closureEsc=0 surveyExpired=0
2026-09-07T05:37:42.653Z [INFO] [slaReminder] SLA_SCAN cases=0 respRemind=0 respEsc=0 closureRemind=0 closureEsc=0 surveyExpired=0
2026-09-07T05:38:42.664Z [INFO] [slaReminder] SLA_SCAN cases=0 respRemind=0 respEsc=0 closureRemind=0 closureEsc=0 surveyExpired=0
2026-09-07T05:39:42.672Z [INFO] [slaReminder] SLA_SCAN cases=0 respRemind=0 respEsc=0 closureRemind=0 closureEsc=0 surveyExpired=0
2026-09-07T05:40:42.685Z [INFO] [slaReminder] SLA_SCAN cases=0 respRemind=0 respEsc=0 closureRemind=0 closureEsc=0 surveyExpired=0
2026-09-07T05:41:42.696Z [INFO] [slaReminder] SLA_SCAN cases=0 respRemind=0 respEsc=0 closureRemind=0 closureEsc=0 surveyExpired=0
2026-09-07T05:42:42.707Z [INFO] [slaReminder] SLA_SCAN cases=0 respRemind=0 respEsc=0 closureRemind=0 closureEsc=0 surveyExpired=0
2026-09-07T05:43:42.726Z [INFO] [slaReminder] SLA_SCAN cases=0 respRemind=0 respEsc=0 closureRemind=0 closureEsc=0 surveyExpired=0
2026-09-07T05:44:42.732Z [INFO] [slaReminder] SLA_SCAN cases=0 respRemind=0 respEsc=0 closureRemind=0 closureEsc=0 surveyExpired=0
2026-09-07T05:45:42.740Z [INFO] [slaReminder] SLA_SCAN cases=0 respRemind=0 respEsc=0 closureRemind=0 closureEsc=0 surveyExpired=0
2026-09-07T05:46:42.745Z [INFO] [slaReminder] SLA_SCAN cases=0 respRemind=0 respEsc=0 closureRemind=0 closureEsc=0 surveyExpired=0
2026-09-07T05:47:42.762Z [INFO] [slaReminder] SLA_SCAN cases=0 respRemind=0 respEsc=0 closureRemind=0 closureEsc=0 surveyExpired=0
2026-09-07T05:48:42.778Z [INFO] [slaReminder] SLA_SCAN cases=0 respRemind=0 respEsc=0 closureRemind=0 closureEsc=0 surveyExpired=0
2026-09-07T05:49:42.778Z [INFO] [slaReminder] SLA_SCAN cases=0 respRemind=0 respEsc=0 closureRemind=0 closureEsc=0 surveyExpired=0
2026-09-07T05:50:42.782Z [INFO] [slaReminder] SLA_SCAN cases=0 respRemind=0 respEsc=0 closureRemind=0 closureEsc=0 surveyExpired=0
2026-09-07T05:51:42.791Z [INFO] [slaReminder] SLA_SCAN cases=0 respRemind=0 respEsc=0 closureRemind=0 closureEsc=0 surveyExpired=0
2026-09-07T05:52:42.794Z [INFO] [slaReminder] SLA_SCAN cases=0 respRemind=0 respEsc=0 closureRemind=0 closureEsc=0 surveyExpired=0
2026-09-07T05:53:42.804Z [INFO] [slaReminder] SLA_SCAN cases=0 respRemind=0 respEsc=0 closureRemind=0 closureEsc=0 surveyExpired=0
2026-09-07T05:54:42.804Z [INFO] [slaReminder] SLA_SCAN cases=0 respRemind=0 respEsc=0 closureRemind=0 closureEsc=0 surveyExpired=0
2026-09-07T05:55:42.814Z [INFO] [slaReminder] SLA_SCAN cases=0 respRemind=0 respEsc=0 closureRemind=0 closureEsc=0 surveyExpired=0
2026-09-07T05:56:42.828Z [INFO] [slaReminder] SLA_SCAN cases=0 respRemind=0 respEsc=0 closureRemind=0 closureEsc=0 surveyExpired=0
2026-09-07T05:57:42.841Z [INFO] [slaReminder] SLA_SCAN cases=0 respRemind=0 respEsc=0 closureRemind=0 closureEsc=0 surveyExpired=0
2026-09-07T05:58:42.874Z [INFO] [slaReminder] SLA_SCAN cases=0 respRemind=0 respEsc=0 closureRemind=0 closureEsc=0 surveyExpired=0
2026-09-07T05:59:42.852Z [INFO] [slaReminder] SLA_SCAN cases=0 respRemind=0 respEsc=0 closureRemind=0 closureEsc=0 surveyExpired=0
2026-09-07T06:00:42.853Z [INFO] [slaReminder] SLA_SCAN cases=0 respRemind=0 respEsc=0 closureRemind=0 closureEsc=0 surveyExpired=0
2026-09-07T06:01:42.855Z [INFO] [slaReminder] SLA_SCAN cases=0 respRemind=0 respEsc=0 closureRemind=0 closureEsc=0 surveyExpired=0
2026-09-07T06:02:42.871Z [INFO] [slaReminder] SLA_SCAN cases=0 respRemind=0 respEsc=0 closureRemind=0 closureEsc=0 surveyExpired=0
2026-09-07T06:03:42.914Z [INFO] [slaReminder] SLA_SCAN cases=0 respRemind=0 respEsc=0 closureRemind=0 closureEsc=0 surveyExpired=0
2026-09-07T06:04:42.931Z [INFO] [slaReminder] SLA_SCAN cases=0 respRemind=0 respEsc=0 closureRemind=0 closureEsc=0 surveyExpired=0
2026-09-07T06:05:42.945Z [INFO] [slaReminder] SLA_SCAN cases=0 respRemind=0 respEsc=0 closureRemind=0 closureEsc=0 surveyExpired=0
2026-09-07T06:06:43.008Z [INFO] [slaReminder] SLA_SCAN cases=0 respRemind=0 respEsc=0 closureRemind=0 closureEsc=0 surveyExpired=0
2026-09-07T06:07:43.025Z [INFO] [slaReminder] SLA_SCAN cases=0 respRemind=0 respEsc=0 closureRemind=0 closureEsc=0 surveyExpired=0
2026-09-07T06:08:43.338Z [INFO] [slaReminder] SLA_SCAN cases=0 respRemind=0 respEsc=0 closureRemind=0 closureEsc=0 surveyExpired=0
2026-09-07T06:09:43.097Z [INFO] [slaReminder] SLA_SCAN cases=0 respRemind=0 respEsc=0 closureRemind=0 closureEsc=0 surveyExpired=0
2026-09-07T06:10:43.118Z [INFO] [slaReminder] SLA_SCAN cases=0 respRemind=0 respEsc=0 closureRemind=0 closureEsc=0 surveyExpired=0
2026-09-07T06:11:43.132Z [INFO] [slaReminder] SLA_SCAN cases=0 respRemind=0 respEsc=0 closureRemind=0 closureEsc=0 surveyExpired=0
2026-09-07T06:12:43.149Z [INFO] [slaReminder] SLA_SCAN cases=0 respRemind=0 respEsc=0 closureRemind=0 closureEsc=0 surveyExpired=0
2026-09-07T06:13:43.193Z [INFO] [slaReminder] SLA_SCAN cases=0 respRemind=0 respEsc=0 closureRemind=0 closureEsc=0 surveyExpired=0
2026-09-07T06:14:43.206Z [INFO] [slaReminder] SLA_SCAN cases=0 respRemind=0 respEsc=0 closureRemind=0 closureEsc=0 surveyExpired=0
2026-09-07T06:15:43.215Z [INFO] [slaReminder] SLA_SCAN cases=0 respRemind=0 respEsc=0 closureRemind=0 closureEsc=0 surveyExpired=0
2026-09-07T06:16:43.219Z [INFO] [slaReminder] SLA_SCAN cases=0 respRemind=0 respEsc=0 closureRemind=0 closureEsc=0 surveyExpired=0
2026-09-07T06:17:43.234Z [INFO] [slaReminder] SLA_SCAN cases=0 respRemind=0 respEsc=0 closureRemind=0 closureEsc=0 surveyExpired=0
2026-09-07T06:18:43.289Z [INFO] [slaReminder] SLA_SCAN cases=0 respRemind=0 respEsc=0 closureRemind=0 closureEsc=0 surveyExpired=0
2026-09-07T06:19:43.297Z [INFO] [slaReminder] SLA_SCAN cases=0 respRemind=0 respEsc=0 closureRemind=0 closureEsc=0 surveyExpired=0
2026-09-07T06:20:43.298Z [INFO] [slaReminder] SLA_SCAN cases=0 respRemind=0 respEsc=0 closureRemind=0 closureEsc=0 surveyExpired=0
2026-09-07T06:21:43.298Z [INFO] [slaReminder] SLA_SCAN cases=0 respRemind=0 respEsc=0 closureRemind=0 closureEsc=0 surveyExpired=0
2026-09-07T06:22:43.303Z [INFO] [slaReminder] SLA_SCAN cases=0 respRemind=0 respEsc=0 closureRemind=0 closureEsc=0 surveyExpired=0
2026-09-07T06:23:43.320Z [INFO] [slaReminder] SLA_SCAN cases=0 respRemind=0 respEsc=0 closureRemind=0 closureEsc=0 surveyExpired=0
2026-09-07T06:24:43.323Z [INFO] [slaReminder] SLA_SCAN cases=0 respRemind=0 respEsc=0 closureRemind=0 closureEsc=0 surveyExpired=0
2026-09-07T06:25:43.332Z [INFO] [slaReminder] SLA_SCAN cases=0 respRemind=0 respEsc=0 closureRemind=0 closureEsc=0 surveyExpired=0
2026-09-07T06:26:43.388Z [INFO] [slaReminder] SLA_SCAN cases=0 respRemind=0 respEsc=0 closureRemind=0 closureEsc=0 surveyExpired=0
2026-09-07T06:27:43.350Z [INFO] [slaReminder] SLA_SCAN cases=0 respRemind=0 respEsc=0 closureRemind=0 closureEsc=0 surveyExpired=0
2026-09-07T06:28:43.363Z [INFO] [slaReminder] SLA_SCAN cases=0 respRemind=0 respEsc=0 closureRemind=0 closureEsc=0 surveyExpired=0
2026-09-07T06:29:44.321Z [INFO] [slaReminder] SLA_SCAN cases=0 respRemind=0 respEsc=0 closureRemind=0 closureEsc=0 surveyExpired=0
2026-09-07T06:30:43.378Z [INFO] [slaReminder] SLA_SCAN cases=0 respRemind=0 respEsc=0 closureRemind=0 closureEsc=0 surveyExpired=0
2026-09-07T06:31:43.378Z [INFO] [slaReminder] SLA_SCAN cases=0 respRemind=0 respEsc=0 closureRemind=0 closureEsc=0 surveyExpired=0
2026-09-07T06:32:43.385Z [INFO] [slaReminder] SLA_SCAN cases=0 respRemind=0 respEsc=0 closureRemind=0 closureEsc=0 surveyExpired=0
2026-09-07T06:33:43.391Z [INFO] [slaReminder] SLA_SCAN cases=0 respRemind=0 respEsc=0 closureRemind=0 closureEsc=0 surveyExpired=0
2026-09-07T06:34:43.394Z [INFO] [slaReminder] SLA_SCAN cases=0 respRemind=0 respEsc=0 closureRemind=0 closureEsc=0 surveyExpired=0
2026-09-07T06:35:43.639Z [INFO] [slaReminder] SLA_SCAN cases=0 respRemind=0 respEsc=0 closureRemind=0 closureEsc=0 surveyExpired=0
2026-09-07T06:36:43.410Z [INFO] [slaReminder] SLA_SCAN cases=0 respRemind=0 respEsc=0 closureRemind=0 closureEsc=0 surveyExpired=0
2026-09-07T06:37:43.414Z [INFO] [slaReminder] SLA_SCAN cases=0 respRemind=0 respEsc=0 closureRemind=0 closureEsc=0 surveyExpired=0
2026-09-07T06:38:43.424Z [INFO] [slaReminder] SLA_SCAN cases=0 respRemind=0 respEsc=0 closureRemind=0 closureEsc=0 surveyExpired=0
2026-09-07T06:39:43.433Z [INFO] [slaReminder] SLA_SCAN cases=0 respRemind=0 respEsc=0 closureRemind=0 closureEsc=0 surveyExpired=0
2026-09-07T06:40:43.434Z [INFO] [slaReminder] SLA_SCAN cases=0 respRemind=0 respEsc=0 closureRemind=0 closureEsc=0 surveyExpired=0
2026-09-07T06:41:43.448Z [INFO] [slaReminder] SLA_SCAN cases=0 respRemind=0 respEsc=0 closureRemind=0 closureEsc=0 surveyExpired=0
2026-09-07T06:42:43.461Z [INFO] [slaReminder] SLA_SCAN cases=0 respRemind=0 respEsc=0 closureRemind=0 closureEsc=0 surveyExpired=0
2026-09-07T06:43:43.472Z [INFO] [slaReminder] SLA_SCAN cases=0 respRemind=0 respEsc=0 closureRemind=0 closureEsc=0 surveyExpired=0
2026-09-07T06:44:43.482Z [INFO] [slaReminder] SLA_SCAN cases=0 respRemind=0 respEsc=0 closureRemind=0 closureEsc=0 surveyExpired=0
2026-09-07T06:45:43.490Z [INFO] [slaReminder] SLA_SCAN cases=0 respRemind=0 respEsc=0 closureRemind=0 closureEsc=0 surveyExpired=0
2026-09-07T06:46:43.489Z [INFO] [slaReminder] SLA_SCAN cases=0 respRemind=0 respEsc=0 closureRemind=0 closureEsc=0 surveyExpired=0
2026-09-07T06:47:43.497Z [INFO] [slaReminder] SLA_SCAN cases=0 respRemind=0 respEsc=0 closureRemind=0 closureEsc=0 surveyExpired=0
2026-09-07T06:48:43.504Z [INFO] [slaReminder] SLA_SCAN cases=0 respRemind=0 respEsc=0 closureRemind=0 closureEsc=0 surveyExpired=0
2026-09-07T06:49:43.508Z [INFO] [slaReminder] SLA_SCAN cases=0 respRemind=0 respEsc=0 closureRemind=0 closureEsc=0 surveyExpired=0
2026-09-07T06:50:43.515Z [INFO] [slaReminder] SLA_SCAN cases=0 respRemind=0 respEsc=0 closureRemind=0 closureEsc=0 surveyExpired=0
2026-09-07T06:51:43.537Z [INFO] [slaReminder] SLA_SCAN cases=0 respRemind=0 respEsc=0 closureRemind=0 closureEsc=0 surveyExpired=0
2026-09-07T06:52:43.537Z [INFO] [slaReminder] SLA_SCAN cases=0 respRemind=0 respEsc=0 closureRemind=0 closureEsc=0 surveyExpired=0
2026-09-07T06:53:43.548Z [INFO] [slaReminder] SLA_SCAN cases=0 respRemind=0 respEsc=0 closureRemind=0 closureEsc=0 surveyExpired=0
2026-09-07T06:54:43.554Z [INFO] [slaReminder] SLA_SCAN cases=0 respRemind=0 respEsc=0 closureRemind=0 closureEsc=0 surveyExpired=0
2026-09-07T06:55:43.557Z [INFO] [slaReminder] SLA_SCAN cases=0 respRemind=0 respEsc=0 closureRemind=0 closureEsc=0 surveyExpired=0
2026-09-07T06:56:43.563Z [INFO] [slaReminder] SLA_SCAN cases=0 respRemind=0 respEsc=0 closureRemind=0 closureEsc=0 surveyExpired=0
2026-09-07T06:57:43.570Z [INFO] [slaReminder] SLA_SCAN cases=0 respRemind=0 respEsc=0 closureRemind=0 closureEsc=0 surveyExpired=0
2026-09-07T06:58:43.580Z [INFO] [slaReminder] SLA_SCAN cases=0 respRemind=0 respEsc=0 closureRemind=0 closureEsc=0 surveyExpired=0
2026-09-07T06:59:43.596Z [INFO] [slaReminder] SLA_SCAN cases=0 respRemind=0 respEsc=0 closureRemind=0 closureEsc=0 surveyExpired=0
2026-09-07T07:00:43.602Z [INFO] [slaReminder] SLA_SCAN cases=0 respRemind=0 respEsc=0 closureRemind=0 closureEsc=0 surveyExpired=0
2026-09-07T07:01:43.609Z [INFO] [slaReminder] SLA_SCAN cases=0 respRemind=0 respEsc=0 closureRemind=0 closureEsc=0 surveyExpired=0
2026-09-07T07:02:43.614Z [INFO] [slaReminder] SLA_SCAN cases=0 respRemind=0 respEsc=0 closureRemind=0 closureEsc=0 surveyExpired=0
2026-09-07T07:03:43.615Z [INFO] [slaReminder] SLA_SCAN cases=0 respRemind=0 respEsc=0 closureRemind=0 closureEsc=0 surveyExpired=0
2026-09-07T07:04:43.616Z [INFO] [slaReminder] SLA_SCAN cases=0 respRemind=0 respEsc=0 closureRemind=0 closureEsc=0 surveyExpired=0
2026-09-07T07:05:43.618Z [INFO] [slaReminder] SLA_SCAN cases=0 respRemind=0 respEsc=0 closureRemind=0 closureEsc=0 surveyExpired=0
2026-09-07T07:06:43.629Z [INFO] [slaReminder] SLA_SCAN cases=0 respRemind=0 respEsc=0 closureRemind=0 closureEsc=0 surveyExpired=0
2026-09-07T07:07:43.680Z [INFO] [slaReminder] SLA_SCAN cases=1 respRemind=0 respEsc=0 closureRemind=0 closureEsc=0 surveyExpired=0
2026-09-07T07:08:43.667Z [INFO] [slaReminder] SLA_SCAN cases=1 respRemind=0 respEsc=0 closureRemind=0 closureEsc=0 surveyExpired=0
2026-09-07T07:09:43.663Z [INFO] [slaReminder] SLA_SCAN cases=1 respRemind=0 respEsc=0 closureRemind=0 closureEsc=0 surveyExpired=0
2026-09-07T07:10:43.665Z [INFO] [slaReminder] SLA_SCAN cases=1 respRemind=0 respEsc=0 closureRemind=0 closureEsc=0 surveyExpired=0
2026-09-07T07:11:43.682Z [INFO] [slaReminder] SLA_SCAN cases=1 respRemind=0 respEsc=0 closureRemind=0 closureEsc=0 surveyExpired=0
2026-09-07T07:12:43.692Z [INFO] [slaReminder] SLA_SCAN cases=1 respRemind=0 respEsc=0 closureRemind=0 closureEsc=0 surveyExpired=0
2026-09-07T07:13:43.704Z [INFO] [slaReminder] SLA_SCAN cases=1 respRemind=0 respEsc=0 closureRemind=0 closureEsc=0 surveyExpired=0
2026-09-07T07:14:43.706Z [INFO] [slaReminder] SLA_SCAN cases=1 respRemind=0 respEsc=0 closureRemind=0 closureEsc=0 surveyExpired=0
2026-09-07T07:15:43.714Z [INFO] [slaReminder] SLA_SCAN cases=1 respRemind=0 respEsc=0 closureRemind=0 closureEsc=0 surveyExpired=0
2026-09-07T07:16:43.724Z [INFO] [slaReminder] SLA_SCAN cases=0 respRemind=0 respEsc=0 closureRemind=0 closureEsc=0 surveyExpired=0
2026-09-07T07:17:43.750Z [INFO] [slaReminder] SLA_SCAN cases=0 respRemind=0 respEsc=0 closureRemind=0 closureEsc=0 surveyExpired=0
2026-09-07T07:18:43.754Z [INFO] [slaReminder] SLA_SCAN cases=0 respRemind=0 respEsc=0 closureRemind=0 closureEsc=0 surveyExpired=0
2026-09-07T07:19:43.760Z [INFO] [slaReminder] SLA_SCAN cases=0 respRemind=0 respEsc=0 closureRemind=0 closureEsc=0 surveyExpired=0
2026-09-07T07:20:43.769Z [INFO] [slaReminder] SLA_SCAN cases=0 respRemind=0 respEsc=0 closureRemind=0 closureEsc=0 surveyExpired=0
2026-09-07T07:21:43.776Z [INFO] [slaReminder] SLA_SCAN cases=0 respRemind=0 respEsc=0 closureRemind=0 closureEsc=0 surveyExpired=0
2026-09-07T07:22:43.780Z [INFO] [slaReminder] SLA_SCAN cases=0 respRemind=0 respEsc=0 closureRemind=0 closureEsc=0 surveyExpired=0
2026-09-07T07:23:43.792Z [INFO] [slaReminder] SLA_SCAN cases=0 respRemind=0 respEsc=0 closureRemind=0 closureEsc=0 surveyExpired=0
2026-09-07T07:24:43.800Z [INFO] [slaReminder] SLA_SCAN cases=0 respRemind=0 respEsc=0 closureRemind=0 closureEsc=0 surveyExpired=0
2026-09-07T07:25:43.805Z [INFO] [slaReminder] SLA_SCAN cases=0 respRemind=0 respEsc=0 closureRemind=0 closureEsc=0 surveyExpired=0
2026-09-07T07:26:43.811Z [INFO] [slaReminder] SLA_SCAN cases=0 respRemind=0 respEsc=0 closureRemind=0 closureEsc=0 surveyExpired=0
2026-09-07T07:27:43.821Z [INFO] [slaReminder] SLA_SCAN cases=0 respRemind=0 respEsc=0 closureRemind=0 closureEsc=0 surveyExpired=0
2026-09-07T07:28:43.827Z [INFO] [slaReminder] SLA_SCAN cases=0 respRemind=0 respEsc=0 closureRemind=0 closureEsc=0 surveyExpired=0
2026-09-07T07:29:43.841Z [INFO] [slaReminder] SLA_SCAN cases=0 respRemind=0 respEsc=0 closureRemind=0 closureEsc=0 surveyExpired=0
2026-09-07T07:30:43.848Z [INFO] [slaReminder] SLA_SCAN cases=0 respRemind=0 respEsc=0 closureRemind=0 closureEsc=0 surveyExpired=0
2026-09-07T07:31:43.872Z [INFO] [slaReminder] SLA_SCAN cases=0 respRemind=0 respEsc=0 closureRemind=0 closureEsc=0 surveyExpired=0
2026-09-07T07:32:43.864Z [INFO] [slaReminder] SLA_SCAN cases=0 respRemind=0 respEsc=0 closureRemind=0 closureEsc=0 surveyExpired=0
2026-09-07T07:33:43.876Z [INFO] [slaReminder] SLA_SCAN cases=0 respRemind=0 respEsc=0 closureRemind=0 closureEsc=0 surveyExpired=0
2026-09-07T07:34:43.886Z [INFO] [slaReminder] SLA_SCAN cases=0 respRemind=0 respEsc=0 closureRemind=0 closureEsc=0 surveyExpired=0
2026-09-07T07:35:43.901Z [INFO] [slaReminder] SLA_SCAN cases=0 respRemind=0 respEsc=0 closureRemind=0 closureEsc=0 surveyExpired=0
2026-09-07T07:36:43.908Z [INFO] [slaReminder] SLA_SCAN cases=0 respRemind=0 respEsc=0 closureRemind=0 closureEsc=0 surveyExpired=0
2026-09-07T07:37:43.909Z [INFO] [slaReminder] SLA_SCAN cases=0 respRemind=0 respEsc=0 closureRemind=0 closureEsc=0 surveyExpired=0
2026-09-07T07:38:43.918Z [INFO] [slaReminder] SLA_SCAN cases=0 respRemind=0 respEsc=0 closureRemind=0 closureEsc=0 surveyExpired=0
2026-09-07T07:39:43.930Z [INFO] [slaReminder] SLA_SCAN cases=0 respRemind=0 respEsc=0 closureRemind=0 closureEsc=0 surveyExpired=0
2026-09-07T07:40:43.998Z [INFO] [slaReminder] SLA_SCAN cases=0 respRemind=0 respEsc=0 closureRemind=0 closureEsc=0 surveyExpired=0
2026-09-07T07:41:44.005Z [INFO] [slaReminder] SLA_SCAN cases=0 respRemind=0 respEsc=0 closureRemind=0 closureEsc=0 surveyExpired=0
2026-09-07T07:42:44.012Z [INFO] [slaReminder] SLA_SCAN cases=0 respRemind=0 respEsc=0 closureRemind=0 closureEsc=0 surveyExpired=0
2026-09-07T07:43:44.014Z [INFO] [slaReminder] SLA_SCAN cases=0 respRemind=0 respEsc=0 closureRemind=0 closureEsc=0 surveyExpired=0
2026-09-07T07:44:44.019Z [INFO] [slaReminder] SLA_SCAN cases=0 respRemind=0 respEsc=0 closureRemind=0 closureEsc=0 surveyExpired=0
2026-09-07T07:45:44.031Z [INFO] [slaReminder] SLA_SCAN cases=0 respRemind=0 respEsc=0 closureRemind=0 closureEsc=0 surveyExpired=0
2026-09-07T07:46:44.045Z [INFO] [slaReminder] SLA_SCAN cases=0 respRemind=0 respEsc=0 closureRemind=0 closureEsc=0 surveyExpired=0
2026-09-07T07:47:44.059Z [INFO] [slaReminder] SLA_SCAN cases=0 respRemind=0 respEsc=0 closureRemind=0 closureEsc=0 surveyExpired=0
2026-09-07T07:48:44.074Z [INFO] [slaReminder] SLA_SCAN cases=0 respRemind=0 respEsc=0 closureRemind=0 closureEsc=0 surveyExpired=0
2026-09-07T07:49:44.081Z [INFO] [slaReminder] SLA_SCAN cases=0 respRemind=0 respEsc=0 closureRemind=0 closureEsc=0 surveyExpired=0
2026-09-07T07:50:44.099Z [INFO] [slaReminder] SLA_SCAN cases=0 respRemind=0 respEsc=0 closureRemind=0 closureEsc=0 surveyExpired=0
2026-09-07T07:51:44.104Z [INFO] [slaReminder] SLA_SCAN cases=0 respRemind=0 respEsc=0 closureRemind=0 closureEsc=0 surveyExpired=0
2026-09-07T07:52:44.110Z [INFO] [slaReminder] SLA_SCAN cases=0 respRemind=0 respEsc=0 closureRemind=0 closureEsc=0 surveyExpired=0
2026-09-07T07:53:44.114Z [INFO] [slaReminder] SLA_SCAN cases=0 respRemind=0 respEsc=0 closureRemind=0 closureEsc=0 surveyExpired=0
2026-09-07T07:54:44.143Z [INFO] [slaReminder] SLA_SCAN cases=0 respRemind=0 respEsc=0 closureRemind=0 closureEsc=0 surveyExpired=0
2026-09-07T07:55:44.155Z [INFO] [slaReminder] SLA_SCAN cases=0 respRemind=0 respEsc=0 closureRemind=0 closureEsc=0 surveyExpired=0
2026-09-07T07:56:44.159Z [INFO] [slaReminder] SLA_SCAN cases=0 respRemind=0 respEsc=0 closureRemind=0 closureEsc=0 surveyExpired=0
2026-09-07T07:57:44.168Z [INFO] [slaReminder] SLA_SCAN cases=0 respRemind=0 respEsc=0 closureRemind=0 closureEsc=0 surveyExpired=0
2026-09-07T07:58:44.178Z [INFO] [slaReminder] SLA_SCAN cases=0 respRemind=0 respEsc=0 closureRemind=0 closureEsc=0 surveyExpired=0
2026-09-07T07:59:44.188Z [INFO] [slaReminder] SLA_SCAN cases=0 respRemind=0 respEsc=0 closureRemind=0 closureEsc=0 surveyExpired=0
2026-09-07T08:00:44.195Z [INFO] [slaReminder] SLA_SCAN cases=0 respRemind=0 respEsc=0 closureRemind=0 closureEsc=0 surveyExpired=0
2026-09-07T08:01:44.208Z [INFO] [slaReminder] SLA_SCAN cases=0 respRemind=0 respEsc=0 closureRemind=0 closureEsc=0 surveyExpired=0
2026-09-07T08:02:44.223Z [INFO] [slaReminder] SLA_SCAN cases=0 respRemind=0 respEsc=0 closureRemind=0 closureEsc=0 surveyExpired=0
2026-09-07T08:03:44.232Z [INFO] [slaReminder] SLA_SCAN cases=0 respRemind=0 respEsc=0 closureRemind=0 closureEsc=0 surveyExpired=0
2026-09-07T08:04:44.241Z [INFO] [slaReminder] SLA_SCAN cases=0 respRemind=0 respEsc=0 closureRemind=0 closureEsc=0 surveyExpired=0
2026-09-07T08:05:44.251Z [INFO] [slaReminder] SLA_SCAN cases=0 respRemind=0 respEsc=0 closureRemind=0 closureEsc=0 surveyExpired=0
2026-09-07T08:06:44.264Z [INFO] [slaReminder] SLA_SCAN cases=0 respRemind=0 respEsc=0 closureRemind=0 closureEsc=0 surveyExpired=0
2026-09-07T08:07:44.267Z [INFO] [slaReminder] SLA_SCAN cases=0 respRemind=0 respEsc=0 closureRemind=0 closureEsc=0 surveyExpired=0
